project,slot,state,value_kind,source_evidence,crate_value,generated_value
CHORUS,acquisition_methods,both_differ_nested,nested,not_assessed_by_slot_overlap,"- description: ""Data are derived from routine clinical care at participating hospitals\ \ under IRB oversight. Collection includes:\n•\tElectronic health record extraction\ \ and transformation to OMOP common data model\n•\tImaging metadata de-identification\ \ using RSNA Clinical Trial Processor and pixel-level de-identification using\ \ IbisWorks EICON. \n•\tHigh-resolution physiologic waveform capture extraction\ \ and transformation to the WFDB standard, \n•\tStandardized harmonization to\ \ common data model\nEthical safeguards include:\n•\tIRB approval or waiver as\ \ appropriate\n•\tCompliance with CHoRUS governance\n•\tLayered privacy protection\ \ including de-identification, data use agreement, controlled access data repository\ \ with adherence to NIST 800-53 principles, audit-level protection, registration,\ \ role-based access controls, protection against data exfiltration.\nData are\ \ not collected solely for research but repurposed from clinical workflows under\ \ ethical oversight.\n""","- acquisition_details: Retrospective acquisition of clinical data recorded in the course of care at contributing hospitals, including provider documentation of procedures and diagnoses, high-frequency nursing flowsheet documentation, medication administration time-stamped upon each infusion change or dose administration, PACS imaging, bedside monitor telemetry and hospital EEG recordings. was_directly_observed: true - acquisition_details: Unstructured electronic health record text is tokenized rather than transferred, and source data are standardized to the OMOP Common Data Model and transformed using approaches that limit re-identification, so that delivered records are derived from rather than identical to the site source records. was_inferred_derived: true - acquisition_details: Semantic mappings used to connect clinical data in various source formats to international standards are validated, and standard operating procedures used by contributing sites undergo an internal validation and review process within the Chorus_SOP repository. was_validated_verified: true"
CHORUS,addressing_gaps,generated_only,nested,not_assessed_by_slot_overlap,,"- response: There is an urgent need for infrastructure to support artificial intelligence and machine learning in critical care; developing high-resolution multi-center data sets is a critical first step towards actionable and trustworthy AI. - response: The CHoRUS Network aims to develop the most diverse, high-resolution, ethically sourced, AI-ready data set to answer the grand challenge of improving recovery from acute illness. - response: Unified standards are needed to harmonize multi-modal EHR, waveform, imaging, and text data across institutions."
CHORUS,at_risk_populations,generated_only,nested,not_assessed_by_slot_overlap,,"at_risk_groups_included: true notes: Admissions from pediatric intensive care units and neonatal intensive care units are part of the current released dataset. source_caveats: The value is an inference from the reported PICU and NICU admissions; the source documents do not characterize the cohort as including at-risk or vulnerable populations and describe no assent procedures, guardian consent, or special protections."
CHORUS,citation,crate_only,scalar,not_assessed_by_slot_overlap,"'The CHoRUS for Clinical Care AI Network. The Bridge2AI CHoRUS for Clinical Care AI Dataset: A Multi-Center, Multi-Modal, High-Resolution Critical Care Dataset, version 1.0 Beta. Harvard Dataverse, Apr. 2026.'",
CHORUS,cleaning_strategies,generated_only,nested,not_assessed_by_slot_overlap,,"- cleaning_details: Characterization reports are produced and returned to contributing sites following their data submissions, using the CHoRUSReports repository. - cleaning_details: Semantic mappings are validated, with clinical expertise applied through a clinical validation standard operating procedure for contributing to mapping efforts, and site-facing SOPs undergo internal validation and review."
CHORUS,collection_mechanisms,both_differ_nested,nested,not_assessed_by_slot_overlap,"- description: ""Data are derived from routine clinical care at participating hospitals\ \ under IRB oversight. Collection includes:\n•\tElectronic health record extraction\ \ and transformation to OMOP common data model\n•\tImaging metadata de-identification\ \ using RSNA Clinical Trial Processor and pixel-level de-identification using\ \ IbisWorks EICON. \n•\tHigh-resolution physiologic waveform capture extraction\ \ and transformation to the WFDB standard, \n•\tStandardized harmonization to\ \ common data model\nEthical safeguards include:\n•\tIRB approval or waiver as\ \ appropriate\n•\tCompliance with CHoRUS governance\n•\tLayered privacy protection\ \ including de-identification, data use agreement, controlled access data repository\ \ with adherence to NIST 800-53 principles, audit-level protection, registration,\ \ role-based access controls, protection against data exfiltration.\nData are\ \ not collected solely for research but repurposed from clinical workflows under\ \ ethical oversight.\n""","- mechanism_details: Contributing sites create and upload a CHoRUS Data Extract using the tooling in the chorus-extract-upload repository, following an interactive workflow diagram with links to validated standard operating procedure documents. - mechanism_details: Bedside monitors with gateway/middleware supply waveform telemetry. - mechanism_details: Imaging is drawn from hospital PACS. - mechanism_details: EEG waveforms are drawn from hospital EEG databases in EDF+ and Persyst formats. - mechanism_details: Clinical notes are extracted and tokenized using the OHNLP toolkit."
CHORUS,collection_timeframes,generated_only,nested,not_assessed_by_slot_overlap,,"- source_caveats: The source documents do not state the calendar range of the clinical encounters included in the dataset; the 2022-09-01 to 2026-11-30 dates on the NIH RePORTER record are the award period, not the encounter period. timeframe_details: The dataset is built from retrospective data collection. The snapshot described in the cohort-2 informational webinar is stated as of August 2025, covering 14 different hospitals."
CHORUS,confidential_elements,both_differ_nested,nested,not_assessed_by_slot_overlap,- name: CHoRUS operates within a secure enclave environment aligned with NIST 800-53 controls. - name: De-identification consistent with HIPAA Safe Harbor - name: Removal or tokenization of direct identifiers - name: Date shifting or limited date fields when required - name: Role-based access control (RBAC) - name: Multi-factor authentication - name: Full audit logging of data access and queries - name: Prohibition of re-identification attempts - name: Data export restrictions and output review procedures to reduce risk of re-identification - name: Re-identification risk is periodically assessed and mitigation strategies updated as needed.,- confidential_elements_present: true confidentiality_details: 'Clinical note text is treated as not releasable: notes are stored locally at contributing sites and only tokens are held in the enclave alongside OMOP and telemetry data.'
CHORUS,conforms_to,generated_only,scalar,not_assessed_by_slot_overlap,,"Structured electronic health record data (demographics, medication administration, procedures, nursing flowsheets and diagnoses) are standardized to the OMOP Common Data Model, with published metadata in the OMOP schema and, for nursing flowsheets, the OMOP schema with extensions. Imaging from PACS follows DICOM. Waveform telemetry follows WFDB with published metadata described as the PhysioNet schema extended. EEG waveforms use EDF+ and Persyst. Clinical notes are extracted and tokenized against the OHNLP open source schema. ..."
CHORUS,conforms_to_class,generated_only,scalar,not_assessed_by_slot_overlap,,Dataset ...
CHORUS,conforms_to_schema,generated_only,scalar,not_assessed_by_slot_overlap,,https://w3id.org/bridge2ai/data-sheets-schema ...
CHORUS,conforms_to_standard,generated_only,nested,not_assessed_by_slot_overlap,,- OMOP_CDM - DICOM - WFDB - OTHER
CHORUS,created_by,both_differ_scalar,scalar,not_assessed_by_slot_overlap,"'Eric S. Rosenthal(1), Rishikesan Kamaleswaran(2), Yulia Levites Strekalova(3), Andrew E. Williams(4), Ashley Cordes(5), Ishan C. Williams(6), Parisa Rashidi(3), Barbara J. Evans(3), J. Randall Moorman(6), Soojin Park(7), Edilberto Amorim(8), Paul M. Vespa(9), Xiaoqian Jiang(10), Hongfang Liu(10), Mihai V. Podgoreanu(2), Vitaly Herasevich(11), Mark Wainwright(12), Andrew J. Barros(6), Brynne A. Sullivan(6), Michael J. Young(1), Marta Alvarez(4), Polina Talapova(4), Jennifer A. Muszynski(13), Alasdair Gent(2), Delgersuren Bold(14), Manlik Kwong(4), Dileep Gunda(14), Jackie Le(1), India Loar(6), Brian J. Gow(15), Heidi Schmidt(1), Jared Houghtaling(4), Robert T. Miller(4), Timothy Clark (6), William B. Ashe(6), Tony C. Pan(14), Tom J. Pollard(15), Ciera McCrary(1), Azra Bihorac(3), Xiao Hu(14), Gilles Clermont(6) on behalf of the CHoRUS Investigators (1) Massachusetts General Hospital, Harvard Medical School, Boston, Massachusetts, USA (2) Duke University, Durham, North Carolina, USA (3) University of Florida, Gainesville, Florida, USA (4) Tufts CTSI / Tufts Medical Center, Boston, Massachusetts, USA (5) University of Oregon, Eugene, Oregon, USA (6) University of Virginia, Charlottesville, Virginia, USA (7) Columbia University Irving Medical Center, New York, New York, USA (8) University of California, San Francisco, San Francisco, California, USA (9) David Geffen School of Medicine at UCLA, Los Angeles, California, USA (10) McWilliams School of Biomedical Informatics, UTHealth Houston, Houston, Texas, USA; Mayo Clinic, Rochester, Minnesota, USA (11) Mayo Clinic, Rochester, Minnesota, USA (12) Seattle Children’s Hospital, Seattle, Washington, USA (13) Nationwide Children’s Hospital / The Ohio State University, Columbus, Ohio, USA (14) Emory University, Atlanta, Georgia, USA (15) Massachusetts Institute of Technology, Cambridge, Massachusetts, USA'",CHoRUS Consortium ...
CHORUS,creators,both_differ_nested,nested,not_assessed_by_slot_overlap,"- description: 'Eric S. Rosenthal(1), Rishikesan Kamaleswaran(2), Yulia Levites Strekalova(3), Andrew E. Williams(4), Ashley Cordes(5), Ishan C. Williams(6), Parisa Rashidi(3), Barbara J. Evans(3), J. Randall Moorman(6), Soojin Park(7), Edilberto Amorim(8), Paul M. Vespa(9), Xiaoqian Jiang(10), Hongfang Liu(10), Mihai V. Podgoreanu(2), Vitaly Herasevich(11), Mark Wainwright(12), Andrew J. Barros(6), Brynne A. Sullivan(6), Michael J. Young(1), Marta Alvarez(4), Polina Talapova(4), Jennifer A. Muszynski(13), Alasdair Gent(2), Delgersuren Bold(14), Manlik Kwong(4), Dileep Gunda(14), Jackie Le(1), India Loar(6), Brian J. Gow(15), Heidi Schmidt(1), Jared Houghtaling(4), Robert T. Miller(4), Timothy Clark (6), William B. Ashe(6), Tony C. Pan(14), Tom J. Pollard(15), Ciera McCrary(1), Azra Bihorac(3), Xiao Hu(14), Gilles Clermont(6) on behalf of the CHoRUS Investigators (1) Massachusetts General Hospital, Harvard Medical School, Boston, Massachusetts, USA (2) Duke University, Durham, North Carolina, USA (3) University of Florida, Gainesville, Florida, USA (4) Tufts CTSI / Tufts Medical Center, Boston, Massachusetts, USA (5) University of Oregon, Eugene, Oregon, USA (6) University of Virginia, Charlottesville, Virginia, USA (7) Columbia University Irving Medical Center, New York, New York, USA (8) University of California, San Francisco, San Francisco, California, USA (9) David Geffen School of Medicine at UCLA, Los Angeles, California, USA (10) McWilliams School of Biomedical Informatics, UTHealth Houston, Houston, Texas, USA; Mayo Clinic, Rochester, Minnesota, USA (11) Mayo Clinic, Rochester, Minnesota, USA (12) Seattle Children’s Hospital, Seattle, Washington, USA (13) Nationwide Children’s Hospital / The Ohio State University, Columbus, Ohio, USA (14) Emory University, Atlanta, Georgia, USA (15) Massachusetts Institute of Technology, Cambridge, Massachusetts, USA'","- affiliations: - name: Massachusetts General Hospital name: Eric Rosenthal notes: Listed on the Bridge2AI CHoRUS Leadership Team slide of the cohort-2 informational webinar and named on the NIH RePORTER record for the supporting award, where the name is written ""ROSENTHAL, ERIC S."" and the organization is ""MASSACHUSETTS GENERAL HOSPITAL"". principal_investigator: affiliation: - name: Massachusetts General Hospital id: https://chorus4ai.org/#person-eric-rosenthal name: Eric Rosenthal - affiliations: - name: University of Florida name: Azra Bihorac notes: Listed on the Bridge2AI CHoRUS Leadership Team slide of the cohort-2 informational webinar. - affiliations: - name: UTHealth Houston name: Xiaoqian Jiang notes: Listed on the Bridge2AI CHoRUS Leadership Team slide of the cohort-2 informational webinar. - affiliations: - name: University of Florida name: Yulia Strekalova notes: Listed on the Bridge2AI CHoRUS Leadership Team slide of the cohort-2 informational webinar. - affiliations: - name: University of Florida name: Parisa Rashidi notes: Listed on the Bridge2AI CHoRUS Leadership Team slide of the cohort-2 informational webinar. - affiliations: - name: Tufts University name: Manlik Kwong notes: Listed on the Bridge2AI CHoRUS Leadership Team slide of the cohort-2 informational webinar. - name: CHoRUS Consortium notes: More than 60 CHoRUS consortium members across 20 different institutions; the GitHub organization describes the collaboration as spanning 20 academic centers, of which 14 contribute as Data Acquisition centers."
CHORUS,data_collectors,generated_only,nested,not_assessed_by_slot_overlap,,"- collector_details: Fourteen of the twenty academic centers in the CHoRUS Network contribute as Data Acquisition centers. Data site managers at each contributing site extract and submit a CHoRUS-specific clinical data extract following the step-by-step workflow and standard operating procedures maintained in the Chorus_SOP repository. role: Data Acquisition center - collector_details: Standards, Data Acquisition and Tooling sub-teams within the CHoRUS data generation project compile documentation and recordings supporting extraction, and contributing sites post issues in the Standards and Data Acquisition discussion spaces. role: CHoRUS sub-teams"
CHORUS,data_governance,both_differ_nested,nested,not_assessed_by_slot_overlap,"description: Eric Rosenthal, EROSENTHAL@mgh.harvard.edu","access_review_process: All data types are controlled access. For the AIM-AHEAD Bridge2AI for Clinical Care Training Program, participants complete a registration form giving name, email and institution, and must sign a licensing agreement included in that registration form before gaining access to the dataset; a "".edu"" email address is required to gain access, and program administrators assist with this access where needed. Once access is granted and compute is provisioned, an email is sent to the participant. The chorus-ai GitHub organization directs access requests to dbold@emory.edu or jared.houghtaling@tuftsmedicine.org. accountable_organization: name: Massachusetts General Hospital notes: Organization of record on the NIH award supporting the dataset, and home institution of the project's principal investigator. stewardship_roles: - Data site managers at contributing sites extract, curate and submit site data extracts under CHoRUS standard operating procedures. - Standards, Data Acquisition and Tooling sub-teams maintain mappings, SOPs, tooling and documentation. - Contributing sites provide regular status updates on their progress in creating and curating a CHoRUS-specific clinical data extract, submitted through GitHub or a Google Form and tracked in the Standards Project or the Data Acquisition Project."
CHORUS,description,both_differ_scalar,scalar,not_assessed_by_slot_overlap,"'The Collaborative Hospital Repository Uniting Standards (CHoRUS) for Clinical Care AI is a clinical data network developing a flagship multi-hospital, multimodal, high-resolution dataset under the NIH Bridge2AI program. CHoRUS harmonizes electronic health record (EHR) data, imaging, high-resolution physiologic signals (including telemetry data and EEG where available), and tokenized note and report text (via OHNLP toolkit) with raw text retained locally across participating institutions using standardized data models and governance frameworks. The repository is designed to enable secure, auditable, and reproducible artificial intelligence (AI) research to improve recovery from acute illness. Data are curated within a NIST 800-53–aligned secure enclave architecture with role-based access controls, audit logging, and controlled-access governance review. CHoRUS supports AI model development, validation, benchmarking, and translational research while maintaining compliance with HIPAA and NIH data-sharing policies. '","The CHoRUS dataset is a multicenter, multimodal, high-resolution, controlled-access dataset of acute and critical care hospital admissions assembled by the Patient-Focused Collaborative Hospital Repository Uniting Standards (CHoRUS) for Equitable AI project, one of four data generation projects in the NIH-funded Bridge2AI consortium. Data are collected retrospectively from 14 contributing hospitals drawn from a network of 20 academic centers and are standardized to the OMOP Common Data Model, with imaging from PACS in DICOM, bedside telemetry in WFDB, EEG in EDF+ and Persyst, and clinical notes extracted and tokenized with the OHNLP toolkit. The current released dataset described on chorus4ai.org comprises 50,000 patient admissions from ICU, PICU and NICU, 1.6 billion rows of EHR OMOP data, 7,642 admissions with radiology data, and 23 Tb of waveform data; the anticipated final dataset is 100,000 patient admissions across 9 data modalities. All data types are controlled access. OMOP and telemetry data are worked with inside the Bridge2AI AI/ML for Clinical Care Collaborative Cloud enclave; clinical notes remain stored locally at contributing sites with only tokens available. The dataset is intended to support characterizing acute and critical care illness, predicting complications, and measuring treatment response, and the award abstract states that a holdout test set will be provisioned for external validation of models. ..."
CHORUS,direct_collection,generated_only,nested,not_assessed_by_slot_overlap,,- collection_details: Data are acquired retrospectively from clinical systems at contributing hospitals rather than gathered directly from patients for this project; site data managers extract and deliver the records to CHoRUS. is_direct: false source_caveats: The documents describe retrospective collection from 14 contributing hospitals but do not use the language of direct versus third-party collection; the value reflects that description.
CHORUS,distribution_formats,generated_only,nested,not_assessed_by_slot_overlap,,"- format: OMOP Common Data Model notes: Demographics, medication administration, procedures, nursing flowsheets and diagnoses are distributed in the OMOP Common Data Model under controlled access, with published metadata in the OMOP schema (the nursing flowsheet metadata schema is described as the OMOP schema with extensions). OMOP data are worked with inside the enclave supporting the Bridge2AI AI/ML for Clinical Care Collaborative Cloud, where trainees use Jupyter Notebooks and the OHDSI tool stack; CHoRUS services are deployed on Azure through dockerized container applications. - format: OHNLP notes: Clinical notes are extracted and tokenized using the OHNLP toolkit and distributed under controlled access against the OHNLP open source schema. The underlying notes are stored locally at contributing sites rather than in the enclave; only tokens are available, and published metadata for this modality is listed as planned. - format: DICOM notes: Imaging from PACS is distributed under controlled access in DICOM, with published metadata in the DICOM schema; the webinar lists access-control metadata for this modality as planned. - format: WFDB notes: Waveform telemetry from bedside monitors and gateway/middleware is distributed under controlled access in WFDB, with published metadata described as the PhysioNet schema extended. Telemetry is worked with inside the enclave alongside the OMOP data. - format: EDF+ and Persyst notes: EEG waveforms from hospital databases are distributed under controlled access in EDF+ and Persyst, with published metadata in the open source EDF+ and Persyst schemas; the webinar lists further metadata for this modality as planned."
CHORUS,doi,crate_only,scalar,not_assessed_by_slot_overlap,10.18130/V3/XNBOPG ...,
CHORUS,download_url,crate_only,scalar,not_assessed_by_slot_overlap,http://chorus4ai.org/dataset ...,
CHORUS,ethical_reviews,both_differ_nested,nested,not_assessed_by_slot_overlap,"- description: Eric S. Rosenthal, Michael J. Young, Ishan Williams, Ashley Cordes, and Barbara J. Evans in collaboration with the Mass General Brigham IRB with local context review by IRBs, HIPAA Privacy Officers, and institutional counsels at contributing medical centers.","- review_details: Ethics is one of three project pillars (Ethical and Trustworthy AI). The project performs community-facing ethics focus groups to determine what data is appropriate for public sharing, evaluates community perspectives on clinical care AI to increase trustworthiness of provenance and privacy, establishes a legal framework for collecting data at scale, and analyzes the existing legal and regulatory landscape. source_caveats: The source documents do not name an IRB or ethics committee of record for the dataset and do not report an approval number or determination."
CHORUS,existing_uses,generated_only,nested,not_assessed_by_slot_overlap,,"- examples: - As of the September 2025 cohort-2 informational webinar, the datasets are being used for training activities and publications. source_caveats: The AIM-AHEAD Bridge2AI for Clinical Care Training Program cohort 2 is prospective in the source material, with a call for applications released 2025-09-02, notice of award 2025-11-10 and program start 2025-11-17, so its curriculum is a planned rather than an existing use and is recorded under intended_uses."
CHORUS,extension_mechanism,both_differ_nested,nested,not_assessed_by_slot_overlap,name: Data Use Agreement available at 'https://chorus4ai.org/dataset/',"contribution_url: https://github.com/chorus-ai extension_details: Clinical collaborators can contribute to semantic mapping and validation through the chorus-mapping repository, which holds documentation and pooled tabular mappings together with an associated clinical validation standard operating procedure. Issues encountered in creating or submitting a site data extract can be posted in the Standards Discussions or Data Acquisition Discussions, and software contributors are supported by a web guide compiled in the chorus-developer repository."
CHORUS,external_resources,generated_only,nested,not_assessed_by_slot_overlap,,"- external_resources: - https://github.com/chorus-ai — the CHoRUS for Equitable AI GitHub organization, holding 28 repositories including chorus-extract-upload, Chorus_SOP, data_acq_SOP, chorus_waveform, chorus_waveform_resources, chorus-container-apps, CHoRUSReports, privacy_scan_tool and CTP-deid. notes: The organization states that the project is licensed under the MIT License, with individual repositories also carrying Apache-2.0 and MIT labels. - external_resources: - https://chorus4ai.org/ — the CHoRUS project website, with pages on the team, project overview, tools, data acquisition, standards, community engagement, ethics, the dataset, and learning resources. - www.bridge2ai.org/chorus — the project website named in the GitHub organization contact section. - external_resources: - https://reporter.nih.gov/project-details/10472824 — the NIH RePORTER record for the award supporting the dataset. - external_resources: - https://www.aim-ahead.net/media/jnzdnid3/bridge2ai-for-clinical-care-informational-webinar-cohort-2.pdf — the AIM-AHEAD Bridge2AI for Clinical Care Training Program cohort-2 informational webinar, which describes the dataset snapshot and the access route for trainees."
CHORUS,file_collections,generated_only,nested,not_assessed_by_slot_overlap,,"- collection_type: processed_data conforms_to: OMOP Common Data Model conforms_to_standard: - OMOP_CDM description: Structured electronic health record data covering demographics, medication administration, procedures, nursing flowsheets and diagnoses, standardized to the OMOP Common Data Model and reported as 1.6 billion rows in the current released dataset. Held under controlled access in the cloud enclave, with published metadata in the OMOP schema (the nursing flowsheet metadata schema is described as the OMOP schema with extensions). id: https://chorus4ai.org/#collection-omop name: CHoRUS OMOP structured EHR data - collection_type: processed_data conforms_to: WFDB, with metadata published as an extended PhysioNet schema conforms_to_standard: - WFDB description: Waveform telemetry acquired from bedside monitors via gateway/middleware, distributed under controlled access in WFDB with published metadata described as the PhysioNet schema extended. The current released dataset is reported as 23 Tb of waveform data. id: https://chorus4ai.org/#collection-waveform-telemetry name: CHoRUS waveform telemetry - collection_type: processed_data conforms_to: DICOM conforms_to_standard: - DICOM description: Imaging drawn from hospital PACS and held under controlled access in DICOM. The project website reports 7,642 admissions with radiology data in the current released dataset, while the September 2025 cohort-2 webinar states that 1000 images were currently available with de-identification in process for a larger cohort. id: https://chorus4ai.org/#collection-imaging name: CHoRUS imaging - collection_type: processed_data conforms_to: OHNLP open source schema conforms_to_standard: - OTHER description: Clinical notes extracted and tokenized using the OHNLP toolkit and held under controlled access against the OHNLP open source schema. The underlying notes are stored locally at contributing sites; only tokens are available. id: https://chorus4ai.org/#collection-clinical-notes name: CHoRUS tokenized clinical notes - collection_type: processed_data conforms_to: EDF+ and Persyst conforms_to_standard: - OTHER description: EEG waveforms drawn from hospital EEG databases, held under controlled access in the open source EDF+ and Persyst schemas. Extraction of this modality was in process at the time of the September 2025 cohort-2 webinar. id: https://chorus4ai.org/#collection-eeg name: CHoRUS EEG waveforms"
CHORUS,funders,both_differ_nested,nested,not_assessed_by_slot_overlap,- name: NIH Common Fund OT2OD032701,"- grantor: National Institutes of Health, Common Fund Bridge2AI program grants: - grant_number: OT2OD032701 notes: NIH RePORTER lists project number 1OT2OD032701-01, application ID 10472824, fiscal year 2022, award amount 5880300, project start 2022-09-01 and project end 2026-11-30. The project website states that the project is funded by the NIH under award number OT2OD032701."
CHORUS,human_subject_research,both_differ_nested,nested,not_assessed_by_slot_overlap,"description: 'Source humanSubjectResearch: Yes Source humanSubjectExemption: HIPAA exemption 4 ((45 CFR 46.104(d)(4)) Source irb: {""@type"": ""Organization"", ""address"": {""@type"": ""PostalAddress"", ""addressCountry"": ""US"", ""addressLocality"": ""Somerville"", ""addressRegion"": ""MA"", ""postalCode"": ""02145"", ""streetAddress"": ""399 Revolution Drive, Suite 710""}, ""contactPoint"": {""@type"": ""ContactPoint"", ""contactType"": ""IRB Reliance and Compliance"", ""email"": ""irbreliance@mgb.org"", ""telephone"": ""+1-857-282-1900""}, ""name"": ""Mass General Brigham Institutional Review Board (MGB IRB)""} Source irbProtocolId: #2022P000707' ethics_review_board: Mass General Brigham Institutional Review Board (MGB IRB) involves_human_subjects: true","involves_human_subjects: true source_caveats: Human subject involvement follows from the dataset being built from hospital records of critically ill patients; the source documents do not state an IRB approval, an ethics review board of record, or a regulatory compliance determination for the dataset. special_populations: - The released dataset includes admissions from pediatric and neonatal intensive care units, so minors and neonates are represented."
CHORUS,id,both_differ_scalar,scalar,not_assessed_by_slot_overlap,doi:10.18130/V3/XNBOPG ...,https://chorus4ai.org/ ...
CHORUS,instances,generated_only,nested,not_assessed_by_slot_overlap,,"- counts: 50000 data_topic: B2AI_TOPIC:9 instance_type: Hospital admission of a critically ill patient notes: The current released dataset is reported as 50,000 patient admissions from ICU, PICU, and NICU; the anticipated final dataset is 100,000 patient admissions. - counts: 1600000000 data_topic: B2AI_TOPIC:9 instance_type: Row of electronic health record data standardized to the OMOP Common Data Model notes: Covers demographics, medication administration time-stamped upon each infusion change or dose administration, procedures documented by providers, high-frequency nursing flowsheet documentation, and diagnoses documented by providers. - counts: 7642 data_substrate: B2AI_SUBSTRATE:11 data_topic: B2AI_TOPIC:15 instance_type: Hospital admission with associated radiology imaging missing_information: - missing: - Imaging beyond the approximately 1,000 images reported as available in August 2025 why_missing: - De-identification was in process for a larger imaging cohort. - data_substrate: B2AI_SUBSTRATE:49 data_topic: B2AI_TOPIC:37 instance_type: Bedside monitor waveform telemetry record notes: The current released dataset is reported as 23 Tb of waveform data; no record or file count is given for the waveform modality. - data_substrate: B2AI_SUBSTRATE:43 data_topic: B2AI_TOPIC:32 instance_type: Tokenized clinical note missing_information: - missing: - Full clinical note text why_missing: - Clinical notes are stored locally at contributing sites; only tokens leave the site. - data_substrate: B2AI_SUBSTRATE:49 data_topic: B2AI_TOPIC:37 instance_type: EEG waveform recording from a hospital EEG database notes: EEG extraction was described as in process at the time of the September 2025 cohort-2 webinar."
CHORUS,intended_uses,generated_only,nested,not_assessed_by_slot_overlap,,"- usage_notes: The dataset is assembled so that models can be built to improve the care and outcomes of patients requiring critical care, using multi-modal EHR, waveform, imaging and text data harmonized under unified standards. use_category: Machine learning model development for acute and critical care - source_caveats: The source documents do not report that this holdout set has been released. usage_notes: The award abstract states that the dataset will also provision a holdout test set, accessible for model external validation to aid marketplace adoption of AI-developed models. use_category: External validation of AI models - usage_notes: The AIM-AHEAD Bridge2AI for Clinical Care Training Program expands access to CHoRUS data so that trainees can apply AI/ML methods to big data analysis, develop use cases on the Bridge2AI AI/ML for Clinical Care Collaborative Cloud, and prepare posters, conference abstracts and manuscripts. use_category: AI/ML workforce training and education"
CHORUS,ip_restrictions,crate_only,nested,not_assessed_by_slot_overlap,name: https://chorus4ai.org/wp-content/uploads/2025/10/Data-Agreement-9.30.2025.docx,
CHORUS,is_deidentified,generated_only,nested,not_assessed_by_slot_overlap,,"deidentification_details: As of August 2025, 1000 images were available with de-identification in process for a larger imaging cohort. Supporting tooling in the chorus-ai organization includes a privacy scan tool for medical records and a CTP-deid repository. method: Tokenization of unstructured electronic health record text, transformation of data using approaches that limit re-identification, and de-identification of imaging prior to release. source_caveats: The source documents do not enumerate which identifiers are removed, do not state a de-identification standard applied to the structured data, and do not report a residual re-identification risk assessment."
CHORUS,issued,crate_only,scalar,not_assessed_by_slot_overlap,'2026-04-03T00:00:00Z',
CHORUS,keywords,both_differ_nested,nested,not_assessed_by_slot_overlap,- Bridge2AI - CHoRUS - Electronic health records - physiological data - medical images,- critical care - intensive care - acute illness - electronic health records - OMOP Common Data Model - waveform telemetry - electroencephalography - medical imaging - clinical notes - multimodal clinical data - Bridge2AI - AI-ready dataset - social determinants of health
CHORUS,known_biases,crate_only,nested,not_assessed_by_slot_overlap,"- description: ""•\tReferral bias from tertiary/quaternary academic centers\n•\tSocioeconomic\ \ and demographic distribution reflective of participating institutions\n•\tDocumentation\ \ bias in clinical notes\n•\tMissingness not at random (MNAR) in laboratory, waveform,\ \ and imaging acquisition\n•\tDifferential care pathways affecting label assignment\ \ (e.g., ICU vs non-ICU populations)\n•\tTemporal trends related to evolving clinical\ \ practice\nBias assessment is ongoing and documented in dataset release notes\n""",
CHORUS,known_limitations,both_differ_nested,nested,not_assessed_by_slot_overlap,"- description: ""•\tObservational data; and not randomized; collected as real-world\ \ clinical data, not through prospective research interactions with patient.\n\ •\tDocumentation quality dependent on routine clinical workflows and data elements\ \ being collected in clinical practice.\n•\tVariable sampling rates across real-world\ \ data from hospital waveform systems and middleware\n•\tInstitutional heterogeneity\ \ in coding and clinical data collection practices\n•\tLimited generalizability\ \ beyond participating hospitals\n•\tNot appropriate for re-identification, contact\ \ tracing, or patient-level intervention\n•\tHold-out splits are available for\ \ testing; training and validation in development splits require internal mechanisms\ \ to avoid overfitting\n""","- limitation_description: 'Modality coverage is incomplete in the current release relative to the anticipated final dataset: as of August 2025 imaging was limited to about 1,000 available images with de-identification in process for a larger cohort, and EEG extraction was still in process.' limitation_type: coverage_limitation scope_impact: Analyses requiring imaging or EEG at scale are not yet supported by the released data. - limitation_description: 'Clinical notes are not co-located with the rest of the data: the note text remains stored locally at contributing sites and only tokens are held in the enclave with the OMOP and telemetry data.' limitation_type: integration_limitation - limitation_description: Data are contributed by 14 hospitals drawn from a network of 20 academic centers; the source documents state that sampling and federated access are intended to ensure a balanced and diverse cohort but do not report the demographic, geographic or clinical distribution achieved in the released dataset. limitation_type: representativeness_limitation - limitation_description: The dataset covers acute and critical care admissions to ICU, PICU and NICU settings and the modalities recorded around them; it is not described as covering care in other settings. limitation_type: scope_limitation"
CHORUS,labeling_strategies,generated_only,nested,not_assessed_by_slot_overlap,,"- labeling_details: The CHoRUS Network states that a visualization and annotation environment will label data with targets important for prediction, and the award abstract lists labeling among the capabilities being developed across the multi-center network. source_caveats: The source documents describe the annotation environment in the future tense and do not report labels present in the current release."
CHORUS,license,crate_only,scalar,not_assessed_by_slot_overlap,Data Use Agreement available at 'https://chorus4ai.org/dataset/' ...,
CHORUS,license_and_use_terms,both_differ_nested,nested,not_assessed_by_slot_overlap,name: Data Use Agreement available at 'https://chorus4ai.org/dataset/',"license_terms: 'Access to the dataset is controlled and conditioned on a signed licensing agreement: all participants in the AIM-AHEAD Bridge2AI for Clinical Care training program must sign a licensing agreement included in the registration form before gaining access to the dataset, and a "".edu"" email address is required for dataset access. The chorus-ai GitHub organization states that its project code is licensed under the MIT License.' source_caveats: The MIT License statement is made about the GitHub software project, not about the data; the source documents do not name a license for the dataset itself, and the access terms described are those of the training program registration route."
CHORUS,maintainers,generated_only,nested,not_assessed_by_slot_overlap,,"- maintainer_details: Ciera McCrary, Program Manager, Massachusetts General Hospital, is listed as the contact on the project website, with the email address printed there as cmccrary@mgh.havard.edu. role: academic_institution source_caveats: The email domain is transcribed exactly as printed on chorus4ai.org, which reads ""mgh.havard.edu""; the source does not indicate whether this is a typographical error. - maintainer_details: The chorus-ai GitHub organization directs access requests to dbold@emory.edu or jared.houghtaling@tuftsmedicine.org, and lists www.bridge2ai.org/chorus as the project website. role: academic_institution"
CHORUS,missing_data_documentation,crate_only,nested,not_assessed_by_slot_overlap,- name: Variable sampling rates across real-world data from hospital waveform systems and middleware,
CHORUS,name,both_differ_scalar,scalar,not_assessed_by_slot_overlap,CHoRUS RO-Crate Package ...,CHoRUS ...
CHORUS,notes,generated_only,scalar,not_assessed_by_slot_overlap,,"The project website carries the banner ""This repoitory is under review for potential modification in compliance with Administration directives."" (quoted as printed), and states that the content on the website is solely the responsibility of the authors and does not necessarily represent the official views of the NIH. ..."
CHORUS,page,generated_only,scalar,not_assessed_by_slot_overlap,,https://chorus4ai.org/ ...
CHORUS,participant_privacy,generated_only,nested,not_assessed_by_slot_overlap,,"- anonymization_method: Tokenization of unstructured electronic health record data and transformation of data using approaches that limit re-identification, with clinical notes retained at the contributing site. notes: Patient-focused efforts within the project determine the ethical and legal approaches to manage privacy and bias while accounting for social determinants of health. reidentification_risk: The project states that data are transformed using approaches that limit re-identification; no quantitative residual risk is reported in the source documents."
CHORUS,preprocessing_strategies,generated_only,nested,not_assessed_by_slot_overlap,,"- preprocessing_details: Site data are standardized to the OMOP Common Data Model using validated semantic mappings that connect clinical data in various source formats to international standards; pooled tabular mappings and their documentation are maintained in the chorus-mapping repository. - preprocessing_details: Unstructured electronic health record text is extracted and tokenized using the OHNLP toolkit, and data are transformed using approaches that limit re-identification. - preprocessing_details: Waveform data are converted for release using the conversion scripts and documentation maintained in the chorus_waveform repository, with supporting materials in chorus_waveform_resources."
CHORUS,publisher,crate_only,scalar,not_assessed_by_slot_overlap,B2AI CHoRUS ...,
CHORUS,purposes,generated_only,nested,not_assessed_by_slot_overlap,,"- response: Generate data for ML/AI applications aimed at characterizing acute and critical care illness, predicting complications, and measuring treatment response among patients with acute or critical illness. - response: Develop a publicly available, AI-ready critical care dataset while ensuring the methods promote privacy, accountability, and clinical benefit, and while promoting a new generation of AI clinicians and scientists. - response: Provision a holdout test set accessible for model external validation, to aid marketplace adoption of AI-developed models for implementation in acute and critical care. - response: Create ethically sourced datasets and tools around artificial intelligence and establish best practices for AI in health, in coordination with the other Bridge2AI data generation projects."
CHORUS,raw_data_sources,generated_only,nested,not_assessed_by_slot_overlap,,"- access_details: Only the standardized site extract is delivered to CHoRUS; access to the delivered data is controlled. raw_data_format: Site-native EHR formats, mapped to the OMOP Common Data Model before delivery source_description: Structured electronic health record data at the 14 contributing hospitals. source_type: Hospital electronic health record systems - access_details: Notes are stored locally at the contributing site; only tokens produced with the OHNLP toolkit are made available. raw_data_format: Free-text clinical notes source_description: Unstructured clinical note text at the contributing hospitals. source_type: Hospital electronic health record systems - raw_data_format: DICOM source_description: Diagnostic imaging held in hospital picture archiving and communication systems. source_type: PACS - raw_data_format: Waveform telemetry, converted to WFDB source_description: Continuous bedside physiologic monitoring at contributing hospitals. source_type: Bedside monitors with gateway/middleware - raw_data_format: EDF+ and Persyst source_description: Clinical electroencephalography recordings. source_type: Hospital EEG database"
CHORUS,regulatory_restrictions,both_differ_nested,nested,not_assessed_by_slot_overlap,name: https://chorus4ai.org/wp-content/uploads/2025/10/Data-Agreement-9.30.2025.docx,"confidentiality_level: restricted regulatory_restrictions: - Every data type in the project's data inventory is listed with controlled access control. - Clinical notes may not leave the contributing site; only tokens are shared. source_caveats: The source documents do not state a HIPAA determination, export control status, or GDPR applicability for this dataset; the training curriculum lists HIPAA/GDPR compliance for OMOP/FHIR data as a workshop topic rather than as a statement about the dataset."
CHORUS,resources,crate_only,nested,not_assessed_by_slot_overlap,- id: 08cf7419-b94d-4508-8f64-c99c557351d7 name: CHoRUS RO-Crate EHR SubRoCrate - id: b9b41c72-0895-4ec2-9e39-8de2a83abcd6 name: CHoRUS RO-Crate Waveforms SubRoCrate,
CHORUS,retention_limit,crate_only,nested,not_assessed_by_slot_overlap,name: https://chorus4ai.org/wp-content/uploads/2025/10/Data-Agreement-9.30.2025.docx,
CHORUS,sampling_strategies,generated_only,nested,not_assessed_by_slot_overlap,,"- source_caveats: Both statements describe intended sampling approaches; the source documents do not report the sampling actually applied to the released 50,000 admissions or the resulting distribution. strategies: Sampling to ensure comprehensive sets of patient conditions and clinical treatment strategies. Federated access is intended to enable sampling methods that ensure a balanced and diverse cohort."
CHORUS,sensitive_elements,both_differ_nested,nested,not_assessed_by_slot_overlap,- name: CHoRUS operates within a secure enclave environment aligned with NIST 800-53 controls. - name: De-identification consistent with HIPAA Safe Harbor - name: Removal or tokenization of direct identifiers - name: Date shifting or limited date fields when required - name: Role-based access control (RBAC) - name: Multi-factor authentication - name: Full audit logging of data access and queries - name: Prohibition of re-identification attempts - name: Data export restrictions and output review procedures to reduce risk of re-identification - name: Re-identification risk is periodically assessed and mitigation strategies updated as needed.,"- sensitive_elements_present: true sensitivity_details: The dataset comprises hospital clinical data on critically ill patients, including demographics, diagnoses, procedures, medication administration, nursing flowsheets, clinical notes, imaging, telemetry and EEG waveforms, and social determinants of health, together with contextual factors such as geographic distance to the nearest hospital. Every data type listed in the project's data inventory is under controlled access."
CHORUS,source_caveats,generated_only,scalar,not_assessed_by_slot_overlap,,"'Sources disagree on the size of the released cohort: the project documentation at chorus4ai.org reports a current released dataset of 50,000 patient admissions from ICU, PICU and NICU, while the cohort-2 informational webinar states that as of August 2025 the dataset covers 14 different hospitals with over 45K unique admissions. The project documentation ranks higher in the source manifest and its figure is recorded here; both figures are reported above. The two sources also count imaging differently, the website giving 7,642 admissions with radiology data and the webinar giving 1000 images currently available; these are different units and are recorded separately rather than reconciled. The webinar''s data inventory table is rendered with its columns partially separated in the extracted text, so the pairing of individual data types with their data standard, access control and metadata status is stated here only where the pairing is unambiguous from the surrounding text.'"
CHORUS,splits,generated_only,nested,not_assessed_by_slot_overlap,,- source_caveats: This is described in the award abstract as a planned capability; the source documents do not report the size or availability of the holdout partition. split_details: The award abstract states that the project will sequester holdout datasets and will provision a holdout test set accessible for model external validation.
CHORUS,status,generated_only,scalar,not_assessed_by_slot_overlap,,partially released ...
CHORUS,subpopulations,generated_only,nested,not_assessed_by_slot_overlap,,"- identification: Admissions to intensive care units (ICU). source_caveats: The released figure of 50,000 patient admissions is reported for ICU, PICU and NICU combined; no per-setting breakdown is given. subpopulation_elements_present: true - identification: Admissions to pediatric intensive care units (PICU). source_caveats: The released figure of 50,000 patient admissions is reported for ICU, PICU and NICU combined; no per-setting breakdown is given. subpopulation_elements_present: true - identification: Admissions to neonatal intensive care units (NICU). source_caveats: The released figure of 50,000 patient admissions is reported for ICU, PICU and NICU combined; no per-setting breakdown is given. subpopulation_elements_present: true"
CHORUS,subsets,crate_only,nested,not_assessed_by_slot_overlap,- id: 08cf7419-b94d-4508-8f64-c99c557351d7 name: CHoRUS RO-Crate EHR SubRoCrate - id: b9b41c72-0895-4ec2-9e39-8de2a83abcd6 name: CHoRUS RO-Crate Waveforms SubRoCrate,
CHORUS,tasks,generated_only,nested,not_assessed_by_slot_overlap,,"- response: Characterizing acute and critical care illness. - response: Predicting complications and clinical deterioration among patients with acute or critical illness. - response: Measuring treatment response among patients with acute or critical illness. - response: External validation of AI-developed models against a sequestered holdout test set, which the award abstract states the project will provision."
CHORUS,title,both_differ_scalar,scalar,not_assessed_by_slot_overlap,CHoRUS RO-Crate Package ...,CHoRUS Dataset ...
CHORUS,updates,both_differ_nested,nested,not_assessed_by_slot_overlap,"description: ""\n•\tVersioned dataset releases e.g., CHoRUS vX.Y)\n•\tRelease notes\ \ documenting schema changes, harmonization updates, and known issues\n•\tGovernance\ \ committee oversight for structural modifications\n•\tData upload\n•\tDeprecation\ \ policy includes:\no\tAdvance notice of schema changes\no\tBackward compatibility\ \ window where feasible\no\tArchive of prior versions within enclave where possible\ \ or incremental change records\nPrimary maintainers: CHoRUS Data Pillar in collaboration\ \ with institutional data stewards.\n""","source_caveats: The source documents do not state a release cadence or versioning policy for the dataset itself. update_details: Data acquisition is ongoing. The current released dataset covers 50,000 patient admissions, while the anticipated final dataset is 100,000 patient admissions across 9 data modalities from 14 data contributing hospitals. Imaging de-identification for a larger cohort and EEG extraction were in process as of August 2025. Contributing sites provide regular status updates on their progress in creating and curating a CHoRUS-specific clinical data extract."
CHORUS,version,crate_only,scalar,not_assessed_by_slot_overlap,1.0 Beta ...,
CHORUS,version_access,crate_only,nested,not_assessed_by_slot_overlap,name: 1.0 Beta,
CHORUS,was_derived_from,generated_only,scalar,not_assessed_by_slot_overlap,,"Clinical source systems at the 14 CHoRUS data contributing hospitals, comprising electronic health records, PACS imaging archives, bedside monitors with gateway/middleware, and hospital EEG databases. ..."
CM4AI,acquisition_methods,both_differ_nested,nested,not_assessed_by_slot_overlap,"- description: 'Data collection processes are generally described in Clark T et al. (2024) ""Cell Maps for Artificial Intelligence: AI-Ready Maps of Human Cell Architecture from Disease-Relevant Cell Lines"" bioRxiv 2024.05.21.589311; doi: https://doi.org/10.1101/2024.05.21.589311. Additional data collection details will be subsequently published once finalized. '","- acquisition_details: 'Primary experimental measurement on cultured human cell lines: affinity purification mass spectrometry and size-exclusion chromatography mass spectrometry for protein-protein interactions, immunofluorescence confocal microscopy for spatial protein localization, and single-cell CRISPR perturbation screens for transcriptional and fitness phenotypes.' was_directly_observed: true was_reported_by_subjects: false - acquisition_details: 'Derived processing of primary measurement: the KOLF2.1J perturbation cell atlas archive is distributed alongside a separate archive of the underlying raw sequence data, indicating that the atlas is a processed product of that raw data.' source_caveats: Inferred from the paired archive names cm4ai_perturb-seq_KOLF2_cell_atlas.zip and cm4ai_perturb-seq_KOLF2_raw_sra.zip; the June 2026 release listing carries no per-file processing description. was_inferred_derived: true"
CM4AI,addressing_gaps,generated_only,nested,not_assessed_by_slot_overlap,,"- response: In genomics and precision medicine, machine learning models are often ""black boxes"" that predict phenotypes from genotypes without revealing the mechanisms by which such translation occurs. This dataset is intended to supply the matched data and tools needed to build ""visible"" machine learning systems built directly on knowledge maps of cell and tissue architecture. - response: 'Existing biomedical datasets frequently lack the properties needed for reliable AI use. This project addresses that gap by defining and supplying AI-Ready data: FAIR data of known provenance, fully characterized and validated, with machine-readable provenance graphs of computations, data, software and models, explainable within stated limitations, and ethically obtained, licensed and distributed.'"
CM4AI,at_risk_populations,crate_only,nested,not_assessed_by_slot_overlap,name: None — no human subjects involved; commercially sourced de-identified cell lines only.,
CM4AI,citation,both_differ_scalar,scalar,not_assessed_by_slot_overlap,"Clark T; Parker J; Al Manir S; Axelsson U; Ballllosero Navarro F; Chinn B; Churas CP; Dailamy A; Doctor Y; Fall J; Forget A; Gao J; Hansen JN; Hu M; Johannesson A; Khaliq H; Lee YH; Lenkiewicz J; Levinson MA; Metallo C; Muralidharan M; Nourreddine S; Niestroy J; Obernier K; Pan E; Park, S; Polacco B; Pratt D; Qian G; Schaffer, LV; Sigaeva A; Thaker S; Zhang Y; Zhao, X; Bélisle-Pipon JC; Brandt C; Chen JY; Ding Y; Fodeh S; Krogan N; Lundberg E; Mali P; Payne-Foster P; Ratcliffe S; Ravitsky V; Sali A; Schulz W; Ideker T, 2025, ""Cell Maps for Artificial Intelligence - June 2026 Data Release (Beta)"", https://doi.org/10.18130/V3/HIGT4C , https://dataverse.lib.virginia.edu/, V1 ...","Clark T; Parker J; Al Manir S; Axelsson U; Ballllosero Navarro F; Chinn B; Churas CP; Dailamy A; Doctor Y; Fall J; Forget A; Gao J; Hansen JN; Hu M; Johannesson A; Khaliq H; Lee YH; Lenkiewicz J; Levinson MA; Marquez C; Metallo C; Muralidharan M; Nourreddine S; Niestroy J; Obernier K; Pan E; Polacco B; Pratt D; Qian G; Schaffer L; Sigaeva A; Thaker S; Zhang Y; Bélisle-Pipon JC; Brandt C; Chen JY; Ding Y; Fodeh S; Krogan N; Lundberg E; Mali P; Payne-Foster P; Ratcliffe S; Ravitsky V; Sali A; Schulz W; Ideker T, 2026, ""Cell Maps for Artificial Intelligence - June 2026 Data Release (Beta)"", https://doi.org/10.18130/V3/HIGT4C, University of Virginia Dataverse, V2 ..."
CM4AI,collection_mechanisms,both_differ_nested,nested,not_assessed_by_slot_overlap,"- description: 'Data collection processes are generally described in Clark T et al. (2024) ""Cell Maps for Artificial Intelligence: AI-Ready Maps of Human Cell Architecture from Disease-Relevant Cell Lines"" bioRxiv 2024.05.21.589311; doi: https://doi.org/10.1101/2024.05.21.589311. Additional data collection details will be subsequently published once finalized. '","- mechanism_details: Affinity purification mass spectrometry (AP-MS) performed on endogenously tagged cell lines, for protein-protein interaction mapping. - mechanism_details: Size-exclusion chromatography coupled to mass spectrometry (SEC-MS), for proteome-wide protein complex and interaction mapping. - mechanism_details: Immunofluorescence-based staining and confocal microscopy (ICC-IF) for spatial proteomics, using the Human Protein Atlas resource of antibodies, with automated fixation and permeabilization protocols established for the MDA-MB-468 and KOLF2 cell lines. - mechanism_details: Single-cell CRISPR interference perturbation screens, performed using the 10x Genomics 3'HT kit, with a CRISPR lentiviral library and cell lines expressing inducible dCas9."
CM4AI,collection_timeframes,both_differ_nested,nested,not_assessed_by_slot_overlap,- name: 9/1/2022 - name: 6/1/2026,"- timeframe_details: The release record gives a data creation date of 2025-02-27 and a deposit date of 2025-02-27. The funding award supporting data generation runs from 2022-09-01 to 2026-08-31 per NIH RePORTER, and the release record states that the dataset will continue to be updated through the end of the project in November 2026. No explicit start and end dates for data collection are stated."
CM4AI,compression,generated_only,scalar,not_assessed_by_slot_overlap,,zip ...
CM4AI,confidential_elements,generated_only,nested,not_assessed_by_slot_overlap,,- confidential_elements_present: true confidentiality_details: Some component datasets are under temporary pre-publication embargo. The external data links for perturb-seq data in KOLF2.1J iPSCs and for perturb-seq data in MDA-MB-468 breast cancer cells are both marked embargoed rather than pointing to an open repository.
CM4AI,conforms_to,generated_only,scalar,not_assessed_by_slot_overlap,,"RO-Crate packaging with provenance graphs and rich metadata, produced using the FAIRSCAPE framework. ..."
CM4AI,conforms_to_class,generated_only,scalar,not_assessed_by_slot_overlap,,Dataset ...
CM4AI,conforms_to_schema,generated_only,scalar,not_assessed_by_slot_overlap,,https://w3id.org/bridge2ai/data-sheets-schema ...
CM4AI,conforms_to_standard,generated_only,nested,not_assessed_by_slot_overlap,,- RO_CRATE
CM4AI,created_by,crate_only,scalar,not_assessed_by_slot_overlap,"'{''@id'': ''https://orcid.org/0000-0003-4060-7360''}; {''@id'': ''https://orcid.org/0000-0003-4535-3486''}; {''@id'': ''https://orcid.org/0000-0003-4647-3877''}; Axelsson, U; {''@id'': ''https://orcid.org/0000-0002-4180-422X''}; Chinn, B; {''@id'': ''https://orcid.org/0000-0001-9998-705X''}; {''@id'': ''https://orcid.org/0000-0002-6711-8260''}; {''@id'': ''https://orcid.org/0009-0009-0483-7506''}; Fall, J; {''@id'': ''https://orcid.org/0000-0003-0223-0312''}; {''@id'': ''https://orcid.org/0000-0002-6311-3526''}; {''@id'': ''https://orcid.org/0000-0002-4650-9094''}; {''@id'': ''https://orcid.org/0000-0002-1571-8029''}; Johannesson, A; Khaliq, H; {''@id'': ''https://orcid.org/0000-0003-0917-355X''}; {''@id'': ''https://orcid.org/0000-0001-7252-8638''}; {''@id'': ''https://orcid.org/0000-0003-0384-8499''}; {''@id'': ''https://orcid.org/0000-0003-3960-420X''}; {''@id'': ''https://orcid.org/0000-0003-2404-3040''}; Muralidharan, M; {''@id'': ''https://orcid.org/0000-0003-3881-7588''}; {''@id'': ''https://orcid.org/0000-0002-1103-3882''}; {''@id'': ''https://orcid.org/0000-0002-4025-1299''}; Pan, E; Polacco, B; {''@id'': ''https://orcid.org/0000-0002-1471-9513''}; {''@id'': ''https://orcid.org/0009-0005-4217-2745''}; {''@id'': ''https://orcid.org/0000-0001-6339-9141''}; {''@id'': ''https://orcid.org/0000-0003-3361-3797''}; {''@id'': ''https://orcid.org/0000-0001-6730-2773''}; Zhang, Y; {''@id'': ''https://orcid.org/0000-0002-8965-8153''}; {''@id'': ''https://orcid.org/0000-0001-8179-1796''}; {''@id'': ''https://orcid.org/0000-0002-6112-415X''}; {''@id'': ''https://orcid.org/0000-0003-2567-2009''}; {''@id'': ''https://orcid.org/0000-0003-4664-3143''}; {''@id'': ''https://orcid.org/0000-0003-4902-337X''}; {''@id'': ''https://orcid.org/0000-0001-7034-0850''}; {''@id'': ''https://orcid.org/0000-0002-3383-1287''}; {''@id'': ''https://orcid.org/0000-0002-3508-3577''}; {''@id'': ''https://orcid.org/0000-0002-6644-8284''}; {''@id'': ''https://orcid.org/0000-0002-7080-8801''}; {''@id'': ''https://orcid.org/0000-0003-0435-6197''}; {''@id'': ''https://orcid.org/0000-0002-2048-4028''}; {''@id'': ''https://orcid.org/0000-0002-1708-8454''}'",
CM4AI,created_on,generated_only,scalar,not_assessed_by_slot_overlap,,'2025-02-27T00:00:00Z'
CM4AI,creators,both_differ_nested,nested,not_assessed_by_slot_overlap,"- id: https://orcid.org/0000-0003-4060-7360 - id: https://orcid.org/0000-0003-4535-3486 - id: https://orcid.org/0000-0003-4647-3877 - name: Axelsson, U - id: https://orcid.org/0000-0002-4180-422X - name: Chinn, B - id: https://orcid.org/0000-0001-9998-705X - id: https://orcid.org/0000-0002-6711-8260 - id: https://orcid.org/0009-0009-0483-7506 - name: Fall, J - id: https://orcid.org/0000-0003-0223-0312 - id: https://orcid.org/0000-0002-6311-3526 - id: https://orcid.org/0000-0002-4650-9094 - id: https://orcid.org/0000-0002-1571-8029 - name: Johannesson, A - name: Khaliq, H - id: https://orcid.org/0000-0003-0917-355X - id: https://orcid.org/0000-0001-7252-8638 - id: https://orcid.org/0000-0003-0384-8499 - id: https://orcid.org/0000-0003-3960-420X - id: https://orcid.org/0000-0003-2404-3040 - name: Muralidharan, M - id: https://orcid.org/0000-0003-3881-7588 - id: https://orcid.org/0000-0002-1103-3882 - id: https://orcid.org/0000-0002-4025-1299 - name: Pan, E - name: Polacco, B - id: https://orcid.org/0000-0002-1471-9513 - id: https://orcid.org/0009-0005-4217-2745 - id: https://orcid.org/0000-0001-6339-9141 - id: https://orcid.org/0000-0003-3361-3797 - id: https://orcid.org/0000-0001-6730-2773 - name: Zhang, Y - id: https://orcid.org/0000-0002-8965-8153 - id: https://orcid.org/0000-0001-8179-1796 - id: https://orcid.org/0000-0002-6112-415X - id: https://orcid.org/0000-0003-2567-2009 - id: https://orcid.org/0000-0003-4664-3143 - id: https://orcid.org/0000-0003-4902-337X - id: https://orcid.org/0000-0001-7034-0850 - id: https://orcid.org/0000-0002-3383-1287 - id: https://orcid.org/0000-0002-3508-3577 - id: https://orcid.org/0000-0002-6644-8284 - id: https://orcid.org/0000-0002-7080-8801 - id: https://orcid.org/0000-0003-0435-6197 - id: https://orcid.org/0000-0002-2048-4028 - id: https://orcid.org/0000-0002-1708-8454","- affiliations: - name: University of Virginia id: ORCID:0000-0003-4060-7360 name: Clark T - affiliations: - name: University of California, San Diego id: ORCID:0000-0003-4535-3486 name: Parker J - affiliations: - name: University of Virginia id: ORCID:0000-0003-4647-3877 name: Al Manir S - affiliations: - name: KTH Royal Institute of Technology name: Axelsson U - affiliations: - name: Stanford University id: ORCID:0000-0002-4180-422X name: Ballllosero Navarro F - affiliations: - name: University of California San Diego name: Chinn B - affiliations: - name: University of California San Diego id: ORCID:0000-0001-9998-705X name: Churas CP - affiliations: - name: University of California, San Diego id: ORCID:0000-0002-6711-8260 name: Dailamy A - affiliations: - name: University of California, San Diego id: ORCID:0009-0009-0483-7506 name: Doctor Y - affiliations: - name: KTH - Royal Institute of Technology name: Fall J - affiliations: - name: University of California San Francisco id: ORCID:0000-0003-0223-0312 name: Forget A - affiliations: - name: University of California San Diego id: ORCID:0000-0002-6311-3526 name: Gao J - affiliations: - name: Stanford University id: ORCID:0000-0002-4650-9094 name: Hansen JN - affiliations: - name: University of California San Diego id: ORCID:0000-0002-1571-8029 name: Hu M - affiliations: - name: KTH - Royal Institute of Technology name: Johannesson A - affiliations: - name: University of California San Diego name: Khaliq H - affiliations: - name: University of California San Diego id: ORCID:0000-0003-0917-355X name: Lee YH - affiliations: - name: University of California San Diego id: ORCID:0000-0001-7252-8638 name: Lenkiewicz J - affiliations: - name: University of Virginia id: ORCID:0000-0003-0384-8499 name: Levinson MA - affiliations: - name: University of California San Diego id: ORCID:0000-0003-3960-420X name: Marquez C - affiliations: - name: University of California San Diego id: ORCID:0000-0003-2404-3040 name: Metallo C - affiliations: - name: University of California San Francisco name: Muralidharan M - affiliations: - name: University of California San Diego id: ORCID:0000-0003-3881-7588 name: Nourreddine S - affiliations: - name: University of Virginia id: ORCID:0000-0002-1103-3882 name: Niestroy J - affiliations: - name: University of California San Francisco id: ORCID:0000-0002-4025-1299 name: Obernier K - affiliations: - name: University of California San Diego name: Pan E - affiliations: - name: University of California San Francisco name: Polacco B - affiliations: - name: University of California San Diego id: ORCID:0000-0002-1471-9513 name: Pratt D - affiliations: - name: University of California San Diego id: ORCID:0009-0005-4217-2745 name: Qian G - affiliations: - name: University of California San Diego id: ORCID:0000-0001-6339-9141 name: Schaffer L - affiliations: - name: KTH Royal Institute of Technology id: ORCID:0000-0003-3361-3797 name: Sigaeva A - affiliations: - name: University of Alabama at Birmingham id: ORCID:0000-0001-6730-2773 name: Thaker S - affiliations: - name: University of California San Diego name: Zhang Y - affiliations: - name: Simon Fraser University id: ORCID:0000-0002-8965-8153 name: Bélisle-Pipon JC - affiliations: - name: Yale University id: ORCID:0000-0001-8179-1796 name: Brandt C - affiliations: - name: The University of Alabama at Birmingham id: ORCID:0000-0002-6112-415X name: Chen JY - affiliations: - name: University of Texas at Austin id: ORCID:0000-0003-2567-2009 name: Ding Y - affiliations: - name: Yale University id: ORCID:0000-0003-4664-3143 name: Fodeh S - affiliations: - name: University of California San Francisco id: ORCID:0000-0003-4902-337X name: Krogan N - affiliations: - name: Stanford University id: ORCID:0000-0001-7034-0850 name: Lundberg E - affiliations: - name: University of California San Diego id: ORCID:0000-0002-3383-1287 name: Mali P - affiliations: - name: University of Alabama id: ORCID:0000-0002-3508-3577 name: Payne-Foster P - affiliations: - name: University of Virginia id: ORCID:0000-0002-6644-8284 name: Ratcliffe S - affiliations: - name: University of Montreal id: ORCID:0000-0002-7080-8801 name: Ravitsky V - affiliations: - name: University of California San Diego id: ORCID:0000-0003-0435-6197 name: Sali A source_caveats: The release record gives University of California San Diego as this author's affiliation. - affiliations: - name: Yale University id: ORCID:0000-0002-2048-4028 name: Schulz W - affiliations: - name: University of California San Diego id: ORCID:0000-0002-1708-8454 name: Ideker T"
CM4AI,data_collectors,generated_only,nested,not_assessed_by_slot_overlap,,"- collector_details: 'University of California San Francisco: mass spectrometry based protein-protein interaction data. The project preprint identifies the Krogan Laboratory as the source of the PPI networks entering the CM4AI pipeline.' role: Mass spectrometry protein-protein interaction data generation source_caveats: The June 2026 release lists production locations collectively without assigning modalities; the laboratory attribution is drawn from the CM4AI project preprint and from per-file descriptions on earlier release pages. - collector_details: 'Stanford University: immunofluorescence spatial proteomics imaging. The project preprint identifies the Lundberg Laboratory as the source of the IF images entering the CM4AI pipeline.' role: Spatial proteomics imaging source_caveats: The June 2026 release lists production locations collectively without assigning modalities; the laboratory attribution is drawn from the CM4AI project preprint and from per-file descriptions on earlier release pages. - collector_details: 'University of California San Diego: genetic perturbation mapping by single-cell CRISPR screening, and multimodal data integration.' role: Genetic perturbation screening and data integration source_caveats: Modality attribution inferred from the project preprint's account of the genetic perturbation mapping work; the June 2026 release lists University of California San Diego among four production locations without assigning modalities. - collector_details: 'University of Virginia: AI-readiness packaging, metadata, provenance graphs and archival deposit of the release.' role: Standards, packaging and archiving"
CM4AI,data_governance,both_differ_nested,nested,not_assessed_by_slot_overlap,description: Jilian Parker,"committee_contact: affiliation: - name: University of California, San Diego email: jillianparker@health.ucsd.edu id: ORCID:0000-0003-4535-3486 name: Jillian Parker committee_name: Data Governance Committee notes: The project preprint states that a Data Access Committee will supervise ethical matters related to dataset distribution and potential dual licensing for commercial use; that is stated there as a planned arrangement. All ten archives in this release are listed with public file access. source_caveats: The release record names ""Jillian Parker (jillianparker@health.ucsd.edu)"" as the Data Governance Committee contact and separately lists an author ""Parker J"" at the University of California, San Diego with the ORCID 0000-0003-4535-3486; the two are treated as the same individual on the basis of matching surname, given-name initial and institution."
CM4AI,description,both_differ_scalar,scalar,not_assessed_by_slot_overlap,"This dataset is the June 2026 Data Release of Cell Maps for Artificial Intelligence (CM4AI; CM4AI.org), the Functional Genomics Grand Challenge in the NIH Bridge2AI program. This Beta release includes perturb-seq data in undifferentiated KOLF2.1J iPSCs; SEC-MS data in undifferentiated KOLF2.1J iPSCs and iPSC-derived NPCs, neurons, and cardiomyocytes; AP-MS data in MDA-MB-468 breast cancer cells in the presence of chemotherapy (vorinostat and paclitaxel); and IF images in MDA-MB-468 breast cancer cells in the presence and absence of chemotherapy (vorinostat and paclitaxel). CM4AI output data are packaged with provenance graphs and rich metadata as AI-ready datasets in RO-Crate format using the FAIRSCAPE framework. Data presented here will be augmented regularly through the end of the project. CM4AI is a collaboration of UCSD, UCSF, Stanford, UVA, Yale, UA Birmingham, Simon Fraser University, and the Hastings Center. ...","'The June 2026 Data Release (Beta) of Cell Maps for Artificial Intelligence (CM4AI), the Functional Genomics Grand Challenge of the NIH Bridge2AI program. CM4AI generates multi-modal data — protein-protein interaction, spatial protein localization, and genetic perturbation — in MDA-MB-468 breast cancer cells (with or without paclitaxel or vorinostat) and in KOLF2.1J induced pluripotent stem cells (with or without differentiation). This release distributes ten ZIP archives through the University of Virginia Dataverse (LibraData) and comprises: perturb-seq data for MDA-MB-468 breast cancer cells with and without treatment and for undifferentiated (parental) KOLF2.1J iPSCs; SEC-MS data for MDA-MB-468 breast cancer cells with and without treatment, undifferentiated KOLF2.1J iPSCs, and iPSC-derived neuron progenitor cells, neurons and cardiomyocytes; AP-MS data for treated MDA-MB-468 breast cancer cells; and immunofluorescence images of MDA-MB-468 breast cancer cells with and without treatment. Corresponding raw mass spectrometry and sequence data are deposited in external repositories. The release is explicitly interim: computed cell maps are not included, and some component datasets remain under temporary pre-publication embargo.'"
CM4AI,direct_collection,generated_only,nested,not_assessed_by_slot_overlap,,- collection_details: 'Data were not collected from individuals. All measurements were made on established human cell lines obtained from third-party repositories: MDA-MB-468 from ATCC and KOLF2.1J from the Human Induced Pluripotent Stem Cells Initiative (HipSci) resource.' is_direct: false
CM4AI,discouraged_uses,crate_only,nested,not_assessed_by_slot_overlap,- description: These laboratory data are not to be used in clinical decision-making or in any context involving patient care without appropriate regulatory oversight and approval.,
CM4AI,distribution_dates,generated_only,nested,not_assessed_by_slot_overlap,,- release_dates: - 2026-06-17 (version 2.0 published; seven of the ten archives published on this date) - 2026-07-15 (three immunofluorescence image archives published)
CM4AI,distribution_formats,both_differ_nested,nested,not_assessed_by_slot_overlap,- name: .d - name: .d directory group - name: .tsv - name: .xml - name: TSV - name: csv - name: executable - name: fastq.gz - name: h5 - name: h5ad - name: image/jpeg - name: pdf - name: unknown,"- format: ZIP media_type: application/zip notes: All ten files are distributed as ZIP archives through the University of Virginia Dataverse. The dataset as a whole is too large to download as a single ZIP; individual files below the 1.9 GB web download limit may be selected from the files table, and the Dataverse Data Access API provides programmatic access. MD5 checksums are published for each archive."
CM4AI,doi,both_agree,scalar,not_assessed_by_slot_overlap,10.18130/V3/HIGT4C ...,10.18130/V3/HIGT4C ...
CM4AI,ethical_reviews,both_differ_nested,nested,not_assessed_by_slot_overlap,- name: Vardit Ravistky ravitskyv@thehastingscenter.org and Jean-Christophe Belisle-Pipon jean-christophe_belisle-pipon@sfu.ca.,"- contact_person: affiliation: - name: University of Montreal email: ravitskyv@thehastingscenter.org id: ORCID:0000-0002-7080-8801 name: Vardit Ravitsky review_details: Named ethical review contact for the release, per the Data Governance and Ethics section of the release record. source_caveats: The release record names ""Vardit Ravitsky (ravitskyv@thehastingscenter.org)"" as an ethical review contact and separately lists an author ""Ravitsky V"" with the ORCID 0000-0002-7080-8801 and an affiliation of University of Montreal. The two are treated as the same individual on the basis of matching surname and given-name initial; note that the stated affiliation (University of Montreal) and the email domain (thehastingscenter.org) differ. - contact_person: affiliation: - name: Simon Fraser University email: jean-christophe_belisle-pipon@sfu.ca id: ORCID:0000-0002-8965-8153 name: Jean-Christophe Bélisle-Pipon review_details: Named ethical review contact for the release, per the Data Governance and Ethics section of the release record. source_caveats: The release record names ""Jean-Christophe Belisle-Pipon (jean-christophe_belisle-pipon@sfu.ca)"" as an ethical review contact and separately lists an author ""Bélisle-Pipon JC"" at Simon Fraser University with the ORCID 0000-0002-8965-8153; the two are treated as the same individual on the basis of matching surname, given-name initials and institution."
CM4AI,existing_uses,both_differ_nested,nested,not_assessed_by_slot_overlap,"- description: 'AI-ready datasets to support research in functional genomics, AI/machine learning model training, cellular process analysis, cell architectural changes, and interactions in presence of specific disease processes, treatment conditions, or genetic perturbations. A major goal is to enable biologically-driven, interpretable ML applications, for example as proposed in Ma et al. 2018 (PMID: 29505029) and Kuenzi et al. 2020 (PMID: 33096023).'","- examples: - Nourreddine S, Doctor Y, Dailamy A, Forget A, Lee YH, Chinn B, Khaliq H, Polacco B, Muralidharan M, Pan E, Zhang Y, Sigaeva A, Hansen JN, Gao J, Parker JA, Obernier K, Clark T, Chen JY, Metallo C, Lundberg E, Ideker T, Krogan N, Mali P. A PERTURBATION CELL ATLAS OF HUMAN INDUCED PLURIPOTENT STEM CELLS. bioRxiv. 2024 Nov 4; 2024.11.03.621734. PMCID PMC11580897. doi 10.1101/2024.11.03.621734 notes: Listed by the release record as a related publication reporting analysis of the CRISPRi perturbation cell atlas of human induced pluripotent stem cells."
CM4AI,extension_mechanism,crate_only,nested,not_assessed_by_slot_overlap,name: https://creativecommons.org/licenses/by-nc-sa/4.0/,
CM4AI,external_resources,generated_only,nested,not_assessed_by_slot_overlap,,"- external_resources: - 'Clark T, Parker J, Schaffer L, Obernier K, Al Manir S, Churas CP, Dailamy A, Doctor Y, Forget A, Hansen JN, Hu M, Lenkiewicz J, Levinson MA, Marquez C, Nourreddine S, Niestroy J, Pratt D, Qian G, Thaker S, Bélisle-Pipon JC, Brandt C, Chen J, Ding Y, Fodeh S, Krogan N, Lundberg E, Mali P, Payne-Foster P, Ratcliffe S, Ravitsky V, Sali A, Schulz W, Ideker T. Cell Maps for Artificial Intelligence: AI-Ready Maps of Human Cell Architecture from Disease-Relevant Cell Lines. 2024. doi 10.1101/2024.05.21.589311' notes: Related publication cited by the release record as the reference for this dataset. - external_resources: - CM4AI project portal, https://cm4ai.org/ notes: Project portal providing documentation, data release listings, tools and publications for CM4AI. - external_resources: - CRISPRi Perturbation Atlas of iPSCs, hosted on Figshare notes: External data link given in the release record. - external_resources: - Cell Mapping Toolkit / CM4AI data integration pipeline software, released under a BSD-3 open source license via GitHub, with production-ready tools archived in Zenodo notes: Software used to integrate CM4AI input data streams; links to these tools are packaged in RO-Crates as part of CM4AI provenance representations. - external_resources: - FAIRSCAPE AI-readiness framework, https://fairscape.github.io notes: Framework used to package CM4AI data, software, metadata and provenance graphs; released under an open source MIT License."
CM4AI,file_collections,generated_only,nested,not_assessed_by_slot_overlap,,"- description: Two ZIP archives of affinity purification mass spectrometry data for MDA-MB-468 breast cancer cells treated with paclitaxel (113.3 KB) or vorinostat (135.8 KB). file_count: 2 id: doi:10.18130/V3/HIGT4C#collection-apms name: Affinity purification mass spectrometry archives resources: - compression: zip file_type: data_file format: ZIP id: doi:10.18130/V3/HIGT4C#file-apms-paclitaxel issued: '2026-06-17T00:00:00Z' md5: 8642317c321126213240af4837030a53 media_type: application/zip name: cm4ai_apms_MDA-MB-468_paclitaxel.zip - compression: zip file_type: data_file format: ZIP id: doi:10.18130/V3/HIGT4C#file-apms-vorinostat issued: '2026-06-17T00:00:00Z' md5: b941f28d6f19c563d1222f7aff0c57b6 media_type: application/zip name: cm4ai_apms_MDA-MB-468_vorinostat.zip - description: 'Three ZIP archives of immunofluorescence images of MDA-MB-468 breast cancer cells: untreated (4.6 GB), paclitaxel-treated (3.8 GB) and vorinostat-treated (4.2 GB).' file_count: 3 id: doi:10.18130/V3/HIGT4C#collection-ifimages name: Immunofluorescence image archives resources: - compression: zip file_type: data_file format: ZIP id: doi:10.18130/V3/HIGT4C#file-ifimages-untreated issued: '2026-07-15T00:00:00Z' md5: 6d066e6b9d762284c6aa5d0b44565568 media_type: application/zip name: cm4ai_ifimages_MDA-MB-468_untreated.zip - compression: zip file_type: data_file format: ZIP id: doi:10.18130/V3/HIGT4C#file-ifimages-paclitaxel issued: '2026-07-15T00:00:00Z' md5: 6c1a86520eec2696ec19444eb8a8b428 media_type: application/zip name: cm4ai_ifimages_MDA-MB-468_paclitaxel.zip - compression: zip file_type: data_file format: ZIP id: doi:10.18130/V3/HIGT4C#file-ifimages-vorinostat issued: '2026-07-15T00:00:00Z' md5: df79632753989ef23b0a3df6604d4af1 media_type: application/zip name: cm4ai_ifimages_MDA-MB-468_vorinostat.zip source_caveats: The October 2025 release described same-named archives as showing the spatial localization of 464 proteins of interest, imaged by immunofluorescence-based staining (ICC-IF) and confocal microscopy in the Lundberg Lab at Stanford University, with nuclei stained by DAPI, endoplasmic reticulum by a calreticulin antibody, microtubules by a tubulin antibody, and the protein of interest by a fourth antibody. The June 2026 archives carry different MD5 checksums from the October 2025 archives of the same names and no descriptions of their own, so the protein count and staining detail are not asserted here for this release. - description: 'Two ZIP archives of SEC-MS data: KOLF2.1J iPSCs and derivatives (171.8 KB) and MDA-MB-468 breast cancer cells with and without treatment (93.9 KB).' file_count: 2 id: doi:10.18130/V3/HIGT4C#collection-secms name: Size-exclusion chromatography mass spectrometry archives resources: - compression: zip file_type: data_file format: ZIP id: doi:10.18130/V3/HIGT4C#file-secms-kolf2 issued: '2026-06-17T00:00:00Z' md5: f250bf0b04f516f7462d30432441fc0e media_type: application/zip name: cm4ai_mass-spec_KOLF2.zip - compression: zip file_type: data_file format: ZIP id: doi:10.18130/V3/HIGT4C#file-secms-mdamb468 issued: '2026-06-17T00:00:00Z' md5: 9aed30b6e8a91b151155316aae657ea5 media_type: application/zip name: cm4ai_mass-spec_MDA-MB-468.zip - description: One ZIP archive (30.2 KB) of the processed CRISPRi perturbation cell atlas for KOLF2.1J induced pluripotent stem cells. file_count: 1 id: doi:10.18130/V3/HIGT4C#collection-perturbseq-atlas name: KOLF2.1J CRISPRi perturbation cell atlas archive resources: - compression: zip file_type: data_file format: ZIP id: doi:10.18130/V3/HIGT4C#file-perturbseq-atlas issued: '2026-06-17T00:00:00Z' md5: 291a362842a176a4fcccaf2cdc1dedde media_type: application/zip name: cm4ai_perturb-seq_KOLF2_cell_atlas.zip - collection_type: raw_data description: One ZIP archive (73.3 KB) of raw sequence data for the KOLF2.1J CRISPRi perturbation screen. file_count: 1 id: doi:10.18130/V3/HIGT4C#collection-perturbseq-raw name: KOLF2.1J perturb-seq raw sequence archive resources: - compression: zip file_type: data_file format: ZIP id: doi:10.18130/V3/HIGT4C#file-perturbseq-raw-sra issued: '2026-06-17T00:00:00Z' md5: 8bb3f365f01fb8bbbd2ac6a535059305 media_type: application/zip name: cm4ai_perturb-seq_KOLF2_raw_sra.zip - collection_type: metadata description: One ZIP archive (1.1 MB) of release metadata. file_count: 1 id: doi:10.18130/V3/HIGT4C#collection-metadata name: Release metadata archive resources: - compression: zip file_type: metadata_file format: ZIP id: doi:10.18130/V3/HIGT4C#file-release-metadata issued: '2026-06-17T00:00:00Z' md5: 318deb7c5edab0d2fa55e26fcb67b440 media_type: application/zip name: cm4ai_release_metadata.zip"
CM4AI,funders,both_differ_nested,nested,not_assessed_by_slot_overlap,"- description: 'National Institutes of Health: 1OT2OD032742-01, R01HG012351, R01NS131560, U54CA274502, #S10 OD026929. Department of Defense: W81XWH-22-1-0401. CIRM training: EDUC4-12804. Dutch Research Council: NWO, 019.231EN.013. National Cancer Institute: P30CA023100'","- grantor: National Institutes of Health grants: - grant_number: 1OT2OD032742-01 notes: Bridge2AI Functional Genomics award supporting CM4AI; recorded as the funding information on the release record and as the funding award number on the CM4AI project portal. NIH RePORTER records the core project number as OT2OD032742, with application 11211616 / project number 3OT2OD032742-01S2 for fiscal year 2025, an award amount of 5,289,382, and a project period of 2022-09-01 to 2026-08-31. - grant_number: 5U54HG012513-02 notes: Bridge2AI Bridge Center award, acknowledged in the CM4AI project preprint. notes: 'NIH RePORTER records Trey Ideker, University of California, San Diego, as principal investigator of the Bridge2AI: Cell Maps for AI (CM4AI) Data Generation Project.' - grantor: University of Virginia grants: - grant_number: Frederick Thomas Fund notes: Acknowledged in the CM4AI project preprint as supporting this work alongside the NIH awards; no numeric identifier is given."
CM4AI,human_subject_research,both_differ_nested,nested,not_assessed_by_slot_overlap,description: 'Source humanSubjectResearch: None - data collected from commercially available cell lines Source humanSubjectExemption: Exempt — research with commercially available de-identified human cell lines does not constitute human subjects research.',"involves_human_subjects: false regulatory_compliance: - 'The release record states ""Human Subjects: No"" and ""FDA Regulated: No"".'"
CM4AI,id,both_agree,scalar,not_assessed_by_slot_overlap,doi:10.18130/V3/HIGT4C ...,doi:10.18130/V3/HIGT4C ...
CM4AI,informed_consent,crate_only,nested,not_assessed_by_slot_overlap,- description: Not applicable — data collected from commercially available de-identified human cell lines (KOLF2.1J iPSC and MDA-MB-468). No primary human subjects research conducted under this release.,
CM4AI,instances,generated_only,nested,not_assessed_by_slot_overlap,,"- data_substrate: B2AI_SUBSTRATE:19 data_topic: B2AI_TOPIC:19 instance_type: Immunofluorescence confocal microscopy image showing the subcellular localization of a protein of interest in MDA-MB-468 breast cancer cells, untreated or treated with paclitaxel or vorinostat - data_substrate: B2AI_SUBSTRATE:59 data_topic: B2AI_TOPIC:28 instance_type: Size-exclusion chromatography mass spectrometry protein elution profile for a proteome-wide protein complex and interaction measurement - data_substrate: B2AI_SUBSTRATE:58 data_topic: B2AI_TOPIC:26 instance_type: Affinity purification mass spectrometry protein-protein interaction measurement in treated MDA-MB-468 breast cancer cells - data_substrate: B2AI_SUBSTRATE:64 data_topic: B2AI_TOPIC:34 instance_type: Single-cell CRISPRi perturbation transcriptional profile mapping transcriptional and fitness phenotypes associated with a targeted gene - data_substrate: B2AI_SUBSTRATE:63 data_topic: B2AI_TOPIC:34 instance_type: Raw single-cell sequence read set underlying the CRISPRi perturbation screen"
CM4AI,intended_uses,both_differ_nested,nested,not_assessed_by_slot_overlap,"- description: 'AI-ready datasets to support research in functional genomics, AI/machine learning model training, cellular process analysis, cell architectural changes, and interactions in presence of specific disease processes, treatment conditions, or genetic perturbations. A major goal is to enable biologically-driven, interpretable ML applications, for example as proposed in Ma et al. 2018 (PMID: 29505029) and Kuenzi et al. 2020 (PMID: 33096023).'","- use_category: AI-ready datasets to support research in functional genomics - use_category: AI model training - use_category: Cellular process analysis - use_category: Analysis of cell architectural changes and interactions in the presence of specific disease processes, treatment conditions, or genetic perturbations"
CM4AI,ip_restrictions,both_differ_nested,nested,not_assessed_by_slot_overlap,"description: Attribution is required to the copyright holders and the authors. Any publications referencing this data or derived data products should cite the Related Publications below, as well as directly citing this data collection.","restrictions: - Commercial use requires a separate license negotiation with the copyright holder (UCSD, Stanford, and/or UCSF depending upon the specific data package in question). - Copyright to the CM4AI datasets is held by the Regents of the University of California except where otherwise indicated; raw image data for spatial proteomics is copyright by The Board of Trustees of the Leland Stanford Junior University. source_caveats: The June 2026 release page states only the CC BY-NC-SA 4.0 license. The commercial licensing and copyright-holder statements are drawn from the CM4AI project preprint and from the copyright notices on earlier CM4AI release pages, where they are dated to those earlier years."
CM4AI,is_deidentified,generated_only,nested,not_assessed_by_slot_overlap,,"deidentification_details: 'The release record answers ""De-identified Samples: Yes"". The project preprint states that CM4AI data are non-clinical, from tissue cultures, and are considered to be de-identified as they cannot be matched, with current knowledge, to a human subject.' identifiable_elements_present: false"
CM4AI,issued,both_differ_scalar,scalar,not_assessed_by_slot_overlap,'2026-06-30T00:00:00Z','2026-06-17T00:00:00Z'
CM4AI,keywords,both_differ_nested,nested,not_assessed_by_slot_overlap,- AI - affinity purification - AP-MS - artificial intelligence - breast cancer - Bridge2AI - cardiomyocyte - CM4AI - CRISPR/Cas9 - induced pluripotent stem cell - iPSC - KOLF2.1J - machine learning - mass spectroscopy - MDA-MB-468 - neural progenitor cell - NPC - neuron - paclitaxel - perturb-seq - perturbation sequencing - protein-protein interaction - protein localization - single-cell RNA sequencing - scRNAseq - SEC-MS - size exclusion chromatography - subcellular imaging - vorinostat - Artificial intelligence - Breast cancer - CRISPR perturbation - Cell maps - IPSC - Machine learning - Mass spectroscopy - Perturb-seq - Protein-protein interaction - cell maps,"- AI - affinity purification - AP-MS - artificial intelligence - breast cancer - Bridge2AI - cardiomyocyte - CM4AI - CRISPR/Cas9 - induced pluripotent stem cell - iPSC - KOLF2.1J - machine learning - mass spectroscopy - MDA-MB-468 - neural progenitor cell - NPC - neuron - paclitaxel - perturb-seq - perturbation sequencing - protein-protein interaction - protein localization - single-cell RNA sequencing - scRNAseq - SEC-MS - size exclusion chromatography - subcellular imaging - vorinostat - Medicine, Health and Life Sciences"
CM4AI,known_biases,both_differ_nested,nested,not_assessed_by_slot_overlap,"- description: Data in this release was derived from commercially available de-identified human cell lines, and does not represent all biological variants which may be seen in the population at large.","- affected_subsets: - 'All modalities in the release, which derive from two cell lines: MDA-MB-468, a triple negative breast cancer line established from a metastatic pleural effusion of a 51-year-old black female with metastatic mammary adenocarcinoma, and KOLF2.1J, an iPSC line derived from a healthy male Northern European donor.' bias_description: Data in this release were derived from commercially available de-identified human cell lines and do not represent all biological variants which may be seen in the population at large. bias_type: representation_bias"
CM4AI,known_limitations,both_differ_nested,nested,not_assessed_by_slot_overlap,"- description: This is an interim release. It does not contain predicted cell maps, which will be added in future releases. The current release is most suitable for bioinformatics analysis of the individual datasets. Requires domain expertise for meaningful analysis.","- limitation_description: This is an interim release; the data are not yet in completed final form. limitation_type: scope_limitation - limitation_description: The release does not contain predicted cell maps, which will be added in future releases. limitation_type: coverage_limitation - limitation_description: Some component datasets are under temporary pre-publication embargo. The perturb-seq data for KOLF2.1J iPSCs and for MDA-MB-468 breast cancer cells are listed in the external data links as embargoed. limitation_type: coverage_limitation - limitation_description: The protein-protein interaction (SEC-MS), protein localization (IF imaging) and CRISPRi perturb-seq data interrogate sets of proteins which incompletely overlap. limitation_type: integration_limitation - limitation_description: The current release is most suitable for bioinformatics analysis of the individual datasets rather than for integrated cross-modality analysis. limitation_type: integration_limitation - limitation_description: Meaningful analysis requires domain expertise. limitation_type: methodological_limitation"
CM4AI,license,both_differ_scalar,scalar,not_assessed_by_slot_overlap,https://creativecommons.org/licenses/by-nc-sa/4.0/ ...,CC BY-NC-SA 4.0 ...
CM4AI,license_and_use_terms,both_differ_nested,nested,not_assessed_by_slot_overlap,name: https://creativecommons.org/licenses/by-nc-sa/4.0/,"contact_person: affiliation: - name: University of California San Diego id: ORCID:0000-0002-1708-8454 name: Trey Ideker data_use_permission: no_commercial_use license_terms: Creative Commons Attribution-NonCommercial-ShareAlike 4.0 International (CC BY-NC-SA 4.0). Users are free to share and adapt the material provided they give appropriate credit, provide a link to the license and indicate if changes were made; may not use the material for commercial purposes; and must distribute contributions under the same license as the original. No additional legal or technological restrictions may be applied. Attribution is required to the copyright holders and the authors, and publications referencing this data or derived products should cite the related publication as well as the data collection itself. notes: Trey Ideker (University of California San Diego) is listed as the point of contact for the release record."
CM4AI,maintainers,generated_only,nested,not_assessed_by_slot_overlap,,"- maintainer_details: Long term preservation is provided by the University of Virginia Dataverse (LibraData), supported by committed institutional funds. role: academic_institution - maintainer_details: Project-related inquiries are directed to Swathi Thaker, PhD, University of Alabama at Birmingham, CM4AI Program Manager, snthaker@uab.edu. Website support and updates are handled by Zhandos Sembay, University of Alabama at Birmingham, zsembay8@uab.edu. role: academic_institution"
CM4AI,missing_data_documentation,crate_only,nested,not_assessed_by_slot_overlap,"- description: Some datasets are under temporary pre-publication embargo. Protein-protein interaction (SEC-MS), protein localization (IF imaging), and CRISPRi perturbSeq data interrogate sets of proteins which incompletely overlap. Computed cell maps not included in this release.",
CM4AI,name,both_agree,scalar,not_assessed_by_slot_overlap,Cell Maps for Artificial Intelligence - June 2026 Data Release (Beta) ...,Cell Maps for Artificial Intelligence - June 2026 Data Release (Beta) ...
CM4AI,notes,generated_only,scalar,not_assessed_by_slot_overlap,,"Deposited to the University of Virginia Dataverse by Justin Niestroy, with a deposit date of 2025-02-27. The CM4AI project portal reports data holdings of 1,374 protein interactions, 53,788 immunofluorescent images, 7,023 total proteins investigated, 11,739 genes targeted and 21.4 TB of data volume. The CM4AI Dataverse collection carries the notice ""This collection is under review for potential modification in compliance with Administration directives."" ..."
CM4AI,other_tasks,crate_only,nested,not_assessed_by_slot_overlap,"- description: 'AI-ready datasets to support research in functional genomics, AI/machine learning model training, cellular process analysis, cell architectural changes, and interactions in presence of specific disease processes, treatment conditions, or genetic perturbations. A major goal is to enable biologically-driven, interpretable ML applications, for example as proposed in Ma et al. 2018 (PMID: 29505029) and Kuenzi et al. 2020 (PMID: 33096023).'",
CM4AI,page,generated_only,scalar,not_assessed_by_slot_overlap,,https://dataverse.lib.virginia.edu/dataset.xhtml?persistentId=doi:10.18130/V3/HIGT4C ...
CM4AI,preprocessing_strategies,generated_only,nested,not_assessed_by_slot_overlap,,"- preprocessing_details: Perturb-seq data are distributed both as a processed CRISPRi perturbation cell atlas and as the underlying raw sequence data, in separate archives. source_caveats: Inferred from archive naming in the June 2026 file listing; that listing carries no per-file processing description. Computed cell maps, which the project produces by self-supervised multimodal embedding and multi-resolution community detection, are explicitly not included in this release."
CM4AI,prohibited_uses,both_differ_nested,nested,not_assessed_by_slot_overlap,- description: These laboratory data are not to be used in clinical decision-making or in any context involving patient care without appropriate regulatory oversight and approval.,- prohibition_reason: These laboratory data are not to be used in clinical decision-making or in any context involving patient care without appropriate regulatory oversight and approval.
CM4AI,publisher,crate_only,scalar,not_assessed_by_slot_overlap,https://dataverse.lib.virginia.edu/ ...,
CM4AI,purposes,both_differ_nested,nested,not_assessed_by_slot_overlap,"- description: 'AI-ready datasets to support research in functional genomics, AI/machine learning model training, cellular process analysis, cell architectural changes, and interactions in presence of specific disease processes, treatment conditions, or genetic perturbations. A major goal is to enable biologically-driven, interpretable ML applications, for example as proposed in Ma et al. 2018 (PMID: 29505029) and Kuenzi et al. 2020 (PMID: 33096023).'","- response: To deliver machine-readable hierarchical maps of cell architecture as AI-Ready data, produced from multimodal interrogation of 100 chromatin modifiers and 100 metabolic enzymes involved in cancer, neuropsychiatric and cardiac disorders, in disease-relevant cell lines under perturbed and unperturbed conditions. - response: To produce ethical, AI-ready datasets of cell architecture, inferred from multimodal data collected for human cell lines, in order to enable transformative biomedical artificial intelligence research. - response: To map the spatiotemporal architecture of human cells and use these maps toward the grand challenge of interpretable genotype-phenotype learning, creating a library of large-scale maps of cellular structure and function across demographic and disease contexts."
CM4AI,raw_data_sources,generated_only,nested,not_assessed_by_slot_overlap,,"- access_details: Available from ATCC. source_description: MDA-MB-468 (RRID:CVCL_0419), a triple negative breast cancer cell line established from a metastatic site pleural effusion of a 51-year-old black female with a metastatic mammary adenocarcinoma. The line has been extensively used to study triple-negative breast cancer and is well characterized, with transcriptomic, mutational profile and whole-genome sequencing data available. source_type: Human cell line - access_details: Available from the Human Induced Pluripotent Stem Cells Initiative (HipSci) resource, and available for access by not-for-profit organizations via a simple MTA. source_description: KOLF2.1J (RRID:CVCL_B5P3), an induced pluripotent stem cell line derived from a healthy male Northern European donor. source_type: Human induced pluripotent stem cell line"
CM4AI,raw_sources,generated_only,nested,not_assessed_by_slot_overlap,,"- raw_data_details: Raw size-exclusion chromatography mass spectrometry data for KOLF2.1J iPSCs (undifferentiated, NPC, neuron and cardiomyocyte), deposited in the MassIVE repository and linked from the release record. - raw_data_details: Raw size-exclusion chromatography mass spectrometry data for MDA-MB-468 breast cancer cells with and without treatment, deposited in the MassIVE repository and linked from the release record. - raw_data_details: Raw affinity purification mass spectrometry data for MDA-MB-468 breast cancer cells treated with paclitaxel, deposited in the MassIVE repository and linked from the release record. - raw_data_details: Raw affinity purification mass spectrometry data for MDA-MB-468 breast cancer cells treated with vorinostat, deposited in the MassIVE repository and linked from the release record. - raw_data_details: Raw sequence data underlying the KOLF2.1J CRISPRi perturbation screen, distributed in the release as cm4ai_perturb-seq_KOLF2_raw_sra.zip."
CM4AI,regulatory_restrictions,crate_only,nested,not_assessed_by_slot_overlap,"description: Attribution is required to the copyright holders and the authors. Any publications referencing this data or derived data products should cite the Related Publications below, as well as directly citing this data collection.",
CM4AI,related_datasets,generated_only,nested,not_assessed_by_slot_overlap,,"- notes: Cell Maps for Artificial Intelligence - October 2025 Data Release (Beta), the most recent entry in the CM4AI release archive preceding this release. The June 2026 release adds AP-MS data for treated MDA-MB-468 breast cancer cells, which the October 2025 release did not include. relationship_type: is_new_version_of target_dataset: doi:10.18130/V3/K7TGEM"
CM4AI,resources,crate_only,nested,not_assessed_by_slot_overlap,- id: https://orcid.org/0000-0003-4060-7360 - id: https://orcid.org/0000-0003-4535-3486 - id: https://orcid.org/0000-0003-4647-3877 - id: https://orcid.org/0000-0002-4180-422X - id: https://orcid.org/0000-0001-9998-705X - id: https://orcid.org/0000-0002-6711-8260 - id: https://orcid.org/0009-0009-0483-7506 - id: https://orcid.org/0000-0003-0223-0312 - id: https://orcid.org/0000-0002-6311-3526 - id: https://orcid.org/0000-0002-4650-9094 - id: https://orcid.org/0000-0002-1571-8029 - id: https://orcid.org/0000-0003-0917-355X - id: https://orcid.org/0000-0001-7252-8638 - id: https://orcid.org/0000-0003-0384-8499 - id: https://orcid.org/0000-0003-3960-420X - id: https://orcid.org/0000-0003-2404-3040 - id: https://orcid.org/0000-0003-3881-7588 - id: https://orcid.org/0000-0002-1103-3882 - id: https://orcid.org/0000-0002-4025-1299 - id: https://orcid.org/0000-0002-1471-9513 - id: https://orcid.org/0009-0005-4217-2745 - id: https://orcid.org/0000-0001-6339-9141 - id: https://orcid.org/0000-0003-3361-3797 - id: https://orcid.org/0000-0001-6730-2773 - id: https://orcid.org/0000-0002-8965-8153 - id: https://orcid.org/0000-0001-8179-1796 - id: https://orcid.org/0000-0002-6112-415X - id: https://orcid.org/0000-0003-2567-2009 - id: https://orcid.org/0000-0003-4664-3143 - id: https://orcid.org/0000-0003-4902-337X - id: https://orcid.org/0000-0001-7034-0850 - id: https://orcid.org/0000-0002-3383-1287 - id: https://orcid.org/0000-0002-3508-3577 - id: https://orcid.org/0000-0002-6644-8284 - id: https://orcid.org/0000-0002-7080-8801 - id: https://orcid.org/0000-0003-0435-6197 - id: https://orcid.org/0000-0002-2048-4028 - id: https://orcid.org/0000-0002-1708-8454 - id: https://meshb.nlm.nih.gov/record/ui?ui=D001943 - id: https://meshb.nlm.nih.gov/record/ui?ui=D057026 - id: https://meshb.nlm.nih.gov/record/ui?ui=D064113 - id: https://meshb.nlm.nih.gov/record/ui?ui=D013058 - id: https://meshb.nlm.nih.gov/record/ui?ui=D005453 - id: https://meshb.nlm.nih.gov/record/ui?ui=D017239 - id: https://meshb.nlm.nih.gov/record/ui?ui=D000077337 - id: http://edamontology.org/topic_0121 - id: http://edamontology.org/topic_3170 - id: http://edamontology.org/topic_3320 - id: http://edamontology.org/topic_3474 - id: https://www.cellosaurus.org/CVCL_0419 - id: https://www.cellosaurus.org/CVCL_B5P3 - id: https://fairscape.net/api/ark:59853/rocrate-endotag-ap-ms-in-mda-mb-468-cells-paclitaxel - id: https://fairscape.net/api/ark:59853/rocrate-endotag-ap-ms-in-mda-mb-468-cells-vorinostat - id: https://fairscape.net/api/ark:59853/rocrate-paclitaxel-if-data-release - id: https://fairscape.net/api/ark:59853/rocrate-untreated-if-data-release - id: https://fairscape.net/api/ark:59853/rocrate-vorinostat-if-data-release - id: https://fairscape.net/api/ark:59853/rocrate-sec-ms-characterization-of-kolf2-neuronal-and-cardiomyocyte-differentiation-cm4ai-yjftt2oec6c - id: https://fairscape.net/api/ark:59853/rocrate-data-from-treated-human-cancer-cells-jan-26 - id: https://fairscape.net/api/ark:59853/rocrate-sra-data-for-perturbation-cell-atlas-58RmCGMQBj - id: https://fairscape.net/api/ark:59853/rocrate-a-perturbation-cell-atlas-of-human-induced-pluripotent-stem-cells,
CM4AI,retention_limit,both_differ_nested,nested,not_assessed_by_slot_overlap,"description: Attribution is required to the copyright holders and the authors. Any publications referencing this data or derived data products should cite the Related Publications below, as well as directly citing this data collection.","retention_details: Long term preservation in the University of Virginia Dataverse, supported by committed institutional funds."
CM4AI,sampling_strategies,generated_only,nested,not_assessed_by_slot_overlap,,"- is_random: false is_sample: true source_caveats: The 200-gene and 523-protein figures are given on the CM4AI project portal's flagship-dataset panel as a description of the project's curated TNBC dataset generally; they are not stated for this release, whose file listing carries no gene or protein counts. The portal's figure of 523 proteins also conflicts with the October 2025 release page, which describes same-named immunofluorescence archives as showing 464 proteins of interest; neither figure is asserted here as the content of the June 2026 archives. strategies: Targeted selection of 100 chromatin modifiers and 100 metabolic enzymes implicated in cancer, neuropsychiatric and cardiac disorders, interrogated in disease-relevant cell lines under perturbed and unperturbed conditions. Perturb-seq of 200 genes in the triple-negative breast cancer cell line and immunofluorescence imaging of 523 proteins, per the CM4AI project portal's description of the flagship breast cancer dataset. - is_sample: false source_caveats: The October 2025 release page describes the KOLF2.1J perturbation cell atlas as mapping transcriptional and fitness phenotypes associated with 11,739 targeted genes, and the project portal describes the iPSC perturb-seq component as covering more than 11,000 genes at whole-genome scale, reporting 11,739 genes targeted. The is_sample value of false is this record's reading of ""expressed genome-scale"" and ""whole-genome"" as indicating comprehensive rather than sampled coverage; no source states in terms that the gene set is not a sample. strategies: Expressed genome-scale CRISPRi perturbation in undifferentiated KOLF2.1J iPSCs, covering 11,739 targeted genes rather than a sampled subset."
CM4AI,sensitive_elements,generated_only,nested,not_assessed_by_slot_overlap,,"- sensitive_elements_present: false sensitivity_details: The release record states that the dataset does not involve human subjects, that samples are de-identified, and that the data are not FDA regulated. The project preprint states that CM4AI data are non-clinical, deriving from tissue cultures."
CM4AI,source_caveats,generated_only,scalar,not_assessed_by_slot_overlap,,"'The CM4AI project portal lists this release under the heading ""June 2026 Data Release (Beta)"" but gives ""Released on: June 17, 2025""; the University of Virginia Dataverse record for the same DOI gives a Publication Date of 2026-06-17 and file publication dates of Jun 17, 2026. The Dataverse record is the higher-ranked source and its date is used here; the portal''s 2025 date is recorded as a conflict. The Dataverse description block for this release ends with a trailing ""(2025-06-30)"" stamp identical to that on the June 2025 and October 2025 releases, indicating description text carried forward between releases. Three immunofluorescence image archives carry a file publication date of Jul 15, 2026, later than the 2026-06-17 publication date of version 2.0. Unlike the March 2025, June 2025 and October 2025 release pages, the June 2026 file listing carries no per-file descriptions, so modality and content detail for individual archives is drawn from the project preprint and from earlier release pages and is flagged as such where used. The Data Insights figures reproduced in `notes` are presented on the CM4AI project portal and on its Data Releases page without a stated scope; this record reads them as cumulative project-wide holdings across all CM4AI data streams rather than as counts for this release alone, but that reading is an inference and the portal does not state it.'"
CM4AI,status,generated_only,scalar,not_assessed_by_slot_overlap,,Beta ...
CM4AI,subsets,crate_only,nested,not_assessed_by_slot_overlap,- id: https://orcid.org/0000-0003-4060-7360 - id: https://orcid.org/0000-0003-4535-3486 - id: https://orcid.org/0000-0003-4647-3877 - id: https://orcid.org/0000-0002-4180-422X - id: https://orcid.org/0000-0001-9998-705X - id: https://orcid.org/0000-0002-6711-8260 - id: https://orcid.org/0009-0009-0483-7506 - id: https://orcid.org/0000-0003-0223-0312 - id: https://orcid.org/0000-0002-6311-3526 - id: https://orcid.org/0000-0002-4650-9094 - id: https://orcid.org/0000-0002-1571-8029 - id: https://orcid.org/0000-0003-0917-355X - id: https://orcid.org/0000-0001-7252-8638 - id: https://orcid.org/0000-0003-0384-8499 - id: https://orcid.org/0000-0003-3960-420X - id: https://orcid.org/0000-0003-2404-3040 - id: https://orcid.org/0000-0003-3881-7588 - id: https://orcid.org/0000-0002-1103-3882 - id: https://orcid.org/0000-0002-4025-1299 - id: https://orcid.org/0000-0002-1471-9513 - id: https://orcid.org/0009-0005-4217-2745 - id: https://orcid.org/0000-0001-6339-9141 - id: https://orcid.org/0000-0003-3361-3797 - id: https://orcid.org/0000-0001-6730-2773 - id: https://orcid.org/0000-0002-8965-8153 - id: https://orcid.org/0000-0001-8179-1796 - id: https://orcid.org/0000-0002-6112-415X - id: https://orcid.org/0000-0003-2567-2009 - id: https://orcid.org/0000-0003-4664-3143 - id: https://orcid.org/0000-0003-4902-337X - id: https://orcid.org/0000-0001-7034-0850 - id: https://orcid.org/0000-0002-3383-1287 - id: https://orcid.org/0000-0002-3508-3577 - id: https://orcid.org/0000-0002-6644-8284 - id: https://orcid.org/0000-0002-7080-8801 - id: https://orcid.org/0000-0003-0435-6197 - id: https://orcid.org/0000-0002-2048-4028 - id: https://orcid.org/0000-0002-1708-8454 - id: https://meshb.nlm.nih.gov/record/ui?ui=D001943 - id: https://meshb.nlm.nih.gov/record/ui?ui=D057026 - id: https://meshb.nlm.nih.gov/record/ui?ui=D064113 - id: https://meshb.nlm.nih.gov/record/ui?ui=D013058 - id: https://meshb.nlm.nih.gov/record/ui?ui=D005453 - id: https://meshb.nlm.nih.gov/record/ui?ui=D017239 - id: https://meshb.nlm.nih.gov/record/ui?ui=D000077337 - id: http://edamontology.org/topic_0121 - id: http://edamontology.org/topic_3170 - id: http://edamontology.org/topic_3320 - id: http://edamontology.org/topic_3474 - id: https://www.cellosaurus.org/CVCL_0419 - id: https://www.cellosaurus.org/CVCL_B5P3 - id: https://fairscape.net/api/ark:59853/rocrate-endotag-ap-ms-in-mda-mb-468-cells-paclitaxel - id: https://fairscape.net/api/ark:59853/rocrate-endotag-ap-ms-in-mda-mb-468-cells-vorinostat - id: https://fairscape.net/api/ark:59853/rocrate-paclitaxel-if-data-release - id: https://fairscape.net/api/ark:59853/rocrate-untreated-if-data-release - id: https://fairscape.net/api/ark:59853/rocrate-vorinostat-if-data-release - id: https://fairscape.net/api/ark:59853/rocrate-sec-ms-characterization-of-kolf2-neuronal-and-cardiomyocyte-differentiation-cm4ai-yjftt2oec6c - id: https://fairscape.net/api/ark:59853/rocrate-data-from-treated-human-cancer-cells-jan-26 - id: https://fairscape.net/api/ark:59853/rocrate-sra-data-for-perturbation-cell-atlas-58RmCGMQBj - id: https://fairscape.net/api/ark:59853/rocrate-a-perturbation-cell-atlas-of-human-induced-pluripotent-stem-cells,
CM4AI,tasks,both_differ_nested,nested,not_assessed_by_slot_overlap,"- description: 'AI-ready datasets to support research in functional genomics, AI/machine learning model training, cellular process analysis, cell architectural changes, and interactions in presence of specific disease processes, treatment conditions, or genetic perturbations. A major goal is to enable biologically-driven, interpretable ML applications, for example as proposed in Ma et al. 2018 (PMID: 29505029) and Kuenzi et al. 2020 (PMID: 33096023).'","- response: Interpretable genotype-phenotype learning, in which predictions are traced to multi-scale cell and tissue architecture rather than produced by an opaque model. - response: Development of ""visible"" machine learning systems, including visible neural networks built directly on knowledge maps of cell and tissue architecture."
CM4AI,third_party_sharing,generated_only,nested,not_assessed_by_slot_overlap,,"- is_shared: true notes: 'Corresponding raw data are deposited outside the University of Virginia Dataverse: raw mass spectrometry data for the SEC-MS and AP-MS components in the MassIVE repository, and the CRISPRi Perturbation Atlas of iPSCs on Figshare. The release record links to these external resources.'"
CM4AI,title,both_agree,scalar,not_assessed_by_slot_overlap,Cell Maps for Artificial Intelligence - June 2026 Data Release (Beta) ...,Cell Maps for Artificial Intelligence - June 2026 Data Release (Beta) ...
CM4AI,total_file_count,generated_only,scalar,not_assessed_by_slot_overlap,,10 ...
CM4AI,total_size_bytes,crate_only,scalar,not_assessed_by_slot_overlap,21051331945400 ...,
CM4AI,updates,both_differ_nested,nested,not_assessed_by_slot_overlap,"description: Dataset will be regularly updated and augmented on a quarterly basis through the end of the project (November, 2026). Long term preservation in the https://dataverse.lib.virginia.edu/, supported by committed institutional funds.","frequency: Quarterly update_details: The dataset will be regularly updated and augmented through the end of the project in November 2026, with updates on a quarterly basis. The CM4AI project portal states that CM4AI releases data quarterly, ensuring continuous updates to the cell maps and input data streams."
CM4AI,version,both_differ_scalar,scalar,not_assessed_by_slot_overlap,'1.0','2.0'
CM4AI,version_access,both_differ_nested,nested,not_assessed_by_slot_overlap,name: '1.0',"latest_version_doi: doi:10.18130/V3/HIGT4C version_details: CM4AI issues quarterly data releases, each deposited in the University of Virginia Dataverse under its own DOI and separately versioned within Dataverse. The CM4AI project portal lists the June 2026 release as the latest and the May 2024, March 2025, June 2025 and October 2025 releases as archive entries. versions_available: - June 2026 Data Release (Beta), doi 10.18130/V3/HIGT4C, Dataverse version 2.0 - October 2025 Data Release (Beta), doi 10.18130/V3/K7TGEM, Dataverse version 2.1 - June 2025 Data Release (Beta), doi 10.18130/V3/F3TD5R, Dataverse version 2.1 - March 2025 Data Release (Beta), doi 10.18130/V3/B35XWX, Dataverse version 1.4 - May 2024 Data Release"
VOICE,acquisition_methods,both_differ_nested,nested,not_assessed_by_slot_overlap,"- description: Prospective observational study conducted at multiple specialty clinics and academic hospitals across North America. Eligible adults presenting to voice, neurology, psychiatry and respiratory clinics, plus healthy controls, were screened against predefined inclusion and exclusion criteria. After informed consent, a standardized protocol was administered that combined structured voice and respiratory tasks such as sustained vowels, coughs and reading passages with demographic questions, health history, disease-specific questionnaires and other patient-reported outcomes. Data were captured on a mobile or tablet application and stored in REDCap, with most participants completing a single in-clinic session and a subset completing repeated sessions.","- acquisition_details: Acoustic tasks were recorded and questionnaires administered during a standardized collection session; diagnoses were confirmed by clinicians reviewing audio and/or imaging data, electronic health records, or medication prescriptions. was_directly_observed: true was_reported_by_subjects: true was_validated_verified: true - acquisition_details: 'The released acoustic features are computed from the collected audio rather than observed directly: spectral, articulatory, phonetic and prosodic representations are derived from the standardized waveform by software.' was_inferred_derived: true"
VOICE,addressing_gaps,generated_only,nested,not_assessed_by_slot_overlap,,"- response: The absence of large-scale, diverse and well-documented voice data for clinical machine-learning applications. Previous studies of machine learning-based voice diagnosis produced promising results, but their sample sizes were too small or they lacked the key metadata needed for training robust, clinically useful models. - response: The absence of standards for how voice and speech data are collected, which makes comparing studies and pooling data across them difficult. - response: The confinement of existing work to small- to medium-sized datasets with limited data outside acoustic measures and no linkage to multi-modal health data."
VOICE,annotation_analyses,crate_only,nested,not_assessed_by_slot_overlap,"- description: Questionnaire-based labels are generated using the standard scoring rules for each validated instrument, yielding total and subscale scores that can be mapped to symptom-severity bands; the scoring logic is encoded in the REDCap instruments and documented in the data dictionaries. - description: Diagnostic labels are derived from clinical assessments and electronic health records rather than crowd workers, so there is no explicit inter-rater majority-vote scheme; however, diagnoses are treated as reference labels and may include multiple comorbid conditions per participant. - description: The data release team audited the combined phenotype and feature tables for internal consistency, missingness patterns and data entry issues, but per-annotator disagreement statistics or detailed label-uncertainty measures are not presently included in the released dataset.",
VOICE,anomalies,generated_only,nested,not_assessed_by_slot_overlap,,"- anomaly_details: Different sites have different collection configurations, and the collection protocol changed over the course of the study. - anomaly_details: Noise artifacts, variations in diagnostic practices, inaccurate questionnaire responses and underreporting are possible confounding factors in the collected data. - anomaly_details: Recordings were made with a head-mounted headset and microphone that could be at slightly different distances between sessions, and the clinical diagnosis, depending on the disorder, was performed by one clinician or based on an electronic health record or prescription."
VOICE,at_risk_populations,generated_only,nested,not_assessed_by_slot_overlap,,"assent_procedures: Where assent applies, the protocol provides that it be documented on a dedicated form; for young children who cannot reasonably be asked to assent due to limitations in understanding by age and development — typically children under seven years of age — assent is not sought. source_caveats: The sources do not state whether the adult cohorts released here include participants enrolled through assent rather than personal consent, and no source characterizes this release's population as including or excluding at-risk groups, so no such determination is recorded. The adult cohorts do include participants with mild cognitive impairment, Alzheimer's disease and other dementias, and with mood and psychiatric diagnoses. special_protections: - 'Enrollment for the cohort released here is limited to adults: the minimum age is 18 years and the maximum age is 120 years, and pediatric participants were enrolled only through the pediatric sites, which are released as a separate dataset.' - The IRB protocol lists ""Obtaining Signed Assent for Children or Adults Unable to Consent"" among the consent options available under the study. - The protocol records that questions asked of participants in certain disease cohorts, such as mood disorders, depression and anxiety, can lead to possible discomfort and could trigger negative emotions for the participants."
VOICE,citation,both_differ_scalar,scalar,not_assessed_by_slot_overlap,"'Bensoussan, Y., Sigaras, A., Rameau, A., Elemento, O., Powell, M., Dorr, D., Payne, P., Ravitsky, V., Bélisle-Pipon, J., Bahr, R., Watts, S., Bolser, D., Siu, J., Lerner-Ellis, J., Rudzicz, F., Boyer, M., Abdel-Aty, Y., Ahmed Syed, T., Anibal, J., ... Ghosh, S. (2025). Bridge2AI-Voice: An ethically-sourced, diverse voice dataset linked to health information (version 3.0.0). PhysioNet. RRID:SCR_007345. https://doi.org/10.13026/k81f-qr68'","'Bensoussan, Y., Sigaras, A., Rameau, A., Elemento, O., Powell, M., Dorr, D., Payne, P., Ravitsky, V., Bélisle-Pipon, J., Bahr, R., Watts, S., Bolser, D., Siu, J., Lerner-Ellis, J., Rudzicz, F., Boyer, M., Abdel-Aty, Y., Ahmed Syed, T., Anibal, J., ... Ghosh, S. (2026). Bridge2AI-Voice: An ethically-sourced, diverse voice dataset linked to health information (version 3.1.0). PhysioNet. RRID:SCR_007345. https://doi.org/10.13026/8xbn-nq66'"
VOICE,cleaning_strategies,both_differ_nested,nested,not_assessed_by_slot_overlap,"- description: Prior to release, data are transformed to reduce re-identification risk and align with regulatory and ethical requirements. Direct identifiers and high-risk quasi-identifiers are removed; dates are coarsened or rebased; geographic information is generalized to the country level; narrative text fields and transcripts of free speech are removed; and raw voice waveforms are withheld from this feature-only release. Additional filtering removes features for sensitive records and audio checks, and some derived features are dropped when processing fails or quality checks fail.","- cleaning_details: 'An audit protocol was applied: generate missingness tables; check distributions and outliers; check categorical responses against the schema; run quality control metrics for audio tasks; and for waveforms check the amount of silence and the duration, and for speech check the produced speech relative to the intended passage. All processing was performed with the b2aiprep and SenseLab toolkits.' - cleaning_details: Audio quality control metrics derived from the raw recordings are released alongside the features as audio_quality_metrics.tsv, one row per audio recording."
VOICE,collection_consents,generated_only,nested,not_assessed_by_slot_overlap,,"- consent_details: All participants were duly informed and agreed to the collection and use of their data via prospective informed consent, through an IRB-approved consent process conducted by research assistants in the clinic or remotely. - consent_details: In clinic, potential participants were given time to consider and ask questions, were asked to explain what they had understood to the research assistant to confirm understanding, and were informed that participation is voluntary and does not affect their medical care in any way."
VOICE,collection_mechanisms,both_differ_nested,nested,not_assessed_by_slot_overlap,"- description: Prospective observational study conducted at multiple specialty clinics and academic hospitals across North America. Eligible adults presenting to voice, neurology, psychiatry and respiratory clinics, plus healthy controls, were screened against predefined inclusion and exclusion criteria. After informed consent, a standardized protocol was administered that combined structured voice and respiratory tasks such as sustained vowels, coughs and reading passages with demographic questions, health history, disease-specific questionnaires and other patient-reported outcomes. Data were captured on a mobile or tablet application and stored in REDCap, with most participants completing a single in-clinic session and a subset completing repeated sessions.","- mechanism_details: A custom Bridge2AI-Voice application running on a tablet, with a head-mounted headset and microphone used for recording when possible. Collection hardware comprised iPads (9th or 10th generation) and iPad Air (5th generation) with an Avid AE-36 microphone connected through an Apple dongle; distinct iPad devices were used at each site. - mechanism_details: REDCap, which held the questionnaire instruments and from which the collected data was exported and converted using an open source library developed by the project team."
VOICE,collection_notifications,generated_only,nested,not_assessed_by_slot_overlap,,"- notification_details: 'Individuals were notified about the data collection: participants went through an IRB-approved consent process in which the data being collected, the methods used to secure it and the uses to which it would be put were explained.'"
VOICE,collection_timeframes,both_differ_nested,nested,not_assessed_by_slot_overlap,"- description: Data collection for the adult flagship cohort began after project launch in 2023 and is ongoing across five North American sites toward an anticipated enrollment of approximately 3,000 participants by November 2026; the participants and recordings included in dataset version 3.0.0 were collected roughly between 2023 and 2025. - description: 'Dataset releases are static snapshots: v1.0 (initial public release in 2024), v1.1 (2025-01-17), v2.0.0 (2025-04-16), v2.0.1 (2025-08-18) and v3.0.0 (2025-12-16), each corresponding to a frozen state of the underlying data collection.'","- source_caveats: Neither the documentation nor the PhysioNet release states start and end dates for collection, and the 12-month figure is given in a healthsheet written against an earlier release, so it may not cover the whole of the collection behind version 3.1.0. timeframe_details: The project documentation records that the data was collected over a period of 12 months."
VOICE,confidential_elements,both_differ_nested,nested,not_assessed_by_slot_overlap,"- description: The dataset encodes health-related information including diagnostic categories for voice disorders, neurological and neurodegenerative conditions, mood and psychiatric disorders and respiratory diseases, as well as symptom scores from questionnaires, which constitute sensitive personal health data. - description: Demographic variables such as age, sex and country of data collection are included in coarsened form, while finer-grained geographic identifiers, direct identifiers and many socio-economic and cultural details have been removed during de-identification to reduce re-identification risk. - description: Highly sensitive content including detailed narrative responses, some information about household income, traumatic life experiences and granular cultural identifiers has been removed entirely from this feature-only dataset; raw voice recordings, which are themselves biometric identifiers, are made available only under controlled access. - description: Use of the data is restricted to authorized researchers under a registered-access license and associated data use agreement that explicitly forbids attempts at re-identification, stigmatizing or discriminatory uses and applications such as surveillance or high-stakes individual decision making.","- confidential_elements_present: false confidentiality_details: The project documentation records that the dataset does not contain data considered confidential in the sense of legal privilege, doctor-patient confidentiality, or the content of individuals' non-public communications."
VOICE,conforms_to_class,generated_only,scalar,not_assessed_by_slot_overlap,,Dataset ...
VOICE,conforms_to_schema,generated_only,scalar,not_assessed_by_slot_overlap,,https://w3id.org/bridge2ai/data-sheets-schema ...
VOICE,consent_revocations,generated_only,nested,not_assessed_by_slot_overlap,,"- revocation_details: Consenting participants are informed that they may withdraw from the study at any point. If a participant withdraws during or before the voice data collection, their data is not included in the database. Participants are informed that research data, including voice recordings, cannot be removed from the database once the voice data collection process is completed. Participants who withdraw may optionally complete a satisfaction survey about their reasons for withdrawal; no protected health information is collected in that survey."
VOICE,content_warnings,generated_only,nested,not_assessed_by_slot_overlap,,"- content_warnings_present: true source_caveats: The warning about free speech transcriptions is the project documentation's healthsheet answer. In the PhysioNet releases, transcripts of free speech audio were removed from version 1.1 and spectrograms and similar features were excluded where the audio contained free speech, so the exposure in version 3.1.0 is narrower than the documentation's answer implies. warnings: - 'Free speech tasks: where transcriptions of free speech are present, offensive, insulting or threatening content cannot be completely avoided, since research participants are responsible for their choice of language.' - Questionnaire content covering mental health, traumatic life experiences and other distressing subject matter is collected in the mood and psychiatric cohort instruments."
VOICE,created_by,both_differ_scalar,scalar,not_assessed_by_slot_overlap,Yael Bensoussan; Alexandros Sigaras; Anais Rameau; Olivier Elemento; Maria Powell; David Dorr; Philip Payne; Vardit Ravitsky; Jean-Christophe Bélisle-Pipon; Ruth Bahr; Stephanie Watts; Donald Bolser; Jennifer Siu; Jordan Lerner-Ellis; Frank Rudzicz; Micah Boyer; Yassmeen Abdel-Aty; Toufeeq Ahmed Syed; James Anibal; Dona Amraei; Stephen Aradi; Kirollos Armosh; Ana Sophia Martinez; Shaheen Awan; Steven Bedrick; Helena Beltran; Alexander Bernier; Moroni Berrios; Isaac Bevers; Alden Blatter; Rahul Brito; Amy Brown; Johnathan Brown; Léo Cadillac; Selina Casalino; John Costello; Abhijeet Dalal; Iris De Santiago; Enrique Diaz-Ocampo; Amanda Doherty-Kirby; Mohamed Ebraheem; Ellie Eiseman; Mahmoud Elmahdy; Renee English; Emily Evangelista; Kenneth Fletcher; Hortense Gallois; Gaelyn Garrett; Alexander Gelbard; Anna Goldenberg; Karim Hanna; William Hersh; Jennifer Jain; Lochana Jayachandran; Kaley Jenney; Kathy Jenkins; Stacy Jo; Alistair Johnson; Ayush Kalia; Megha Kalia; Zoha Khawa; Cindy Kostelnik; Alisa Krause; Andrea Krussel; Elisa Lapadula; Genelle Leo; Justin Levinsky; Chloe Loewith; Radhika Mahajan; Vrishni Maharaj; Siyu Miao; LeAnn Michaels; Matthew Mifsud; Marian Mikhael; Elijah Moothedan; Yosef Nafii; Tempestt Neal; Karlee Newberry; Evan Ng; Christopher Nickel; Amanda Peltier; Trevor Pharr; Michaela Pnacekova; Matthew Pontell; Claire Premi-Bortolotto; Parnaz Rafatjou; JM Rahman; John Ramos; Sarah Rohde; Michael de Riesthal; Jillian Rossi; Laurie Russell; Samantha Salvi Cruz; Joyce Samuel; Suketu Shah; Ahmed Shawkat; Elizabeth Silberholz; John Stark; Lala Su; Shrramana Ganesh Sudhakar; Duncan Sutherland; Venkata Swarna Mukhi; Jeffrey Tang; Luka Taylor; Jamie Toghranegar; Julie Tu; Megan Urbano; Gavin Victor; Kimberly Vinson; Jordan Wilke; Claire Wilson; Madeleine Zanin; Xijie Zeng; Theresa Zesiewicz; Robin Zhao; Pantelis Zisimopoulos; Satrajit Ghosh ...,Bridge2AI-Voice Consortium ...
VOICE,creators,both_differ_nested,nested,not_assessed_by_slot_overlap,- name: Yael Bensoussan - name: Alexandros Sigaras - name: Anais Rameau - name: Olivier Elemento - name: Maria Powell - name: David Dorr - name: Philip Payne - name: Vardit Ravitsky - name: Jean-Christophe Bélisle-Pipon - name: Ruth Bahr - name: Stephanie Watts - name: Donald Bolser - name: Jennifer Siu - name: Jordan Lerner-Ellis - name: Frank Rudzicz - name: Micah Boyer - name: Yassmeen Abdel-Aty - name: Toufeeq Ahmed Syed - name: James Anibal - name: Dona Amraei - name: Stephen Aradi - name: Kirollos Armosh - name: Ana Sophia Martinez - name: Shaheen Awan - name: Steven Bedrick - name: Helena Beltran - name: Alexander Bernier - name: Moroni Berrios - name: Isaac Bevers - name: Alden Blatter - name: Rahul Brito - name: Amy Brown - name: Johnathan Brown - name: Léo Cadillac - name: Selina Casalino - name: John Costello - name: Abhijeet Dalal - name: Iris De Santiago - name: Enrique Diaz-Ocampo - name: Amanda Doherty-Kirby - name: Mohamed Ebraheem - name: Ellie Eiseman - name: Mahmoud Elmahdy - name: Renee English - name: Emily Evangelista - name: Kenneth Fletcher - name: Hortense Gallois - name: Gaelyn Garrett - name: Alexander Gelbard - name: Anna Goldenberg - name: Karim Hanna - name: William Hersh - name: Jennifer Jain - name: Lochana Jayachandran - name: Kaley Jenney - name: Kathy Jenkins - name: Stacy Jo - name: Alistair Johnson - name: Ayush Kalia - name: Megha Kalia - name: Zoha Khawa - name: Cindy Kostelnik - name: Alisa Krause - name: Andrea Krussel - name: Elisa Lapadula - name: Genelle Leo - name: Justin Levinsky - name: Chloe Loewith - name: Radhika Mahajan - name: Vrishni Maharaj - name: Siyu Miao - name: LeAnn Michaels - name: Matthew Mifsud - name: Marian Mikhael - name: Elijah Moothedan - name: Yosef Nafii - name: Tempestt Neal - name: Karlee Newberry - name: Evan Ng - name: Christopher Nickel - name: Amanda Peltier - name: Trevor Pharr - name: Michaela Pnacekova - name: Matthew Pontell - name: Claire Premi-Bortolotto - name: Parnaz Rafatjou - name: JM Rahman - name: John Ramos - name: Sarah Rohde - name: Michael de Riesthal - name: Jillian Rossi - name: Laurie Russell - name: Samantha Salvi Cruz - name: Joyce Samuel - name: Suketu Shah - name: Ahmed Shawkat - name: Elizabeth Silberholz - name: John Stark - name: Lala Su - name: Shrramana Ganesh Sudhakar - name: Duncan Sutherland - name: Venkata Swarna Mukhi - name: Jeffrey Tang - name: Luka Taylor - name: Jamie Toghranegar - name: Julie Tu - name: Megan Urbano - name: Gavin Victor - name: Kimberly Vinson - name: Jordan Wilke - name: Claire Wilson - name: Madeleine Zanin - name: Xijie Zeng - name: Theresa Zesiewicz - name: Robin Zhao - name: Pantelis Zisimopoulos - name: Satrajit Ghosh,"- affiliations: - name: USF Health Morsani College of Medicine, University of South Florida description: Co-principal investigator of the Bridge2AI-Voice project and co-lead of the data acquisition module; first author of the version 3.1.0 release. name: Yael Bensoussan - affiliations: - name: Weill Cornell Medicine description: Co-principal investigator of the Bridge2AI-Voice project and co-lead of the tools, software and IT infrastructure module. name: Olivier Elemento - affiliations: - name: Weill Cornell Medicine description: Lead investigator; co-lead of the tools, software and IT infrastructure module. name: Alexandros Sigaras - affiliations: - name: Weill Cornell Medicine description: Lead investigator; co-lead of the data acquisition module. name: Anaïs Rameau - affiliations: - name: Vanderbilt University Medical Center description: Lead investigator; investigator for the voice disorders cohort. name: Maria Powell - affiliations: - name: USF Health Morsani College of Medicine, University of South Florida description: Lead investigator; lead for the voice disorders cohort. name: Ruth Bahr - affiliations: - name: Hospital for Sick Children description: Lead investigator for the pediatric site. name: Jennifer Siu source_caveats: Spelled ""Jennifer Siu"" in the PhysioNet author lists and ""Jennifer Sui, MD"" in the project documentation; the PhysioNet spelling is used here as the higher-ranked source. - affiliations: - name: Washington University in St. Louis description: Lead investigator. name: Philip Payne - affiliations: - name: Oregon Health & Science University description: Lead investigator. name: David Dorr - affiliations: - name: Simon Fraser University description: Lead investigator; ethics module. name: Jean-Christophe Bélisle-Pipon - affiliations: - name: The Hastings Center description: Lead investigator; ethics module. name: Vardit Ravitsky - affiliations: - name: Massachusetts Institute of Technology description: Lead investigator; lead for the mood disorders cohort and senior author of the version 3.1.0 release. name: Satrajit Ghosh - affiliations: - name: University of Toronto description: Lead investigator; lead for the neurological disorders cohort. name: Frank Rudzicz source_caveats: Spelled ""Frank Rudzicz"" in the PhysioNet author lists and ""Frank Rudzizc, PhD"" in the project documentation; the PhysioNet spelling is used here as the higher-ranked source. - affiliations: - name: Sinai Health description: Lead investigator; lead for genomic data, collected under a separate Canadian protocol. name: Jordan Lerner-Ellis - affiliations: - name: University of Florida description: Lead investigator. name: Don Bolser - description: The multi-institutional consortium that generated the dataset. Beyond the named lead investigators, over 50 other investigators, clinicians, scholars and trainees contributed to its development, and the version 3.1.0 release carries a long author roster. name: Bridge2AI-Voice Consortium principal_investigator: affiliation: - name: Department of Otolaryngology - Head and Neck Surgery, USF Health Voice Center, University of South Florida email: yaelbensoussan@usf.edu id: doi:10.13026/8xbn-nq66#person-yael-bensoussan name: Yael Bensoussan source_caveats: Only the lead investigators named in the project documentation are enumerated as separate creator entries in this record; the PhysioNet release lists a substantially longer author roster, whose length no source states as a figure."
VOICE,data_collectors,generated_only,nested,not_assessed_by_slot_overlap,,"- collector_details: Research teams, which may include medical, graduate or undergraduate students, coordinated with clinicians and doctors to identify appropriate participants, and data was collected in the clinic with the assistance of a trained research assistant. role: research team - collector_details: Clinicians and doctors listed under the IRB as co-investigators identified eligible participants and provided the clinical diagnoses used as gold standard labels; they were added to the consortium so that their names are included on consortium-level publications. role: clinician - collector_details: Hospital staff were not involved in scheduling but assisted in the logistics of coordinating data collection. role: hospital staff"
VOICE,data_governance,both_differ_nested,nested,not_assessed_by_slot_overlap,description: Satrajit Ghosh,"access_review_process: 'Access to the feature-only release is granted through registered access: users register on PhysioNet, confirm their identity under the Registered Access License, and sign the Bridge2AI Voice Registered Access Agreement; from version 3.0.0 the applicant must be a credentialed PhysioNet user. Access to the raw audio is granted through controlled access: the applicant completes a Data Access Request Form and a Data Use Agreement, submits the application to the Data Access Compliance Office for review, and on approval has a Data Use and Transfer Agreement signed by an authorized official at their institution. The agreement takes effect only upon review and approval by the Data Access Compliance Office, which requires a distinct application. Requests for raw audio are directed to the access committee at DACO@b2ai-voice.org and the audio is served through Synapse.' accountable_organization: description: Named as the Provider Institution in the Data Transfer and Use Agreement for the Bridge2AI Voice as a Biomarker of Health project. name: University of South Florida Board of Trustees committee_name: Data Access Compliance Office (DACO) notes: The sources name an office rather than a named individual as the access contact; requests are directed to the Data Access Compliance Office mailbox, DACO@b2ai-voice.org. The project documentation additionally publishes a memorandum setting out the ethical justification for controlled access to raw voice data samples, explaining the reasoning behind this governance structure, and records that the fields treated as sensitive and removed from the release were identified by a team of ethicists. stewardship_roles: - Provider Institution, which supplies the data and may terminate the agreement - Provider Scientist, who signs alongside the Provider Institutional Official - Recipient Institution and Recipient Authorized Institutional Official, who bind the institution and warrant compliance - Recipient Scientist, who must retain control over the data and restrict its use to Authorized Persons named in the agreement - Data Access Compliance Office, which reviews and approves each controlled access application"
VOICE,data_protection_impacts,both_differ_nested,nested,not_assessed_by_slot_overlap,"- description: The project aims to create an ethically sourced, diverse voice dataset to support research on using voice as an accessible, low-cost biomarker for screening, diagnosis and monitoring of a broad range of health conditions, potentially improving early detection and care for underserved populations. At the same time, the consortium explicitly recognizes the risks associated with voice data, including privacy loss, misuse of voice biometrics and algorithmic harms such as discrimination in hiring, insurance or surveillance contexts; these risks motivate a governance framework with IRB oversight, rigorous de-identification, separation of feature-only and raw-audio tiers and usage restrictions encoded in the registered-access license and data use agreement. Dataset documentation and ongoing ethics workstreams are intended to help downstream users reason about these risks and design responsible analyses and models.",- impact_details: The project documentation answers directly that no analysis of the potential impact of the dataset and its use on data subjects has been conducted.
VOICE,description,both_differ_scalar,scalar,not_assessed_by_slot_overlap,"""The human voice contains complex acoustic markers which have been linked to important\ \ health conditions including dementia, mood disorders, and cancer. When viewed\ \ as a biomarker, voice is a promising characteristic to measure as it is simple\ \ to collect, cost-effective, and has broad clinical utility. Recent advances in\ \ artificial intelligence have provided techniques to extract previously unknown\ \ prognostically useful information from dense data elements such as images. The\ \ Bridge2AI-Voice project seeks to create an ethically sourced flagship dataset\ \ to enable future research in artificial intelligence and support critical insights\ \ into the use of voice as a biomarker of health. Here we present Bridge2AI-Voice,\ \ a comprehensive collection of data derived from voice recordings with corresponding\ \ clinical information.\n\nBridge2AI-Voice v3.0 contains data for 833 participants\ \ across five sites in North America. Participants were selected based on known\ \ conditions which manifest within the voice waveform including voice disorders,\ \ neurological disorders, mood disorders, and respiratory disorders. The release\ \ contains data considered low risk, including derivations such as spectrograms\ \ but not the original voice recordings. Detailed demographic, clinical, and validated\ \ questionnaire data are also made available.\n\t""","'Bridge2AI-Voice is an ethically sourced, multi-site dataset of voice, speech, breathing and cough data linked to demographic, clinical and validated-questionnaire information, built to support research into voice as a biomarker of health. Version 3.1.0 covers 833 adult participants recruited at five North American sites and selected for conditions that manifest within the voice waveform: voice disorders, neurological and neurodegenerative disorders, mood and psychiatric disorders and respiratory disorders, alongside control participants. Participants completed a standardized protocol of acoustic tasks on a tablet application, with a headset where possible, together with demographic, confounder, disease-specific and validated-questionnaire instruments; clinical diagnoses were validated by clinicians against site gold standards. The public release distributes data considered low risk — spectrograms, Mel spectrograms, MFCCs, pitch and periodicity traces, Speech Articulatory Coding articulatory estimates, phonetic posteriorgrams, openSMILE, Praat and parselmouth static features, per-recording audio quality metrics, per-recording metadata and phenotype tables — rather than the original waveforms. Raw audio is disseminated separately, under controlled access only.'"
VOICE,direct_collection,generated_only,nested,not_assessed_by_slot_overlap,,- collection_details: Data was collected directly from the individuals concerned during a clinic session rather than obtained via third parties such as hospitals or app companies. is_direct: true
VOICE,discouraged_uses,generated_only,nested,not_assessed_by_slot_overlap,,"- discouragement_details: Non-clinical and non-research applications such as hiring decisions, insurance premium adjustments, or any form of surveillance that could lead to discrimination or harm. These limitations are intended to prevent unethical or biased outcomes that could negatively impact individuals based on their health conditions or voice characteristics."
VOICE,distribution_dates,generated_only,nested,not_assessed_by_slot_overlap,,- notes: Version 1.0 was published earlier on the Health Data Nexus platform; the documentation records that the data was published and made available at the end of November 2024. release_dates: - 'Version 1.1: 17 January 2025' - 'Version 2.0.0: 16 April 2025' - 'Version 2.0.1: 18 August 2025' - 'Version 3.0.0: 16 December 2025' - 'Version 3.1.0: 1 May 2026'
VOICE,distribution_formats,generated_only,nested,not_assessed_by_slot_overlap,,"- access_urls: - https://physionet.org/content/b2ai-voice/3.1.0/ description: 'Tab-delimited tables: the phenotype tables (confounders, demographics, diagnosis, enrollment, questionnaire and task), the per-recording static features, and the audio quality metrics.' format: TSV media_type: text/tab-separated-values - access_urls: - https://physionet.org/content/b2ai-voice/3.1.0/ description: JSON data dictionaries accompanying each data file and sharing its file stem, giving a description of each column, the question asked of the participant where applicable, and the data type of the response. format: JSON media_type: application/json - access_urls: - https://physionet.org/content/b2ai-voice/3.1.0/ description: 'Apache Parquet, an open-source column-oriented data file format, used for the dense binary features: phonetic posteriorgrams, the four sparc feature files, the four torchaudio feature files and the per-recording metadata file. Each element carries participant_id, session_id, task_name, n_frames and the feature tensor.' format: Parquet notes: No IANA media type for Parquet is stated by the sources, so none is recorded."
VOICE,doi,both_differ_scalar,scalar,not_assessed_by_slot_overlap,10.13026/k81f-qr68 ...,10.13026/8xbn-nq66 ...
VOICE,errata,generated_only,nested,not_assessed_by_slot_overlap,,"- erratum_details: Version 2.0 reprocessed the spectrograms to fix minor issues identified in the previous release and removed all spectrograms and Mel-frequency cepstral coefficients derived from free-speech files. Version 2.0.1 corrected the authorship list. Version 3.1.0 fixed broken parquet files carried over from the previous release, updated validated diagnosis information across conditions with back-filled information, rearranged some phenotypic files and renamed certain gold standard variable names. source_caveats: The project documentation states that there is no erratum and that a changelog for each dataset version is published online with the dataset metadata; the corrections recorded here are taken from those per-version release notes."
VOICE,ethical_reviews,both_differ_nested,nested,not_assessed_by_slot_overlap,- name: Ethical Review by Vardit Ravitsky at the Hastings Center for Bioethics,"- review_details: Data collection and sharing for the released dataset was approved by the University of South Florida Institutional Review Board; the clinical study was submitted and approved by the USF Single IRB and by subsite IRBs through the Single IRB process. The IRB protocol records that Canadian participating institutions do not fall under the Single IRB process and apply separately to their own research ethics boards, with copies of those approvals submitted to the USF IRB. reviewing_organization: University of South Florida Institutional Review Board"
VOICE,existing_uses,both_differ_nested,nested,not_assessed_by_slot_overlap,"- description: 'Development, training and fine-tuning of machine-learning models that associate voice-derived features with diagnostic categories or symptom severity for conditions such as vocal fold pathology, neurological and neurodegenerative diseases, mood and anxiety disorders and respiratory illnesses. Benchmarking and validation of existing voice-biomarker algorithms by testing their performance on a clinically diverse, multi-site cohort with standardized tasks and rich phenotype data. Exploratory research on acoustic, phonetic, prosodic and articulatory correlates of disease using de-identified derived features, including work on representation learning, domain adaptation and multimodal integration with other health data. Methodological research on fairness, robustness and AI safety in clinical voice models, including studies of bias related to demographic subgroups or recording conditions, subject to the ethical constraints in the data use agreement. The dataset is explicitly not intended for operational decision making about specific individuals such as hiring, insurance pricing, law enforcement or surveillance, nor for attempts at re-identification or for uses likely to stigmatize individuals or groups.'",- examples: - A restricted version of the dataset containing raw audio has been used in the Bridge2AI Summer School and hackathon.
VOICE,extension_mechanism,both_differ_nested,nested,not_assessed_by_slot_overlap,name: https://physionet.org/content/b2ai-voice/view-license/3.0.0/,"contribution_url: https://github.com/sensein/b2aiprep extension_details: Others may publish a derivative dataset that references the original source, made available under the same conditions as the source data. For the code used to produce the data, the open-source repositories provide discussion forums and issue pages for public discussion of data preprocessing, and a pull request mechanism for contributing improvements to the preprocessing code."
VOICE,external_resources,generated_only,nested,not_assessed_by_slot_overlap,,"- external_resources: - b2aiprep, the library used to organize and preprocess the dataset, to process the raw audio into the released features and to merge the source data into the phenotype files, at https://github.com/sensein/b2aiprep; version 3.0.0 generated this release. SenseLab, used for processing audio files for research tasks, at https://github.com/sensein/senselab. restrictions: - Apache-2.0 license - external_resources: - The Bridge2AI REDCap data dictionary, metadata and instrument PDFs, at https://github.com/eipm/bridge2ai-redcap and archived on Zenodo at https://zenodo.org/doi/10.5281/zenodo.12760724. restrictions: - MIT license - external_resources: - The source code for the project documentation and dashboards at https://docs.b2ai-voice.org/, held at https://github.com/eipm/bridge2ai-docs and archived on Zenodo at https://zenodo.org/doi/10.5281/zenodo.13834653. restrictions: - MIT license - external_resources: - Bridge2AI-Voice FHIR profiles for voice as a biomarker, published by the project as supporting material. - external_resources: - 'The protocol development publication: Bensoussan, Yael, et al. ""Developing Multi-Disorder Voice Protocols: A team science approach involving clinical expertise, bioethics, standards, and DEI."" Proc. Interspeech 2024, 1445-1449, https://www.isca-archive.org/interspeech_2024/bensoussan24_interspeech.html' source_caveats: The project documentation's healthsheet answers that the dataset ""is self-contained"" and gives no guarantees regarding external resources; the resources listed here are the supporting code, metadata and publications the same documentation points to."
VOICE,file_collections,generated_only,nested,not_assessed_by_slot_overlap,,"- collection_type: processed_data description: Audio-derived features for each recording. Dense features are distributed as Apache Parquet files, each element carrying participant_id, session_id, task_name, n_frames and the feature tensor; per-recording scalar features and audio quality metrics are distributed as tab-delimited files. Every data file is accompanied by a JSON data dictionary sharing its file stem and describing the feature and the processing used to prepare it. id: doi:10.13026/8xbn-nq66#features name: features path: features resources: - description: Spectrograms of dimension 201 by T generated with a 25 ms window size, 10 ms hop length and a 400-point FFT; 29,278 records. file_type: data_file id: doi:10.13026/8xbn-nq66#file-torchaudio-spectrogram name: torchaudio_spectrogram.parquet - description: Mel spectrograms of dimension 60 by T generated with a 25 ms window size, 10 ms hop length, a 400-point FFT and 60 Mel bins; 29,278 records. file_type: data_file id: doi:10.13026/8xbn-nq66#file-torchaudio-mel-spectrogram name: torchaudio_mel_spectrogram.parquet - description: Mel-frequency cepstrum coefficients of dimension 60 by T using the same parameters as the Mel spectrograms; 29,278 records. file_type: data_file id: doi:10.13026/8xbn-nq66#file-torchaudio-mfcc name: torchaudio_mfcc.parquet - description: Detected pitch (fundamental frequency) over time, dimension T, with minimum and maximum pitch of 80 and 500; 32,522 records. file_type: data_file id: doi:10.13026/8xbn-nq66#file-torchaudio-pitch name: torchaudio_pitch.parquet - description: Estimated electromagnetic articulography from a deep learning model, dimension T by 12, the twelve values being X and Y positions of tongue dorsum, tongue body, tongue tip, lower incisor, upper lip and lower lip; 28,640 records. file_type: data_file id: doi:10.13026/8xbn-nq66#file-sparc-ema name: sparc_ema.parquet - description: Estimated loudness based on the average absolute amplitude of the waveform, dimension T, using 20 ms windows; 31,855 records. file_type: data_file id: doi:10.13026/8xbn-nq66#file-sparc-loudness name: sparc_loudness.parquet - description: Estimated periodicity, the confidence of pitch presence, derived using 20 ms windows, dimension T; 31,872 records. file_type: data_file id: doi:10.13026/8xbn-nq66#file-sparc-periodicity name: sparc_periodicity.parquet - description: Estimated fundamental frequency of the audio signal over a range of 50 to 550 Hz, dimension T, computed with a different algorithm from the torchaudio pitch; 31,872 records. file_type: data_file id: doi:10.13026/8xbn-nq66#file-sparc-pitch name: sparc_pitch.parquet - description: Phonetic posteriorgram probabilities across 40 phoneme categories, dimension 40 by T, at a frame rate of 100 Hz; 29,289 records. file_type: data_file id: doi:10.13026/8xbn-nq66#file-ppgs name: ppgs.parquet - description: Features derived from the raw audio with one feature per audio recording, drawn from openSMILE, Praat, parselmouth and torchaudio; one row per unique recording. file_type: data_file format: TSV id: doi:10.13026/8xbn-nq66#file-static-features media_type: text/tab-separated-values name: static_features.tsv - description: One feature per audio recording derived from the raw audio, relating to quality control metrics. file_type: data_file format: TSV id: doi:10.13026/8xbn-nq66#file-audio-quality-metrics media_type: text/tab-separated-values name: audio_quality_metrics.tsv - collection_type: other description: Organized information collected from the participant or another individual during their encounter, as tab-delimited files each paired with a JSON data dictionary, grouped into confounders, demographics, diagnosis (per-condition files covering airway stenosis, amyotrophic lateral sclerosis, anxiety, benign lesions, bipolar disorder, cognitive impairment, control, COPD and asthma, depression, glottic insufficiency, laryngeal cancer, laryngeal dystonia, laryngitis, muscle tension dysphonia, Parkinson's disease, precancerous lesions, unexplained chronic cough and unilateral vocal fold paralysis), enrollment (eligibility, enrollment form, participant), questionnaire (ADHD adult, custom affect scale, DSM-5 adult, dyspnea index, GAD-7, Leicester cough questionnaire, PANAS, PHQ-9, productive vocabulary, psychiatric history, PTSD adult, VHI-10, voice perception) and task (acoustic task, harvard sentences, random item generation, recording, session, stroop, winograd). id: doi:10.13026/8xbn-nq66#phenotype name: phenotype path: phenotype - collection_type: metadata description: A binary Parquet file and its data dictionary holding per-recording metadata, including task instructions and prompts and information about the microphone used and its gain. id: doi:10.13026/8xbn-nq66#metadata name: metadata path: metadata"
VOICE,funders,both_differ_nested,nested,not_assessed_by_slot_overlap,- name: 'Funded by the NIH Common Fund. Award #3Tf-OTOD03272001S2',"- grantor: National Institutes of Health Common Fund, Bridge2AI Program grants: - grant_number: 3OT2OD032720-01S1 notes: 'The project number given in the acknowledgements of the PhysioNet release: ""Bridge2AI: Voice as a Biomarker of Health - Building an ethically sourced, bioaccoustic database to understand disease like never before"".' - grant_number: OT2OD032720 notes: The core project number recorded by NIH RePORTER for the parent award, held at the University of South Florida with Yael Emilie Bensoussan as principal investigator, running from 2022-09-01 to 2026-11-30 with a fiscal year 2025 award amount of 4,660,942 US dollars. source_caveats: NIH RePORTER records application 3OT2OD032720-01S3 against this core project, while the PhysioNet acknowledgement cites supplement 3OT2OD032720-01S1 as the funding source for the dataset; both are recorded rather than reconciled."
VOICE,future_use_impacts,both_differ_nested,nested,not_assessed_by_slot_overlap,"- description: The project aims to create an ethically sourced, diverse voice dataset to support research on using voice as an accessible, low-cost biomarker for screening, diagnosis and monitoring of a broad range of health conditions, potentially improving early detection and care for underserved populations. At the same time, the consortium explicitly recognizes the risks associated with voice data, including privacy loss, misuse of voice biometrics and algorithmic harms such as discrimination in hiring, insurance or surveillance contexts; these risks motivate a governance framework with IRB oversight, rigorous de-identification, separation of feature-only and raw-audio tiers and usage restrictions encoded in the registered-access license and data use agreement. Dataset documentation and ongoing ethics workstreams are intended to help downstream users reason about these risks and design responsible analyses and models.","- impact_details: The dataset has skews based on disorder category, site and other demographic factors, so users should consider the multivariate distribution when assessing utility for different questions; unexamined use could result in unfair treatment of individuals or groups. - impact_details: Use outside research — in hiring decisions, insurance premium adjustments or surveillance — could produce discrimination or harm on the basis of health conditions or voice characteristics, which is why such applications are excluded by the access agreement."
VOICE,human_subject_research,both_differ_nested,nested,not_assessed_by_slot_overlap,"description: 'Source humanSubjectResearch: Yes Source humanSubjects: Yes Source humanSubjectExemption: No Source irb: {""@type"": ""Organization"", ""address"": {""@type"": ""PostalAddress"", ""addressCountry"": ""US"", ""addressLocality"": ""Tampa"", ""addressRegion"": ""FL"", ""postalCode"": ""33620"", ""streetAddress"": ""3702 Spectrum Blvd., Suite 165 Usf""}, ""contactPoint"": {""@type"": ""ContactPoint"", ""contactType"": ""(813) 974-5638"", ""email"": ""RSCH-IRB@usf.edu"", ""telephone"": ""(813) 974-5638""}, ""name"": ""University of South Florida Institutional Review Board""}' ethics_review_board: University of South Florida Institutional Review Board involves_human_subjects: true","ethics_review_board: University of South Florida Institutional Review Board involves_human_subjects: true irb_approval: - Data collection and sharing was approved by the University of South Florida Institutional Review Board. The multi-site protocol was submitted to and approved by the USF Single IRB, with subsite IRBs reviewing through the Single IRB process; the protocol provides that Canadian institutions apply separately to their own research ethics boards. regulatory_compliance: - HIPAA de-identification rules were applied to the released dataset. The data transferred under the Data Transfer and Use Agreement is covered by a Certificate of Confidentiality, which must be asserted against compulsory legal demands such as court orders and subpoenas for identifying information or characteristics of a research participant. The study was not conducted for a drug product or a medical device, and no data monitoring committee was appointed. special_populations: - Enrollment for the cohort released here is limited to adults, with a minimum age of 18 years and a maximum age of 120 years; pediatric participants were enrolled only through the pediatric sites and are released as a separate dataset. The protocol nonetheless lists ""Obtaining Signed Assent for Children or Adults Unable to Consent"" among its consent options, and the adult cohorts include participants with mild cognitive impairment, Alzheimer's disease and other dementias, and mood and psychiatric diagnoses. The protocol notes that questions asked of participants in certain disease cohorts, such as mood disorders, depression and anxiety, can cause discomfort and trigger negative emotions."
VOICE,id,both_differ_scalar,scalar,not_assessed_by_slot_overlap,doi:10.13026/k81f-qr68 ...,doi:10.13026/8xbn-nq66 ...
VOICE,imputation_protocols,crate_only,nested,not_assessed_by_slot_overlap,"- description: The public datasets do not apply global statistical imputation to missing fields; instead, missing questionnaire responses, phenotype variables and derived features are left as explicit missing values or omitted rows. The data release team audited missingness and users can implement study-specific imputation or complete-case strategies appropriate to their analyses.",
VOICE,informed_consent,generated_only,nested,not_assessed_by_slot_overlap,,"- consent_documentation: Paper consent documents are uploaded and saved electronically in REDCap, and all paper and electronic versions of consent are stored for a minimum of five years after completion of the study. consent_obtained: true consent_scope: 'Research data that does not contain direct identifiers is shared with external researchers for future research through a secure database: data posing a low risk of individual re-identification is shared in registered access with the general public, and data that would pose a heightened risk if shared in full open access is shared through a controlled access mechanism with authorized researchers. The consent does not restrict use to non-commercial purposes, to a specific geographic location, to a specific type of research, to genetic research, or to research that does not involve the development of methods or algorithms.' consent_type: Prospective written informed consent, obtained on paper, electronically through REDCap survey forms within the application, or by video recording of the participant reading a consent statement aloud; assent was obtained where applicable for participants unable to consent. withdrawal_mechanism: Participants are informed that they may withdraw from the study at any point."
VOICE,instances,generated_only,nested,not_assessed_by_slot_overlap,,"- counts: 833 data_substrate: B2AI_SUBSTRATE:41 data_topic: B2AI_TOPIC:25 instance_type: human participant label: true label_description: Diagnostic labels are the result of a clinical assessment of the participant. At each site a local clinician provided the diagnosis based on a clinical interview and appropriate work-up; for the psychiatric disorders cohort the assessment was determined from the participant's electronic health record or an active prescription, made outside data collection by an appropriately licensed clinician. missing_information: - missing: - Responses to optional questionnaire items and to cohort-specific instruments why_missing: - Some questions are optional, and each individual answered a common set of questions and then responded to additional questions relevant to their primary diagnostic category. - missing: - Individual fields lost during collection why_missing: - There may be data collection irregularities that caused some information to be missing from individual instances. - data_substrate: B2AI_SUBSTRATE:30 data_topic: B2AI_TOPIC:36 instance_type: audio recording, represented by its derived features notes: 'Per-feature record counts in the version 3.1.0 release are: torchaudio pitch 32,522; sparc periodicity and sparc pitch 31,872 each; sparc loudness 31,855; phonetic posteriorgrams 29,289; spectrogram, Mel spectrogram and MFCC 29,278 each; sparc EMA 28,640. Counts differ between features because representations derived from sensitive records and audio checks were withheld, and because some files could not generate certain features. The release does not state a single recording total and none is computed here.'"
VOICE,intended_uses,both_differ_nested,nested,not_assessed_by_slot_overlap,"- description: 'Development, training and fine-tuning of machine-learning models that associate voice-derived features with diagnostic categories or symptom severity for conditions such as vocal fold pathology, neurological and neurodegenerative diseases, mood and anxiety disorders and respiratory illnesses. Benchmarking and validation of existing voice-biomarker algorithms by testing their performance on a clinically diverse, multi-site cohort with standardized tasks and rich phenotype data. Exploratory research on acoustic, phonetic, prosodic and articulatory correlates of disease using de-identified derived features, including work on representation learning, domain adaptation and multimodal integration with other health data. Methodological research on fairness, robustness and AI safety in clinical voice models, including studies of bias related to demographic subgroups or recording conditions, subject to the ethical constraints in the data use agreement. The dataset is explicitly not intended for operational decision making about specific individuals such as hiring, insurance pricing, law enforcement or surveillance, nor for attempts at re-identification or for uses likely to stigmatize individuals or groups.'","- examples: - AI model pretraining - fine-tuning - benchmarking - validation usage_notes: The dataset is primarily intended for research applications, specifically the development of AI and machine-learning models for healthcare, and it supports clinical research in disease screening, diagnosis and monitoring through voice biomarkers. use_category: research - usage_notes: Under the Registered Access Agreement the dataset is intended solely for commercial and non-commercial research purposes by Authorized Researchers. use_category: research"
VOICE,ip_restrictions,both_differ_nested,nested,not_assessed_by_slot_overlap,name: https://physionet.org/content/b2ai-voice/view-dua/3.0.0/,"restrictions: - The data may be protected by copyright and other rights, including other intellectual property rights; nothing in the agreement transfers any intellectual property rights in or relating to the data to the recipient. - Recipients agree not to make intellectual property claims on the data and not to use intellectual property protection in ways that would prevent or block access to, or use of, any element of the data or conclusions drawn directly from it. - Recipients who perform further research adding intellectual and resource capital may obtain intellectual property rights on downstream discoveries, but agree to implement licensing policies that will not obstruct further research and to respect the Fort Lauderdale Agreement. - No intellectual-property-based restrictions have been imposed by third parties on the data associated with the instances."
VOICE,is_deidentified,generated_only,nested,not_assessed_by_slot_overlap,,"deidentification_details: All raw voice data was removed because it has the potential to cause individual re-identification or to be used for illicit or unauthorized purposes, and only extracted features are released. Raw audio transcripts were reviewed and any recordings containing potentially identifying information or external voices were removed from the release; spectrograms and similar features were excluded where the audio contained free speech, while static and other features that do not encode the sensitive information were retained. Sensitive fields flagged in the REDCap data dictionary were removed. K-anonymization with k of two or more is not achieved. identifiable_elements_present: false identifiers_removed: HIPAA Safe Harbor identifiers, including names, geographic locators, date information at a resolution finer than years, phone and fax numbers, email addresses, IP addresses, Social Security numbers, medical record numbers, health plan beneficiary numbers, device identifiers, license numbers, account numbers, vehicle identifiers, website URLs, full face photos, biometric identifiers and any unique identifiers; state and province, with country of data collection retained; select geographic or demographic identifiers and some information about household composition or cultural identity; and non-identifying but highly sensitive elements such as household income, mental health status and traumatic life experiences. method: HIPAA Safe Harbor, supplemented by removal of indirect identifiers and of non-identifying but highly sensitive fields, and by withholding of all raw audio."
VOICE,issued,both_differ_scalar,scalar,not_assessed_by_slot_overlap,'2025-12-16T00:00:00Z','2026-05-01T00:00:00Z'
VOICE,keywords,both_differ_nested,nested,not_assessed_by_slot_overlap,- voice - Voice as a biomarker - Voice dataset - Acoustic biomarker - Speech analysis - Voice recording - Human voice - Vocal health - Spectrogram - Mel spectrogram - MFCC (Mel-frequency cepstral coefficients) - Fundamental frequency (F0) - Phonetic posteriorgrams (PPGs) - Articulatory features - Acoustic features - Pitch detection - Loudness - Periodicity,- health - biomarkers - bridge2ai - voice
VOICE,known_biases,both_differ_nested,nested,not_assessed_by_slot_overlap,"- description: 'Sampling bias: participants are recruited from specialty clinics and associated institutions using a non-probability sampling strategy, with inclusion focused on specific disease cohorts and fluent English speakers; this produces clinically enriched case mixes that may not represent general population distributions. Geographic and cultural bias: data are collected at a limited number of North American sites, and although the project seeks diversity, it may under-represent speakers from other regions, cultures, languages and healthcare systems; early releases focus on English, with Spanish protocols planned but not yet fully represented. Clinical spectrum bias: because participants are selected into disease cohorts where voice changes are expected, the prevalence and severity of conditions in the dataset differ from those in routine primary care or community settings, which may inflate model performance when evaluated within this dataset. Device and environment bias: recordings are made using standardized but not identical hardware and primarily in clinical environments; future at-home collection or deployment on other devices may encounter different background noise, channel characteristics and user behavior. Algorithmic bias in machine annotations: transcripts and some derived features rely on off-the-shelf models such as OpenAI Whisper and other audio toolkits whose performance may vary across demographic groups; the dataset team has not independently audited these tools for fairness, so downstream users should consider their biases when interpreting results.'","- bias_description: Participants were recruited at a small number of high volume expert clinics; groups that have less trust in the medical system or in AI, or who are less proximal to the collection sites, would have been less likely to be recruited. bias_type: selection_bias mitigation_strategy: The project states an intention to shift toward remote collection and to design recruitment so that more variables are controlled. - bias_description: The dataset has skews based on disorder category, site and other demographic factors, and the public releases do not contain an equal distribution of the disease categories. bias_type: representation_bias mitigation_strategy: Users should consider the multivariate distribution when assessing utility for different questions. - affected_subsets: - All disease cohorts, since cohorts were recruited at different sites with distinct iPad devices. bias_description: Participants were screened for different disorders based on site, so participants with different labels also had their data collected on different devices, confounding label with recording apparatus and site. bias_type: measurement_bias"
VOICE,known_limitations,both_differ_nested,nested,not_assessed_by_slot_overlap,"- description: 'The feature-only release does not include raw audio waveforms or free-speech transcripts, which limits certain types of modeling and error analysis and may constrain the ability to reproduce end-to-end audio pipelines. This version only includes an adult cohort; models trained solely on this dataset may not generalize to younger age groups or to languages beyond those represented. Because of de-identification, some granular demographic and socio-economic variables, fine-grained location data and narrative context have been removed, which reduces the risk of re-identification but also limits detailed fairness assessments and certain confounder adjustments. The dataset does not provide predefined train–validation–test splits or benchmarking tasks and does not include explicit per-instance label-uncertainty measures, so researchers must design their own evaluation protocols and handle label noise and missingness. The registered-access and controlled-access governance structure is appropriate for privacy but may limit participation by some institutions or researchers and can complicate the reproducibility of pipelines that require both features and raw audio.'","- limitation_description: The dataset is a non-probability sample of a larger, ongoing collection and is not representative, having been collected at a limited number of geographic locations. limitation_type: representativeness_limitation scope_impact: Limits the generalization of models derived from the dataset to other populations and settings. - limitation_description: Communication with participants and the collection instruments were in English, and eligibility required the ability to read and speak English; Spanish versions of the protocol are described as under development. limitation_type: coverage_limitation recommended_mitigation: Treat findings as specific to English-speaking participants until non-English collection is released. - limitation_description: The public release contains data considered low risk — derivations such as spectrograms and other features — and not the original voice recordings, which are available only through a separate controlled access process. limitation_type: scope_limitation - limitation_description: Changes in diagnostic criteria or practices over the collection period could be a source of distribution shift. limitation_type: temporal_limitation - limitation_description: The multimodal data described in the collection protocol — laryngoscopy and other imaging, genomic sequencing, spirometry and other measures extracted from electronic health records — is not part of this release, which distributes audio-derived features, per-recording metadata and phenotype tables only. limitation_type: integration_limitation source_caveats: The project documentation states explicitly of the preceding release that ""no external data is released in this v3.0.0 release""; the version 3.1.0 data description likewise lists only features, metadata and phenotype content."
VOICE,labeling_strategies,both_differ_nested,nested,not_assessed_by_slot_overlap,"- description: Annotations for this dataset consist primarily of clinical labels and questionnaire-derived measures associated with each participant and recording. Participants complete validated instruments such as VHI-10, PHQ-9, GAD-7, PANAS, respiratory and cough questionnaires and voice instruments, which generate numerical scores and categorical indicators according to each instrument's published scoring guidelines. Clinical investigators and care teams record diagnostic categories for voice, neurological, mood and respiratory conditions and other phenotype variables, drawing on clinical assessments and electronic health records; these labels are represented in disease-specific TSV files with accompanying JSON dictionaries. In addition, machine-generated transcripts of certain voice tasks and numerous automatically extracted acoustic and articulatory features provide further labels and descriptors at the recording level.","- annotations_per_item: 1 annotator_demographics: - Typically the clinician at the site of data collection, or a clinician external to it where a prior diagnostic assessment was used. data_annotation_platform: The collection application and REDCap, with clinical validation recorded in the diagnosis instruments. data_annotation_protocol: Per Bridge2AI protocols and ICD-10 codes. labeling_details: Gold standard diagnostic labels were taken from clinical assessment. At each site a local clinician provided the diagnosis; for the psychiatric disorders cohort the label was determined from the participant's electronic health record or an active prescription. notes: Human-level performance on the applications the dataset is meant to address is reported to vary widely."
VOICE,language,generated_only,scalar,not_assessed_by_slot_overlap,,English ...
VOICE,license,both_differ_scalar,scalar,not_assessed_by_slot_overlap,https://physionet.org/content/b2ai-voice/view-license/3.0.0/ ...,Bridge2AI Voice Registered Access License ...
VOICE,license_and_use_terms,both_differ_nested,nested,not_assessed_by_slot_overlap,name: https://physionet.org/content/b2ai-voice/view-license/3.0.0/,"data_use_permission: general_research_use license_terms: The files are released under the Bridge2AI Voice Registered Access License, and access requires signature of the Bridge2AI Voice Registered Access Agreement. From version 3.0.0 the PhysioNet access policy is that only credentialed users who sign the data use agreement can access the files; no additional training is required. Raw audio is governed separately, requiring a Data Access Request Form, a Data Use Agreement, review by the Data Access Compliance Office and a Data Use and Transfer Agreement signed by an authorized official at the recipient institution. Duplication as reasonably required to carry out the research project is permitted; sale of all or part of the data on any media is not. There are no fees associated with these restrictions."
VOICE,machine_annotation_tools,both_differ_nested,nested,not_assessed_by_slot_overlap,"- name: OpenSMILE for extraction of acoustic feature sets capturing temporal dynamics and spectral characteristics. - description: Praat and the parselmouth interface for phonetic and prosodic feature extraction, including measures of fundamental frequency, formants and voice quality. - name: TorchAudio-based pipelines for computing spectrograms, mel spectrograms, MFCCs and pitch tracks. - name: Speech Articulatory Coding (sparc) package for estimating articulatory kinematics and related features. - name: Phonetic posteriorgram models that produce time-varying distributions over phonetic units for each recording. - description: OpenAI Whisper Large for automatic speech transcription of structured speech tasks, with transcripts from free-speech audio removed before release. - description: The open-source b2aiprep library for orchestrating preprocessing, feature extraction and merging of phenotype data into the released files.","- tool_accuracy: - Certain aspects of the data, for example transcription, were generated using off-the-shelf models that have not been audited for correctness. tool_descriptions: Whisper Large generated the transcriptions. openSMILE, Praat, parselmouth and torchaudio generated the static acoustic, phonetic and prosodic features and the time-varying spectral representations. sparc generated articulatory estimates and source measures; ppgs generated phonetic posteriorgrams. b2aiprep organized and preprocessed the dataset and merged the source data into the phenotype files; SenseLab processed the audio files for research tasks. tools: - OpenAI Whisper Large - openSMILE - Praat - parselmouth - torchaudio - Speech Articulatory Coding (sparc) - ppgs - b2aiprep - SenseLab"
VOICE,maintainers,generated_only,nested,not_assessed_by_slot_overlap,,"- maintainer_details: PhysioNet, maintained by the MIT Laboratory for Computational Physiology, hosts the release and provides continued access to credentialed researchers. role: academic_institution - maintainer_details: The dataset is supported by the NIH via the Bridge2AI project, under NIH Common Fund award OT2OD032720. role: government_agency - maintainer_details: The Bridge2AI-Voice consortium curates the data; requests concerning access to the raw audio are handled by the access committee at DACO@b2ai-voice.org. role: researcher source_caveats: The project documentation's maintenance answers describe hosting by the Health Data Nexus, a platform maintained by the Temerty Centre for Artificial Intelligence Research and Education in Medicine at the University of Toronto, which hosted version 1.0; versions 1.1 onward are hosted on PhysioNet."
VOICE,missing_data_documentation,both_differ_nested,nested,not_assessed_by_slot_overlap,"- description: Phenotype tables include a row for a participant only when at least one variable is non-missing, and participants may have repeated visits with differing responses. Questionnaire completion varies by participant and cohort, so some forms and items are systematically or sporadically missing. Some derived audio features could not be computed for all recordings due to quality or length constraints, and features relating to free speech or sensitive records have been removed. No additional imputation is applied in the released files.","- handling_strategy: The dataset was audited internally for missingness and consistency by the data release team, and a missingness table is included with the dataset. missing_data_causes: Optional questionnaire items, data collection irregularities, cohort-specific branching of the instruments, and removal of representations derived from sensitive records and audio checks. missing_data_patterns: Phenotype data files contain a row for a participant only if at least one column is not missing, and each participant answered a common set of questions plus additional questions relevant to their primary diagnostic category. Feature files omit recordings for which a given feature could not be generated, whether because of length or other issues."
VOICE,name,both_differ_scalar,scalar,not_assessed_by_slot_overlap,"'B2AI Voice: An ethically-sourced, diverse voice dataset linked to health information'",Bridge2AI-Voice ...
VOICE,other_tasks,both_differ_nested,nested,not_assessed_by_slot_overlap,"- description: 'Development, training and fine-tuning of machine-learning models that associate voice-derived features with diagnostic categories or symptom severity for conditions such as vocal fold pathology, neurological and neurodegenerative diseases, mood and anxiety disorders and respiratory illnesses. Benchmarking and validation of existing voice-biomarker algorithms by testing their performance on a clinically diverse, multi-site cohort with standardized tasks and rich phenotype data. Exploratory research on acoustic, phonetic, prosodic and articulatory correlates of disease using de-identified derived features, including work on representation learning, domain adaptation and multimodal integration with other health data. Methodological research on fairness, robustness and AI safety in clinical voice models, including studies of bias related to demographic subgroups or recording conditions, subject to the ethical constraints in the data use agreement. The dataset is explicitly not intended for operational decision making about specific individuals such as hiring, insurance pricing, law enforcement or surveillance, nor for attempts at re-identification or for uses likely to stigmatize individuals or groups.'",- task_details: 'Cohort selection: the questionnaire-derived phenotype tables distributed in the phenotype folder can be used to select cohorts for downstream analysis.'
VOICE,page,generated_only,scalar,not_assessed_by_slot_overlap,,https://physionet.org/content/b2ai-voice/3.1.0/ ...
VOICE,participant_compensation,generated_only,nested,not_assessed_by_slot_overlap,,"- compensation_amount: 40 US dollars for a data collection session taking less than 90 minutes and 80 US dollars for a session taking over 90 minutes, for no more than three sessions and maximum compensation of 120 US dollars. compensation_provided: true compensation_rationale: Compensation for the participant's time; compensation was provided to the adult population only. compensation_type: Electronic gift cards"
VOICE,participant_privacy,generated_only,nested,not_assessed_by_slot_overlap,,"- anonymization_method: Removal of direct identifiers, removal of indirect identifiers where their combination with other public data created a significant risk of re-identification, and release of features extracted from the audio in place of the audio itself. data_linkage: Records are linked across sessions and across feature and phenotype files by a study participant identifier; consenting participants also permitted investigators to access medical information through electronic health record platforms in order to perform gold standard validation of diagnoses and symptoms. privacy_techniques: Withholding of all raw voice recordings from the registered access release; Review and removal of recordings containing potentially identifying information or external voices; Removal of transcripts and derived representations of free speech; Removal of fields encoded as sensitive in the REDCap data dictionary. reidentification_risk: Voice is unique to the speaker and cannot be fully de-identified, so raw audio is disseminated only through controlled access to authorized researchers; K-anonymization with k of two or more is not achieved for the released tables. Recipients of the raw data are contractually barred from using it, alone or with any other information, to attempt to contact the individuals who are its subjects."
VOICE,preprocessing_strategies,both_differ_nested,nested,not_assessed_by_slot_overlap,"- description: Raw audio waveforms are converted to mono and resampled to 16 kHz using anti-aliasing filtering; they are then segmented by task and passed through quality checks. - description: From the standardized audio, multiple derived feature sets are computed including spectrograms, mel spectrograms, MFCCs, articulatory features using the Speech Articulatory Coding package, pitch and loudness estimates, acoustic features from openSMILE, phonetic and prosodic features from Praat and parselmouth, and phonetic posteriorgrams using a dedicated model; all are stored as dense tensors in Parquet files with participant, session and task identifiers. - description: Tabular phenotype and questionnaire files are exported from REDCap and merged using a dedicated open-source b2aiprep library, reorganizing the former single phenotype table into thematically organized TSV files with accompanying JSON data dictionaries; static per-recording feature summaries are provided in static_features.tsv, and de-identification and filtering steps are applied before packaging.","- preprocessing_details: Raw audio was standardized by converting to monaural and resampling to 16 kHz with a Butterworth anti-aliasing filter applied. - preprocessing_details: Spectrograms were computed from the standardized audio using the short-time Fast Fourier Transform with a 25 ms window size, 10 ms hop length and a 400-point FFT, then downsampled by a factor of two in the time domain. Mel spectrograms use the same parameters with 60 Mel bins, and 60 Mel-frequency cepstral coefficients were extracted from the spectrograms. - preprocessing_details: Articulatory features were generated with the Speech Articulatory Coding (sparc) package, giving kinematic traces of vocal tract articulators and source features together with measures of loudness, periodicity and pitch, all gathered at 50 Hz. - preprocessing_details: Phonetic posteriorgrams, a time-varying categorical distribution over acoustic units of speech at 100 Hz across 40 phoneme categories, were generated with the ppgs package. - preprocessing_details: Acoustic features were extracted with openSMILE, and phonetic and prosodic features — measures of fundamental frequency, formants and voice quality — were computed with Parselmouth and Praat. - preprocessing_details: Transcriptions were generated using OpenAI's Whisper Large model."
VOICE,prohibited_uses,generated_only,nested,not_assessed_by_slot_overlap,,"- notes: The dataset is not to be used to attempt to re-identify research participants, nor for any actions that could reasonably lead to re-identification. prohibition_reason: Re-identification attempts are barred because the Registered Data Access Agreement reflects the consortium's commitment to advancing ethical and trustworthy research practices that respect and protect the rights and interests of research participants. - prohibition_reason: Uses that could foreseeably cause harm or stigmatization to research participants, their families, communities or specific populations are barred in order to protect the rights and interests of those participants and populations. - prohibition_reason: Intellectual property protections, database rights or related rights may not be used in a manner that restricts or limits access to any part of the dataset or to any conclusions derived from it, so that future use of the dataset remains unrestricted in alignment with the Open Science principles upheld by the consortium."
VOICE,publisher,both_differ_scalar,scalar,not_assessed_by_slot_overlap,PhysioNet ...,https://physionet.org/ ...
VOICE,purposes,both_differ_nested,nested,not_assessed_by_slot_overlap,"- description: 'Development, training and fine-tuning of machine-learning models that associate voice-derived features with diagnostic categories or symptom severity for conditions such as vocal fold pathology, neurological and neurodegenerative diseases, mood and anxiety disorders and respiratory illnesses. Benchmarking and validation of existing voice-biomarker algorithms by testing their performance on a clinically diverse, multi-site cohort with standardized tasks and rich phenotype data. Exploratory research on acoustic, phonetic, prosodic and articulatory correlates of disease using de-identified derived features, including work on representation learning, domain adaptation and multimodal integration with other health data. Methodological research on fairness, robustness and AI safety in clinical voice models, including studies of bias related to demographic subgroups or recording conditions, subject to the ethical constraints in the data use agreement. The dataset is explicitly not intended for operational decision making about specific individuals such as hiring, insurance pricing, law enforcement or surveillance, nor for attempts at re-identification or for uses likely to stigmatize individuals or groups.'","- response: To create an ethically sourced flagship dataset that enables future research in artificial intelligence and supports critical insights into the use of voice as a biomarker of health. - response: To generate a large multi-institutional, ethically sourced and diverse voice dataset linked to multimodal health biomarkers in order to fuel voice AI research and promote integration of voice as a biomarker of health in clinical care. - response: To enable the development, benchmarking or validation of clinically applicable machine-learning models for diagnosing a wide range of health conditions using voice data, including vocal pathologies and neurological, psychiatric, respiratory and pediatric voice disorders."
VOICE,raw_data_sources,both_differ_nested,nested,not_assessed_by_slot_overlap,"- source_description: The original raw data consist of high-quality voice, speech and respiratory audio waveforms recorded on tablet or smartphone devices with headset microphones when available, plus responses to structured demographic and medical history questionnaires, disease-specific validated questionnaires and other patient-reported outcomes, together with clinical diagnoses and other metadata extracted from electronic health records. The public feature-only PhysioNet release contains de-identified derived representations of the audio, such as spectrograms, mel spectrograms, MFCCs, articulatory and prosodic features and phonetic posteriorgrams, along with tabular phenotype files and data dictionaries; access to the underlying raw audio is available only through a separate controlled-access process.","- access_details: Not included in the PhysioNet release. Retained but not publicly accessible; disseminated through controlled access only, via Synapse at https://www.synapse.org/Synapse:syn72370534/, with requests directed to the access committee at DACO@b2ai-voice.org. raw_data_format: WAV audio source_description: Raw audio recordings of the acoustic tasks, captured by the Bridge2AI-Voice application on a tablet with a headset microphone. source_type: primary collection - access_details: Exported and converted with the project's open source b2aiprep library into the released phenotype tables. raw_data_format: REDCap export source_description: Questionnaire, demographic, confounder and diagnostic data captured through the collection application and held in REDCap. source_type: primary collection"
VOICE,raw_sources,crate_only,nested,not_assessed_by_slot_overlap,"- description: The original raw data consist of high-quality voice, speech and respiratory audio waveforms recorded on tablet or smartphone devices with headset microphones when available, plus responses to structured demographic and medical history questionnaires, disease-specific validated questionnaires and other patient-reported outcomes, together with clinical diagnoses and other metadata extracted from electronic health records. The public feature-only PhysioNet release contains de-identified derived representations of the audio, such as spectrograms, mel spectrograms, MFCCs, articulatory and prosodic features and phonetic posteriorgrams, along with tabular phenotype files and data dictionaries; access to the underlying raw audio is available only through a separate controlled-access process.",
VOICE,regulatory_restrictions,both_differ_nested,nested,not_assessed_by_slot_overlap,name: https://physionet.org/content/b2ai-voice/view-dua/3.0.0/,"confidentiality_level: restricted hipaa_compliant: compliant other_compliance: HIPAA de-identification rules were applied and direct identifiers removed. The data transferred under the Data Transfer and Use Agreement is covered by a Certificate of Confidentiality. Recipients must store the data with administrative, physical and technical safeguards adequate to protect personally identifiable information, must restrict access to authorized persons, and must report any unauthorized use or disclosure to the provider within five business days of discovery. regulatory_restrictions: - No export controls apply to the dataset. source_caveats: The Data Transfer and Use Agreement characterizes the transferred data as personally identifiable information under OMB Memorandum M-07-16 and states that it is ""not covered under HIPAA, FERPA, or similar laws"", while the dataset documentation records that HIPAA de-identification rules were applied to the released dataset; both statements are recorded rather than reconciled."
VOICE,related_datasets,generated_only,nested,not_assessed_by_slot_overlap,,"- notes: Version 3.0.0 of the same dataset, published 16 December 2025, which added data for 391 participants over version 2.0.1 and reorganized the phenotype files. relationship_type: is_new_version_of target_dataset: 10.13026/k81f-qr68 - notes: The raw audio recordings for the adult cohort, from which the released features are computed, disseminated through controlled access on Synapse at https://www.synapse.org/Synapse:syn72370534/. Identified by its Synapse accession because the sources state no DOI for it. relationship_type: derives_from target_dataset: syn72370534 - notes: The Bridge2AI-Voice Pediatric Dataset version 1.1.0, a separate PhysioNet release covering 23,533 recordings from 300 participants aged 2 to 18 collected at the Hospital for Sick Children. relationship_type: references target_dataset: 10.13026/h995-bt35 - notes: The publication describing development of the multi-disorder voice protocols used for collection. relationship_type: is_documented_by target_dataset: 10.21437/Interspeech.2024-1926"
VOICE,relationships,generated_only,nested,not_assessed_by_slot_overlap,,"- relationship_details: Relationships between individual participants are not made explicit; the participants are unrelated to one another. - relationship_details: Within a participant, recordings are grouped into sessions. Most participants completed collection in a single session, but a subset required multiple sessions, so there may be more than one session per participant and more than one row per participant in the phenotype files; a participant is not required to give the same response at each visit."
VOICE,retention_limit,both_differ_nested,nested,not_assessed_by_slot_overlap,name: https://physionet.org/content/b2ai-voice/view-dua/3.0.0/,"retention_details: 'Once data is contributed, the data will be retained as long as it is useful for research purposes, possibly indefinitely. Recipients of the raw voice data under the Data Transfer and Use Agreement hold it for a shorter term: two years after the start date, upon completion of the project, upon termination, or upon expiration of the applicable ethics approval, whichever occurs first, after which the data is destroyed in accordance with the provider''s instructions and a written certification of destruction is submitted within thirty days. Identifiable data and the sheets linking participant numbers to participant information are held by each collecting institution for a maximum of ten years after study completion and then destroyed.' retention_period: Indefinite for the published dataset; two years or less for recipients of the raw data"
VOICE,sampling_strategies,generated_only,nested,not_assessed_by_slot_overlap,,"- is_representative: false is_sample: true representative_verification: - No verification of representativeness is reported; the project states an intention to make the sample more representative by shifting to remote collection and by designing recruitment to control for more variables. source_data: Patients presenting at specialty clinics and institutions in five predetermined cohort groups, plus participants without the conditions of interest serving as controls. strategies: Non-probability sampling. Recruitment of participants at high volume expert clinics within participating academic institutions, screened against per-diagnosis inclusion and exclusion criteria before the clinic visit. why_not_representative: The dataset is a sample of a larger, ongoing collection and is not representative because it was collected at a limited number of geographic locations."
VOICE,sensitive_elements,both_differ_nested,nested,not_assessed_by_slot_overlap,"- description: The dataset encodes health-related information including diagnostic categories for voice disorders, neurological and neurodegenerative conditions, mood and psychiatric disorders and respiratory diseases, as well as symptom scores from questionnaires, which constitute sensitive personal health data. - description: Demographic variables such as age, sex and country of data collection are included in coarsened form, while finer-grained geographic identifiers, direct identifiers and many socio-economic and cultural details have been removed during de-identification to reduce re-identification risk. - description: Highly sensitive content including detailed narrative responses, some information about household income, traumatic life experiences and granular cultural identifiers has been removed entirely from this feature-only dataset; raw voice recordings, which are themselves biometric identifiers, are made available only under controlled access. - description: Use of the data is restricted to authorized researchers under a registered-access license and associated data use agreement that explicitly forbids attempts at re-identification, stigmatizing or discriminatory uses and applications such as surveillance or high-stakes individual decision making.","- sensitive_elements_present: true sensitivity_details: The dataset includes race and ethnicity information and sexual orientation information. - sensitive_elements_present: true sensitivity_details: The dataset includes socioeconomic and health information, including clinical diagnoses across voice, neurological, psychiatric and respiratory conditions. - sensitive_elements_present: true sensitivity_details: Voice itself is a biometric characteristic capable of identifying the speaker, which is why all raw voice data was removed from the registered access release and is disseminated only under controlled access."
VOICE,source_caveats,generated_only,scalar,not_assessed_by_slot_overlap,,"'This record describes the adult Bridge2AI-Voice dataset at PhysioNet version 3.1.0, published 2026-05-01, which is the most recent version present in the source bundle; the Bridge2AI-Voice Pediatric Dataset is recorded as a related dataset rather than as part of this one. The project documentation at docs.b2ai-voice.org answers several healthsheet questions against earlier releases — it reports ""version 3.0 containing ~61,937 voice-derived recordings from 833 adult participants"", heads its de-identification section ""Methods of De-identification for v3.0.0"", and elsewhere refers to ""The current v.2.0.0 dataset""; where that documentation and the PhysioNet 3.1.0 record differ, the higher-ranked PhysioNet record has been preferred here. The documentation also gives distribution and maintenance answers for the Health Data Nexus platform, where version 1.0 was published, while versions 1.1 onward are published on PhysioNet. The documentation''s data pre-processing section states that ""The raw audio files and the questionnaire data retrieved from ReproSchema-UI or exported from REDCap were converted to be compliant with the Brain Imaging Data Structure v1.9.0"" and shows a b2ai-voice-audio layout of dataset_description.json, phenotype and sub-<id>/ses-<id>/audio directories; the PhysioNet 3.1.0 release described here has a features, metadata and phenotype layout and does not state conformance to any data standard, so no standard is asserted for this release. Email addresses in the scraped documentation are redacted as ""[email protected]"", so only the DACO@b2ai-voice.org address that appears verbatim in the PhysioNet notices is recorded. The award identifier is written variously across sources: the PhysioNet acknowledgement gives ""3OT2OD032720-01S1"", NIH RePORTER gives application ""3OT2OD032720-01S3"" under core project ""OT2OD032720"", and the documentation footer gives ""Award #3Tf-OTOD03272001S2"" and ""3TF-OT2ActfOD032720Projectf01S1"", both apparently corrupted in transcription. The 2025 feasibility publication in the bundle reports a separate 47-participant study of the collection application under USF IRB 004890 and its participant characteristics, task metrics and limitations are not attributed to this dataset.'"
VOICE,splits,generated_only,nested,not_assessed_by_slot_overlap,,"- split_details: No recommended train, validation or test splits are predefined. Researchers are encouraged to create their own data splits based on their specific requirements."
VOICE,status,generated_only,scalar,not_assessed_by_slot_overlap,,published ...
VOICE,subpopulations,generated_only,nested,not_assessed_by_slot_overlap,,"- distribution: The public data releases do not contain an equal distribution of the disease categories, and the dataset has skews based on disorder category, site and other demographic factors. identification: Age, gender, sex, ethnicity and socioeconomic status are recorded, and participants are assigned to disease cohort categories — voice disorders, neurological and neurodegenerative disorders, mood and psychiatric disorders, respiratory disorders — or to the control group. subpopulation_elements_present: true"
VOICE,tasks,both_differ_nested,nested,not_assessed_by_slot_overlap,"- description: 'Development, training and fine-tuning of machine-learning models that associate voice-derived features with diagnostic categories or symptom severity for conditions such as vocal fold pathology, neurological and neurodegenerative diseases, mood and anxiety disorders and respiratory illnesses. Benchmarking and validation of existing voice-biomarker algorithms by testing their performance on a clinically diverse, multi-site cohort with standardized tasks and rich phenotype data. Exploratory research on acoustic, phonetic, prosodic and articulatory correlates of disease using de-identified derived features, including work on representation learning, domain adaptation and multimodal integration with other health data. Methodological research on fairness, robustness and AI safety in clinical voice models, including studies of bias related to demographic subgroups or recording conditions, subject to the ethical constraints in the data use agreement. The dataset is explicitly not intended for operational decision making about specific individuals such as hiring, insurance pricing, law enforcement or surveillance, nor for attempts at re-identification or for uses likely to stigmatize individuals or groups.'","- response: Training machine-learning models for disease detection and classification using voice data, with labels drawn from diagnostic categories including vocal pathologies, neurological disorders, psychiatric conditions and respiratory disorders. - response: Screening, diagnosis and monitoring of health conditions through voice biomarkers."
VOICE,third_party_sharing,generated_only,nested,not_assessed_by_slot_overlap,,"- is_shared: true notes: The dataset is distributed broadly to individuals outside the entity that created it, through a data publishing platform that provides publicly accessible metadata and a DOI while the dataset itself requires registered or credentialed access. Collaborators at other research organizations, and other research teams at the same organization, must apply independently for access to the raw data and sign their own Data Transfer and Use Agreement."
VOICE,title,both_differ_scalar,scalar,not_assessed_by_slot_overlap,"'B2AI Voice: An ethically-sourced, diverse voice dataset linked to health information'","'Bridge2AI-Voice: An ethically-sourced, diverse voice dataset linked to health information'"
VOICE,updates,both_differ_nested,nested,not_assessed_by_slot_overlap,"description: 'Dataset releases follow a static versioning scheme managed through PhysioNet and related platforms, with version numbers such as 1.0, 1.1, 2.0.0, 2.0.1 and 3.0.0 and associated DOIs for each snapshot and for the latest version. Releases are coordinated by the Bridge2AI-Voice project team and the MIT Laboratory for Computational Physiology; release notes document added participants, new feature sets, reorganized phenotype tables and corrections such as spectrogram reprocessing and authorship updates. Future updates are planned as additional participants are enrolled and Spanish-language protocols are incorporated; older versions remain accessible for reproducibility while users are encouraged to adopt the latest version.'","update_details: The project documentation states that further versions of the dataset will be released on a semi-annual (twice a year) basis, distributed as new versions of the dataset, with users notified through news items on the hosting platform and through standard communication channels; that statement is a plan written against the Health Data Nexus platform and an earlier release, not an observed cadence. Published versions to date are 1.0 on Health Data Nexus, then 1.1 (17 January 2025), 2.0.0 (16 April 2025), 2.0.1 (18 August 2025), 3.0.0 (16 December 2025) and 3.1.0 (1 May 2026)."
VOICE,variables,generated_only,nested,not_assessed_by_slot_overlap,,"- data_type: identifier description: Unique identifier for the participant, carried by every feature file and phenotype table. is_identifier: true variable_name: participant_id - data_type: identifier description: Unique identifier for the recording session; a participant may contribute more than one session. is_identifier: true variable_name: session_id - data_type: categorical description: The acoustic task performed in the recording from which the feature was derived. variable_name: task_name - data_type: integer description: The number of time frames associated with the feature tensor for that recording. variable_name: n_frames"
VOICE,version,both_differ_scalar,scalar,not_assessed_by_slot_overlap,3.0.0 ...,3.1.0 ...
VOICE,version_access,both_differ_nested,nested,not_assessed_by_slot_overlap,name: 3.0.0,"latest_version_doi: doi:10.13026/37yb-1t42 version_details: Each version of the dataset has a unique DOI, and by default older versions continue to be supported, hosted and made available to researchers, though the dataset publishers reserve the right to remove access to older versions. The files for version 1.1 are no longer available from PhysioNet. Version 1.0 was published on the Health Data Nexus platform under doi:10.57764/qb6h-em84. versions_available: - 1.1 — 17 January 2025 — doi:10.13026/249v-w155 - 2.0.0 — 16 April 2025 - 2.0.1 — 18 August 2025 - 3.0.0 — 16 December 2025 — doi:10.13026/k81f-qr68 - 3.1.0 — 1 May 2026 — doi:10.13026/8xbn-nq66"
VOICE,was_derived_from,generated_only,scalar,not_assessed_by_slot_overlap,,"Raw audio recordings of standardized acoustic tasks captured by the Bridge2AI-Voice tablet application, together with questionnaire and clinical data captured in REDCap, collected under the Bridge2AI Voice Data Acquisition protocol. ..."
