project,arm,cohort,rep,path,module,slot,state
AI_READI,api,v7,1,data/d4d_concatenated/claudecode_agent/2026-09-01_claude-opus-5-api-generic-v7_rep1/AI_READI_d4d.yaml,Motivation,purposes,populated
AI_READI,api,v7,2,data/d4d_concatenated/claudecode_agent/2026-09-01_claude-opus-5-api-generic-v7_rep2/AI_READI_d4d.yaml,Motivation,purposes,populated
AI_READI,api,v7,3,data/d4d_concatenated/claudecode_agent/2026-09-01_claude-opus-5-api-generic-v7_rep3/AI_READI_d4d.yaml,Motivation,purposes,populated
AI_READI,api,v8,1,data/d4d_concatenated/claudecode_api/2026-09-04g_claude-opus-5-api-generic-v8_rep1/AI_READI_d4d.yaml,Motivation,purposes,populated
AI_READI,api,v8,2,data/d4d_concatenated/claudecode_api/2026-09-04g_claude-opus-5-api-generic-v8_rep2/AI_READI_d4d.yaml,Motivation,purposes,populated
AI_READI,api,v8,3,data/d4d_concatenated/claudecode_api/2026-09-04g_claude-opus-5-api-generic-v8_rep3/AI_READI_d4d.yaml,Motivation,purposes,populated
AI_READI,agentic,v6,1,data/d4d_concatenated/claudecode_agent/2026-08-28_claude-opus-5-claudecode-generic-v6_rep1/AI_READI_d4d.yaml,Motivation,purposes,populated
AI_READI,agentic,v6,2,data/d4d_concatenated/claudecode_agent/2026-08-28_claude-opus-5-claudecode-generic-v6_rep2/AI_READI_d4d.yaml,Motivation,purposes,populated
AI_READI,agentic,v6,3,data/d4d_concatenated/claudecode_agent/2026-08-28_claude-opus-5-claudecode-generic-v6_rep3/AI_READI_d4d.yaml,Motivation,purposes,populated
AI_READI,direct,,,,Motivation,purposes,no_record
CHORUS,api,v7,1,data/d4d_concatenated/claudecode_agent/2026-09-01_claude-opus-5-api-generic-v7_rep1/CHORUS_d4d.yaml,Motivation,purposes,populated
CHORUS,api,v7,2,data/d4d_concatenated/claudecode_agent/2026-09-01_claude-opus-5-api-generic-v7_rep2/CHORUS_d4d.yaml,Motivation,purposes,populated
CHORUS,api,v7,3,data/d4d_concatenated/claudecode_agent/2026-09-01_claude-opus-5-api-generic-v7_rep3/CHORUS_d4d.yaml,Motivation,purposes,populated
CHORUS,api,v8,1,data/d4d_concatenated/claudecode_api/2026-09-04f_claude-opus-5-api-generic-v8_rep1/CHORUS_d4d.yaml,Motivation,purposes,populated
CHORUS,api,v8,2,data/d4d_concatenated/claudecode_api/2026-09-04f_claude-opus-5-api-generic-v8_rep2/CHORUS_d4d.yaml,Motivation,purposes,populated
CHORUS,api,v8,3,data/d4d_concatenated/claudecode_api/2026-09-04f_claude-opus-5-api-generic-v8_rep3/CHORUS_d4d.yaml,Motivation,purposes,populated
CHORUS,agentic,v6,1,data/d4d_concatenated/claudecode_agent/2026-08-28_claude-opus-5-claudecode-generic-v6_rep1/CHORUS_d4d.yaml,Motivation,purposes,populated
CHORUS,agentic,v6,2,data/d4d_concatenated/claudecode_agent/2026-08-28_claude-opus-5-claudecode-generic-v6_rep2/CHORUS_d4d.yaml,Motivation,purposes,populated
CHORUS,agentic,v6,3,data/d4d_concatenated/claudecode_agent/2026-08-28_claude-opus-5-claudecode-generic-v6_rep3/CHORUS_d4d.yaml,Motivation,purposes,populated
CHORUS,direct,,,,Motivation,purposes,no_record
CM4AI,api,v7,1,data/d4d_concatenated/claudecode_agent/2026-09-01_claude-opus-5-api-generic-v7_rep1/CM4AI_d4d.yaml,Motivation,purposes,populated
CM4AI,api,v7,2,data/d4d_concatenated/claudecode_agent/2026-09-01_claude-opus-5-api-generic-v7_rep2/CM4AI_d4d.yaml,Motivation,purposes,populated
CM4AI,api,v7,3,data/d4d_concatenated/claudecode_agent/2026-09-01_claude-opus-5-api-generic-v7_rep3/CM4AI_d4d.yaml,Motivation,purposes,populated
CM4AI,api,v8,1,data/d4d_concatenated/claudecode_api/2026-09-04g_claude-opus-5-api-generic-v8_rep1/CM4AI_d4d.yaml,Motivation,purposes,populated
CM4AI,api,v8,2,data/d4d_concatenated/claudecode_api/2026-09-04g_claude-opus-5-api-generic-v8_rep2/CM4AI_d4d.yaml,Motivation,purposes,populated
CM4AI,api,v8,3,data/d4d_concatenated/claudecode_api/2026-09-04g_claude-opus-5-api-generic-v8_rep3/CM4AI_d4d.yaml,Motivation,purposes,populated
CM4AI,agentic,v6,1,data/d4d_concatenated/claudecode_agent/2026-08-28_claude-opus-5-claudecode-generic-v6_rep1/CM4AI_d4d.yaml,Motivation,purposes,populated
CM4AI,agentic,v6,2,data/d4d_concatenated/claudecode_agent/2026-08-28_claude-opus-5-claudecode-generic-v6_rep2/CM4AI_d4d.yaml,Motivation,purposes,populated
CM4AI,agentic,v6,3,data/d4d_concatenated/claudecode_agent/2026-08-28_claude-opus-5-claudecode-generic-v6_rep3/CM4AI_d4d.yaml,Motivation,purposes,populated
CM4AI,direct,,,,Motivation,purposes,no_record
VOICE,api,v7,1,data/d4d_concatenated/claudecode_agent/2026-09-01_claude-opus-5-api-generic-v7_rep1/VOICE_d4d.yaml,Motivation,purposes,populated
VOICE,api,v7,2,data/d4d_concatenated/claudecode_agent/2026-09-01_claude-opus-5-api-generic-v7_rep2/VOICE_d4d.yaml,Motivation,purposes,populated
VOICE,api,v7,3,data/d4d_concatenated/claudecode_agent/2026-09-01_claude-opus-5-api-generic-v7_rep3/VOICE_d4d.yaml,Motivation,purposes,populated
VOICE,api,v8,1,data/d4d_concatenated/claudecode_api/2026-09-04f_claude-opus-5-api-generic-v8_rep1/VOICE_d4d.yaml,Motivation,purposes,populated
VOICE,api,v8,2,data/d4d_concatenated/claudecode_api/2026-09-04f_claude-opus-5-api-generic-v8_rep2/VOICE_d4d.yaml,Motivation,purposes,populated
VOICE,api,v8,3,data/d4d_concatenated/claudecode_api/2026-09-04f_claude-opus-5-api-generic-v8_rep3/VOICE_d4d.yaml,Motivation,purposes,populated
VOICE,agentic,v6,1,data/d4d_concatenated/claudecode_agent/2026-08-28_claude-opus-5-claudecode-generic-v6_rep1/VOICE_d4d.yaml,Motivation,purposes,populated
VOICE,agentic,v6,2,data/d4d_concatenated/claudecode_agent/2026-08-28_claude-opus-5-claudecode-generic-v6_rep2/VOICE_d4d.yaml,Motivation,purposes,populated
VOICE,agentic,v6,3,data/d4d_concatenated/claudecode_agent/2026-08-28_claude-opus-5-claudecode-generic-v6_rep3/VOICE_d4d.yaml,Motivation,purposes,populated
VOICE,direct,,,,Motivation,purposes,no_record
AI_READI,api,v7,1,data/d4d_concatenated/claudecode_agent/2026-09-01_claude-opus-5-api-generic-v7_rep1/AI_READI_d4d.yaml,Motivation,tasks,populated
AI_READI,api,v7,2,data/d4d_concatenated/claudecode_agent/2026-09-01_claude-opus-5-api-generic-v7_rep2/AI_READI_d4d.yaml,Motivation,tasks,populated
AI_READI,api,v7,3,data/d4d_concatenated/claudecode_agent/2026-09-01_claude-opus-5-api-generic-v7_rep3/AI_READI_d4d.yaml,Motivation,tasks,populated
AI_READI,api,v8,1,data/d4d_concatenated/claudecode_api/2026-09-04g_claude-opus-5-api-generic-v8_rep1/AI_READI_d4d.yaml,Motivation,tasks,populated
AI_READI,api,v8,2,data/d4d_concatenated/claudecode_api/2026-09-04g_claude-opus-5-api-generic-v8_rep2/AI_READI_d4d.yaml,Motivation,tasks,populated
AI_READI,api,v8,3,data/d4d_concatenated/claudecode_api/2026-09-04g_claude-opus-5-api-generic-v8_rep3/AI_READI_d4d.yaml,Motivation,tasks,populated
AI_READI,agentic,v6,1,data/d4d_concatenated/claudecode_agent/2026-08-28_claude-opus-5-claudecode-generic-v6_rep1/AI_READI_d4d.yaml,Motivation,tasks,populated
AI_READI,agentic,v6,2,data/d4d_concatenated/claudecode_agent/2026-08-28_claude-opus-5-claudecode-generic-v6_rep2/AI_READI_d4d.yaml,Motivation,tasks,populated
AI_READI,agentic,v6,3,data/d4d_concatenated/claudecode_agent/2026-08-28_claude-opus-5-claudecode-generic-v6_rep3/AI_READI_d4d.yaml,Motivation,tasks,populated
AI_READI,direct,,,,Motivation,tasks,no_record
CHORUS,api,v7,1,data/d4d_concatenated/claudecode_agent/2026-09-01_claude-opus-5-api-generic-v7_rep1/CHORUS_d4d.yaml,Motivation,tasks,populated
CHORUS,api,v7,2,data/d4d_concatenated/claudecode_agent/2026-09-01_claude-opus-5-api-generic-v7_rep2/CHORUS_d4d.yaml,Motivation,tasks,populated
CHORUS,api,v7,3,data/d4d_concatenated/claudecode_agent/2026-09-01_claude-opus-5-api-generic-v7_rep3/CHORUS_d4d.yaml,Motivation,tasks,populated
CHORUS,api,v8,1,data/d4d_concatenated/claudecode_api/2026-09-04f_claude-opus-5-api-generic-v8_rep1/CHORUS_d4d.yaml,Motivation,tasks,populated
CHORUS,api,v8,2,data/d4d_concatenated/claudecode_api/2026-09-04f_claude-opus-5-api-generic-v8_rep2/CHORUS_d4d.yaml,Motivation,tasks,populated
CHORUS,api,v8,3,data/d4d_concatenated/claudecode_api/2026-09-04f_claude-opus-5-api-generic-v8_rep3/CHORUS_d4d.yaml,Motivation,tasks,populated
CHORUS,agentic,v6,1,data/d4d_concatenated/claudecode_agent/2026-08-28_claude-opus-5-claudecode-generic-v6_rep1/CHORUS_d4d.yaml,Motivation,tasks,populated
CHORUS,agentic,v6,2,data/d4d_concatenated/claudecode_agent/2026-08-28_claude-opus-5-claudecode-generic-v6_rep2/CHORUS_d4d.yaml,Motivation,tasks,populated
CHORUS,agentic,v6,3,data/d4d_concatenated/claudecode_agent/2026-08-28_claude-opus-5-claudecode-generic-v6_rep3/CHORUS_d4d.yaml,Motivation,tasks,populated
CHORUS,direct,,,,Motivation,tasks,no_record
CM4AI,api,v7,1,data/d4d_concatenated/claudecode_agent/2026-09-01_claude-opus-5-api-generic-v7_rep1/CM4AI_d4d.yaml,Motivation,tasks,populated
CM4AI,api,v7,2,data/d4d_concatenated/claudecode_agent/2026-09-01_claude-opus-5-api-generic-v7_rep2/CM4AI_d4d.yaml,Motivation,tasks,populated
CM4AI,api,v7,3,data/d4d_concatenated/claudecode_agent/2026-09-01_claude-opus-5-api-generic-v7_rep3/CM4AI_d4d.yaml,Motivation,tasks,populated
CM4AI,api,v8,1,data/d4d_concatenated/claudecode_api/2026-09-04g_claude-opus-5-api-generic-v8_rep1/CM4AI_d4d.yaml,Motivation,tasks,populated
CM4AI,api,v8,2,data/d4d_concatenated/claudecode_api/2026-09-04g_claude-opus-5-api-generic-v8_rep2/CM4AI_d4d.yaml,Motivation,tasks,populated
CM4AI,api,v8,3,data/d4d_concatenated/claudecode_api/2026-09-04g_claude-opus-5-api-generic-v8_rep3/CM4AI_d4d.yaml,Motivation,tasks,populated
CM4AI,agentic,v6,1,data/d4d_concatenated/claudecode_agent/2026-08-28_claude-opus-5-claudecode-generic-v6_rep1/CM4AI_d4d.yaml,Motivation,tasks,populated
CM4AI,agentic,v6,2,data/d4d_concatenated/claudecode_agent/2026-08-28_claude-opus-5-claudecode-generic-v6_rep2/CM4AI_d4d.yaml,Motivation,tasks,populated
CM4AI,agentic,v6,3,data/d4d_concatenated/claudecode_agent/2026-08-28_claude-opus-5-claudecode-generic-v6_rep3/CM4AI_d4d.yaml,Motivation,tasks,populated
CM4AI,direct,,,,Motivation,tasks,no_record
VOICE,api,v7,1,data/d4d_concatenated/claudecode_agent/2026-09-01_claude-opus-5-api-generic-v7_rep1/VOICE_d4d.yaml,Motivation,tasks,populated
VOICE,api,v7,2,data/d4d_concatenated/claudecode_agent/2026-09-01_claude-opus-5-api-generic-v7_rep2/VOICE_d4d.yaml,Motivation,tasks,populated
VOICE,api,v7,3,data/d4d_concatenated/claudecode_agent/2026-09-01_claude-opus-5-api-generic-v7_rep3/VOICE_d4d.yaml,Motivation,tasks,populated
VOICE,api,v8,1,data/d4d_concatenated/claudecode_api/2026-09-04f_claude-opus-5-api-generic-v8_rep1/VOICE_d4d.yaml,Motivation,tasks,populated
VOICE,api,v8,2,data/d4d_concatenated/claudecode_api/2026-09-04f_claude-opus-5-api-generic-v8_rep2/VOICE_d4d.yaml,Motivation,tasks,populated
VOICE,api,v8,3,data/d4d_concatenated/claudecode_api/2026-09-04f_claude-opus-5-api-generic-v8_rep3/VOICE_d4d.yaml,Motivation,tasks,populated
VOICE,agentic,v6,1,data/d4d_concatenated/claudecode_agent/2026-08-28_claude-opus-5-claudecode-generic-v6_rep1/VOICE_d4d.yaml,Motivation,tasks,populated
VOICE,agentic,v6,2,data/d4d_concatenated/claudecode_agent/2026-08-28_claude-opus-5-claudecode-generic-v6_rep2/VOICE_d4d.yaml,Motivation,tasks,populated
VOICE,agentic,v6,3,data/d4d_concatenated/claudecode_agent/2026-08-28_claude-opus-5-claudecode-generic-v6_rep3/VOICE_d4d.yaml,Motivation,tasks,populated
VOICE,direct,,,,Motivation,tasks,no_record
AI_READI,api,v7,1,data/d4d_concatenated/claudecode_agent/2026-09-01_claude-opus-5-api-generic-v7_rep1/AI_READI_d4d.yaml,Motivation,addressing_gaps,populated
AI_READI,api,v7,2,data/d4d_concatenated/claudecode_agent/2026-09-01_claude-opus-5-api-generic-v7_rep2/AI_READI_d4d.yaml,Motivation,addressing_gaps,populated
AI_READI,api,v7,3,data/d4d_concatenated/claudecode_agent/2026-09-01_claude-opus-5-api-generic-v7_rep3/AI_READI_d4d.yaml,Motivation,addressing_gaps,populated
AI_READI,api,v8,1,data/d4d_concatenated/claudecode_api/2026-09-04g_claude-opus-5-api-generic-v8_rep1/AI_READI_d4d.yaml,Motivation,addressing_gaps,populated
AI_READI,api,v8,2,data/d4d_concatenated/claudecode_api/2026-09-04g_claude-opus-5-api-generic-v8_rep2/AI_READI_d4d.yaml,Motivation,addressing_gaps,populated
AI_READI,api,v8,3,data/d4d_concatenated/claudecode_api/2026-09-04g_claude-opus-5-api-generic-v8_rep3/AI_READI_d4d.yaml,Motivation,addressing_gaps,populated
AI_READI,agentic,v6,1,data/d4d_concatenated/claudecode_agent/2026-08-28_claude-opus-5-claudecode-generic-v6_rep1/AI_READI_d4d.yaml,Motivation,addressing_gaps,populated
AI_READI,agentic,v6,2,data/d4d_concatenated/claudecode_agent/2026-08-28_claude-opus-5-claudecode-generic-v6_rep2/AI_READI_d4d.yaml,Motivation,addressing_gaps,populated
AI_READI,agentic,v6,3,data/d4d_concatenated/claudecode_agent/2026-08-28_claude-opus-5-claudecode-generic-v6_rep3/AI_READI_d4d.yaml,Motivation,addressing_gaps,populated
AI_READI,direct,,,,Motivation,addressing_gaps,no_record
CHORUS,api,v7,1,data/d4d_concatenated/claudecode_agent/2026-09-01_claude-opus-5-api-generic-v7_rep1/CHORUS_d4d.yaml,Motivation,addressing_gaps,populated
CHORUS,api,v7,2,data/d4d_concatenated/claudecode_agent/2026-09-01_claude-opus-5-api-generic-v7_rep2/CHORUS_d4d.yaml,Motivation,addressing_gaps,populated
CHORUS,api,v7,3,data/d4d_concatenated/claudecode_agent/2026-09-01_claude-opus-5-api-generic-v7_rep3/CHORUS_d4d.yaml,Motivation,addressing_gaps,populated
CHORUS,api,v8,1,data/d4d_concatenated/claudecode_api/2026-09-04f_claude-opus-5-api-generic-v8_rep1/CHORUS_d4d.yaml,Motivation,addressing_gaps,populated
CHORUS,api,v8,2,data/d4d_concatenated/claudecode_api/2026-09-04f_claude-opus-5-api-generic-v8_rep2/CHORUS_d4d.yaml,Motivation,addressing_gaps,populated
CHORUS,api,v8,3,data/d4d_concatenated/claudecode_api/2026-09-04f_claude-opus-5-api-generic-v8_rep3/CHORUS_d4d.yaml,Motivation,addressing_gaps,populated
CHORUS,agentic,v6,1,data/d4d_concatenated/claudecode_agent/2026-08-28_claude-opus-5-claudecode-generic-v6_rep1/CHORUS_d4d.yaml,Motivation,addressing_gaps,populated
CHORUS,agentic,v6,2,data/d4d_concatenated/claudecode_agent/2026-08-28_claude-opus-5-claudecode-generic-v6_rep2/CHORUS_d4d.yaml,Motivation,addressing_gaps,populated
CHORUS,agentic,v6,3,data/d4d_concatenated/claudecode_agent/2026-08-28_claude-opus-5-claudecode-generic-v6_rep3/CHORUS_d4d.yaml,Motivation,addressing_gaps,populated
CHORUS,direct,,,,Motivation,addressing_gaps,no_record
CM4AI,api,v7,1,data/d4d_concatenated/claudecode_agent/2026-09-01_claude-opus-5-api-generic-v7_rep1/CM4AI_d4d.yaml,Motivation,addressing_gaps,populated
CM4AI,api,v7,2,data/d4d_concatenated/claudecode_agent/2026-09-01_claude-opus-5-api-generic-v7_rep2/CM4AI_d4d.yaml,Motivation,addressing_gaps,populated
CM4AI,api,v7,3,data/d4d_concatenated/claudecode_agent/2026-09-01_claude-opus-5-api-generic-v7_rep3/CM4AI_d4d.yaml,Motivation,addressing_gaps,populated
CM4AI,api,v8,1,data/d4d_concatenated/claudecode_api/2026-09-04g_claude-opus-5-api-generic-v8_rep1/CM4AI_d4d.yaml,Motivation,addressing_gaps,populated
CM4AI,api,v8,2,data/d4d_concatenated/claudecode_api/2026-09-04g_claude-opus-5-api-generic-v8_rep2/CM4AI_d4d.yaml,Motivation,addressing_gaps,populated
CM4AI,api,v8,3,data/d4d_concatenated/claudecode_api/2026-09-04g_claude-opus-5-api-generic-v8_rep3/CM4AI_d4d.yaml,Motivation,addressing_gaps,populated
CM4AI,agentic,v6,1,data/d4d_concatenated/claudecode_agent/2026-08-28_claude-opus-5-claudecode-generic-v6_rep1/CM4AI_d4d.yaml,Motivation,addressing_gaps,populated
CM4AI,agentic,v6,2,data/d4d_concatenated/claudecode_agent/2026-08-28_claude-opus-5-claudecode-generic-v6_rep2/CM4AI_d4d.yaml,Motivation,addressing_gaps,populated
CM4AI,agentic,v6,3,data/d4d_concatenated/claudecode_agent/2026-08-28_claude-opus-5-claudecode-generic-v6_rep3/CM4AI_d4d.yaml,Motivation,addressing_gaps,populated
CM4AI,direct,,,,Motivation,addressing_gaps,no_record
VOICE,api,v7,1,data/d4d_concatenated/claudecode_agent/2026-09-01_claude-opus-5-api-generic-v7_rep1/VOICE_d4d.yaml,Motivation,addressing_gaps,populated
VOICE,api,v7,2,data/d4d_concatenated/claudecode_agent/2026-09-01_claude-opus-5-api-generic-v7_rep2/VOICE_d4d.yaml,Motivation,addressing_gaps,populated
VOICE,api,v7,3,data/d4d_concatenated/claudecode_agent/2026-09-01_claude-opus-5-api-generic-v7_rep3/VOICE_d4d.yaml,Motivation,addressing_gaps,populated
VOICE,api,v8,1,data/d4d_concatenated/claudecode_api/2026-09-04f_claude-opus-5-api-generic-v8_rep1/VOICE_d4d.yaml,Motivation,addressing_gaps,populated
VOICE,api,v8,2,data/d4d_concatenated/claudecode_api/2026-09-04f_claude-opus-5-api-generic-v8_rep2/VOICE_d4d.yaml,Motivation,addressing_gaps,populated
VOICE,api,v8,3,data/d4d_concatenated/claudecode_api/2026-09-04f_claude-opus-5-api-generic-v8_rep3/VOICE_d4d.yaml,Motivation,addressing_gaps,populated
VOICE,agentic,v6,1,data/d4d_concatenated/claudecode_agent/2026-08-28_claude-opus-5-claudecode-generic-v6_rep1/VOICE_d4d.yaml,Motivation,addressing_gaps,populated
VOICE,agentic,v6,2,data/d4d_concatenated/claudecode_agent/2026-08-28_claude-opus-5-claudecode-generic-v6_rep2/VOICE_d4d.yaml,Motivation,addressing_gaps,populated
VOICE,agentic,v6,3,data/d4d_concatenated/claudecode_agent/2026-08-28_claude-opus-5-claudecode-generic-v6_rep3/VOICE_d4d.yaml,Motivation,addressing_gaps,populated
VOICE,direct,,,,Motivation,addressing_gaps,no_record
AI_READI,api,v7,1,data/d4d_concatenated/claudecode_agent/2026-09-01_claude-opus-5-api-generic-v7_rep1/AI_READI_d4d.yaml,Motivation,creators,populated
AI_READI,api,v7,2,data/d4d_concatenated/claudecode_agent/2026-09-01_claude-opus-5-api-generic-v7_rep2/AI_READI_d4d.yaml,Motivation,creators,populated
AI_READI,api,v7,3,data/d4d_concatenated/claudecode_agent/2026-09-01_claude-opus-5-api-generic-v7_rep3/AI_READI_d4d.yaml,Motivation,creators,populated
AI_READI,api,v8,1,data/d4d_concatenated/claudecode_api/2026-09-04g_claude-opus-5-api-generic-v8_rep1/AI_READI_d4d.yaml,Motivation,creators,populated
AI_READI,api,v8,2,data/d4d_concatenated/claudecode_api/2026-09-04g_claude-opus-5-api-generic-v8_rep2/AI_READI_d4d.yaml,Motivation,creators,populated
AI_READI,api,v8,3,data/d4d_concatenated/claudecode_api/2026-09-04g_claude-opus-5-api-generic-v8_rep3/AI_READI_d4d.yaml,Motivation,creators,populated
AI_READI,agentic,v6,1,data/d4d_concatenated/claudecode_agent/2026-08-28_claude-opus-5-claudecode-generic-v6_rep1/AI_READI_d4d.yaml,Motivation,creators,populated
AI_READI,agentic,v6,2,data/d4d_concatenated/claudecode_agent/2026-08-28_claude-opus-5-claudecode-generic-v6_rep2/AI_READI_d4d.yaml,Motivation,creators,populated
AI_READI,agentic,v6,3,data/d4d_concatenated/claudecode_agent/2026-08-28_claude-opus-5-claudecode-generic-v6_rep3/AI_READI_d4d.yaml,Motivation,creators,populated
AI_READI,direct,,,,Motivation,creators,no_record
CHORUS,api,v7,1,data/d4d_concatenated/claudecode_agent/2026-09-01_claude-opus-5-api-generic-v7_rep1/CHORUS_d4d.yaml,Motivation,creators,populated
CHORUS,api,v7,2,data/d4d_concatenated/claudecode_agent/2026-09-01_claude-opus-5-api-generic-v7_rep2/CHORUS_d4d.yaml,Motivation,creators,populated
CHORUS,api,v7,3,data/d4d_concatenated/claudecode_agent/2026-09-01_claude-opus-5-api-generic-v7_rep3/CHORUS_d4d.yaml,Motivation,creators,populated
CHORUS,api,v8,1,data/d4d_concatenated/claudecode_api/2026-09-04f_claude-opus-5-api-generic-v8_rep1/CHORUS_d4d.yaml,Motivation,creators,populated
CHORUS,api,v8,2,data/d4d_concatenated/claudecode_api/2026-09-04f_claude-opus-5-api-generic-v8_rep2/CHORUS_d4d.yaml,Motivation,creators,populated
CHORUS,api,v8,3,data/d4d_concatenated/claudecode_api/2026-09-04f_claude-opus-5-api-generic-v8_rep3/CHORUS_d4d.yaml,Motivation,creators,populated
CHORUS,agentic,v6,1,data/d4d_concatenated/claudecode_agent/2026-08-28_claude-opus-5-claudecode-generic-v6_rep1/CHORUS_d4d.yaml,Motivation,creators,populated
CHORUS,agentic,v6,2,data/d4d_concatenated/claudecode_agent/2026-08-28_claude-opus-5-claudecode-generic-v6_rep2/CHORUS_d4d.yaml,Motivation,creators,populated
CHORUS,agentic,v6,3,data/d4d_concatenated/claudecode_agent/2026-08-28_claude-opus-5-claudecode-generic-v6_rep3/CHORUS_d4d.yaml,Motivation,creators,populated
CHORUS,direct,,,,Motivation,creators,no_record
CM4AI,api,v7,1,data/d4d_concatenated/claudecode_agent/2026-09-01_claude-opus-5-api-generic-v7_rep1/CM4AI_d4d.yaml,Motivation,creators,populated
CM4AI,api,v7,2,data/d4d_concatenated/claudecode_agent/2026-09-01_claude-opus-5-api-generic-v7_rep2/CM4AI_d4d.yaml,Motivation,creators,populated
CM4AI,api,v7,3,data/d4d_concatenated/claudecode_agent/2026-09-01_claude-opus-5-api-generic-v7_rep3/CM4AI_d4d.yaml,Motivation,creators,populated
CM4AI,api,v8,1,data/d4d_concatenated/claudecode_api/2026-09-04g_claude-opus-5-api-generic-v8_rep1/CM4AI_d4d.yaml,Motivation,creators,populated
CM4AI,api,v8,2,data/d4d_concatenated/claudecode_api/2026-09-04g_claude-opus-5-api-generic-v8_rep2/CM4AI_d4d.yaml,Motivation,creators,populated
CM4AI,api,v8,3,data/d4d_concatenated/claudecode_api/2026-09-04g_claude-opus-5-api-generic-v8_rep3/CM4AI_d4d.yaml,Motivation,creators,populated
CM4AI,agentic,v6,1,data/d4d_concatenated/claudecode_agent/2026-08-28_claude-opus-5-claudecode-generic-v6_rep1/CM4AI_d4d.yaml,Motivation,creators,populated
CM4AI,agentic,v6,2,data/d4d_concatenated/claudecode_agent/2026-08-28_claude-opus-5-claudecode-generic-v6_rep2/CM4AI_d4d.yaml,Motivation,creators,populated
CM4AI,agentic,v6,3,data/d4d_concatenated/claudecode_agent/2026-08-28_claude-opus-5-claudecode-generic-v6_rep3/CM4AI_d4d.yaml,Motivation,creators,populated
CM4AI,direct,,,,Motivation,creators,no_record
VOICE,api,v7,1,data/d4d_concatenated/claudecode_agent/2026-09-01_claude-opus-5-api-generic-v7_rep1/VOICE_d4d.yaml,Motivation,creators,populated
VOICE,api,v7,2,data/d4d_concatenated/claudecode_agent/2026-09-01_claude-opus-5-api-generic-v7_rep2/VOICE_d4d.yaml,Motivation,creators,populated
VOICE,api,v7,3,data/d4d_concatenated/claudecode_agent/2026-09-01_claude-opus-5-api-generic-v7_rep3/VOICE_d4d.yaml,Motivation,creators,populated
VOICE,api,v8,1,data/d4d_concatenated/claudecode_api/2026-09-04f_claude-opus-5-api-generic-v8_rep1/VOICE_d4d.yaml,Motivation,creators,populated
VOICE,api,v8,2,data/d4d_concatenated/claudecode_api/2026-09-04f_claude-opus-5-api-generic-v8_rep2/VOICE_d4d.yaml,Motivation,creators,populated
VOICE,api,v8,3,data/d4d_concatenated/claudecode_api/2026-09-04f_claude-opus-5-api-generic-v8_rep3/VOICE_d4d.yaml,Motivation,creators,populated
VOICE,agentic,v6,1,data/d4d_concatenated/claudecode_agent/2026-08-28_claude-opus-5-claudecode-generic-v6_rep1/VOICE_d4d.yaml,Motivation,creators,populated
VOICE,agentic,v6,2,data/d4d_concatenated/claudecode_agent/2026-08-28_claude-opus-5-claudecode-generic-v6_rep2/VOICE_d4d.yaml,Motivation,creators,populated
VOICE,agentic,v6,3,data/d4d_concatenated/claudecode_agent/2026-08-28_claude-opus-5-claudecode-generic-v6_rep3/VOICE_d4d.yaml,Motivation,creators,populated
VOICE,direct,,,,Motivation,creators,no_record
AI_READI,api,v7,1,data/d4d_concatenated/claudecode_agent/2026-09-01_claude-opus-5-api-generic-v7_rep1/AI_READI_d4d.yaml,Motivation,funders,populated
AI_READI,api,v7,2,data/d4d_concatenated/claudecode_agent/2026-09-01_claude-opus-5-api-generic-v7_rep2/AI_READI_d4d.yaml,Motivation,funders,populated
AI_READI,api,v7,3,data/d4d_concatenated/claudecode_agent/2026-09-01_claude-opus-5-api-generic-v7_rep3/AI_READI_d4d.yaml,Motivation,funders,populated
AI_READI,api,v8,1,data/d4d_concatenated/claudecode_api/2026-09-04g_claude-opus-5-api-generic-v8_rep1/AI_READI_d4d.yaml,Motivation,funders,populated
AI_READI,api,v8,2,data/d4d_concatenated/claudecode_api/2026-09-04g_claude-opus-5-api-generic-v8_rep2/AI_READI_d4d.yaml,Motivation,funders,populated
AI_READI,api,v8,3,data/d4d_concatenated/claudecode_api/2026-09-04g_claude-opus-5-api-generic-v8_rep3/AI_READI_d4d.yaml,Motivation,funders,populated
AI_READI,agentic,v6,1,data/d4d_concatenated/claudecode_agent/2026-08-28_claude-opus-5-claudecode-generic-v6_rep1/AI_READI_d4d.yaml,Motivation,funders,populated
AI_READI,agentic,v6,2,data/d4d_concatenated/claudecode_agent/2026-08-28_claude-opus-5-claudecode-generic-v6_rep2/AI_READI_d4d.yaml,Motivation,funders,populated
AI_READI,agentic,v6,3,data/d4d_concatenated/claudecode_agent/2026-08-28_claude-opus-5-claudecode-generic-v6_rep3/AI_READI_d4d.yaml,Motivation,funders,populated
AI_READI,direct,,,,Motivation,funders,no_record
CHORUS,api,v7,1,data/d4d_concatenated/claudecode_agent/2026-09-01_claude-opus-5-api-generic-v7_rep1/CHORUS_d4d.yaml,Motivation,funders,populated
CHORUS,api,v7,2,data/d4d_concatenated/claudecode_agent/2026-09-01_claude-opus-5-api-generic-v7_rep2/CHORUS_d4d.yaml,Motivation,funders,populated
CHORUS,api,v7,3,data/d4d_concatenated/claudecode_agent/2026-09-01_claude-opus-5-api-generic-v7_rep3/CHORUS_d4d.yaml,Motivation,funders,populated
CHORUS,api,v8,1,data/d4d_concatenated/claudecode_api/2026-09-04f_claude-opus-5-api-generic-v8_rep1/CHORUS_d4d.yaml,Motivation,funders,populated
CHORUS,api,v8,2,data/d4d_concatenated/claudecode_api/2026-09-04f_claude-opus-5-api-generic-v8_rep2/CHORUS_d4d.yaml,Motivation,funders,populated
CHORUS,api,v8,3,data/d4d_concatenated/claudecode_api/2026-09-04f_claude-opus-5-api-generic-v8_rep3/CHORUS_d4d.yaml,Motivation,funders,populated
CHORUS,agentic,v6,1,data/d4d_concatenated/claudecode_agent/2026-08-28_claude-opus-5-claudecode-generic-v6_rep1/CHORUS_d4d.yaml,Motivation,funders,populated
CHORUS,agentic,v6,2,data/d4d_concatenated/claudecode_agent/2026-08-28_claude-opus-5-claudecode-generic-v6_rep2/CHORUS_d4d.yaml,Motivation,funders,populated
CHORUS,agentic,v6,3,data/d4d_concatenated/claudecode_agent/2026-08-28_claude-opus-5-claudecode-generic-v6_rep3/CHORUS_d4d.yaml,Motivation,funders,populated
CHORUS,direct,,,,Motivation,funders,no_record
CM4AI,api,v7,1,data/d4d_concatenated/claudecode_agent/2026-09-01_claude-opus-5-api-generic-v7_rep1/CM4AI_d4d.yaml,Motivation,funders,populated
CM4AI,api,v7,2,data/d4d_concatenated/claudecode_agent/2026-09-01_claude-opus-5-api-generic-v7_rep2/CM4AI_d4d.yaml,Motivation,funders,populated
CM4AI,api,v7,3,data/d4d_concatenated/claudecode_agent/2026-09-01_claude-opus-5-api-generic-v7_rep3/CM4AI_d4d.yaml,Motivation,funders,populated
CM4AI,api,v8,1,data/d4d_concatenated/claudecode_api/2026-09-04g_claude-opus-5-api-generic-v8_rep1/CM4AI_d4d.yaml,Motivation,funders,populated
CM4AI,api,v8,2,data/d4d_concatenated/claudecode_api/2026-09-04g_claude-opus-5-api-generic-v8_rep2/CM4AI_d4d.yaml,Motivation,funders,populated
CM4AI,api,v8,3,data/d4d_concatenated/claudecode_api/2026-09-04g_claude-opus-5-api-generic-v8_rep3/CM4AI_d4d.yaml,Motivation,funders,populated
CM4AI,agentic,v6,1,data/d4d_concatenated/claudecode_agent/2026-08-28_claude-opus-5-claudecode-generic-v6_rep1/CM4AI_d4d.yaml,Motivation,funders,populated
CM4AI,agentic,v6,2,data/d4d_concatenated/claudecode_agent/2026-08-28_claude-opus-5-claudecode-generic-v6_rep2/CM4AI_d4d.yaml,Motivation,funders,populated
CM4AI,agentic,v6,3,data/d4d_concatenated/claudecode_agent/2026-08-28_claude-opus-5-claudecode-generic-v6_rep3/CM4AI_d4d.yaml,Motivation,funders,populated
CM4AI,direct,,,,Motivation,funders,no_record
VOICE,api,v7,1,data/d4d_concatenated/claudecode_agent/2026-09-01_claude-opus-5-api-generic-v7_rep1/VOICE_d4d.yaml,Motivation,funders,populated
VOICE,api,v7,2,data/d4d_concatenated/claudecode_agent/2026-09-01_claude-opus-5-api-generic-v7_rep2/VOICE_d4d.yaml,Motivation,funders,populated
VOICE,api,v7,3,data/d4d_concatenated/claudecode_agent/2026-09-01_claude-opus-5-api-generic-v7_rep3/VOICE_d4d.yaml,Motivation,funders,populated
VOICE,api,v8,1,data/d4d_concatenated/claudecode_api/2026-09-04f_claude-opus-5-api-generic-v8_rep1/VOICE_d4d.yaml,Motivation,funders,populated
VOICE,api,v8,2,data/d4d_concatenated/claudecode_api/2026-09-04f_claude-opus-5-api-generic-v8_rep2/VOICE_d4d.yaml,Motivation,funders,populated
VOICE,api,v8,3,data/d4d_concatenated/claudecode_api/2026-09-04f_claude-opus-5-api-generic-v8_rep3/VOICE_d4d.yaml,Motivation,funders,populated
VOICE,agentic,v6,1,data/d4d_concatenated/claudecode_agent/2026-08-28_claude-opus-5-claudecode-generic-v6_rep1/VOICE_d4d.yaml,Motivation,funders,populated
VOICE,agentic,v6,2,data/d4d_concatenated/claudecode_agent/2026-08-28_claude-opus-5-claudecode-generic-v6_rep2/VOICE_d4d.yaml,Motivation,funders,populated
VOICE,agentic,v6,3,data/d4d_concatenated/claudecode_agent/2026-08-28_claude-opus-5-claudecode-generic-v6_rep3/VOICE_d4d.yaml,Motivation,funders,populated
VOICE,direct,,,,Motivation,funders,no_record
AI_READI,api,v7,1,data/d4d_concatenated/claudecode_agent/2026-09-01_claude-opus-5-api-generic-v7_rep1/AI_READI_d4d.yaml,Composition,external_resources,populated
AI_READI,api,v7,2,data/d4d_concatenated/claudecode_agent/2026-09-01_claude-opus-5-api-generic-v7_rep2/AI_READI_d4d.yaml,Composition,external_resources,populated
AI_READI,api,v7,3,data/d4d_concatenated/claudecode_agent/2026-09-01_claude-opus-5-api-generic-v7_rep3/AI_READI_d4d.yaml,Composition,external_resources,populated
AI_READI,api,v8,1,data/d4d_concatenated/claudecode_api/2026-09-04g_claude-opus-5-api-generic-v8_rep1/AI_READI_d4d.yaml,Composition,external_resources,populated
AI_READI,api,v8,2,data/d4d_concatenated/claudecode_api/2026-09-04g_claude-opus-5-api-generic-v8_rep2/AI_READI_d4d.yaml,Composition,external_resources,populated
AI_READI,api,v8,3,data/d4d_concatenated/claudecode_api/2026-09-04g_claude-opus-5-api-generic-v8_rep3/AI_READI_d4d.yaml,Composition,external_resources,populated
AI_READI,agentic,v6,1,data/d4d_concatenated/claudecode_agent/2026-08-28_claude-opus-5-claudecode-generic-v6_rep1/AI_READI_d4d.yaml,Composition,external_resources,populated
AI_READI,agentic,v6,2,data/d4d_concatenated/claudecode_agent/2026-08-28_claude-opus-5-claudecode-generic-v6_rep2/AI_READI_d4d.yaml,Composition,external_resources,populated
AI_READI,agentic,v6,3,data/d4d_concatenated/claudecode_agent/2026-08-28_claude-opus-5-claudecode-generic-v6_rep3/AI_READI_d4d.yaml,Composition,external_resources,populated
AI_READI,direct,,,,Composition,external_resources,no_record
CHORUS,api,v7,1,data/d4d_concatenated/claudecode_agent/2026-09-01_claude-opus-5-api-generic-v7_rep1/CHORUS_d4d.yaml,Composition,external_resources,populated
CHORUS,api,v7,2,data/d4d_concatenated/claudecode_agent/2026-09-01_claude-opus-5-api-generic-v7_rep2/CHORUS_d4d.yaml,Composition,external_resources,populated
CHORUS,api,v7,3,data/d4d_concatenated/claudecode_agent/2026-09-01_claude-opus-5-api-generic-v7_rep3/CHORUS_d4d.yaml,Composition,external_resources,populated
CHORUS,api,v8,1,data/d4d_concatenated/claudecode_api/2026-09-04f_claude-opus-5-api-generic-v8_rep1/CHORUS_d4d.yaml,Composition,external_resources,populated
CHORUS,api,v8,2,data/d4d_concatenated/claudecode_api/2026-09-04f_claude-opus-5-api-generic-v8_rep2/CHORUS_d4d.yaml,Composition,external_resources,populated
CHORUS,api,v8,3,data/d4d_concatenated/claudecode_api/2026-09-04f_claude-opus-5-api-generic-v8_rep3/CHORUS_d4d.yaml,Composition,external_resources,populated
CHORUS,agentic,v6,1,data/d4d_concatenated/claudecode_agent/2026-08-28_claude-opus-5-claudecode-generic-v6_rep1/CHORUS_d4d.yaml,Composition,external_resources,populated
CHORUS,agentic,v6,2,data/d4d_concatenated/claudecode_agent/2026-08-28_claude-opus-5-claudecode-generic-v6_rep2/CHORUS_d4d.yaml,Composition,external_resources,populated
CHORUS,agentic,v6,3,data/d4d_concatenated/claudecode_agent/2026-08-28_claude-opus-5-claudecode-generic-v6_rep3/CHORUS_d4d.yaml,Composition,external_resources,populated
CHORUS,direct,,,,Composition,external_resources,no_record
CM4AI,api,v7,1,data/d4d_concatenated/claudecode_agent/2026-09-01_claude-opus-5-api-generic-v7_rep1/CM4AI_d4d.yaml,Composition,external_resources,populated
CM4AI,api,v7,2,data/d4d_concatenated/claudecode_agent/2026-09-01_claude-opus-5-api-generic-v7_rep2/CM4AI_d4d.yaml,Composition,external_resources,populated
CM4AI,api,v7,3,data/d4d_concatenated/claudecode_agent/2026-09-01_claude-opus-5-api-generic-v7_rep3/CM4AI_d4d.yaml,Composition,external_resources,populated
CM4AI,api,v8,1,data/d4d_concatenated/claudecode_api/2026-09-04g_claude-opus-5-api-generic-v8_rep1/CM4AI_d4d.yaml,Composition,external_resources,populated
CM4AI,api,v8,2,data/d4d_concatenated/claudecode_api/2026-09-04g_claude-opus-5-api-generic-v8_rep2/CM4AI_d4d.yaml,Composition,external_resources,populated
CM4AI,api,v8,3,data/d4d_concatenated/claudecode_api/2026-09-04g_claude-opus-5-api-generic-v8_rep3/CM4AI_d4d.yaml,Composition,external_resources,populated
CM4AI,agentic,v6,1,data/d4d_concatenated/claudecode_agent/2026-08-28_claude-opus-5-claudecode-generic-v6_rep1/CM4AI_d4d.yaml,Composition,external_resources,populated
CM4AI,agentic,v6,2,data/d4d_concatenated/claudecode_agent/2026-08-28_claude-opus-5-claudecode-generic-v6_rep2/CM4AI_d4d.yaml,Composition,external_resources,populated
CM4AI,agentic,v6,3,data/d4d_concatenated/claudecode_agent/2026-08-28_claude-opus-5-claudecode-generic-v6_rep3/CM4AI_d4d.yaml,Composition,external_resources,populated
CM4AI,direct,,,,Composition,external_resources,no_record
VOICE,api,v7,1,data/d4d_concatenated/claudecode_agent/2026-09-01_claude-opus-5-api-generic-v7_rep1/VOICE_d4d.yaml,Composition,external_resources,populated
VOICE,api,v7,2,data/d4d_concatenated/claudecode_agent/2026-09-01_claude-opus-5-api-generic-v7_rep2/VOICE_d4d.yaml,Composition,external_resources,populated
VOICE,api,v7,3,data/d4d_concatenated/claudecode_agent/2026-09-01_claude-opus-5-api-generic-v7_rep3/VOICE_d4d.yaml,Composition,external_resources,populated
VOICE,api,v8,1,data/d4d_concatenated/claudecode_api/2026-09-04f_claude-opus-5-api-generic-v8_rep1/VOICE_d4d.yaml,Composition,external_resources,populated
VOICE,api,v8,2,data/d4d_concatenated/claudecode_api/2026-09-04f_claude-opus-5-api-generic-v8_rep2/VOICE_d4d.yaml,Composition,external_resources,populated
VOICE,api,v8,3,data/d4d_concatenated/claudecode_api/2026-09-04f_claude-opus-5-api-generic-v8_rep3/VOICE_d4d.yaml,Composition,external_resources,populated
VOICE,agentic,v6,1,data/d4d_concatenated/claudecode_agent/2026-08-28_claude-opus-5-claudecode-generic-v6_rep1/VOICE_d4d.yaml,Composition,external_resources,populated
VOICE,agentic,v6,2,data/d4d_concatenated/claudecode_agent/2026-08-28_claude-opus-5-claudecode-generic-v6_rep2/VOICE_d4d.yaml,Composition,external_resources,populated
VOICE,agentic,v6,3,data/d4d_concatenated/claudecode_agent/2026-08-28_claude-opus-5-claudecode-generic-v6_rep3/VOICE_d4d.yaml,Composition,external_resources,populated
VOICE,direct,,,,Composition,external_resources,no_record
AI_READI,api,v7,1,data/d4d_concatenated/claudecode_agent/2026-09-01_claude-opus-5-api-generic-v7_rep1/AI_READI_d4d.yaml,Composition,instances,populated
AI_READI,api,v7,2,data/d4d_concatenated/claudecode_agent/2026-09-01_claude-opus-5-api-generic-v7_rep2/AI_READI_d4d.yaml,Composition,instances,populated
AI_READI,api,v7,3,data/d4d_concatenated/claudecode_agent/2026-09-01_claude-opus-5-api-generic-v7_rep3/AI_READI_d4d.yaml,Composition,instances,populated
AI_READI,api,v8,1,data/d4d_concatenated/claudecode_api/2026-09-04g_claude-opus-5-api-generic-v8_rep1/AI_READI_d4d.yaml,Composition,instances,populated
AI_READI,api,v8,2,data/d4d_concatenated/claudecode_api/2026-09-04g_claude-opus-5-api-generic-v8_rep2/AI_READI_d4d.yaml,Composition,instances,populated
AI_READI,api,v8,3,data/d4d_concatenated/claudecode_api/2026-09-04g_claude-opus-5-api-generic-v8_rep3/AI_READI_d4d.yaml,Composition,instances,populated
AI_READI,agentic,v6,1,data/d4d_concatenated/claudecode_agent/2026-08-28_claude-opus-5-claudecode-generic-v6_rep1/AI_READI_d4d.yaml,Composition,instances,populated
AI_READI,agentic,v6,2,data/d4d_concatenated/claudecode_agent/2026-08-28_claude-opus-5-claudecode-generic-v6_rep2/AI_READI_d4d.yaml,Composition,instances,populated
AI_READI,agentic,v6,3,data/d4d_concatenated/claudecode_agent/2026-08-28_claude-opus-5-claudecode-generic-v6_rep3/AI_READI_d4d.yaml,Composition,instances,populated
AI_READI,direct,,,,Composition,instances,no_record
CHORUS,api,v7,1,data/d4d_concatenated/claudecode_agent/2026-09-01_claude-opus-5-api-generic-v7_rep1/CHORUS_d4d.yaml,Composition,instances,populated
CHORUS,api,v7,2,data/d4d_concatenated/claudecode_agent/2026-09-01_claude-opus-5-api-generic-v7_rep2/CHORUS_d4d.yaml,Composition,instances,populated
CHORUS,api,v7,3,data/d4d_concatenated/claudecode_agent/2026-09-01_claude-opus-5-api-generic-v7_rep3/CHORUS_d4d.yaml,Composition,instances,populated
CHORUS,api,v8,1,data/d4d_concatenated/claudecode_api/2026-09-04f_claude-opus-5-api-generic-v8_rep1/CHORUS_d4d.yaml,Composition,instances,populated
CHORUS,api,v8,2,data/d4d_concatenated/claudecode_api/2026-09-04f_claude-opus-5-api-generic-v8_rep2/CHORUS_d4d.yaml,Composition,instances,populated
CHORUS,api,v8,3,data/d4d_concatenated/claudecode_api/2026-09-04f_claude-opus-5-api-generic-v8_rep3/CHORUS_d4d.yaml,Composition,instances,populated
CHORUS,agentic,v6,1,data/d4d_concatenated/claudecode_agent/2026-08-28_claude-opus-5-claudecode-generic-v6_rep1/CHORUS_d4d.yaml,Composition,instances,populated
CHORUS,agentic,v6,2,data/d4d_concatenated/claudecode_agent/2026-08-28_claude-opus-5-claudecode-generic-v6_rep2/CHORUS_d4d.yaml,Composition,instances,populated
CHORUS,agentic,v6,3,data/d4d_concatenated/claudecode_agent/2026-08-28_claude-opus-5-claudecode-generic-v6_rep3/CHORUS_d4d.yaml,Composition,instances,populated
CHORUS,direct,,,,Composition,instances,no_record
CM4AI,api,v7,1,data/d4d_concatenated/claudecode_agent/2026-09-01_claude-opus-5-api-generic-v7_rep1/CM4AI_d4d.yaml,Composition,instances,populated
CM4AI,api,v7,2,data/d4d_concatenated/claudecode_agent/2026-09-01_claude-opus-5-api-generic-v7_rep2/CM4AI_d4d.yaml,Composition,instances,populated
CM4AI,api,v7,3,data/d4d_concatenated/claudecode_agent/2026-09-01_claude-opus-5-api-generic-v7_rep3/CM4AI_d4d.yaml,Composition,instances,populated
CM4AI,api,v8,1,data/d4d_concatenated/claudecode_api/2026-09-04g_claude-opus-5-api-generic-v8_rep1/CM4AI_d4d.yaml,Composition,instances,populated
CM4AI,api,v8,2,data/d4d_concatenated/claudecode_api/2026-09-04g_claude-opus-5-api-generic-v8_rep2/CM4AI_d4d.yaml,Composition,instances,populated
CM4AI,api,v8,3,data/d4d_concatenated/claudecode_api/2026-09-04g_claude-opus-5-api-generic-v8_rep3/CM4AI_d4d.yaml,Composition,instances,populated
CM4AI,agentic,v6,1,data/d4d_concatenated/claudecode_agent/2026-08-28_claude-opus-5-claudecode-generic-v6_rep1/CM4AI_d4d.yaml,Composition,instances,populated
CM4AI,agentic,v6,2,data/d4d_concatenated/claudecode_agent/2026-08-28_claude-opus-5-claudecode-generic-v6_rep2/CM4AI_d4d.yaml,Composition,instances,populated
CM4AI,agentic,v6,3,data/d4d_concatenated/claudecode_agent/2026-08-28_claude-opus-5-claudecode-generic-v6_rep3/CM4AI_d4d.yaml,Composition,instances,populated
CM4AI,direct,,,,Composition,instances,no_record
VOICE,api,v7,1,data/d4d_concatenated/claudecode_agent/2026-09-01_claude-opus-5-api-generic-v7_rep1/VOICE_d4d.yaml,Composition,instances,populated
VOICE,api,v7,2,data/d4d_concatenated/claudecode_agent/2026-09-01_claude-opus-5-api-generic-v7_rep2/VOICE_d4d.yaml,Composition,instances,populated
VOICE,api,v7,3,data/d4d_concatenated/claudecode_agent/2026-09-01_claude-opus-5-api-generic-v7_rep3/VOICE_d4d.yaml,Composition,instances,populated
VOICE,api,v8,1,data/d4d_concatenated/claudecode_api/2026-09-04f_claude-opus-5-api-generic-v8_rep1/VOICE_d4d.yaml,Composition,instances,populated
VOICE,api,v8,2,data/d4d_concatenated/claudecode_api/2026-09-04f_claude-opus-5-api-generic-v8_rep2/VOICE_d4d.yaml,Composition,instances,populated
VOICE,api,v8,3,data/d4d_concatenated/claudecode_api/2026-09-04f_claude-opus-5-api-generic-v8_rep3/VOICE_d4d.yaml,Composition,instances,populated
VOICE,agentic,v6,1,data/d4d_concatenated/claudecode_agent/2026-08-28_claude-opus-5-claudecode-generic-v6_rep1/VOICE_d4d.yaml,Composition,instances,populated
VOICE,agentic,v6,2,data/d4d_concatenated/claudecode_agent/2026-08-28_claude-opus-5-claudecode-generic-v6_rep2/VOICE_d4d.yaml,Composition,instances,populated
VOICE,agentic,v6,3,data/d4d_concatenated/claudecode_agent/2026-08-28_claude-opus-5-claudecode-generic-v6_rep3/VOICE_d4d.yaml,Composition,instances,populated
VOICE,direct,,,,Composition,instances,no_record
AI_READI,api,v7,1,data/d4d_concatenated/claudecode_agent/2026-09-01_claude-opus-5-api-generic-v7_rep1/AI_READI_d4d.yaml,Composition,anomalies,populated
AI_READI,api,v7,2,data/d4d_concatenated/claudecode_agent/2026-09-01_claude-opus-5-api-generic-v7_rep2/AI_READI_d4d.yaml,Composition,anomalies,populated
AI_READI,api,v7,3,data/d4d_concatenated/claudecode_agent/2026-09-01_claude-opus-5-api-generic-v7_rep3/AI_READI_d4d.yaml,Composition,anomalies,populated
AI_READI,api,v8,1,data/d4d_concatenated/claudecode_api/2026-09-04g_claude-opus-5-api-generic-v8_rep1/AI_READI_d4d.yaml,Composition,anomalies,populated
AI_READI,api,v8,2,data/d4d_concatenated/claudecode_api/2026-09-04g_claude-opus-5-api-generic-v8_rep2/AI_READI_d4d.yaml,Composition,anomalies,populated
AI_READI,api,v8,3,data/d4d_concatenated/claudecode_api/2026-09-04g_claude-opus-5-api-generic-v8_rep3/AI_READI_d4d.yaml,Composition,anomalies,populated
AI_READI,agentic,v6,1,data/d4d_concatenated/claudecode_agent/2026-08-28_claude-opus-5-claudecode-generic-v6_rep1/AI_READI_d4d.yaml,Composition,anomalies,populated
AI_READI,agentic,v6,2,data/d4d_concatenated/claudecode_agent/2026-08-28_claude-opus-5-claudecode-generic-v6_rep2/AI_READI_d4d.yaml,Composition,anomalies,populated
AI_READI,agentic,v6,3,data/d4d_concatenated/claudecode_agent/2026-08-28_claude-opus-5-claudecode-generic-v6_rep3/AI_READI_d4d.yaml,Composition,anomalies,populated
AI_READI,direct,,,,Composition,anomalies,no_record
CHORUS,api,v7,1,data/d4d_concatenated/claudecode_agent/2026-09-01_claude-opus-5-api-generic-v7_rep1/CHORUS_d4d.yaml,Composition,anomalies,empty
CHORUS,api,v7,2,data/d4d_concatenated/claudecode_agent/2026-09-01_claude-opus-5-api-generic-v7_rep2/CHORUS_d4d.yaml,Composition,anomalies,empty
CHORUS,api,v7,3,data/d4d_concatenated/claudecode_agent/2026-09-01_claude-opus-5-api-generic-v7_rep3/CHORUS_d4d.yaml,Composition,anomalies,empty
CHORUS,api,v8,1,data/d4d_concatenated/claudecode_api/2026-09-04f_claude-opus-5-api-generic-v8_rep1/CHORUS_d4d.yaml,Composition,anomalies,empty
CHORUS,api,v8,2,data/d4d_concatenated/claudecode_api/2026-09-04f_claude-opus-5-api-generic-v8_rep2/CHORUS_d4d.yaml,Composition,anomalies,empty
CHORUS,api,v8,3,data/d4d_concatenated/claudecode_api/2026-09-04f_claude-opus-5-api-generic-v8_rep3/CHORUS_d4d.yaml,Composition,anomalies,empty
CHORUS,agentic,v6,1,data/d4d_concatenated/claudecode_agent/2026-08-28_claude-opus-5-claudecode-generic-v6_rep1/CHORUS_d4d.yaml,Composition,anomalies,empty
CHORUS,agentic,v6,2,data/d4d_concatenated/claudecode_agent/2026-08-28_claude-opus-5-claudecode-generic-v6_rep2/CHORUS_d4d.yaml,Composition,anomalies,empty
CHORUS,agentic,v6,3,data/d4d_concatenated/claudecode_agent/2026-08-28_claude-opus-5-claudecode-generic-v6_rep3/CHORUS_d4d.yaml,Composition,anomalies,empty
CHORUS,direct,,,,Composition,anomalies,no_record
CM4AI,api,v7,1,data/d4d_concatenated/claudecode_agent/2026-09-01_claude-opus-5-api-generic-v7_rep1/CM4AI_d4d.yaml,Composition,anomalies,empty
CM4AI,api,v7,2,data/d4d_concatenated/claudecode_agent/2026-09-01_claude-opus-5-api-generic-v7_rep2/CM4AI_d4d.yaml,Composition,anomalies,populated
CM4AI,api,v7,3,data/d4d_concatenated/claudecode_agent/2026-09-01_claude-opus-5-api-generic-v7_rep3/CM4AI_d4d.yaml,Composition,anomalies,empty
CM4AI,api,v8,1,data/d4d_concatenated/claudecode_api/2026-09-04g_claude-opus-5-api-generic-v8_rep1/CM4AI_d4d.yaml,Composition,anomalies,empty
CM4AI,api,v8,2,data/d4d_concatenated/claudecode_api/2026-09-04g_claude-opus-5-api-generic-v8_rep2/CM4AI_d4d.yaml,Composition,anomalies,empty
CM4AI,api,v8,3,data/d4d_concatenated/claudecode_api/2026-09-04g_claude-opus-5-api-generic-v8_rep3/CM4AI_d4d.yaml,Composition,anomalies,empty
CM4AI,agentic,v6,1,data/d4d_concatenated/claudecode_agent/2026-08-28_claude-opus-5-claudecode-generic-v6_rep1/CM4AI_d4d.yaml,Composition,anomalies,empty
CM4AI,agentic,v6,2,data/d4d_concatenated/claudecode_agent/2026-08-28_claude-opus-5-claudecode-generic-v6_rep2/CM4AI_d4d.yaml,Composition,anomalies,empty
CM4AI,agentic,v6,3,data/d4d_concatenated/claudecode_agent/2026-08-28_claude-opus-5-claudecode-generic-v6_rep3/CM4AI_d4d.yaml,Composition,anomalies,empty
CM4AI,direct,,,,Composition,anomalies,no_record
VOICE,api,v7,1,data/d4d_concatenated/claudecode_agent/2026-09-01_claude-opus-5-api-generic-v7_rep1/VOICE_d4d.yaml,Composition,anomalies,populated
VOICE,api,v7,2,data/d4d_concatenated/claudecode_agent/2026-09-01_claude-opus-5-api-generic-v7_rep2/VOICE_d4d.yaml,Composition,anomalies,populated
VOICE,api,v7,3,data/d4d_concatenated/claudecode_agent/2026-09-01_claude-opus-5-api-generic-v7_rep3/VOICE_d4d.yaml,Composition,anomalies,populated
VOICE,api,v8,1,data/d4d_concatenated/claudecode_api/2026-09-04f_claude-opus-5-api-generic-v8_rep1/VOICE_d4d.yaml,Composition,anomalies,populated
VOICE,api,v8,2,data/d4d_concatenated/claudecode_api/2026-09-04f_claude-opus-5-api-generic-v8_rep2/VOICE_d4d.yaml,Composition,anomalies,populated
VOICE,api,v8,3,data/d4d_concatenated/claudecode_api/2026-09-04f_claude-opus-5-api-generic-v8_rep3/VOICE_d4d.yaml,Composition,anomalies,populated
VOICE,agentic,v6,1,data/d4d_concatenated/claudecode_agent/2026-08-28_claude-opus-5-claudecode-generic-v6_rep1/VOICE_d4d.yaml,Composition,anomalies,populated
VOICE,agentic,v6,2,data/d4d_concatenated/claudecode_agent/2026-08-28_claude-opus-5-claudecode-generic-v6_rep2/VOICE_d4d.yaml,Composition,anomalies,populated
VOICE,agentic,v6,3,data/d4d_concatenated/claudecode_agent/2026-08-28_claude-opus-5-claudecode-generic-v6_rep3/VOICE_d4d.yaml,Composition,anomalies,populated
VOICE,direct,,,,Composition,anomalies,no_record
AI_READI,api,v7,1,data/d4d_concatenated/claudecode_agent/2026-09-01_claude-opus-5-api-generic-v7_rep1/AI_READI_d4d.yaml,Composition,known_biases,populated
AI_READI,api,v7,2,data/d4d_concatenated/claudecode_agent/2026-09-01_claude-opus-5-api-generic-v7_rep2/AI_READI_d4d.yaml,Composition,known_biases,populated
AI_READI,api,v7,3,data/d4d_concatenated/claudecode_agent/2026-09-01_claude-opus-5-api-generic-v7_rep3/AI_READI_d4d.yaml,Composition,known_biases,populated
AI_READI,api,v8,1,data/d4d_concatenated/claudecode_api/2026-09-04g_claude-opus-5-api-generic-v8_rep1/AI_READI_d4d.yaml,Composition,known_biases,populated
AI_READI,api,v8,2,data/d4d_concatenated/claudecode_api/2026-09-04g_claude-opus-5-api-generic-v8_rep2/AI_READI_d4d.yaml,Composition,known_biases,populated
AI_READI,api,v8,3,data/d4d_concatenated/claudecode_api/2026-09-04g_claude-opus-5-api-generic-v8_rep3/AI_READI_d4d.yaml,Composition,known_biases,populated
AI_READI,agentic,v6,1,data/d4d_concatenated/claudecode_agent/2026-08-28_claude-opus-5-claudecode-generic-v6_rep1/AI_READI_d4d.yaml,Composition,known_biases,populated
AI_READI,agentic,v6,2,data/d4d_concatenated/claudecode_agent/2026-08-28_claude-opus-5-claudecode-generic-v6_rep2/AI_READI_d4d.yaml,Composition,known_biases,populated
AI_READI,agentic,v6,3,data/d4d_concatenated/claudecode_agent/2026-08-28_claude-opus-5-claudecode-generic-v6_rep3/AI_READI_d4d.yaml,Composition,known_biases,populated
AI_READI,direct,,,,Composition,known_biases,no_record
CHORUS,api,v7,1,data/d4d_concatenated/claudecode_agent/2026-09-01_claude-opus-5-api-generic-v7_rep1/CHORUS_d4d.yaml,Composition,known_biases,populated
CHORUS,api,v7,2,data/d4d_concatenated/claudecode_agent/2026-09-01_claude-opus-5-api-generic-v7_rep2/CHORUS_d4d.yaml,Composition,known_biases,empty
CHORUS,api,v7,3,data/d4d_concatenated/claudecode_agent/2026-09-01_claude-opus-5-api-generic-v7_rep3/CHORUS_d4d.yaml,Composition,known_biases,empty
CHORUS,api,v8,1,data/d4d_concatenated/claudecode_api/2026-09-04f_claude-opus-5-api-generic-v8_rep1/CHORUS_d4d.yaml,Composition,known_biases,empty
CHORUS,api,v8,2,data/d4d_concatenated/claudecode_api/2026-09-04f_claude-opus-5-api-generic-v8_rep2/CHORUS_d4d.yaml,Composition,known_biases,populated
CHORUS,api,v8,3,data/d4d_concatenated/claudecode_api/2026-09-04f_claude-opus-5-api-generic-v8_rep3/CHORUS_d4d.yaml,Composition,known_biases,empty
CHORUS,agentic,v6,1,data/d4d_concatenated/claudecode_agent/2026-08-28_claude-opus-5-claudecode-generic-v6_rep1/CHORUS_d4d.yaml,Composition,known_biases,empty
CHORUS,agentic,v6,2,data/d4d_concatenated/claudecode_agent/2026-08-28_claude-opus-5-claudecode-generic-v6_rep2/CHORUS_d4d.yaml,Composition,known_biases,empty
CHORUS,agentic,v6,3,data/d4d_concatenated/claudecode_agent/2026-08-28_claude-opus-5-claudecode-generic-v6_rep3/CHORUS_d4d.yaml,Composition,known_biases,empty
CHORUS,direct,,,,Composition,known_biases,no_record
CM4AI,api,v7,1,data/d4d_concatenated/claudecode_agent/2026-09-01_claude-opus-5-api-generic-v7_rep1/CM4AI_d4d.yaml,Composition,known_biases,populated
CM4AI,api,v7,2,data/d4d_concatenated/claudecode_agent/2026-09-01_claude-opus-5-api-generic-v7_rep2/CM4AI_d4d.yaml,Composition,known_biases,populated
CM4AI,api,v7,3,data/d4d_concatenated/claudecode_agent/2026-09-01_claude-opus-5-api-generic-v7_rep3/CM4AI_d4d.yaml,Composition,known_biases,populated
CM4AI,api,v8,1,data/d4d_concatenated/claudecode_api/2026-09-04g_claude-opus-5-api-generic-v8_rep1/CM4AI_d4d.yaml,Composition,known_biases,populated
CM4AI,api,v8,2,data/d4d_concatenated/claudecode_api/2026-09-04g_claude-opus-5-api-generic-v8_rep2/CM4AI_d4d.yaml,Composition,known_biases,populated
CM4AI,api,v8,3,data/d4d_concatenated/claudecode_api/2026-09-04g_claude-opus-5-api-generic-v8_rep3/CM4AI_d4d.yaml,Composition,known_biases,populated
CM4AI,agentic,v6,1,data/d4d_concatenated/claudecode_agent/2026-08-28_claude-opus-5-claudecode-generic-v6_rep1/CM4AI_d4d.yaml,Composition,known_biases,populated
CM4AI,agentic,v6,2,data/d4d_concatenated/claudecode_agent/2026-08-28_claude-opus-5-claudecode-generic-v6_rep2/CM4AI_d4d.yaml,Composition,known_biases,populated
CM4AI,agentic,v6,3,data/d4d_concatenated/claudecode_agent/2026-08-28_claude-opus-5-claudecode-generic-v6_rep3/CM4AI_d4d.yaml,Composition,known_biases,populated
CM4AI,direct,,,,Composition,known_biases,no_record
VOICE,api,v7,1,data/d4d_concatenated/claudecode_agent/2026-09-01_claude-opus-5-api-generic-v7_rep1/VOICE_d4d.yaml,Composition,known_biases,populated
VOICE,api,v7,2,data/d4d_concatenated/claudecode_agent/2026-09-01_claude-opus-5-api-generic-v7_rep2/VOICE_d4d.yaml,Composition,known_biases,populated
VOICE,api,v7,3,data/d4d_concatenated/claudecode_agent/2026-09-01_claude-opus-5-api-generic-v7_rep3/VOICE_d4d.yaml,Composition,known_biases,populated
VOICE,api,v8,1,data/d4d_concatenated/claudecode_api/2026-09-04f_claude-opus-5-api-generic-v8_rep1/VOICE_d4d.yaml,Composition,known_biases,populated
VOICE,api,v8,2,data/d4d_concatenated/claudecode_api/2026-09-04f_claude-opus-5-api-generic-v8_rep2/VOICE_d4d.yaml,Composition,known_biases,populated
VOICE,api,v8,3,data/d4d_concatenated/claudecode_api/2026-09-04f_claude-opus-5-api-generic-v8_rep3/VOICE_d4d.yaml,Composition,known_biases,populated
VOICE,agentic,v6,1,data/d4d_concatenated/claudecode_agent/2026-08-28_claude-opus-5-claudecode-generic-v6_rep1/VOICE_d4d.yaml,Composition,known_biases,populated
VOICE,agentic,v6,2,data/d4d_concatenated/claudecode_agent/2026-08-28_claude-opus-5-claudecode-generic-v6_rep2/VOICE_d4d.yaml,Composition,known_biases,populated
VOICE,agentic,v6,3,data/d4d_concatenated/claudecode_agent/2026-08-28_claude-opus-5-claudecode-generic-v6_rep3/VOICE_d4d.yaml,Composition,known_biases,populated
VOICE,direct,,,,Composition,known_biases,no_record
AI_READI,api,v7,1,data/d4d_concatenated/claudecode_agent/2026-09-01_claude-opus-5-api-generic-v7_rep1/AI_READI_d4d.yaml,Composition,known_limitations,populated
AI_READI,api,v7,2,data/d4d_concatenated/claudecode_agent/2026-09-01_claude-opus-5-api-generic-v7_rep2/AI_READI_d4d.yaml,Composition,known_limitations,populated
AI_READI,api,v7,3,data/d4d_concatenated/claudecode_agent/2026-09-01_claude-opus-5-api-generic-v7_rep3/AI_READI_d4d.yaml,Composition,known_limitations,populated
AI_READI,api,v8,1,data/d4d_concatenated/claudecode_api/2026-09-04g_claude-opus-5-api-generic-v8_rep1/AI_READI_d4d.yaml,Composition,known_limitations,populated
AI_READI,api,v8,2,data/d4d_concatenated/claudecode_api/2026-09-04g_claude-opus-5-api-generic-v8_rep2/AI_READI_d4d.yaml,Composition,known_limitations,populated
AI_READI,api,v8,3,data/d4d_concatenated/claudecode_api/2026-09-04g_claude-opus-5-api-generic-v8_rep3/AI_READI_d4d.yaml,Composition,known_limitations,populated
AI_READI,agentic,v6,1,data/d4d_concatenated/claudecode_agent/2026-08-28_claude-opus-5-claudecode-generic-v6_rep1/AI_READI_d4d.yaml,Composition,known_limitations,populated
AI_READI,agentic,v6,2,data/d4d_concatenated/claudecode_agent/2026-08-28_claude-opus-5-claudecode-generic-v6_rep2/AI_READI_d4d.yaml,Composition,known_limitations,populated
AI_READI,agentic,v6,3,data/d4d_concatenated/claudecode_agent/2026-08-28_claude-opus-5-claudecode-generic-v6_rep3/AI_READI_d4d.yaml,Composition,known_limitations,populated
AI_READI,direct,,,,Composition,known_limitations,no_record
CHORUS,api,v7,1,data/d4d_concatenated/claudecode_agent/2026-09-01_claude-opus-5-api-generic-v7_rep1/CHORUS_d4d.yaml,Composition,known_limitations,populated
CHORUS,api,v7,2,data/d4d_concatenated/claudecode_agent/2026-09-01_claude-opus-5-api-generic-v7_rep2/CHORUS_d4d.yaml,Composition,known_limitations,populated
CHORUS,api,v7,3,data/d4d_concatenated/claudecode_agent/2026-09-01_claude-opus-5-api-generic-v7_rep3/CHORUS_d4d.yaml,Composition,known_limitations,populated
CHORUS,api,v8,1,data/d4d_concatenated/claudecode_api/2026-09-04f_claude-opus-5-api-generic-v8_rep1/CHORUS_d4d.yaml,Composition,known_limitations,populated
CHORUS,api,v8,2,data/d4d_concatenated/claudecode_api/2026-09-04f_claude-opus-5-api-generic-v8_rep2/CHORUS_d4d.yaml,Composition,known_limitations,populated
CHORUS,api,v8,3,data/d4d_concatenated/claudecode_api/2026-09-04f_claude-opus-5-api-generic-v8_rep3/CHORUS_d4d.yaml,Composition,known_limitations,populated
CHORUS,agentic,v6,1,data/d4d_concatenated/claudecode_agent/2026-08-28_claude-opus-5-claudecode-generic-v6_rep1/CHORUS_d4d.yaml,Composition,known_limitations,populated
CHORUS,agentic,v6,2,data/d4d_concatenated/claudecode_agent/2026-08-28_claude-opus-5-claudecode-generic-v6_rep2/CHORUS_d4d.yaml,Composition,known_limitations,populated
CHORUS,agentic,v6,3,data/d4d_concatenated/claudecode_agent/2026-08-28_claude-opus-5-claudecode-generic-v6_rep3/CHORUS_d4d.yaml,Composition,known_limitations,populated
CHORUS,direct,,,,Composition,known_limitations,no_record
CM4AI,api,v7,1,data/d4d_concatenated/claudecode_agent/2026-09-01_claude-opus-5-api-generic-v7_rep1/CM4AI_d4d.yaml,Composition,known_limitations,populated
CM4AI,api,v7,2,data/d4d_concatenated/claudecode_agent/2026-09-01_claude-opus-5-api-generic-v7_rep2/CM4AI_d4d.yaml,Composition,known_limitations,populated
CM4AI,api,v7,3,data/d4d_concatenated/claudecode_agent/2026-09-01_claude-opus-5-api-generic-v7_rep3/CM4AI_d4d.yaml,Composition,known_limitations,populated
CM4AI,api,v8,1,data/d4d_concatenated/claudecode_api/2026-09-04g_claude-opus-5-api-generic-v8_rep1/CM4AI_d4d.yaml,Composition,known_limitations,populated
CM4AI,api,v8,2,data/d4d_concatenated/claudecode_api/2026-09-04g_claude-opus-5-api-generic-v8_rep2/CM4AI_d4d.yaml,Composition,known_limitations,populated
CM4AI,api,v8,3,data/d4d_concatenated/claudecode_api/2026-09-04g_claude-opus-5-api-generic-v8_rep3/CM4AI_d4d.yaml,Composition,known_limitations,populated
CM4AI,agentic,v6,1,data/d4d_concatenated/claudecode_agent/2026-08-28_claude-opus-5-claudecode-generic-v6_rep1/CM4AI_d4d.yaml,Composition,known_limitations,populated
CM4AI,agentic,v6,2,data/d4d_concatenated/claudecode_agent/2026-08-28_claude-opus-5-claudecode-generic-v6_rep2/CM4AI_d4d.yaml,Composition,known_limitations,populated
CM4AI,agentic,v6,3,data/d4d_concatenated/claudecode_agent/2026-08-28_claude-opus-5-claudecode-generic-v6_rep3/CM4AI_d4d.yaml,Composition,known_limitations,populated
CM4AI,direct,,,,Composition,known_limitations,no_record
VOICE,api,v7,1,data/d4d_concatenated/claudecode_agent/2026-09-01_claude-opus-5-api-generic-v7_rep1/VOICE_d4d.yaml,Composition,known_limitations,populated
VOICE,api,v7,2,data/d4d_concatenated/claudecode_agent/2026-09-01_claude-opus-5-api-generic-v7_rep2/VOICE_d4d.yaml,Composition,known_limitations,populated
VOICE,api,v7,3,data/d4d_concatenated/claudecode_agent/2026-09-01_claude-opus-5-api-generic-v7_rep3/VOICE_d4d.yaml,Composition,known_limitations,populated
VOICE,api,v8,1,data/d4d_concatenated/claudecode_api/2026-09-04f_claude-opus-5-api-generic-v8_rep1/VOICE_d4d.yaml,Composition,known_limitations,populated
VOICE,api,v8,2,data/d4d_concatenated/claudecode_api/2026-09-04f_claude-opus-5-api-generic-v8_rep2/VOICE_d4d.yaml,Composition,known_limitations,populated
VOICE,api,v8,3,data/d4d_concatenated/claudecode_api/2026-09-04f_claude-opus-5-api-generic-v8_rep3/VOICE_d4d.yaml,Composition,known_limitations,populated
VOICE,agentic,v6,1,data/d4d_concatenated/claudecode_agent/2026-08-28_claude-opus-5-claudecode-generic-v6_rep1/VOICE_d4d.yaml,Composition,known_limitations,populated
VOICE,agentic,v6,2,data/d4d_concatenated/claudecode_agent/2026-08-28_claude-opus-5-claudecode-generic-v6_rep2/VOICE_d4d.yaml,Composition,known_limitations,populated
VOICE,agentic,v6,3,data/d4d_concatenated/claudecode_agent/2026-08-28_claude-opus-5-claudecode-generic-v6_rep3/VOICE_d4d.yaml,Composition,known_limitations,populated
VOICE,direct,,,,Composition,known_limitations,no_record
AI_READI,api,v7,1,data/d4d_concatenated/claudecode_agent/2026-09-01_claude-opus-5-api-generic-v7_rep1/AI_READI_d4d.yaml,Composition,confidential_elements,populated
AI_READI,api,v7,2,data/d4d_concatenated/claudecode_agent/2026-09-01_claude-opus-5-api-generic-v7_rep2/AI_READI_d4d.yaml,Composition,confidential_elements,populated
AI_READI,api,v7,3,data/d4d_concatenated/claudecode_agent/2026-09-01_claude-opus-5-api-generic-v7_rep3/AI_READI_d4d.yaml,Composition,confidential_elements,populated
AI_READI,api,v8,1,data/d4d_concatenated/claudecode_api/2026-09-04g_claude-opus-5-api-generic-v8_rep1/AI_READI_d4d.yaml,Composition,confidential_elements,populated
AI_READI,api,v8,2,data/d4d_concatenated/claudecode_api/2026-09-04g_claude-opus-5-api-generic-v8_rep2/AI_READI_d4d.yaml,Composition,confidential_elements,populated
AI_READI,api,v8,3,data/d4d_concatenated/claudecode_api/2026-09-04g_claude-opus-5-api-generic-v8_rep3/AI_READI_d4d.yaml,Composition,confidential_elements,populated
AI_READI,agentic,v6,1,data/d4d_concatenated/claudecode_agent/2026-08-28_claude-opus-5-claudecode-generic-v6_rep1/AI_READI_d4d.yaml,Composition,confidential_elements,populated
AI_READI,agentic,v6,2,data/d4d_concatenated/claudecode_agent/2026-08-28_claude-opus-5-claudecode-generic-v6_rep2/AI_READI_d4d.yaml,Composition,confidential_elements,populated
AI_READI,agentic,v6,3,data/d4d_concatenated/claudecode_agent/2026-08-28_claude-opus-5-claudecode-generic-v6_rep3/AI_READI_d4d.yaml,Composition,confidential_elements,populated
AI_READI,direct,,,,Composition,confidential_elements,no_record
CHORUS,api,v7,1,data/d4d_concatenated/claudecode_agent/2026-09-01_claude-opus-5-api-generic-v7_rep1/CHORUS_d4d.yaml,Composition,confidential_elements,populated
CHORUS,api,v7,2,data/d4d_concatenated/claudecode_agent/2026-09-01_claude-opus-5-api-generic-v7_rep2/CHORUS_d4d.yaml,Composition,confidential_elements,populated
CHORUS,api,v7,3,data/d4d_concatenated/claudecode_agent/2026-09-01_claude-opus-5-api-generic-v7_rep3/CHORUS_d4d.yaml,Composition,confidential_elements,populated
CHORUS,api,v8,1,data/d4d_concatenated/claudecode_api/2026-09-04f_claude-opus-5-api-generic-v8_rep1/CHORUS_d4d.yaml,Composition,confidential_elements,populated
CHORUS,api,v8,2,data/d4d_concatenated/claudecode_api/2026-09-04f_claude-opus-5-api-generic-v8_rep2/CHORUS_d4d.yaml,Composition,confidential_elements,populated
CHORUS,api,v8,3,data/d4d_concatenated/claudecode_api/2026-09-04f_claude-opus-5-api-generic-v8_rep3/CHORUS_d4d.yaml,Composition,confidential_elements,populated
CHORUS,agentic,v6,1,data/d4d_concatenated/claudecode_agent/2026-08-28_claude-opus-5-claudecode-generic-v6_rep1/CHORUS_d4d.yaml,Composition,confidential_elements,populated
CHORUS,agentic,v6,2,data/d4d_concatenated/claudecode_agent/2026-08-28_claude-opus-5-claudecode-generic-v6_rep2/CHORUS_d4d.yaml,Composition,confidential_elements,populated
CHORUS,agentic,v6,3,data/d4d_concatenated/claudecode_agent/2026-08-28_claude-opus-5-claudecode-generic-v6_rep3/CHORUS_d4d.yaml,Composition,confidential_elements,empty
CHORUS,direct,,,,Composition,confidential_elements,no_record
CM4AI,api,v7,1,data/d4d_concatenated/claudecode_agent/2026-09-01_claude-opus-5-api-generic-v7_rep1/CM4AI_d4d.yaml,Composition,confidential_elements,populated
CM4AI,api,v7,2,data/d4d_concatenated/claudecode_agent/2026-09-01_claude-opus-5-api-generic-v7_rep2/CM4AI_d4d.yaml,Composition,confidential_elements,populated
CM4AI,api,v7,3,data/d4d_concatenated/claudecode_agent/2026-09-01_claude-opus-5-api-generic-v7_rep3/CM4AI_d4d.yaml,Composition,confidential_elements,empty
CM4AI,api,v8,1,data/d4d_concatenated/claudecode_api/2026-09-04g_claude-opus-5-api-generic-v8_rep1/CM4AI_d4d.yaml,Composition,confidential_elements,populated
CM4AI,api,v8,2,data/d4d_concatenated/claudecode_api/2026-09-04g_claude-opus-5-api-generic-v8_rep2/CM4AI_d4d.yaml,Composition,confidential_elements,populated
CM4AI,api,v8,3,data/d4d_concatenated/claudecode_api/2026-09-04g_claude-opus-5-api-generic-v8_rep3/CM4AI_d4d.yaml,Composition,confidential_elements,empty
CM4AI,agentic,v6,1,data/d4d_concatenated/claudecode_agent/2026-08-28_claude-opus-5-claudecode-generic-v6_rep1/CM4AI_d4d.yaml,Composition,confidential_elements,empty
CM4AI,agentic,v6,2,data/d4d_concatenated/claudecode_agent/2026-08-28_claude-opus-5-claudecode-generic-v6_rep2/CM4AI_d4d.yaml,Composition,confidential_elements,populated
CM4AI,agentic,v6,3,data/d4d_concatenated/claudecode_agent/2026-08-28_claude-opus-5-claudecode-generic-v6_rep3/CM4AI_d4d.yaml,Composition,confidential_elements,populated
CM4AI,direct,,,,Composition,confidential_elements,no_record
VOICE,api,v7,1,data/d4d_concatenated/claudecode_agent/2026-09-01_claude-opus-5-api-generic-v7_rep1/VOICE_d4d.yaml,Composition,confidential_elements,populated
VOICE,api,v7,2,data/d4d_concatenated/claudecode_agent/2026-09-01_claude-opus-5-api-generic-v7_rep2/VOICE_d4d.yaml,Composition,confidential_elements,populated
VOICE,api,v7,3,data/d4d_concatenated/claudecode_agent/2026-09-01_claude-opus-5-api-generic-v7_rep3/VOICE_d4d.yaml,Composition,confidential_elements,populated
VOICE,api,v8,1,data/d4d_concatenated/claudecode_api/2026-09-04f_claude-opus-5-api-generic-v8_rep1/VOICE_d4d.yaml,Composition,confidential_elements,populated
VOICE,api,v8,2,data/d4d_concatenated/claudecode_api/2026-09-04f_claude-opus-5-api-generic-v8_rep2/VOICE_d4d.yaml,Composition,confidential_elements,populated
VOICE,api,v8,3,data/d4d_concatenated/claudecode_api/2026-09-04f_claude-opus-5-api-generic-v8_rep3/VOICE_d4d.yaml,Composition,confidential_elements,populated
VOICE,agentic,v6,1,data/d4d_concatenated/claudecode_agent/2026-08-28_claude-opus-5-claudecode-generic-v6_rep1/VOICE_d4d.yaml,Composition,confidential_elements,populated
VOICE,agentic,v6,2,data/d4d_concatenated/claudecode_agent/2026-08-28_claude-opus-5-claudecode-generic-v6_rep2/VOICE_d4d.yaml,Composition,confidential_elements,populated
VOICE,agentic,v6,3,data/d4d_concatenated/claudecode_agent/2026-08-28_claude-opus-5-claudecode-generic-v6_rep3/VOICE_d4d.yaml,Composition,confidential_elements,populated
VOICE,direct,,,,Composition,confidential_elements,no_record
AI_READI,api,v7,1,data/d4d_concatenated/claudecode_agent/2026-09-01_claude-opus-5-api-generic-v7_rep1/AI_READI_d4d.yaml,Composition,content_warnings,populated
AI_READI,api,v7,2,data/d4d_concatenated/claudecode_agent/2026-09-01_claude-opus-5-api-generic-v7_rep2/AI_READI_d4d.yaml,Composition,content_warnings,populated
AI_READI,api,v7,3,data/d4d_concatenated/claudecode_agent/2026-09-01_claude-opus-5-api-generic-v7_rep3/AI_READI_d4d.yaml,Composition,content_warnings,empty
AI_READI,api,v8,1,data/d4d_concatenated/claudecode_api/2026-09-04g_claude-opus-5-api-generic-v8_rep1/AI_READI_d4d.yaml,Composition,content_warnings,populated
AI_READI,api,v8,2,data/d4d_concatenated/claudecode_api/2026-09-04g_claude-opus-5-api-generic-v8_rep2/AI_READI_d4d.yaml,Composition,content_warnings,populated
AI_READI,api,v8,3,data/d4d_concatenated/claudecode_api/2026-09-04g_claude-opus-5-api-generic-v8_rep3/AI_READI_d4d.yaml,Composition,content_warnings,empty
AI_READI,agentic,v6,1,data/d4d_concatenated/claudecode_agent/2026-08-28_claude-opus-5-claudecode-generic-v6_rep1/AI_READI_d4d.yaml,Composition,content_warnings,populated
AI_READI,agentic,v6,2,data/d4d_concatenated/claudecode_agent/2026-08-28_claude-opus-5-claudecode-generic-v6_rep2/AI_READI_d4d.yaml,Composition,content_warnings,populated
AI_READI,agentic,v6,3,data/d4d_concatenated/claudecode_agent/2026-08-28_claude-opus-5-claudecode-generic-v6_rep3/AI_READI_d4d.yaml,Composition,content_warnings,populated
AI_READI,direct,,,,Composition,content_warnings,no_record
CHORUS,api,v7,1,data/d4d_concatenated/claudecode_agent/2026-09-01_claude-opus-5-api-generic-v7_rep1/CHORUS_d4d.yaml,Composition,content_warnings,empty
CHORUS,api,v7,2,data/d4d_concatenated/claudecode_agent/2026-09-01_claude-opus-5-api-generic-v7_rep2/CHORUS_d4d.yaml,Composition,content_warnings,empty
CHORUS,api,v7,3,data/d4d_concatenated/claudecode_agent/2026-09-01_claude-opus-5-api-generic-v7_rep3/CHORUS_d4d.yaml,Composition,content_warnings,empty
CHORUS,api,v8,1,data/d4d_concatenated/claudecode_api/2026-09-04f_claude-opus-5-api-generic-v8_rep1/CHORUS_d4d.yaml,Composition,content_warnings,empty
CHORUS,api,v8,2,data/d4d_concatenated/claudecode_api/2026-09-04f_claude-opus-5-api-generic-v8_rep2/CHORUS_d4d.yaml,Composition,content_warnings,empty
CHORUS,api,v8,3,data/d4d_concatenated/claudecode_api/2026-09-04f_claude-opus-5-api-generic-v8_rep3/CHORUS_d4d.yaml,Composition,content_warnings,empty
CHORUS,agentic,v6,1,data/d4d_concatenated/claudecode_agent/2026-08-28_claude-opus-5-claudecode-generic-v6_rep1/CHORUS_d4d.yaml,Composition,content_warnings,empty
CHORUS,agentic,v6,2,data/d4d_concatenated/claudecode_agent/2026-08-28_claude-opus-5-claudecode-generic-v6_rep2/CHORUS_d4d.yaml,Composition,content_warnings,empty
CHORUS,agentic,v6,3,data/d4d_concatenated/claudecode_agent/2026-08-28_claude-opus-5-claudecode-generic-v6_rep3/CHORUS_d4d.yaml,Composition,content_warnings,empty
CHORUS,direct,,,,Composition,content_warnings,no_record
CM4AI,api,v7,1,data/d4d_concatenated/claudecode_agent/2026-09-01_claude-opus-5-api-generic-v7_rep1/CM4AI_d4d.yaml,Composition,content_warnings,populated
CM4AI,api,v7,2,data/d4d_concatenated/claudecode_agent/2026-09-01_claude-opus-5-api-generic-v7_rep2/CM4AI_d4d.yaml,Composition,content_warnings,populated
CM4AI,api,v7,3,data/d4d_concatenated/claudecode_agent/2026-09-01_claude-opus-5-api-generic-v7_rep3/CM4AI_d4d.yaml,Composition,content_warnings,empty
CM4AI,api,v8,1,data/d4d_concatenated/claudecode_api/2026-09-04g_claude-opus-5-api-generic-v8_rep1/CM4AI_d4d.yaml,Composition,content_warnings,empty
CM4AI,api,v8,2,data/d4d_concatenated/claudecode_api/2026-09-04g_claude-opus-5-api-generic-v8_rep2/CM4AI_d4d.yaml,Composition,content_warnings,empty
CM4AI,api,v8,3,data/d4d_concatenated/claudecode_api/2026-09-04g_claude-opus-5-api-generic-v8_rep3/CM4AI_d4d.yaml,Composition,content_warnings,empty
CM4AI,agentic,v6,1,data/d4d_concatenated/claudecode_agent/2026-08-28_claude-opus-5-claudecode-generic-v6_rep1/CM4AI_d4d.yaml,Composition,content_warnings,empty
CM4AI,agentic,v6,2,data/d4d_concatenated/claudecode_agent/2026-08-28_claude-opus-5-claudecode-generic-v6_rep2/CM4AI_d4d.yaml,Composition,content_warnings,empty
CM4AI,agentic,v6,3,data/d4d_concatenated/claudecode_agent/2026-08-28_claude-opus-5-claudecode-generic-v6_rep3/CM4AI_d4d.yaml,Composition,content_warnings,empty
CM4AI,direct,,,,Composition,content_warnings,no_record
VOICE,api,v7,1,data/d4d_concatenated/claudecode_agent/2026-09-01_claude-opus-5-api-generic-v7_rep1/VOICE_d4d.yaml,Composition,content_warnings,populated
VOICE,api,v7,2,data/d4d_concatenated/claudecode_agent/2026-09-01_claude-opus-5-api-generic-v7_rep2/VOICE_d4d.yaml,Composition,content_warnings,populated
VOICE,api,v7,3,data/d4d_concatenated/claudecode_agent/2026-09-01_claude-opus-5-api-generic-v7_rep3/VOICE_d4d.yaml,Composition,content_warnings,populated
VOICE,api,v8,1,data/d4d_concatenated/claudecode_api/2026-09-04f_claude-opus-5-api-generic-v8_rep1/VOICE_d4d.yaml,Composition,content_warnings,populated
VOICE,api,v8,2,data/d4d_concatenated/claudecode_api/2026-09-04f_claude-opus-5-api-generic-v8_rep2/VOICE_d4d.yaml,Composition,content_warnings,populated
VOICE,api,v8,3,data/d4d_concatenated/claudecode_api/2026-09-04f_claude-opus-5-api-generic-v8_rep3/VOICE_d4d.yaml,Composition,content_warnings,populated
VOICE,agentic,v6,1,data/d4d_concatenated/claudecode_agent/2026-08-28_claude-opus-5-claudecode-generic-v6_rep1/VOICE_d4d.yaml,Composition,content_warnings,populated
VOICE,agentic,v6,2,data/d4d_concatenated/claudecode_agent/2026-08-28_claude-opus-5-claudecode-generic-v6_rep2/VOICE_d4d.yaml,Composition,content_warnings,populated
VOICE,agentic,v6,3,data/d4d_concatenated/claudecode_agent/2026-08-28_claude-opus-5-claudecode-generic-v6_rep3/VOICE_d4d.yaml,Composition,content_warnings,populated
VOICE,direct,,,,Composition,content_warnings,no_record
AI_READI,api,v7,1,data/d4d_concatenated/claudecode_agent/2026-09-01_claude-opus-5-api-generic-v7_rep1/AI_READI_d4d.yaml,Composition,subpopulations,populated
AI_READI,api,v7,2,data/d4d_concatenated/claudecode_agent/2026-09-01_claude-opus-5-api-generic-v7_rep2/AI_READI_d4d.yaml,Composition,subpopulations,populated
AI_READI,api,v7,3,data/d4d_concatenated/claudecode_agent/2026-09-01_claude-opus-5-api-generic-v7_rep3/AI_READI_d4d.yaml,Composition,subpopulations,populated
AI_READI,api,v8,1,data/d4d_concatenated/claudecode_api/2026-09-04g_claude-opus-5-api-generic-v8_rep1/AI_READI_d4d.yaml,Composition,subpopulations,populated
AI_READI,api,v8,2,data/d4d_concatenated/claudecode_api/2026-09-04g_claude-opus-5-api-generic-v8_rep2/AI_READI_d4d.yaml,Composition,subpopulations,populated
AI_READI,api,v8,3,data/d4d_concatenated/claudecode_api/2026-09-04g_claude-opus-5-api-generic-v8_rep3/AI_READI_d4d.yaml,Composition,subpopulations,populated
AI_READI,agentic,v6,1,data/d4d_concatenated/claudecode_agent/2026-08-28_claude-opus-5-claudecode-generic-v6_rep1/AI_READI_d4d.yaml,Composition,subpopulations,populated
AI_READI,agentic,v6,2,data/d4d_concatenated/claudecode_agent/2026-08-28_claude-opus-5-claudecode-generic-v6_rep2/AI_READI_d4d.yaml,Composition,subpopulations,populated
AI_READI,agentic,v6,3,data/d4d_concatenated/claudecode_agent/2026-08-28_claude-opus-5-claudecode-generic-v6_rep3/AI_READI_d4d.yaml,Composition,subpopulations,populated
AI_READI,direct,,,,Composition,subpopulations,no_record
CHORUS,api,v7,1,data/d4d_concatenated/claudecode_agent/2026-09-01_claude-opus-5-api-generic-v7_rep1/CHORUS_d4d.yaml,Composition,subpopulations,populated
CHORUS,api,v7,2,data/d4d_concatenated/claudecode_agent/2026-09-01_claude-opus-5-api-generic-v7_rep2/CHORUS_d4d.yaml,Composition,subpopulations,populated
CHORUS,api,v7,3,data/d4d_concatenated/claudecode_agent/2026-09-01_claude-opus-5-api-generic-v7_rep3/CHORUS_d4d.yaml,Composition,subpopulations,populated
CHORUS,api,v8,1,data/d4d_concatenated/claudecode_api/2026-09-04f_claude-opus-5-api-generic-v8_rep1/CHORUS_d4d.yaml,Composition,subpopulations,populated
CHORUS,api,v8,2,data/d4d_concatenated/claudecode_api/2026-09-04f_claude-opus-5-api-generic-v8_rep2/CHORUS_d4d.yaml,Composition,subpopulations,populated
CHORUS,api,v8,3,data/d4d_concatenated/claudecode_api/2026-09-04f_claude-opus-5-api-generic-v8_rep3/CHORUS_d4d.yaml,Composition,subpopulations,populated
CHORUS,agentic,v6,1,data/d4d_concatenated/claudecode_agent/2026-08-28_claude-opus-5-claudecode-generic-v6_rep1/CHORUS_d4d.yaml,Composition,subpopulations,populated
CHORUS,agentic,v6,2,data/d4d_concatenated/claudecode_agent/2026-08-28_claude-opus-5-claudecode-generic-v6_rep2/CHORUS_d4d.yaml,Composition,subpopulations,populated
CHORUS,agentic,v6,3,data/d4d_concatenated/claudecode_agent/2026-08-28_claude-opus-5-claudecode-generic-v6_rep3/CHORUS_d4d.yaml,Composition,subpopulations,populated
CHORUS,direct,,,,Composition,subpopulations,no_record
CM4AI,api,v7,1,data/d4d_concatenated/claudecode_agent/2026-09-01_claude-opus-5-api-generic-v7_rep1/CM4AI_d4d.yaml,Composition,subpopulations,populated
CM4AI,api,v7,2,data/d4d_concatenated/claudecode_agent/2026-09-01_claude-opus-5-api-generic-v7_rep2/CM4AI_d4d.yaml,Composition,subpopulations,populated
CM4AI,api,v7,3,data/d4d_concatenated/claudecode_agent/2026-09-01_claude-opus-5-api-generic-v7_rep3/CM4AI_d4d.yaml,Composition,subpopulations,empty
CM4AI,api,v8,1,data/d4d_concatenated/claudecode_api/2026-09-04g_claude-opus-5-api-generic-v8_rep1/CM4AI_d4d.yaml,Composition,subpopulations,empty
CM4AI,api,v8,2,data/d4d_concatenated/claudecode_api/2026-09-04g_claude-opus-5-api-generic-v8_rep2/CM4AI_d4d.yaml,Composition,subpopulations,populated
CM4AI,api,v8,3,data/d4d_concatenated/claudecode_api/2026-09-04g_claude-opus-5-api-generic-v8_rep3/CM4AI_d4d.yaml,Composition,subpopulations,populated
CM4AI,agentic,v6,1,data/d4d_concatenated/claudecode_agent/2026-08-28_claude-opus-5-claudecode-generic-v6_rep1/CM4AI_d4d.yaml,Composition,subpopulations,empty
CM4AI,agentic,v6,2,data/d4d_concatenated/claudecode_agent/2026-08-28_claude-opus-5-claudecode-generic-v6_rep2/CM4AI_d4d.yaml,Composition,subpopulations,empty
CM4AI,agentic,v6,3,data/d4d_concatenated/claudecode_agent/2026-08-28_claude-opus-5-claudecode-generic-v6_rep3/CM4AI_d4d.yaml,Composition,subpopulations,populated
CM4AI,direct,,,,Composition,subpopulations,no_record
VOICE,api,v7,1,data/d4d_concatenated/claudecode_agent/2026-09-01_claude-opus-5-api-generic-v7_rep1/VOICE_d4d.yaml,Composition,subpopulations,populated
VOICE,api,v7,2,data/d4d_concatenated/claudecode_agent/2026-09-01_claude-opus-5-api-generic-v7_rep2/VOICE_d4d.yaml,Composition,subpopulations,populated
VOICE,api,v7,3,data/d4d_concatenated/claudecode_agent/2026-09-01_claude-opus-5-api-generic-v7_rep3/VOICE_d4d.yaml,Composition,subpopulations,populated
VOICE,api,v8,1,data/d4d_concatenated/claudecode_api/2026-09-04f_claude-opus-5-api-generic-v8_rep1/VOICE_d4d.yaml,Composition,subpopulations,populated
VOICE,api,v8,2,data/d4d_concatenated/claudecode_api/2026-09-04f_claude-opus-5-api-generic-v8_rep2/VOICE_d4d.yaml,Composition,subpopulations,populated
VOICE,api,v8,3,data/d4d_concatenated/claudecode_api/2026-09-04f_claude-opus-5-api-generic-v8_rep3/VOICE_d4d.yaml,Composition,subpopulations,populated
VOICE,agentic,v6,1,data/d4d_concatenated/claudecode_agent/2026-08-28_claude-opus-5-claudecode-generic-v6_rep1/VOICE_d4d.yaml,Composition,subpopulations,populated
VOICE,agentic,v6,2,data/d4d_concatenated/claudecode_agent/2026-08-28_claude-opus-5-claudecode-generic-v6_rep2/VOICE_d4d.yaml,Composition,subpopulations,populated
VOICE,agentic,v6,3,data/d4d_concatenated/claudecode_agent/2026-08-28_claude-opus-5-claudecode-generic-v6_rep3/VOICE_d4d.yaml,Composition,subpopulations,populated
VOICE,direct,,,,Composition,subpopulations,no_record
AI_READI,api,v7,1,data/d4d_concatenated/claudecode_agent/2026-09-01_claude-opus-5-api-generic-v7_rep1/AI_READI_d4d.yaml,Composition,sensitive_elements,populated
AI_READI,api,v7,2,data/d4d_concatenated/claudecode_agent/2026-09-01_claude-opus-5-api-generic-v7_rep2/AI_READI_d4d.yaml,Composition,sensitive_elements,populated
AI_READI,api,v7,3,data/d4d_concatenated/claudecode_agent/2026-09-01_claude-opus-5-api-generic-v7_rep3/AI_READI_d4d.yaml,Composition,sensitive_elements,populated
AI_READI,api,v8,1,data/d4d_concatenated/claudecode_api/2026-09-04g_claude-opus-5-api-generic-v8_rep1/AI_READI_d4d.yaml,Composition,sensitive_elements,populated
AI_READI,api,v8,2,data/d4d_concatenated/claudecode_api/2026-09-04g_claude-opus-5-api-generic-v8_rep2/AI_READI_d4d.yaml,Composition,sensitive_elements,populated
AI_READI,api,v8,3,data/d4d_concatenated/claudecode_api/2026-09-04g_claude-opus-5-api-generic-v8_rep3/AI_READI_d4d.yaml,Composition,sensitive_elements,populated
AI_READI,agentic,v6,1,data/d4d_concatenated/claudecode_agent/2026-08-28_claude-opus-5-claudecode-generic-v6_rep1/AI_READI_d4d.yaml,Composition,sensitive_elements,populated
AI_READI,agentic,v6,2,data/d4d_concatenated/claudecode_agent/2026-08-28_claude-opus-5-claudecode-generic-v6_rep2/AI_READI_d4d.yaml,Composition,sensitive_elements,populated
AI_READI,agentic,v6,3,data/d4d_concatenated/claudecode_agent/2026-08-28_claude-opus-5-claudecode-generic-v6_rep3/AI_READI_d4d.yaml,Composition,sensitive_elements,populated
AI_READI,direct,,,,Composition,sensitive_elements,no_record
CHORUS,api,v7,1,data/d4d_concatenated/claudecode_agent/2026-09-01_claude-opus-5-api-generic-v7_rep1/CHORUS_d4d.yaml,Composition,sensitive_elements,populated
CHORUS,api,v7,2,data/d4d_concatenated/claudecode_agent/2026-09-01_claude-opus-5-api-generic-v7_rep2/CHORUS_d4d.yaml,Composition,sensitive_elements,populated
CHORUS,api,v7,3,data/d4d_concatenated/claudecode_agent/2026-09-01_claude-opus-5-api-generic-v7_rep3/CHORUS_d4d.yaml,Composition,sensitive_elements,populated
CHORUS,api,v8,1,data/d4d_concatenated/claudecode_api/2026-09-04f_claude-opus-5-api-generic-v8_rep1/CHORUS_d4d.yaml,Composition,sensitive_elements,populated
CHORUS,api,v8,2,data/d4d_concatenated/claudecode_api/2026-09-04f_claude-opus-5-api-generic-v8_rep2/CHORUS_d4d.yaml,Composition,sensitive_elements,populated
CHORUS,api,v8,3,data/d4d_concatenated/claudecode_api/2026-09-04f_claude-opus-5-api-generic-v8_rep3/CHORUS_d4d.yaml,Composition,sensitive_elements,populated
CHORUS,agentic,v6,1,data/d4d_concatenated/claudecode_agent/2026-08-28_claude-opus-5-claudecode-generic-v6_rep1/CHORUS_d4d.yaml,Composition,sensitive_elements,populated
CHORUS,agentic,v6,2,data/d4d_concatenated/claudecode_agent/2026-08-28_claude-opus-5-claudecode-generic-v6_rep2/CHORUS_d4d.yaml,Composition,sensitive_elements,empty
CHORUS,agentic,v6,3,data/d4d_concatenated/claudecode_agent/2026-08-28_claude-opus-5-claudecode-generic-v6_rep3/CHORUS_d4d.yaml,Composition,sensitive_elements,populated
CHORUS,direct,,,,Composition,sensitive_elements,no_record
CM4AI,api,v7,1,data/d4d_concatenated/claudecode_agent/2026-09-01_claude-opus-5-api-generic-v7_rep1/CM4AI_d4d.yaml,Composition,sensitive_elements,populated
CM4AI,api,v7,2,data/d4d_concatenated/claudecode_agent/2026-09-01_claude-opus-5-api-generic-v7_rep2/CM4AI_d4d.yaml,Composition,sensitive_elements,populated
CM4AI,api,v7,3,data/d4d_concatenated/claudecode_agent/2026-09-01_claude-opus-5-api-generic-v7_rep3/CM4AI_d4d.yaml,Composition,sensitive_elements,populated
CM4AI,api,v8,1,data/d4d_concatenated/claudecode_api/2026-09-04g_claude-opus-5-api-generic-v8_rep1/CM4AI_d4d.yaml,Composition,sensitive_elements,populated
CM4AI,api,v8,2,data/d4d_concatenated/claudecode_api/2026-09-04g_claude-opus-5-api-generic-v8_rep2/CM4AI_d4d.yaml,Composition,sensitive_elements,populated
CM4AI,api,v8,3,data/d4d_concatenated/claudecode_api/2026-09-04g_claude-opus-5-api-generic-v8_rep3/CM4AI_d4d.yaml,Composition,sensitive_elements,populated
CM4AI,agentic,v6,1,data/d4d_concatenated/claudecode_agent/2026-08-28_claude-opus-5-claudecode-generic-v6_rep1/CM4AI_d4d.yaml,Composition,sensitive_elements,empty
CM4AI,agentic,v6,2,data/d4d_concatenated/claudecode_agent/2026-08-28_claude-opus-5-claudecode-generic-v6_rep2/CM4AI_d4d.yaml,Composition,sensitive_elements,empty
CM4AI,agentic,v6,3,data/d4d_concatenated/claudecode_agent/2026-08-28_claude-opus-5-claudecode-generic-v6_rep3/CM4AI_d4d.yaml,Composition,sensitive_elements,populated
CM4AI,direct,,,,Composition,sensitive_elements,no_record
VOICE,api,v7,1,data/d4d_concatenated/claudecode_agent/2026-09-01_claude-opus-5-api-generic-v7_rep1/VOICE_d4d.yaml,Composition,sensitive_elements,populated
VOICE,api,v7,2,data/d4d_concatenated/claudecode_agent/2026-09-01_claude-opus-5-api-generic-v7_rep2/VOICE_d4d.yaml,Composition,sensitive_elements,populated
VOICE,api,v7,3,data/d4d_concatenated/claudecode_agent/2026-09-01_claude-opus-5-api-generic-v7_rep3/VOICE_d4d.yaml,Composition,sensitive_elements,populated
VOICE,api,v8,1,data/d4d_concatenated/claudecode_api/2026-09-04f_claude-opus-5-api-generic-v8_rep1/VOICE_d4d.yaml,Composition,sensitive_elements,populated
VOICE,api,v8,2,data/d4d_concatenated/claudecode_api/2026-09-04f_claude-opus-5-api-generic-v8_rep2/VOICE_d4d.yaml,Composition,sensitive_elements,populated
VOICE,api,v8,3,data/d4d_concatenated/claudecode_api/2026-09-04f_claude-opus-5-api-generic-v8_rep3/VOICE_d4d.yaml,Composition,sensitive_elements,populated
VOICE,agentic,v6,1,data/d4d_concatenated/claudecode_agent/2026-08-28_claude-opus-5-claudecode-generic-v6_rep1/VOICE_d4d.yaml,Composition,sensitive_elements,populated
VOICE,agentic,v6,2,data/d4d_concatenated/claudecode_agent/2026-08-28_claude-opus-5-claudecode-generic-v6_rep2/VOICE_d4d.yaml,Composition,sensitive_elements,populated
VOICE,agentic,v6,3,data/d4d_concatenated/claudecode_agent/2026-08-28_claude-opus-5-claudecode-generic-v6_rep3/VOICE_d4d.yaml,Composition,sensitive_elements,populated
VOICE,direct,,,,Composition,sensitive_elements,no_record
AI_READI,api,v7,1,data/d4d_concatenated/claudecode_agent/2026-09-01_claude-opus-5-api-generic-v7_rep1/AI_READI_d4d.yaml,Composition,relationships,populated
AI_READI,api,v7,2,data/d4d_concatenated/claudecode_agent/2026-09-01_claude-opus-5-api-generic-v7_rep2/AI_READI_d4d.yaml,Composition,relationships,populated
AI_READI,api,v7,3,data/d4d_concatenated/claudecode_agent/2026-09-01_claude-opus-5-api-generic-v7_rep3/AI_READI_d4d.yaml,Composition,relationships,populated
AI_READI,api,v8,1,data/d4d_concatenated/claudecode_api/2026-09-04g_claude-opus-5-api-generic-v8_rep1/AI_READI_d4d.yaml,Composition,relationships,populated
AI_READI,api,v8,2,data/d4d_concatenated/claudecode_api/2026-09-04g_claude-opus-5-api-generic-v8_rep2/AI_READI_d4d.yaml,Composition,relationships,populated
AI_READI,api,v8,3,data/d4d_concatenated/claudecode_api/2026-09-04g_claude-opus-5-api-generic-v8_rep3/AI_READI_d4d.yaml,Composition,relationships,populated
AI_READI,agentic,v6,1,data/d4d_concatenated/claudecode_agent/2026-08-28_claude-opus-5-claudecode-generic-v6_rep1/AI_READI_d4d.yaml,Composition,relationships,populated
AI_READI,agentic,v6,2,data/d4d_concatenated/claudecode_agent/2026-08-28_claude-opus-5-claudecode-generic-v6_rep2/AI_READI_d4d.yaml,Composition,relationships,populated
AI_READI,agentic,v6,3,data/d4d_concatenated/claudecode_agent/2026-08-28_claude-opus-5-claudecode-generic-v6_rep3/AI_READI_d4d.yaml,Composition,relationships,populated
AI_READI,direct,,,,Composition,relationships,no_record
CHORUS,api,v7,1,data/d4d_concatenated/claudecode_agent/2026-09-01_claude-opus-5-api-generic-v7_rep1/CHORUS_d4d.yaml,Composition,relationships,empty
CHORUS,api,v7,2,data/d4d_concatenated/claudecode_agent/2026-09-01_claude-opus-5-api-generic-v7_rep2/CHORUS_d4d.yaml,Composition,relationships,empty
CHORUS,api,v7,3,data/d4d_concatenated/claudecode_agent/2026-09-01_claude-opus-5-api-generic-v7_rep3/CHORUS_d4d.yaml,Composition,relationships,empty
CHORUS,api,v8,1,data/d4d_concatenated/claudecode_api/2026-09-04f_claude-opus-5-api-generic-v8_rep1/CHORUS_d4d.yaml,Composition,relationships,empty
CHORUS,api,v8,2,data/d4d_concatenated/claudecode_api/2026-09-04f_claude-opus-5-api-generic-v8_rep2/CHORUS_d4d.yaml,Composition,relationships,empty
CHORUS,api,v8,3,data/d4d_concatenated/claudecode_api/2026-09-04f_claude-opus-5-api-generic-v8_rep3/CHORUS_d4d.yaml,Composition,relationships,caveat_only
CHORUS,agentic,v6,1,data/d4d_concatenated/claudecode_agent/2026-08-28_claude-opus-5-claudecode-generic-v6_rep1/CHORUS_d4d.yaml,Composition,relationships,empty
CHORUS,agentic,v6,2,data/d4d_concatenated/claudecode_agent/2026-08-28_claude-opus-5-claudecode-generic-v6_rep2/CHORUS_d4d.yaml,Composition,relationships,empty
CHORUS,agentic,v6,3,data/d4d_concatenated/claudecode_agent/2026-08-28_claude-opus-5-claudecode-generic-v6_rep3/CHORUS_d4d.yaml,Composition,relationships,empty
CHORUS,direct,,,,Composition,relationships,no_record
CM4AI,api,v7,1,data/d4d_concatenated/claudecode_agent/2026-09-01_claude-opus-5-api-generic-v7_rep1/CM4AI_d4d.yaml,Composition,relationships,empty
CM4AI,api,v7,2,data/d4d_concatenated/claudecode_agent/2026-09-01_claude-opus-5-api-generic-v7_rep2/CM4AI_d4d.yaml,Composition,relationships,empty
CM4AI,api,v7,3,data/d4d_concatenated/claudecode_agent/2026-09-01_claude-opus-5-api-generic-v7_rep3/CM4AI_d4d.yaml,Composition,relationships,empty
CM4AI,api,v8,1,data/d4d_concatenated/claudecode_api/2026-09-04g_claude-opus-5-api-generic-v8_rep1/CM4AI_d4d.yaml,Composition,relationships,empty
CM4AI,api,v8,2,data/d4d_concatenated/claudecode_api/2026-09-04g_claude-opus-5-api-generic-v8_rep2/CM4AI_d4d.yaml,Composition,relationships,empty
CM4AI,api,v8,3,data/d4d_concatenated/claudecode_api/2026-09-04g_claude-opus-5-api-generic-v8_rep3/CM4AI_d4d.yaml,Composition,relationships,empty
CM4AI,agentic,v6,1,data/d4d_concatenated/claudecode_agent/2026-08-28_claude-opus-5-claudecode-generic-v6_rep1/CM4AI_d4d.yaml,Composition,relationships,empty
CM4AI,agentic,v6,2,data/d4d_concatenated/claudecode_agent/2026-08-28_claude-opus-5-claudecode-generic-v6_rep2/CM4AI_d4d.yaml,Composition,relationships,empty
CM4AI,agentic,v6,3,data/d4d_concatenated/claudecode_agent/2026-08-28_claude-opus-5-claudecode-generic-v6_rep3/CM4AI_d4d.yaml,Composition,relationships,empty
CM4AI,direct,,,,Composition,relationships,no_record
VOICE,api,v7,1,data/d4d_concatenated/claudecode_agent/2026-09-01_claude-opus-5-api-generic-v7_rep1/VOICE_d4d.yaml,Composition,relationships,populated
VOICE,api,v7,2,data/d4d_concatenated/claudecode_agent/2026-09-01_claude-opus-5-api-generic-v7_rep2/VOICE_d4d.yaml,Composition,relationships,populated
VOICE,api,v7,3,data/d4d_concatenated/claudecode_agent/2026-09-01_claude-opus-5-api-generic-v7_rep3/VOICE_d4d.yaml,Composition,relationships,populated
VOICE,api,v8,1,data/d4d_concatenated/claudecode_api/2026-09-04f_claude-opus-5-api-generic-v8_rep1/VOICE_d4d.yaml,Composition,relationships,populated
VOICE,api,v8,2,data/d4d_concatenated/claudecode_api/2026-09-04f_claude-opus-5-api-generic-v8_rep2/VOICE_d4d.yaml,Composition,relationships,populated
VOICE,api,v8,3,data/d4d_concatenated/claudecode_api/2026-09-04f_claude-opus-5-api-generic-v8_rep3/VOICE_d4d.yaml,Composition,relationships,populated
VOICE,agentic,v6,1,data/d4d_concatenated/claudecode_agent/2026-08-28_claude-opus-5-claudecode-generic-v6_rep1/VOICE_d4d.yaml,Composition,relationships,populated
VOICE,agentic,v6,2,data/d4d_concatenated/claudecode_agent/2026-08-28_claude-opus-5-claudecode-generic-v6_rep2/VOICE_d4d.yaml,Composition,relationships,populated
VOICE,agentic,v6,3,data/d4d_concatenated/claudecode_agent/2026-08-28_claude-opus-5-claudecode-generic-v6_rep3/VOICE_d4d.yaml,Composition,relationships,populated
VOICE,direct,,,,Composition,relationships,no_record
AI_READI,api,v7,1,data/d4d_concatenated/claudecode_agent/2026-09-01_claude-opus-5-api-generic-v7_rep1/AI_READI_d4d.yaml,Composition,splits,populated
AI_READI,api,v7,2,data/d4d_concatenated/claudecode_agent/2026-09-01_claude-opus-5-api-generic-v7_rep2/AI_READI_d4d.yaml,Composition,splits,populated
AI_READI,api,v7,3,data/d4d_concatenated/claudecode_agent/2026-09-01_claude-opus-5-api-generic-v7_rep3/AI_READI_d4d.yaml,Composition,splits,populated
AI_READI,api,v8,1,data/d4d_concatenated/claudecode_api/2026-09-04g_claude-opus-5-api-generic-v8_rep1/AI_READI_d4d.yaml,Composition,splits,populated
AI_READI,api,v8,2,data/d4d_concatenated/claudecode_api/2026-09-04g_claude-opus-5-api-generic-v8_rep2/AI_READI_d4d.yaml,Composition,splits,populated
AI_READI,api,v8,3,data/d4d_concatenated/claudecode_api/2026-09-04g_claude-opus-5-api-generic-v8_rep3/AI_READI_d4d.yaml,Composition,splits,populated
AI_READI,agentic,v6,1,data/d4d_concatenated/claudecode_agent/2026-08-28_claude-opus-5-claudecode-generic-v6_rep1/AI_READI_d4d.yaml,Composition,splits,populated
AI_READI,agentic,v6,2,data/d4d_concatenated/claudecode_agent/2026-08-28_claude-opus-5-claudecode-generic-v6_rep2/AI_READI_d4d.yaml,Composition,splits,populated
AI_READI,agentic,v6,3,data/d4d_concatenated/claudecode_agent/2026-08-28_claude-opus-5-claudecode-generic-v6_rep3/AI_READI_d4d.yaml,Composition,splits,populated
AI_READI,direct,,,,Composition,splits,no_record
CHORUS,api,v7,1,data/d4d_concatenated/claudecode_agent/2026-09-01_claude-opus-5-api-generic-v7_rep1/CHORUS_d4d.yaml,Composition,splits,populated
CHORUS,api,v7,2,data/d4d_concatenated/claudecode_agent/2026-09-01_claude-opus-5-api-generic-v7_rep2/CHORUS_d4d.yaml,Composition,splits,populated
CHORUS,api,v7,3,data/d4d_concatenated/claudecode_agent/2026-09-01_claude-opus-5-api-generic-v7_rep3/CHORUS_d4d.yaml,Composition,splits,populated
CHORUS,api,v8,1,data/d4d_concatenated/claudecode_api/2026-09-04f_claude-opus-5-api-generic-v8_rep1/CHORUS_d4d.yaml,Composition,splits,populated
CHORUS,api,v8,2,data/d4d_concatenated/claudecode_api/2026-09-04f_claude-opus-5-api-generic-v8_rep2/CHORUS_d4d.yaml,Composition,splits,populated
CHORUS,api,v8,3,data/d4d_concatenated/claudecode_api/2026-09-04f_claude-opus-5-api-generic-v8_rep3/CHORUS_d4d.yaml,Composition,splits,populated
CHORUS,agentic,v6,1,data/d4d_concatenated/claudecode_agent/2026-08-28_claude-opus-5-claudecode-generic-v6_rep1/CHORUS_d4d.yaml,Composition,splits,populated
CHORUS,agentic,v6,2,data/d4d_concatenated/claudecode_agent/2026-08-28_claude-opus-5-claudecode-generic-v6_rep2/CHORUS_d4d.yaml,Composition,splits,populated
CHORUS,agentic,v6,3,data/d4d_concatenated/claudecode_agent/2026-08-28_claude-opus-5-claudecode-generic-v6_rep3/CHORUS_d4d.yaml,Composition,splits,populated
CHORUS,direct,,,,Composition,splits,no_record
CM4AI,api,v7,1,data/d4d_concatenated/claudecode_agent/2026-09-01_claude-opus-5-api-generic-v7_rep1/CM4AI_d4d.yaml,Composition,splits,empty
CM4AI,api,v7,2,data/d4d_concatenated/claudecode_agent/2026-09-01_claude-opus-5-api-generic-v7_rep2/CM4AI_d4d.yaml,Composition,splits,empty
CM4AI,api,v7,3,data/d4d_concatenated/claudecode_agent/2026-09-01_claude-opus-5-api-generic-v7_rep3/CM4AI_d4d.yaml,Composition,splits,empty
CM4AI,api,v8,1,data/d4d_concatenated/claudecode_api/2026-09-04g_claude-opus-5-api-generic-v8_rep1/CM4AI_d4d.yaml,Composition,splits,empty
CM4AI,api,v8,2,data/d4d_concatenated/claudecode_api/2026-09-04g_claude-opus-5-api-generic-v8_rep2/CM4AI_d4d.yaml,Composition,splits,empty
CM4AI,api,v8,3,data/d4d_concatenated/claudecode_api/2026-09-04g_claude-opus-5-api-generic-v8_rep3/CM4AI_d4d.yaml,Composition,splits,empty
CM4AI,agentic,v6,1,data/d4d_concatenated/claudecode_agent/2026-08-28_claude-opus-5-claudecode-generic-v6_rep1/CM4AI_d4d.yaml,Composition,splits,empty
CM4AI,agentic,v6,2,data/d4d_concatenated/claudecode_agent/2026-08-28_claude-opus-5-claudecode-generic-v6_rep2/CM4AI_d4d.yaml,Composition,splits,empty
CM4AI,agentic,v6,3,data/d4d_concatenated/claudecode_agent/2026-08-28_claude-opus-5-claudecode-generic-v6_rep3/CM4AI_d4d.yaml,Composition,splits,empty
CM4AI,direct,,,,Composition,splits,no_record
VOICE,api,v7,1,data/d4d_concatenated/claudecode_agent/2026-09-01_claude-opus-5-api-generic-v7_rep1/VOICE_d4d.yaml,Composition,splits,populated
VOICE,api,v7,2,data/d4d_concatenated/claudecode_agent/2026-09-01_claude-opus-5-api-generic-v7_rep2/VOICE_d4d.yaml,Composition,splits,populated
VOICE,api,v7,3,data/d4d_concatenated/claudecode_agent/2026-09-01_claude-opus-5-api-generic-v7_rep3/VOICE_d4d.yaml,Composition,splits,populated
VOICE,api,v8,1,data/d4d_concatenated/claudecode_api/2026-09-04f_claude-opus-5-api-generic-v8_rep1/VOICE_d4d.yaml,Composition,splits,populated
VOICE,api,v8,2,data/d4d_concatenated/claudecode_api/2026-09-04f_claude-opus-5-api-generic-v8_rep2/VOICE_d4d.yaml,Composition,splits,populated
VOICE,api,v8,3,data/d4d_concatenated/claudecode_api/2026-09-04f_claude-opus-5-api-generic-v8_rep3/VOICE_d4d.yaml,Composition,splits,populated
VOICE,agentic,v6,1,data/d4d_concatenated/claudecode_agent/2026-08-28_claude-opus-5-claudecode-generic-v6_rep1/VOICE_d4d.yaml,Composition,splits,populated
VOICE,agentic,v6,2,data/d4d_concatenated/claudecode_agent/2026-08-28_claude-opus-5-claudecode-generic-v6_rep2/VOICE_d4d.yaml,Composition,splits,populated
VOICE,agentic,v6,3,data/d4d_concatenated/claudecode_agent/2026-08-28_claude-opus-5-claudecode-generic-v6_rep3/VOICE_d4d.yaml,Composition,splits,populated
VOICE,direct,,,,Composition,splits,no_record
AI_READI,api,v7,1,data/d4d_concatenated/claudecode_agent/2026-09-01_claude-opus-5-api-generic-v7_rep1/AI_READI_d4d.yaml,Composition,sampling_strategies,populated
AI_READI,api,v7,2,data/d4d_concatenated/claudecode_agent/2026-09-01_claude-opus-5-api-generic-v7_rep2/AI_READI_d4d.yaml,Composition,sampling_strategies,populated
AI_READI,api,v7,3,data/d4d_concatenated/claudecode_agent/2026-09-01_claude-opus-5-api-generic-v7_rep3/AI_READI_d4d.yaml,Composition,sampling_strategies,populated
AI_READI,api,v8,1,data/d4d_concatenated/claudecode_api/2026-09-04g_claude-opus-5-api-generic-v8_rep1/AI_READI_d4d.yaml,Composition,sampling_strategies,populated
AI_READI,api,v8,2,data/d4d_concatenated/claudecode_api/2026-09-04g_claude-opus-5-api-generic-v8_rep2/AI_READI_d4d.yaml,Composition,sampling_strategies,populated
AI_READI,api,v8,3,data/d4d_concatenated/claudecode_api/2026-09-04g_claude-opus-5-api-generic-v8_rep3/AI_READI_d4d.yaml,Composition,sampling_strategies,populated
AI_READI,agentic,v6,1,data/d4d_concatenated/claudecode_agent/2026-08-28_claude-opus-5-claudecode-generic-v6_rep1/AI_READI_d4d.yaml,Composition,sampling_strategies,populated
AI_READI,agentic,v6,2,data/d4d_concatenated/claudecode_agent/2026-08-28_claude-opus-5-claudecode-generic-v6_rep2/AI_READI_d4d.yaml,Composition,sampling_strategies,populated
AI_READI,agentic,v6,3,data/d4d_concatenated/claudecode_agent/2026-08-28_claude-opus-5-claudecode-generic-v6_rep3/AI_READI_d4d.yaml,Composition,sampling_strategies,populated
AI_READI,direct,,,,Composition,sampling_strategies,no_record
CHORUS,api,v7,1,data/d4d_concatenated/claudecode_agent/2026-09-01_claude-opus-5-api-generic-v7_rep1/CHORUS_d4d.yaml,Composition,sampling_strategies,populated
CHORUS,api,v7,2,data/d4d_concatenated/claudecode_agent/2026-09-01_claude-opus-5-api-generic-v7_rep2/CHORUS_d4d.yaml,Composition,sampling_strategies,populated
CHORUS,api,v7,3,data/d4d_concatenated/claudecode_agent/2026-09-01_claude-opus-5-api-generic-v7_rep3/CHORUS_d4d.yaml,Composition,sampling_strategies,populated
CHORUS,api,v8,1,data/d4d_concatenated/claudecode_api/2026-09-04f_claude-opus-5-api-generic-v8_rep1/CHORUS_d4d.yaml,Composition,sampling_strategies,populated
CHORUS,api,v8,2,data/d4d_concatenated/claudecode_api/2026-09-04f_claude-opus-5-api-generic-v8_rep2/CHORUS_d4d.yaml,Composition,sampling_strategies,populated
CHORUS,api,v8,3,data/d4d_concatenated/claudecode_api/2026-09-04f_claude-opus-5-api-generic-v8_rep3/CHORUS_d4d.yaml,Composition,sampling_strategies,populated
CHORUS,agentic,v6,1,data/d4d_concatenated/claudecode_agent/2026-08-28_claude-opus-5-claudecode-generic-v6_rep1/CHORUS_d4d.yaml,Composition,sampling_strategies,populated
CHORUS,agentic,v6,2,data/d4d_concatenated/claudecode_agent/2026-08-28_claude-opus-5-claudecode-generic-v6_rep2/CHORUS_d4d.yaml,Composition,sampling_strategies,populated
CHORUS,agentic,v6,3,data/d4d_concatenated/claudecode_agent/2026-08-28_claude-opus-5-claudecode-generic-v6_rep3/CHORUS_d4d.yaml,Composition,sampling_strategies,populated
CHORUS,direct,,,,Composition,sampling_strategies,no_record
CM4AI,api,v7,1,data/d4d_concatenated/claudecode_agent/2026-09-01_claude-opus-5-api-generic-v7_rep1/CM4AI_d4d.yaml,Composition,sampling_strategies,populated
CM4AI,api,v7,2,data/d4d_concatenated/claudecode_agent/2026-09-01_claude-opus-5-api-generic-v7_rep2/CM4AI_d4d.yaml,Composition,sampling_strategies,populated
CM4AI,api,v7,3,data/d4d_concatenated/claudecode_agent/2026-09-01_claude-opus-5-api-generic-v7_rep3/CM4AI_d4d.yaml,Composition,sampling_strategies,populated
CM4AI,api,v8,1,data/d4d_concatenated/claudecode_api/2026-09-04g_claude-opus-5-api-generic-v8_rep1/CM4AI_d4d.yaml,Composition,sampling_strategies,populated
CM4AI,api,v8,2,data/d4d_concatenated/claudecode_api/2026-09-04g_claude-opus-5-api-generic-v8_rep2/CM4AI_d4d.yaml,Composition,sampling_strategies,empty
CM4AI,api,v8,3,data/d4d_concatenated/claudecode_api/2026-09-04g_claude-opus-5-api-generic-v8_rep3/CM4AI_d4d.yaml,Composition,sampling_strategies,populated
CM4AI,agentic,v6,1,data/d4d_concatenated/claudecode_agent/2026-08-28_claude-opus-5-claudecode-generic-v6_rep1/CM4AI_d4d.yaml,Composition,sampling_strategies,populated
CM4AI,agentic,v6,2,data/d4d_concatenated/claudecode_agent/2026-08-28_claude-opus-5-claudecode-generic-v6_rep2/CM4AI_d4d.yaml,Composition,sampling_strategies,empty
CM4AI,agentic,v6,3,data/d4d_concatenated/claudecode_agent/2026-08-28_claude-opus-5-claudecode-generic-v6_rep3/CM4AI_d4d.yaml,Composition,sampling_strategies,populated
CM4AI,direct,,,,Composition,sampling_strategies,no_record
VOICE,api,v7,1,data/d4d_concatenated/claudecode_agent/2026-09-01_claude-opus-5-api-generic-v7_rep1/VOICE_d4d.yaml,Composition,sampling_strategies,populated
VOICE,api,v7,2,data/d4d_concatenated/claudecode_agent/2026-09-01_claude-opus-5-api-generic-v7_rep2/VOICE_d4d.yaml,Composition,sampling_strategies,populated
VOICE,api,v7,3,data/d4d_concatenated/claudecode_agent/2026-09-01_claude-opus-5-api-generic-v7_rep3/VOICE_d4d.yaml,Composition,sampling_strategies,populated
VOICE,api,v8,1,data/d4d_concatenated/claudecode_api/2026-09-04f_claude-opus-5-api-generic-v8_rep1/VOICE_d4d.yaml,Composition,sampling_strategies,populated
VOICE,api,v8,2,data/d4d_concatenated/claudecode_api/2026-09-04f_claude-opus-5-api-generic-v8_rep2/VOICE_d4d.yaml,Composition,sampling_strategies,populated
VOICE,api,v8,3,data/d4d_concatenated/claudecode_api/2026-09-04f_claude-opus-5-api-generic-v8_rep3/VOICE_d4d.yaml,Composition,sampling_strategies,populated
VOICE,agentic,v6,1,data/d4d_concatenated/claudecode_agent/2026-08-28_claude-opus-5-claudecode-generic-v6_rep1/VOICE_d4d.yaml,Composition,sampling_strategies,populated
VOICE,agentic,v6,2,data/d4d_concatenated/claudecode_agent/2026-08-28_claude-opus-5-claudecode-generic-v6_rep2/VOICE_d4d.yaml,Composition,sampling_strategies,populated
VOICE,agentic,v6,3,data/d4d_concatenated/claudecode_agent/2026-08-28_claude-opus-5-claudecode-generic-v6_rep3/VOICE_d4d.yaml,Composition,sampling_strategies,populated
VOICE,direct,,,,Composition,sampling_strategies,no_record
AI_READI,api,v7,1,data/d4d_concatenated/claudecode_agent/2026-09-01_claude-opus-5-api-generic-v7_rep1/AI_READI_d4d.yaml,Composition,is_deidentified,populated
AI_READI,api,v7,2,data/d4d_concatenated/claudecode_agent/2026-09-01_claude-opus-5-api-generic-v7_rep2/AI_READI_d4d.yaml,Composition,is_deidentified,populated
AI_READI,api,v7,3,data/d4d_concatenated/claudecode_agent/2026-09-01_claude-opus-5-api-generic-v7_rep3/AI_READI_d4d.yaml,Composition,is_deidentified,populated
AI_READI,api,v8,1,data/d4d_concatenated/claudecode_api/2026-09-04g_claude-opus-5-api-generic-v8_rep1/AI_READI_d4d.yaml,Composition,is_deidentified,populated
AI_READI,api,v8,2,data/d4d_concatenated/claudecode_api/2026-09-04g_claude-opus-5-api-generic-v8_rep2/AI_READI_d4d.yaml,Composition,is_deidentified,populated
AI_READI,api,v8,3,data/d4d_concatenated/claudecode_api/2026-09-04g_claude-opus-5-api-generic-v8_rep3/AI_READI_d4d.yaml,Composition,is_deidentified,populated
AI_READI,agentic,v6,1,data/d4d_concatenated/claudecode_agent/2026-08-28_claude-opus-5-claudecode-generic-v6_rep1/AI_READI_d4d.yaml,Composition,is_deidentified,populated
AI_READI,agentic,v6,2,data/d4d_concatenated/claudecode_agent/2026-08-28_claude-opus-5-claudecode-generic-v6_rep2/AI_READI_d4d.yaml,Composition,is_deidentified,populated
AI_READI,agentic,v6,3,data/d4d_concatenated/claudecode_agent/2026-08-28_claude-opus-5-claudecode-generic-v6_rep3/AI_READI_d4d.yaml,Composition,is_deidentified,populated
AI_READI,direct,,,,Composition,is_deidentified,no_record
CHORUS,api,v7,1,data/d4d_concatenated/claudecode_agent/2026-09-01_claude-opus-5-api-generic-v7_rep1/CHORUS_d4d.yaml,Composition,is_deidentified,populated
CHORUS,api,v7,2,data/d4d_concatenated/claudecode_agent/2026-09-01_claude-opus-5-api-generic-v7_rep2/CHORUS_d4d.yaml,Composition,is_deidentified,populated
CHORUS,api,v7,3,data/d4d_concatenated/claudecode_agent/2026-09-01_claude-opus-5-api-generic-v7_rep3/CHORUS_d4d.yaml,Composition,is_deidentified,populated
CHORUS,api,v8,1,data/d4d_concatenated/claudecode_api/2026-09-04f_claude-opus-5-api-generic-v8_rep1/CHORUS_d4d.yaml,Composition,is_deidentified,populated
CHORUS,api,v8,2,data/d4d_concatenated/claudecode_api/2026-09-04f_claude-opus-5-api-generic-v8_rep2/CHORUS_d4d.yaml,Composition,is_deidentified,populated
CHORUS,api,v8,3,data/d4d_concatenated/claudecode_api/2026-09-04f_claude-opus-5-api-generic-v8_rep3/CHORUS_d4d.yaml,Composition,is_deidentified,populated
CHORUS,agentic,v6,1,data/d4d_concatenated/claudecode_agent/2026-08-28_claude-opus-5-claudecode-generic-v6_rep1/CHORUS_d4d.yaml,Composition,is_deidentified,populated
CHORUS,agentic,v6,2,data/d4d_concatenated/claudecode_agent/2026-08-28_claude-opus-5-claudecode-generic-v6_rep2/CHORUS_d4d.yaml,Composition,is_deidentified,populated
CHORUS,agentic,v6,3,data/d4d_concatenated/claudecode_agent/2026-08-28_claude-opus-5-claudecode-generic-v6_rep3/CHORUS_d4d.yaml,Composition,is_deidentified,populated
CHORUS,direct,,,,Composition,is_deidentified,no_record
CM4AI,api,v7,1,data/d4d_concatenated/claudecode_agent/2026-09-01_claude-opus-5-api-generic-v7_rep1/CM4AI_d4d.yaml,Composition,is_deidentified,populated
CM4AI,api,v7,2,data/d4d_concatenated/claudecode_agent/2026-09-01_claude-opus-5-api-generic-v7_rep2/CM4AI_d4d.yaml,Composition,is_deidentified,populated
CM4AI,api,v7,3,data/d4d_concatenated/claudecode_agent/2026-09-01_claude-opus-5-api-generic-v7_rep3/CM4AI_d4d.yaml,Composition,is_deidentified,populated
CM4AI,api,v8,1,data/d4d_concatenated/claudecode_api/2026-09-04g_claude-opus-5-api-generic-v8_rep1/CM4AI_d4d.yaml,Composition,is_deidentified,populated
CM4AI,api,v8,2,data/d4d_concatenated/claudecode_api/2026-09-04g_claude-opus-5-api-generic-v8_rep2/CM4AI_d4d.yaml,Composition,is_deidentified,populated
CM4AI,api,v8,3,data/d4d_concatenated/claudecode_api/2026-09-04g_claude-opus-5-api-generic-v8_rep3/CM4AI_d4d.yaml,Composition,is_deidentified,populated
CM4AI,agentic,v6,1,data/d4d_concatenated/claudecode_agent/2026-08-28_claude-opus-5-claudecode-generic-v6_rep1/CM4AI_d4d.yaml,Composition,is_deidentified,populated
CM4AI,agentic,v6,2,data/d4d_concatenated/claudecode_agent/2026-08-28_claude-opus-5-claudecode-generic-v6_rep2/CM4AI_d4d.yaml,Composition,is_deidentified,populated
CM4AI,agentic,v6,3,data/d4d_concatenated/claudecode_agent/2026-08-28_claude-opus-5-claudecode-generic-v6_rep3/CM4AI_d4d.yaml,Composition,is_deidentified,populated
CM4AI,direct,,,,Composition,is_deidentified,no_record
VOICE,api,v7,1,data/d4d_concatenated/claudecode_agent/2026-09-01_claude-opus-5-api-generic-v7_rep1/VOICE_d4d.yaml,Composition,is_deidentified,populated
VOICE,api,v7,2,data/d4d_concatenated/claudecode_agent/2026-09-01_claude-opus-5-api-generic-v7_rep2/VOICE_d4d.yaml,Composition,is_deidentified,populated
VOICE,api,v7,3,data/d4d_concatenated/claudecode_agent/2026-09-01_claude-opus-5-api-generic-v7_rep3/VOICE_d4d.yaml,Composition,is_deidentified,populated
VOICE,api,v8,1,data/d4d_concatenated/claudecode_api/2026-09-04f_claude-opus-5-api-generic-v8_rep1/VOICE_d4d.yaml,Composition,is_deidentified,populated
VOICE,api,v8,2,data/d4d_concatenated/claudecode_api/2026-09-04f_claude-opus-5-api-generic-v8_rep2/VOICE_d4d.yaml,Composition,is_deidentified,populated
VOICE,api,v8,3,data/d4d_concatenated/claudecode_api/2026-09-04f_claude-opus-5-api-generic-v8_rep3/VOICE_d4d.yaml,Composition,is_deidentified,populated
VOICE,agentic,v6,1,data/d4d_concatenated/claudecode_agent/2026-08-28_claude-opus-5-claudecode-generic-v6_rep1/VOICE_d4d.yaml,Composition,is_deidentified,populated
VOICE,agentic,v6,2,data/d4d_concatenated/claudecode_agent/2026-08-28_claude-opus-5-claudecode-generic-v6_rep2/VOICE_d4d.yaml,Composition,is_deidentified,populated
VOICE,agentic,v6,3,data/d4d_concatenated/claudecode_agent/2026-08-28_claude-opus-5-claudecode-generic-v6_rep3/VOICE_d4d.yaml,Composition,is_deidentified,populated
VOICE,direct,,,,Composition,is_deidentified,no_record
AI_READI,api,v7,1,data/d4d_concatenated/claudecode_agent/2026-09-01_claude-opus-5-api-generic-v7_rep1/AI_READI_d4d.yaml,Composition,related_datasets,populated
AI_READI,api,v7,2,data/d4d_concatenated/claudecode_agent/2026-09-01_claude-opus-5-api-generic-v7_rep2/AI_READI_d4d.yaml,Composition,related_datasets,populated
AI_READI,api,v7,3,data/d4d_concatenated/claudecode_agent/2026-09-01_claude-opus-5-api-generic-v7_rep3/AI_READI_d4d.yaml,Composition,related_datasets,populated
AI_READI,api,v8,1,data/d4d_concatenated/claudecode_api/2026-09-04g_claude-opus-5-api-generic-v8_rep1/AI_READI_d4d.yaml,Composition,related_datasets,populated
AI_READI,api,v8,2,data/d4d_concatenated/claudecode_api/2026-09-04g_claude-opus-5-api-generic-v8_rep2/AI_READI_d4d.yaml,Composition,related_datasets,populated
AI_READI,api,v8,3,data/d4d_concatenated/claudecode_api/2026-09-04g_claude-opus-5-api-generic-v8_rep3/AI_READI_d4d.yaml,Composition,related_datasets,populated
AI_READI,agentic,v6,1,data/d4d_concatenated/claudecode_agent/2026-08-28_claude-opus-5-claudecode-generic-v6_rep1/AI_READI_d4d.yaml,Composition,related_datasets,populated
AI_READI,agentic,v6,2,data/d4d_concatenated/claudecode_agent/2026-08-28_claude-opus-5-claudecode-generic-v6_rep2/AI_READI_d4d.yaml,Composition,related_datasets,populated
AI_READI,agentic,v6,3,data/d4d_concatenated/claudecode_agent/2026-08-28_claude-opus-5-claudecode-generic-v6_rep3/AI_READI_d4d.yaml,Composition,related_datasets,populated
AI_READI,direct,,,,Composition,related_datasets,no_record
CHORUS,api,v7,1,data/d4d_concatenated/claudecode_agent/2026-09-01_claude-opus-5-api-generic-v7_rep1/CHORUS_d4d.yaml,Composition,related_datasets,empty
CHORUS,api,v7,2,data/d4d_concatenated/claudecode_agent/2026-09-01_claude-opus-5-api-generic-v7_rep2/CHORUS_d4d.yaml,Composition,related_datasets,empty
CHORUS,api,v7,3,data/d4d_concatenated/claudecode_agent/2026-09-01_claude-opus-5-api-generic-v7_rep3/CHORUS_d4d.yaml,Composition,related_datasets,empty
CHORUS,api,v8,1,data/d4d_concatenated/claudecode_api/2026-09-04f_claude-opus-5-api-generic-v8_rep1/CHORUS_d4d.yaml,Composition,related_datasets,empty
CHORUS,api,v8,2,data/d4d_concatenated/claudecode_api/2026-09-04f_claude-opus-5-api-generic-v8_rep2/CHORUS_d4d.yaml,Composition,related_datasets,empty
CHORUS,api,v8,3,data/d4d_concatenated/claudecode_api/2026-09-04f_claude-opus-5-api-generic-v8_rep3/CHORUS_d4d.yaml,Composition,related_datasets,empty
CHORUS,agentic,v6,1,data/d4d_concatenated/claudecode_agent/2026-08-28_claude-opus-5-claudecode-generic-v6_rep1/CHORUS_d4d.yaml,Composition,related_datasets,empty
CHORUS,agentic,v6,2,data/d4d_concatenated/claudecode_agent/2026-08-28_claude-opus-5-claudecode-generic-v6_rep2/CHORUS_d4d.yaml,Composition,related_datasets,empty
CHORUS,agentic,v6,3,data/d4d_concatenated/claudecode_agent/2026-08-28_claude-opus-5-claudecode-generic-v6_rep3/CHORUS_d4d.yaml,Composition,related_datasets,empty
CHORUS,direct,,,,Composition,related_datasets,no_record
CM4AI,api,v7,1,data/d4d_concatenated/claudecode_agent/2026-09-01_claude-opus-5-api-generic-v7_rep1/CM4AI_d4d.yaml,Composition,related_datasets,populated
CM4AI,api,v7,2,data/d4d_concatenated/claudecode_agent/2026-09-01_claude-opus-5-api-generic-v7_rep2/CM4AI_d4d.yaml,Composition,related_datasets,populated
CM4AI,api,v7,3,data/d4d_concatenated/claudecode_agent/2026-09-01_claude-opus-5-api-generic-v7_rep3/CM4AI_d4d.yaml,Composition,related_datasets,populated
CM4AI,api,v8,1,data/d4d_concatenated/claudecode_api/2026-09-04g_claude-opus-5-api-generic-v8_rep1/CM4AI_d4d.yaml,Composition,related_datasets,populated
CM4AI,api,v8,2,data/d4d_concatenated/claudecode_api/2026-09-04g_claude-opus-5-api-generic-v8_rep2/CM4AI_d4d.yaml,Composition,related_datasets,populated
CM4AI,api,v8,3,data/d4d_concatenated/claudecode_api/2026-09-04g_claude-opus-5-api-generic-v8_rep3/CM4AI_d4d.yaml,Composition,related_datasets,populated
CM4AI,agentic,v6,1,data/d4d_concatenated/claudecode_agent/2026-08-28_claude-opus-5-claudecode-generic-v6_rep1/CM4AI_d4d.yaml,Composition,related_datasets,empty
CM4AI,agentic,v6,2,data/d4d_concatenated/claudecode_agent/2026-08-28_claude-opus-5-claudecode-generic-v6_rep2/CM4AI_d4d.yaml,Composition,related_datasets,populated
CM4AI,agentic,v6,3,data/d4d_concatenated/claudecode_agent/2026-08-28_claude-opus-5-claudecode-generic-v6_rep3/CM4AI_d4d.yaml,Composition,related_datasets,populated
CM4AI,direct,,,,Composition,related_datasets,no_record
VOICE,api,v7,1,data/d4d_concatenated/claudecode_agent/2026-09-01_claude-opus-5-api-generic-v7_rep1/VOICE_d4d.yaml,Composition,related_datasets,populated
VOICE,api,v7,2,data/d4d_concatenated/claudecode_agent/2026-09-01_claude-opus-5-api-generic-v7_rep2/VOICE_d4d.yaml,Composition,related_datasets,populated
VOICE,api,v7,3,data/d4d_concatenated/claudecode_agent/2026-09-01_claude-opus-5-api-generic-v7_rep3/VOICE_d4d.yaml,Composition,related_datasets,populated
VOICE,api,v8,1,data/d4d_concatenated/claudecode_api/2026-09-04f_claude-opus-5-api-generic-v8_rep1/VOICE_d4d.yaml,Composition,related_datasets,populated
VOICE,api,v8,2,data/d4d_concatenated/claudecode_api/2026-09-04f_claude-opus-5-api-generic-v8_rep2/VOICE_d4d.yaml,Composition,related_datasets,populated
VOICE,api,v8,3,data/d4d_concatenated/claudecode_api/2026-09-04f_claude-opus-5-api-generic-v8_rep3/VOICE_d4d.yaml,Composition,related_datasets,populated
VOICE,agentic,v6,1,data/d4d_concatenated/claudecode_agent/2026-08-28_claude-opus-5-claudecode-generic-v6_rep1/VOICE_d4d.yaml,Composition,related_datasets,populated
VOICE,agentic,v6,2,data/d4d_concatenated/claudecode_agent/2026-08-28_claude-opus-5-claudecode-generic-v6_rep2/VOICE_d4d.yaml,Composition,related_datasets,populated
VOICE,agentic,v6,3,data/d4d_concatenated/claudecode_agent/2026-08-28_claude-opus-5-claudecode-generic-v6_rep3/VOICE_d4d.yaml,Composition,related_datasets,populated
VOICE,direct,,,,Composition,related_datasets,no_record
AI_READI,api,v7,1,data/d4d_concatenated/claudecode_agent/2026-09-01_claude-opus-5-api-generic-v7_rep1/AI_READI_d4d.yaml,Collection,acquisition_methods,populated
AI_READI,api,v7,2,data/d4d_concatenated/claudecode_agent/2026-09-01_claude-opus-5-api-generic-v7_rep2/AI_READI_d4d.yaml,Collection,acquisition_methods,populated
AI_READI,api,v7,3,data/d4d_concatenated/claudecode_agent/2026-09-01_claude-opus-5-api-generic-v7_rep3/AI_READI_d4d.yaml,Collection,acquisition_methods,populated
AI_READI,api,v8,1,data/d4d_concatenated/claudecode_api/2026-09-04g_claude-opus-5-api-generic-v8_rep1/AI_READI_d4d.yaml,Collection,acquisition_methods,populated
AI_READI,api,v8,2,data/d4d_concatenated/claudecode_api/2026-09-04g_claude-opus-5-api-generic-v8_rep2/AI_READI_d4d.yaml,Collection,acquisition_methods,populated
AI_READI,api,v8,3,data/d4d_concatenated/claudecode_api/2026-09-04g_claude-opus-5-api-generic-v8_rep3/AI_READI_d4d.yaml,Collection,acquisition_methods,populated
AI_READI,agentic,v6,1,data/d4d_concatenated/claudecode_agent/2026-08-28_claude-opus-5-claudecode-generic-v6_rep1/AI_READI_d4d.yaml,Collection,acquisition_methods,populated
AI_READI,agentic,v6,2,data/d4d_concatenated/claudecode_agent/2026-08-28_claude-opus-5-claudecode-generic-v6_rep2/AI_READI_d4d.yaml,Collection,acquisition_methods,populated
AI_READI,agentic,v6,3,data/d4d_concatenated/claudecode_agent/2026-08-28_claude-opus-5-claudecode-generic-v6_rep3/AI_READI_d4d.yaml,Collection,acquisition_methods,populated
AI_READI,direct,,,,Collection,acquisition_methods,no_record
CHORUS,api,v7,1,data/d4d_concatenated/claudecode_agent/2026-09-01_claude-opus-5-api-generic-v7_rep1/CHORUS_d4d.yaml,Collection,acquisition_methods,populated
CHORUS,api,v7,2,data/d4d_concatenated/claudecode_agent/2026-09-01_claude-opus-5-api-generic-v7_rep2/CHORUS_d4d.yaml,Collection,acquisition_methods,populated
CHORUS,api,v7,3,data/d4d_concatenated/claudecode_agent/2026-09-01_claude-opus-5-api-generic-v7_rep3/CHORUS_d4d.yaml,Collection,acquisition_methods,populated
CHORUS,api,v8,1,data/d4d_concatenated/claudecode_api/2026-09-04f_claude-opus-5-api-generic-v8_rep1/CHORUS_d4d.yaml,Collection,acquisition_methods,populated
CHORUS,api,v8,2,data/d4d_concatenated/claudecode_api/2026-09-04f_claude-opus-5-api-generic-v8_rep2/CHORUS_d4d.yaml,Collection,acquisition_methods,populated
CHORUS,api,v8,3,data/d4d_concatenated/claudecode_api/2026-09-04f_claude-opus-5-api-generic-v8_rep3/CHORUS_d4d.yaml,Collection,acquisition_methods,populated
CHORUS,agentic,v6,1,data/d4d_concatenated/claudecode_agent/2026-08-28_claude-opus-5-claudecode-generic-v6_rep1/CHORUS_d4d.yaml,Collection,acquisition_methods,populated
CHORUS,agentic,v6,2,data/d4d_concatenated/claudecode_agent/2026-08-28_claude-opus-5-claudecode-generic-v6_rep2/CHORUS_d4d.yaml,Collection,acquisition_methods,populated
CHORUS,agentic,v6,3,data/d4d_concatenated/claudecode_agent/2026-08-28_claude-opus-5-claudecode-generic-v6_rep3/CHORUS_d4d.yaml,Collection,acquisition_methods,populated
CHORUS,direct,,,,Collection,acquisition_methods,no_record
CM4AI,api,v7,1,data/d4d_concatenated/claudecode_agent/2026-09-01_claude-opus-5-api-generic-v7_rep1/CM4AI_d4d.yaml,Collection,acquisition_methods,populated
CM4AI,api,v7,2,data/d4d_concatenated/claudecode_agent/2026-09-01_claude-opus-5-api-generic-v7_rep2/CM4AI_d4d.yaml,Collection,acquisition_methods,populated
CM4AI,api,v7,3,data/d4d_concatenated/claudecode_agent/2026-09-01_claude-opus-5-api-generic-v7_rep3/CM4AI_d4d.yaml,Collection,acquisition_methods,populated
CM4AI,api,v8,1,data/d4d_concatenated/claudecode_api/2026-09-04g_claude-opus-5-api-generic-v8_rep1/CM4AI_d4d.yaml,Collection,acquisition_methods,populated
CM4AI,api,v8,2,data/d4d_concatenated/claudecode_api/2026-09-04g_claude-opus-5-api-generic-v8_rep2/CM4AI_d4d.yaml,Collection,acquisition_methods,populated
CM4AI,api,v8,3,data/d4d_concatenated/claudecode_api/2026-09-04g_claude-opus-5-api-generic-v8_rep3/CM4AI_d4d.yaml,Collection,acquisition_methods,populated
CM4AI,agentic,v6,1,data/d4d_concatenated/claudecode_agent/2026-08-28_claude-opus-5-claudecode-generic-v6_rep1/CM4AI_d4d.yaml,Collection,acquisition_methods,populated
CM4AI,agentic,v6,2,data/d4d_concatenated/claudecode_agent/2026-08-28_claude-opus-5-claudecode-generic-v6_rep2/CM4AI_d4d.yaml,Collection,acquisition_methods,populated
CM4AI,agentic,v6,3,data/d4d_concatenated/claudecode_agent/2026-08-28_claude-opus-5-claudecode-generic-v6_rep3/CM4AI_d4d.yaml,Collection,acquisition_methods,populated
CM4AI,direct,,,,Collection,acquisition_methods,no_record
VOICE,api,v7,1,data/d4d_concatenated/claudecode_agent/2026-09-01_claude-opus-5-api-generic-v7_rep1/VOICE_d4d.yaml,Collection,acquisition_methods,populated
VOICE,api,v7,2,data/d4d_concatenated/claudecode_agent/2026-09-01_claude-opus-5-api-generic-v7_rep2/VOICE_d4d.yaml,Collection,acquisition_methods,populated
VOICE,api,v7,3,data/d4d_concatenated/claudecode_agent/2026-09-01_claude-opus-5-api-generic-v7_rep3/VOICE_d4d.yaml,Collection,acquisition_methods,populated
VOICE,api,v8,1,data/d4d_concatenated/claudecode_api/2026-09-04f_claude-opus-5-api-generic-v8_rep1/VOICE_d4d.yaml,Collection,acquisition_methods,populated
VOICE,api,v8,2,data/d4d_concatenated/claudecode_api/2026-09-04f_claude-opus-5-api-generic-v8_rep2/VOICE_d4d.yaml,Collection,acquisition_methods,populated
VOICE,api,v8,3,data/d4d_concatenated/claudecode_api/2026-09-04f_claude-opus-5-api-generic-v8_rep3/VOICE_d4d.yaml,Collection,acquisition_methods,populated
VOICE,agentic,v6,1,data/d4d_concatenated/claudecode_agent/2026-08-28_claude-opus-5-claudecode-generic-v6_rep1/VOICE_d4d.yaml,Collection,acquisition_methods,populated
VOICE,agentic,v6,2,data/d4d_concatenated/claudecode_agent/2026-08-28_claude-opus-5-claudecode-generic-v6_rep2/VOICE_d4d.yaml,Collection,acquisition_methods,populated
VOICE,agentic,v6,3,data/d4d_concatenated/claudecode_agent/2026-08-28_claude-opus-5-claudecode-generic-v6_rep3/VOICE_d4d.yaml,Collection,acquisition_methods,populated
VOICE,direct,,,,Collection,acquisition_methods,no_record
AI_READI,api,v7,1,data/d4d_concatenated/claudecode_agent/2026-09-01_claude-opus-5-api-generic-v7_rep1/AI_READI_d4d.yaml,Collection,collection_mechanisms,populated
AI_READI,api,v7,2,data/d4d_concatenated/claudecode_agent/2026-09-01_claude-opus-5-api-generic-v7_rep2/AI_READI_d4d.yaml,Collection,collection_mechanisms,populated
AI_READI,api,v7,3,data/d4d_concatenated/claudecode_agent/2026-09-01_claude-opus-5-api-generic-v7_rep3/AI_READI_d4d.yaml,Collection,collection_mechanisms,populated
AI_READI,api,v8,1,data/d4d_concatenated/claudecode_api/2026-09-04g_claude-opus-5-api-generic-v8_rep1/AI_READI_d4d.yaml,Collection,collection_mechanisms,populated
AI_READI,api,v8,2,data/d4d_concatenated/claudecode_api/2026-09-04g_claude-opus-5-api-generic-v8_rep2/AI_READI_d4d.yaml,Collection,collection_mechanisms,populated
AI_READI,api,v8,3,data/d4d_concatenated/claudecode_api/2026-09-04g_claude-opus-5-api-generic-v8_rep3/AI_READI_d4d.yaml,Collection,collection_mechanisms,populated
AI_READI,agentic,v6,1,data/d4d_concatenated/claudecode_agent/2026-08-28_claude-opus-5-claudecode-generic-v6_rep1/AI_READI_d4d.yaml,Collection,collection_mechanisms,populated
AI_READI,agentic,v6,2,data/d4d_concatenated/claudecode_agent/2026-08-28_claude-opus-5-claudecode-generic-v6_rep2/AI_READI_d4d.yaml,Collection,collection_mechanisms,populated
AI_READI,agentic,v6,3,data/d4d_concatenated/claudecode_agent/2026-08-28_claude-opus-5-claudecode-generic-v6_rep3/AI_READI_d4d.yaml,Collection,collection_mechanisms,populated
AI_READI,direct,,,,Collection,collection_mechanisms,no_record
CHORUS,api,v7,1,data/d4d_concatenated/claudecode_agent/2026-09-01_claude-opus-5-api-generic-v7_rep1/CHORUS_d4d.yaml,Collection,collection_mechanisms,populated
CHORUS,api,v7,2,data/d4d_concatenated/claudecode_agent/2026-09-01_claude-opus-5-api-generic-v7_rep2/CHORUS_d4d.yaml,Collection,collection_mechanisms,populated
CHORUS,api,v7,3,data/d4d_concatenated/claudecode_agent/2026-09-01_claude-opus-5-api-generic-v7_rep3/CHORUS_d4d.yaml,Collection,collection_mechanisms,populated
CHORUS,api,v8,1,data/d4d_concatenated/claudecode_api/2026-09-04f_claude-opus-5-api-generic-v8_rep1/CHORUS_d4d.yaml,Collection,collection_mechanisms,populated
CHORUS,api,v8,2,data/d4d_concatenated/claudecode_api/2026-09-04f_claude-opus-5-api-generic-v8_rep2/CHORUS_d4d.yaml,Collection,collection_mechanisms,populated
CHORUS,api,v8,3,data/d4d_concatenated/claudecode_api/2026-09-04f_claude-opus-5-api-generic-v8_rep3/CHORUS_d4d.yaml,Collection,collection_mechanisms,populated
CHORUS,agentic,v6,1,data/d4d_concatenated/claudecode_agent/2026-08-28_claude-opus-5-claudecode-generic-v6_rep1/CHORUS_d4d.yaml,Collection,collection_mechanisms,populated
CHORUS,agentic,v6,2,data/d4d_concatenated/claudecode_agent/2026-08-28_claude-opus-5-claudecode-generic-v6_rep2/CHORUS_d4d.yaml,Collection,collection_mechanisms,populated
CHORUS,agentic,v6,3,data/d4d_concatenated/claudecode_agent/2026-08-28_claude-opus-5-claudecode-generic-v6_rep3/CHORUS_d4d.yaml,Collection,collection_mechanisms,populated
CHORUS,direct,,,,Collection,collection_mechanisms,no_record
CM4AI,api,v7,1,data/d4d_concatenated/claudecode_agent/2026-09-01_claude-opus-5-api-generic-v7_rep1/CM4AI_d4d.yaml,Collection,collection_mechanisms,populated
CM4AI,api,v7,2,data/d4d_concatenated/claudecode_agent/2026-09-01_claude-opus-5-api-generic-v7_rep2/CM4AI_d4d.yaml,Collection,collection_mechanisms,populated
CM4AI,api,v7,3,data/d4d_concatenated/claudecode_agent/2026-09-01_claude-opus-5-api-generic-v7_rep3/CM4AI_d4d.yaml,Collection,collection_mechanisms,populated
CM4AI,api,v8,1,data/d4d_concatenated/claudecode_api/2026-09-04g_claude-opus-5-api-generic-v8_rep1/CM4AI_d4d.yaml,Collection,collection_mechanisms,populated
CM4AI,api,v8,2,data/d4d_concatenated/claudecode_api/2026-09-04g_claude-opus-5-api-generic-v8_rep2/CM4AI_d4d.yaml,Collection,collection_mechanisms,populated
CM4AI,api,v8,3,data/d4d_concatenated/claudecode_api/2026-09-04g_claude-opus-5-api-generic-v8_rep3/CM4AI_d4d.yaml,Collection,collection_mechanisms,populated
CM4AI,agentic,v6,1,data/d4d_concatenated/claudecode_agent/2026-08-28_claude-opus-5-claudecode-generic-v6_rep1/CM4AI_d4d.yaml,Collection,collection_mechanisms,populated
CM4AI,agentic,v6,2,data/d4d_concatenated/claudecode_agent/2026-08-28_claude-opus-5-claudecode-generic-v6_rep2/CM4AI_d4d.yaml,Collection,collection_mechanisms,populated
CM4AI,agentic,v6,3,data/d4d_concatenated/claudecode_agent/2026-08-28_claude-opus-5-claudecode-generic-v6_rep3/CM4AI_d4d.yaml,Collection,collection_mechanisms,populated
CM4AI,direct,,,,Collection,collection_mechanisms,no_record
VOICE,api,v7,1,data/d4d_concatenated/claudecode_agent/2026-09-01_claude-opus-5-api-generic-v7_rep1/VOICE_d4d.yaml,Collection,collection_mechanisms,populated
VOICE,api,v7,2,data/d4d_concatenated/claudecode_agent/2026-09-01_claude-opus-5-api-generic-v7_rep2/VOICE_d4d.yaml,Collection,collection_mechanisms,populated
VOICE,api,v7,3,data/d4d_concatenated/claudecode_agent/2026-09-01_claude-opus-5-api-generic-v7_rep3/VOICE_d4d.yaml,Collection,collection_mechanisms,populated
VOICE,api,v8,1,data/d4d_concatenated/claudecode_api/2026-09-04f_claude-opus-5-api-generic-v8_rep1/VOICE_d4d.yaml,Collection,collection_mechanisms,populated
VOICE,api,v8,2,data/d4d_concatenated/claudecode_api/2026-09-04f_claude-opus-5-api-generic-v8_rep2/VOICE_d4d.yaml,Collection,collection_mechanisms,populated
VOICE,api,v8,3,data/d4d_concatenated/claudecode_api/2026-09-04f_claude-opus-5-api-generic-v8_rep3/VOICE_d4d.yaml,Collection,collection_mechanisms,populated
VOICE,agentic,v6,1,data/d4d_concatenated/claudecode_agent/2026-08-28_claude-opus-5-claudecode-generic-v6_rep1/VOICE_d4d.yaml,Collection,collection_mechanisms,populated
VOICE,agentic,v6,2,data/d4d_concatenated/claudecode_agent/2026-08-28_claude-opus-5-claudecode-generic-v6_rep2/VOICE_d4d.yaml,Collection,collection_mechanisms,populated
VOICE,agentic,v6,3,data/d4d_concatenated/claudecode_agent/2026-08-28_claude-opus-5-claudecode-generic-v6_rep3/VOICE_d4d.yaml,Collection,collection_mechanisms,populated
VOICE,direct,,,,Collection,collection_mechanisms,no_record
AI_READI,api,v7,1,data/d4d_concatenated/claudecode_agent/2026-09-01_claude-opus-5-api-generic-v7_rep1/AI_READI_d4d.yaml,Collection,data_collectors,populated
AI_READI,api,v7,2,data/d4d_concatenated/claudecode_agent/2026-09-01_claude-opus-5-api-generic-v7_rep2/AI_READI_d4d.yaml,Collection,data_collectors,populated
AI_READI,api,v7,3,data/d4d_concatenated/claudecode_agent/2026-09-01_claude-opus-5-api-generic-v7_rep3/AI_READI_d4d.yaml,Collection,data_collectors,populated
AI_READI,api,v8,1,data/d4d_concatenated/claudecode_api/2026-09-04g_claude-opus-5-api-generic-v8_rep1/AI_READI_d4d.yaml,Collection,data_collectors,populated
AI_READI,api,v8,2,data/d4d_concatenated/claudecode_api/2026-09-04g_claude-opus-5-api-generic-v8_rep2/AI_READI_d4d.yaml,Collection,data_collectors,populated
AI_READI,api,v8,3,data/d4d_concatenated/claudecode_api/2026-09-04g_claude-opus-5-api-generic-v8_rep3/AI_READI_d4d.yaml,Collection,data_collectors,populated
AI_READI,agentic,v6,1,data/d4d_concatenated/claudecode_agent/2026-08-28_claude-opus-5-claudecode-generic-v6_rep1/AI_READI_d4d.yaml,Collection,data_collectors,populated
AI_READI,agentic,v6,2,data/d4d_concatenated/claudecode_agent/2026-08-28_claude-opus-5-claudecode-generic-v6_rep2/AI_READI_d4d.yaml,Collection,data_collectors,populated
AI_READI,agentic,v6,3,data/d4d_concatenated/claudecode_agent/2026-08-28_claude-opus-5-claudecode-generic-v6_rep3/AI_READI_d4d.yaml,Collection,data_collectors,populated
AI_READI,direct,,,,Collection,data_collectors,no_record
CHORUS,api,v7,1,data/d4d_concatenated/claudecode_agent/2026-09-01_claude-opus-5-api-generic-v7_rep1/CHORUS_d4d.yaml,Collection,data_collectors,populated
CHORUS,api,v7,2,data/d4d_concatenated/claudecode_agent/2026-09-01_claude-opus-5-api-generic-v7_rep2/CHORUS_d4d.yaml,Collection,data_collectors,populated
CHORUS,api,v7,3,data/d4d_concatenated/claudecode_agent/2026-09-01_claude-opus-5-api-generic-v7_rep3/CHORUS_d4d.yaml,Collection,data_collectors,populated
CHORUS,api,v8,1,data/d4d_concatenated/claudecode_api/2026-09-04f_claude-opus-5-api-generic-v8_rep1/CHORUS_d4d.yaml,Collection,data_collectors,populated
CHORUS,api,v8,2,data/d4d_concatenated/claudecode_api/2026-09-04f_claude-opus-5-api-generic-v8_rep2/CHORUS_d4d.yaml,Collection,data_collectors,populated
CHORUS,api,v8,3,data/d4d_concatenated/claudecode_api/2026-09-04f_claude-opus-5-api-generic-v8_rep3/CHORUS_d4d.yaml,Collection,data_collectors,populated
CHORUS,agentic,v6,1,data/d4d_concatenated/claudecode_agent/2026-08-28_claude-opus-5-claudecode-generic-v6_rep1/CHORUS_d4d.yaml,Collection,data_collectors,populated
CHORUS,agentic,v6,2,data/d4d_concatenated/claudecode_agent/2026-08-28_claude-opus-5-claudecode-generic-v6_rep2/CHORUS_d4d.yaml,Collection,data_collectors,populated
CHORUS,agentic,v6,3,data/d4d_concatenated/claudecode_agent/2026-08-28_claude-opus-5-claudecode-generic-v6_rep3/CHORUS_d4d.yaml,Collection,data_collectors,populated
CHORUS,direct,,,,Collection,data_collectors,no_record
CM4AI,api,v7,1,data/d4d_concatenated/claudecode_agent/2026-09-01_claude-opus-5-api-generic-v7_rep1/CM4AI_d4d.yaml,Collection,data_collectors,populated
CM4AI,api,v7,2,data/d4d_concatenated/claudecode_agent/2026-09-01_claude-opus-5-api-generic-v7_rep2/CM4AI_d4d.yaml,Collection,data_collectors,populated
CM4AI,api,v7,3,data/d4d_concatenated/claudecode_agent/2026-09-01_claude-opus-5-api-generic-v7_rep3/CM4AI_d4d.yaml,Collection,data_collectors,populated
CM4AI,api,v8,1,data/d4d_concatenated/claudecode_api/2026-09-04g_claude-opus-5-api-generic-v8_rep1/CM4AI_d4d.yaml,Collection,data_collectors,populated
CM4AI,api,v8,2,data/d4d_concatenated/claudecode_api/2026-09-04g_claude-opus-5-api-generic-v8_rep2/CM4AI_d4d.yaml,Collection,data_collectors,populated
CM4AI,api,v8,3,data/d4d_concatenated/claudecode_api/2026-09-04g_claude-opus-5-api-generic-v8_rep3/CM4AI_d4d.yaml,Collection,data_collectors,populated
CM4AI,agentic,v6,1,data/d4d_concatenated/claudecode_agent/2026-08-28_claude-opus-5-claudecode-generic-v6_rep1/CM4AI_d4d.yaml,Collection,data_collectors,populated
CM4AI,agentic,v6,2,data/d4d_concatenated/claudecode_agent/2026-08-28_claude-opus-5-claudecode-generic-v6_rep2/CM4AI_d4d.yaml,Collection,data_collectors,populated
CM4AI,agentic,v6,3,data/d4d_concatenated/claudecode_agent/2026-08-28_claude-opus-5-claudecode-generic-v6_rep3/CM4AI_d4d.yaml,Collection,data_collectors,populated
CM4AI,direct,,,,Collection,data_collectors,no_record
VOICE,api,v7,1,data/d4d_concatenated/claudecode_agent/2026-09-01_claude-opus-5-api-generic-v7_rep1/VOICE_d4d.yaml,Collection,data_collectors,populated
VOICE,api,v7,2,data/d4d_concatenated/claudecode_agent/2026-09-01_claude-opus-5-api-generic-v7_rep2/VOICE_d4d.yaml,Collection,data_collectors,populated
VOICE,api,v7,3,data/d4d_concatenated/claudecode_agent/2026-09-01_claude-opus-5-api-generic-v7_rep3/VOICE_d4d.yaml,Collection,data_collectors,populated
VOICE,api,v8,1,data/d4d_concatenated/claudecode_api/2026-09-04f_claude-opus-5-api-generic-v8_rep1/VOICE_d4d.yaml,Collection,data_collectors,populated
VOICE,api,v8,2,data/d4d_concatenated/claudecode_api/2026-09-04f_claude-opus-5-api-generic-v8_rep2/VOICE_d4d.yaml,Collection,data_collectors,populated
VOICE,api,v8,3,data/d4d_concatenated/claudecode_api/2026-09-04f_claude-opus-5-api-generic-v8_rep3/VOICE_d4d.yaml,Collection,data_collectors,populated
VOICE,agentic,v6,1,data/d4d_concatenated/claudecode_agent/2026-08-28_claude-opus-5-claudecode-generic-v6_rep1/VOICE_d4d.yaml,Collection,data_collectors,populated
VOICE,agentic,v6,2,data/d4d_concatenated/claudecode_agent/2026-08-28_claude-opus-5-claudecode-generic-v6_rep2/VOICE_d4d.yaml,Collection,data_collectors,populated
VOICE,agentic,v6,3,data/d4d_concatenated/claudecode_agent/2026-08-28_claude-opus-5-claudecode-generic-v6_rep3/VOICE_d4d.yaml,Collection,data_collectors,populated
VOICE,direct,,,,Collection,data_collectors,no_record
AI_READI,api,v7,1,data/d4d_concatenated/claudecode_agent/2026-09-01_claude-opus-5-api-generic-v7_rep1/AI_READI_d4d.yaml,Collection,collection_timeframes,populated
AI_READI,api,v7,2,data/d4d_concatenated/claudecode_agent/2026-09-01_claude-opus-5-api-generic-v7_rep2/AI_READI_d4d.yaml,Collection,collection_timeframes,populated
AI_READI,api,v7,3,data/d4d_concatenated/claudecode_agent/2026-09-01_claude-opus-5-api-generic-v7_rep3/AI_READI_d4d.yaml,Collection,collection_timeframes,populated
AI_READI,api,v8,1,data/d4d_concatenated/claudecode_api/2026-09-04g_claude-opus-5-api-generic-v8_rep1/AI_READI_d4d.yaml,Collection,collection_timeframes,populated
AI_READI,api,v8,2,data/d4d_concatenated/claudecode_api/2026-09-04g_claude-opus-5-api-generic-v8_rep2/AI_READI_d4d.yaml,Collection,collection_timeframes,populated
AI_READI,api,v8,3,data/d4d_concatenated/claudecode_api/2026-09-04g_claude-opus-5-api-generic-v8_rep3/AI_READI_d4d.yaml,Collection,collection_timeframes,populated
AI_READI,agentic,v6,1,data/d4d_concatenated/claudecode_agent/2026-08-28_claude-opus-5-claudecode-generic-v6_rep1/AI_READI_d4d.yaml,Collection,collection_timeframes,populated
AI_READI,agentic,v6,2,data/d4d_concatenated/claudecode_agent/2026-08-28_claude-opus-5-claudecode-generic-v6_rep2/AI_READI_d4d.yaml,Collection,collection_timeframes,populated
AI_READI,agentic,v6,3,data/d4d_concatenated/claudecode_agent/2026-08-28_claude-opus-5-claudecode-generic-v6_rep3/AI_READI_d4d.yaml,Collection,collection_timeframes,populated
AI_READI,direct,,,,Collection,collection_timeframes,no_record
CHORUS,api,v7,1,data/d4d_concatenated/claudecode_agent/2026-09-01_claude-opus-5-api-generic-v7_rep1/CHORUS_d4d.yaml,Collection,collection_timeframes,populated
CHORUS,api,v7,2,data/d4d_concatenated/claudecode_agent/2026-09-01_claude-opus-5-api-generic-v7_rep2/CHORUS_d4d.yaml,Collection,collection_timeframes,populated
CHORUS,api,v7,3,data/d4d_concatenated/claudecode_agent/2026-09-01_claude-opus-5-api-generic-v7_rep3/CHORUS_d4d.yaml,Collection,collection_timeframes,populated
CHORUS,api,v8,1,data/d4d_concatenated/claudecode_api/2026-09-04f_claude-opus-5-api-generic-v8_rep1/CHORUS_d4d.yaml,Collection,collection_timeframes,populated
CHORUS,api,v8,2,data/d4d_concatenated/claudecode_api/2026-09-04f_claude-opus-5-api-generic-v8_rep2/CHORUS_d4d.yaml,Collection,collection_timeframes,populated
CHORUS,api,v8,3,data/d4d_concatenated/claudecode_api/2026-09-04f_claude-opus-5-api-generic-v8_rep3/CHORUS_d4d.yaml,Collection,collection_timeframes,populated
CHORUS,agentic,v6,1,data/d4d_concatenated/claudecode_agent/2026-08-28_claude-opus-5-claudecode-generic-v6_rep1/CHORUS_d4d.yaml,Collection,collection_timeframes,populated
CHORUS,agentic,v6,2,data/d4d_concatenated/claudecode_agent/2026-08-28_claude-opus-5-claudecode-generic-v6_rep2/CHORUS_d4d.yaml,Collection,collection_timeframes,empty
CHORUS,agentic,v6,3,data/d4d_concatenated/claudecode_agent/2026-08-28_claude-opus-5-claudecode-generic-v6_rep3/CHORUS_d4d.yaml,Collection,collection_timeframes,empty
CHORUS,direct,,,,Collection,collection_timeframes,no_record
CM4AI,api,v7,1,data/d4d_concatenated/claudecode_agent/2026-09-01_claude-opus-5-api-generic-v7_rep1/CM4AI_d4d.yaml,Collection,collection_timeframes,caveat_only
CM4AI,api,v7,2,data/d4d_concatenated/claudecode_agent/2026-09-01_claude-opus-5-api-generic-v7_rep2/CM4AI_d4d.yaml,Collection,collection_timeframes,populated
CM4AI,api,v7,3,data/d4d_concatenated/claudecode_agent/2026-09-01_claude-opus-5-api-generic-v7_rep3/CM4AI_d4d.yaml,Collection,collection_timeframes,populated
CM4AI,api,v8,1,data/d4d_concatenated/claudecode_api/2026-09-04g_claude-opus-5-api-generic-v8_rep1/CM4AI_d4d.yaml,Collection,collection_timeframes,populated
CM4AI,api,v8,2,data/d4d_concatenated/claudecode_api/2026-09-04g_claude-opus-5-api-generic-v8_rep2/CM4AI_d4d.yaml,Collection,collection_timeframes,empty
CM4AI,api,v8,3,data/d4d_concatenated/claudecode_api/2026-09-04g_claude-opus-5-api-generic-v8_rep3/CM4AI_d4d.yaml,Collection,collection_timeframes,empty
CM4AI,agentic,v6,1,data/d4d_concatenated/claudecode_agent/2026-08-28_claude-opus-5-claudecode-generic-v6_rep1/CM4AI_d4d.yaml,Collection,collection_timeframes,empty
CM4AI,agentic,v6,2,data/d4d_concatenated/claudecode_agent/2026-08-28_claude-opus-5-claudecode-generic-v6_rep2/CM4AI_d4d.yaml,Collection,collection_timeframes,populated
CM4AI,agentic,v6,3,data/d4d_concatenated/claudecode_agent/2026-08-28_claude-opus-5-claudecode-generic-v6_rep3/CM4AI_d4d.yaml,Collection,collection_timeframes,populated
CM4AI,direct,,,,Collection,collection_timeframes,no_record
VOICE,api,v7,1,data/d4d_concatenated/claudecode_agent/2026-09-01_claude-opus-5-api-generic-v7_rep1/VOICE_d4d.yaml,Collection,collection_timeframes,populated
VOICE,api,v7,2,data/d4d_concatenated/claudecode_agent/2026-09-01_claude-opus-5-api-generic-v7_rep2/VOICE_d4d.yaml,Collection,collection_timeframes,populated
VOICE,api,v7,3,data/d4d_concatenated/claudecode_agent/2026-09-01_claude-opus-5-api-generic-v7_rep3/VOICE_d4d.yaml,Collection,collection_timeframes,populated
VOICE,api,v8,1,data/d4d_concatenated/claudecode_api/2026-09-04f_claude-opus-5-api-generic-v8_rep1/VOICE_d4d.yaml,Collection,collection_timeframes,populated
VOICE,api,v8,2,data/d4d_concatenated/claudecode_api/2026-09-04f_claude-opus-5-api-generic-v8_rep2/VOICE_d4d.yaml,Collection,collection_timeframes,populated
VOICE,api,v8,3,data/d4d_concatenated/claudecode_api/2026-09-04f_claude-opus-5-api-generic-v8_rep3/VOICE_d4d.yaml,Collection,collection_timeframes,populated
VOICE,agentic,v6,1,data/d4d_concatenated/claudecode_agent/2026-08-28_claude-opus-5-claudecode-generic-v6_rep1/VOICE_d4d.yaml,Collection,collection_timeframes,populated
VOICE,agentic,v6,2,data/d4d_concatenated/claudecode_agent/2026-08-28_claude-opus-5-claudecode-generic-v6_rep2/VOICE_d4d.yaml,Collection,collection_timeframes,populated
VOICE,agentic,v6,3,data/d4d_concatenated/claudecode_agent/2026-08-28_claude-opus-5-claudecode-generic-v6_rep3/VOICE_d4d.yaml,Collection,collection_timeframes,populated
VOICE,direct,,,,Collection,collection_timeframes,no_record
AI_READI,api,v7,1,data/d4d_concatenated/claudecode_agent/2026-09-01_claude-opus-5-api-generic-v7_rep1/AI_READI_d4d.yaml,Collection,direct_collection,populated
AI_READI,api,v7,2,data/d4d_concatenated/claudecode_agent/2026-09-01_claude-opus-5-api-generic-v7_rep2/AI_READI_d4d.yaml,Collection,direct_collection,populated
AI_READI,api,v7,3,data/d4d_concatenated/claudecode_agent/2026-09-01_claude-opus-5-api-generic-v7_rep3/AI_READI_d4d.yaml,Collection,direct_collection,populated
AI_READI,api,v8,1,data/d4d_concatenated/claudecode_api/2026-09-04g_claude-opus-5-api-generic-v8_rep1/AI_READI_d4d.yaml,Collection,direct_collection,populated
AI_READI,api,v8,2,data/d4d_concatenated/claudecode_api/2026-09-04g_claude-opus-5-api-generic-v8_rep2/AI_READI_d4d.yaml,Collection,direct_collection,populated
AI_READI,api,v8,3,data/d4d_concatenated/claudecode_api/2026-09-04g_claude-opus-5-api-generic-v8_rep3/AI_READI_d4d.yaml,Collection,direct_collection,populated
AI_READI,agentic,v6,1,data/d4d_concatenated/claudecode_agent/2026-08-28_claude-opus-5-claudecode-generic-v6_rep1/AI_READI_d4d.yaml,Collection,direct_collection,populated
AI_READI,agentic,v6,2,data/d4d_concatenated/claudecode_agent/2026-08-28_claude-opus-5-claudecode-generic-v6_rep2/AI_READI_d4d.yaml,Collection,direct_collection,populated
AI_READI,agentic,v6,3,data/d4d_concatenated/claudecode_agent/2026-08-28_claude-opus-5-claudecode-generic-v6_rep3/AI_READI_d4d.yaml,Collection,direct_collection,populated
AI_READI,direct,,,,Collection,direct_collection,no_record
CHORUS,api,v7,1,data/d4d_concatenated/claudecode_agent/2026-09-01_claude-opus-5-api-generic-v7_rep1/CHORUS_d4d.yaml,Collection,direct_collection,populated
CHORUS,api,v7,2,data/d4d_concatenated/claudecode_agent/2026-09-01_claude-opus-5-api-generic-v7_rep2/CHORUS_d4d.yaml,Collection,direct_collection,populated
CHORUS,api,v7,3,data/d4d_concatenated/claudecode_agent/2026-09-01_claude-opus-5-api-generic-v7_rep3/CHORUS_d4d.yaml,Collection,direct_collection,populated
CHORUS,api,v8,1,data/d4d_concatenated/claudecode_api/2026-09-04f_claude-opus-5-api-generic-v8_rep1/CHORUS_d4d.yaml,Collection,direct_collection,populated
CHORUS,api,v8,2,data/d4d_concatenated/claudecode_api/2026-09-04f_claude-opus-5-api-generic-v8_rep2/CHORUS_d4d.yaml,Collection,direct_collection,populated
CHORUS,api,v8,3,data/d4d_concatenated/claudecode_api/2026-09-04f_claude-opus-5-api-generic-v8_rep3/CHORUS_d4d.yaml,Collection,direct_collection,populated
CHORUS,agentic,v6,1,data/d4d_concatenated/claudecode_agent/2026-08-28_claude-opus-5-claudecode-generic-v6_rep1/CHORUS_d4d.yaml,Collection,direct_collection,populated
CHORUS,agentic,v6,2,data/d4d_concatenated/claudecode_agent/2026-08-28_claude-opus-5-claudecode-generic-v6_rep2/CHORUS_d4d.yaml,Collection,direct_collection,empty
CHORUS,agentic,v6,3,data/d4d_concatenated/claudecode_agent/2026-08-28_claude-opus-5-claudecode-generic-v6_rep3/CHORUS_d4d.yaml,Collection,direct_collection,populated
CHORUS,direct,,,,Collection,direct_collection,no_record
CM4AI,api,v7,1,data/d4d_concatenated/claudecode_agent/2026-09-01_claude-opus-5-api-generic-v7_rep1/CM4AI_d4d.yaml,Collection,direct_collection,populated
CM4AI,api,v7,2,data/d4d_concatenated/claudecode_agent/2026-09-01_claude-opus-5-api-generic-v7_rep2/CM4AI_d4d.yaml,Collection,direct_collection,populated
CM4AI,api,v7,3,data/d4d_concatenated/claudecode_agent/2026-09-01_claude-opus-5-api-generic-v7_rep3/CM4AI_d4d.yaml,Collection,direct_collection,populated
CM4AI,api,v8,1,data/d4d_concatenated/claudecode_api/2026-09-04g_claude-opus-5-api-generic-v8_rep1/CM4AI_d4d.yaml,Collection,direct_collection,populated
CM4AI,api,v8,2,data/d4d_concatenated/claudecode_api/2026-09-04g_claude-opus-5-api-generic-v8_rep2/CM4AI_d4d.yaml,Collection,direct_collection,populated
CM4AI,api,v8,3,data/d4d_concatenated/claudecode_api/2026-09-04g_claude-opus-5-api-generic-v8_rep3/CM4AI_d4d.yaml,Collection,direct_collection,populated
CM4AI,agentic,v6,1,data/d4d_concatenated/claudecode_agent/2026-08-28_claude-opus-5-claudecode-generic-v6_rep1/CM4AI_d4d.yaml,Collection,direct_collection,populated
CM4AI,agentic,v6,2,data/d4d_concatenated/claudecode_agent/2026-08-28_claude-opus-5-claudecode-generic-v6_rep2/CM4AI_d4d.yaml,Collection,direct_collection,populated
CM4AI,agentic,v6,3,data/d4d_concatenated/claudecode_agent/2026-08-28_claude-opus-5-claudecode-generic-v6_rep3/CM4AI_d4d.yaml,Collection,direct_collection,populated
CM4AI,direct,,,,Collection,direct_collection,no_record
VOICE,api,v7,1,data/d4d_concatenated/claudecode_agent/2026-09-01_claude-opus-5-api-generic-v7_rep1/VOICE_d4d.yaml,Collection,direct_collection,populated
VOICE,api,v7,2,data/d4d_concatenated/claudecode_agent/2026-09-01_claude-opus-5-api-generic-v7_rep2/VOICE_d4d.yaml,Collection,direct_collection,populated
VOICE,api,v7,3,data/d4d_concatenated/claudecode_agent/2026-09-01_claude-opus-5-api-generic-v7_rep3/VOICE_d4d.yaml,Collection,direct_collection,populated
VOICE,api,v8,1,data/d4d_concatenated/claudecode_api/2026-09-04f_claude-opus-5-api-generic-v8_rep1/VOICE_d4d.yaml,Collection,direct_collection,populated
VOICE,api,v8,2,data/d4d_concatenated/claudecode_api/2026-09-04f_claude-opus-5-api-generic-v8_rep2/VOICE_d4d.yaml,Collection,direct_collection,populated
VOICE,api,v8,3,data/d4d_concatenated/claudecode_api/2026-09-04f_claude-opus-5-api-generic-v8_rep3/VOICE_d4d.yaml,Collection,direct_collection,populated
VOICE,agentic,v6,1,data/d4d_concatenated/claudecode_agent/2026-08-28_claude-opus-5-claudecode-generic-v6_rep1/VOICE_d4d.yaml,Collection,direct_collection,populated
VOICE,agentic,v6,2,data/d4d_concatenated/claudecode_agent/2026-08-28_claude-opus-5-claudecode-generic-v6_rep2/VOICE_d4d.yaml,Collection,direct_collection,populated
VOICE,agentic,v6,3,data/d4d_concatenated/claudecode_agent/2026-08-28_claude-opus-5-claudecode-generic-v6_rep3/VOICE_d4d.yaml,Collection,direct_collection,populated
VOICE,direct,,,,Collection,direct_collection,no_record
AI_READI,api,v7,1,data/d4d_concatenated/claudecode_agent/2026-09-01_claude-opus-5-api-generic-v7_rep1/AI_READI_d4d.yaml,Collection,missing_data_documentation,populated
AI_READI,api,v7,2,data/d4d_concatenated/claudecode_agent/2026-09-01_claude-opus-5-api-generic-v7_rep2/AI_READI_d4d.yaml,Collection,missing_data_documentation,populated
AI_READI,api,v7,3,data/d4d_concatenated/claudecode_agent/2026-09-01_claude-opus-5-api-generic-v7_rep3/AI_READI_d4d.yaml,Collection,missing_data_documentation,populated
AI_READI,api,v8,1,data/d4d_concatenated/claudecode_api/2026-09-04g_claude-opus-5-api-generic-v8_rep1/AI_READI_d4d.yaml,Collection,missing_data_documentation,populated
AI_READI,api,v8,2,data/d4d_concatenated/claudecode_api/2026-09-04g_claude-opus-5-api-generic-v8_rep2/AI_READI_d4d.yaml,Collection,missing_data_documentation,populated
AI_READI,api,v8,3,data/d4d_concatenated/claudecode_api/2026-09-04g_claude-opus-5-api-generic-v8_rep3/AI_READI_d4d.yaml,Collection,missing_data_documentation,populated
AI_READI,agentic,v6,1,data/d4d_concatenated/claudecode_agent/2026-08-28_claude-opus-5-claudecode-generic-v6_rep1/AI_READI_d4d.yaml,Collection,missing_data_documentation,populated
AI_READI,agentic,v6,2,data/d4d_concatenated/claudecode_agent/2026-08-28_claude-opus-5-claudecode-generic-v6_rep2/AI_READI_d4d.yaml,Collection,missing_data_documentation,populated
AI_READI,agentic,v6,3,data/d4d_concatenated/claudecode_agent/2026-08-28_claude-opus-5-claudecode-generic-v6_rep3/AI_READI_d4d.yaml,Collection,missing_data_documentation,populated
AI_READI,direct,,,,Collection,missing_data_documentation,no_record
CHORUS,api,v7,1,data/d4d_concatenated/claudecode_agent/2026-09-01_claude-opus-5-api-generic-v7_rep1/CHORUS_d4d.yaml,Collection,missing_data_documentation,empty
CHORUS,api,v7,2,data/d4d_concatenated/claudecode_agent/2026-09-01_claude-opus-5-api-generic-v7_rep2/CHORUS_d4d.yaml,Collection,missing_data_documentation,empty
CHORUS,api,v7,3,data/d4d_concatenated/claudecode_agent/2026-09-01_claude-opus-5-api-generic-v7_rep3/CHORUS_d4d.yaml,Collection,missing_data_documentation,empty
CHORUS,api,v8,1,data/d4d_concatenated/claudecode_api/2026-09-04f_claude-opus-5-api-generic-v8_rep1/CHORUS_d4d.yaml,Collection,missing_data_documentation,empty
CHORUS,api,v8,2,data/d4d_concatenated/claudecode_api/2026-09-04f_claude-opus-5-api-generic-v8_rep2/CHORUS_d4d.yaml,Collection,missing_data_documentation,empty
CHORUS,api,v8,3,data/d4d_concatenated/claudecode_api/2026-09-04f_claude-opus-5-api-generic-v8_rep3/CHORUS_d4d.yaml,Collection,missing_data_documentation,populated
CHORUS,agentic,v6,1,data/d4d_concatenated/claudecode_agent/2026-08-28_claude-opus-5-claudecode-generic-v6_rep1/CHORUS_d4d.yaml,Collection,missing_data_documentation,populated
CHORUS,agentic,v6,2,data/d4d_concatenated/claudecode_agent/2026-08-28_claude-opus-5-claudecode-generic-v6_rep2/CHORUS_d4d.yaml,Collection,missing_data_documentation,empty
CHORUS,agentic,v6,3,data/d4d_concatenated/claudecode_agent/2026-08-28_claude-opus-5-claudecode-generic-v6_rep3/CHORUS_d4d.yaml,Collection,missing_data_documentation,empty
CHORUS,direct,,,,Collection,missing_data_documentation,no_record
CM4AI,api,v7,1,data/d4d_concatenated/claudecode_agent/2026-09-01_claude-opus-5-api-generic-v7_rep1/CM4AI_d4d.yaml,Collection,missing_data_documentation,empty
CM4AI,api,v7,2,data/d4d_concatenated/claudecode_agent/2026-09-01_claude-opus-5-api-generic-v7_rep2/CM4AI_d4d.yaml,Collection,missing_data_documentation,empty
CM4AI,api,v7,3,data/d4d_concatenated/claudecode_agent/2026-09-01_claude-opus-5-api-generic-v7_rep3/CM4AI_d4d.yaml,Collection,missing_data_documentation,populated
CM4AI,api,v8,1,data/d4d_concatenated/claudecode_api/2026-09-04g_claude-opus-5-api-generic-v8_rep1/CM4AI_d4d.yaml,Collection,missing_data_documentation,empty
CM4AI,api,v8,2,data/d4d_concatenated/claudecode_api/2026-09-04g_claude-opus-5-api-generic-v8_rep2/CM4AI_d4d.yaml,Collection,missing_data_documentation,empty
CM4AI,api,v8,3,data/d4d_concatenated/claudecode_api/2026-09-04g_claude-opus-5-api-generic-v8_rep3/CM4AI_d4d.yaml,Collection,missing_data_documentation,empty
CM4AI,agentic,v6,1,data/d4d_concatenated/claudecode_agent/2026-08-28_claude-opus-5-claudecode-generic-v6_rep1/CM4AI_d4d.yaml,Collection,missing_data_documentation,empty
CM4AI,agentic,v6,2,data/d4d_concatenated/claudecode_agent/2026-08-28_claude-opus-5-claudecode-generic-v6_rep2/CM4AI_d4d.yaml,Collection,missing_data_documentation,empty
CM4AI,agentic,v6,3,data/d4d_concatenated/claudecode_agent/2026-08-28_claude-opus-5-claudecode-generic-v6_rep3/CM4AI_d4d.yaml,Collection,missing_data_documentation,empty
CM4AI,direct,,,,Collection,missing_data_documentation,no_record
VOICE,api,v7,1,data/d4d_concatenated/claudecode_agent/2026-09-01_claude-opus-5-api-generic-v7_rep1/VOICE_d4d.yaml,Collection,missing_data_documentation,populated
VOICE,api,v7,2,data/d4d_concatenated/claudecode_agent/2026-09-01_claude-opus-5-api-generic-v7_rep2/VOICE_d4d.yaml,Collection,missing_data_documentation,populated
VOICE,api,v7,3,data/d4d_concatenated/claudecode_agent/2026-09-01_claude-opus-5-api-generic-v7_rep3/VOICE_d4d.yaml,Collection,missing_data_documentation,populated
VOICE,api,v8,1,data/d4d_concatenated/claudecode_api/2026-09-04f_claude-opus-5-api-generic-v8_rep1/VOICE_d4d.yaml,Collection,missing_data_documentation,populated
VOICE,api,v8,2,data/d4d_concatenated/claudecode_api/2026-09-04f_claude-opus-5-api-generic-v8_rep2/VOICE_d4d.yaml,Collection,missing_data_documentation,populated
VOICE,api,v8,3,data/d4d_concatenated/claudecode_api/2026-09-04f_claude-opus-5-api-generic-v8_rep3/VOICE_d4d.yaml,Collection,missing_data_documentation,populated
VOICE,agentic,v6,1,data/d4d_concatenated/claudecode_agent/2026-08-28_claude-opus-5-claudecode-generic-v6_rep1/VOICE_d4d.yaml,Collection,missing_data_documentation,populated
VOICE,agentic,v6,2,data/d4d_concatenated/claudecode_agent/2026-08-28_claude-opus-5-claudecode-generic-v6_rep2/VOICE_d4d.yaml,Collection,missing_data_documentation,populated
VOICE,agentic,v6,3,data/d4d_concatenated/claudecode_agent/2026-08-28_claude-opus-5-claudecode-generic-v6_rep3/VOICE_d4d.yaml,Collection,missing_data_documentation,populated
VOICE,direct,,,,Collection,missing_data_documentation,no_record
AI_READI,api,v7,1,data/d4d_concatenated/claudecode_agent/2026-09-01_claude-opus-5-api-generic-v7_rep1/AI_READI_d4d.yaml,Collection,raw_data_sources,populated
AI_READI,api,v7,2,data/d4d_concatenated/claudecode_agent/2026-09-01_claude-opus-5-api-generic-v7_rep2/AI_READI_d4d.yaml,Collection,raw_data_sources,populated
AI_READI,api,v7,3,data/d4d_concatenated/claudecode_agent/2026-09-01_claude-opus-5-api-generic-v7_rep3/AI_READI_d4d.yaml,Collection,raw_data_sources,populated
AI_READI,api,v8,1,data/d4d_concatenated/claudecode_api/2026-09-04g_claude-opus-5-api-generic-v8_rep1/AI_READI_d4d.yaml,Collection,raw_data_sources,populated
AI_READI,api,v8,2,data/d4d_concatenated/claudecode_api/2026-09-04g_claude-opus-5-api-generic-v8_rep2/AI_READI_d4d.yaml,Collection,raw_data_sources,populated
AI_READI,api,v8,3,data/d4d_concatenated/claudecode_api/2026-09-04g_claude-opus-5-api-generic-v8_rep3/AI_READI_d4d.yaml,Collection,raw_data_sources,empty
AI_READI,agentic,v6,1,data/d4d_concatenated/claudecode_agent/2026-08-28_claude-opus-5-claudecode-generic-v6_rep1/AI_READI_d4d.yaml,Collection,raw_data_sources,populated
AI_READI,agentic,v6,2,data/d4d_concatenated/claudecode_agent/2026-08-28_claude-opus-5-claudecode-generic-v6_rep2/AI_READI_d4d.yaml,Collection,raw_data_sources,populated
AI_READI,agentic,v6,3,data/d4d_concatenated/claudecode_agent/2026-08-28_claude-opus-5-claudecode-generic-v6_rep3/AI_READI_d4d.yaml,Collection,raw_data_sources,populated
AI_READI,direct,,,,Collection,raw_data_sources,no_record
CHORUS,api,v7,1,data/d4d_concatenated/claudecode_agent/2026-09-01_claude-opus-5-api-generic-v7_rep1/CHORUS_d4d.yaml,Collection,raw_data_sources,populated
CHORUS,api,v7,2,data/d4d_concatenated/claudecode_agent/2026-09-01_claude-opus-5-api-generic-v7_rep2/CHORUS_d4d.yaml,Collection,raw_data_sources,populated
CHORUS,api,v7,3,data/d4d_concatenated/claudecode_agent/2026-09-01_claude-opus-5-api-generic-v7_rep3/CHORUS_d4d.yaml,Collection,raw_data_sources,populated
CHORUS,api,v8,1,data/d4d_concatenated/claudecode_api/2026-09-04f_claude-opus-5-api-generic-v8_rep1/CHORUS_d4d.yaml,Collection,raw_data_sources,populated
CHORUS,api,v8,2,data/d4d_concatenated/claudecode_api/2026-09-04f_claude-opus-5-api-generic-v8_rep2/CHORUS_d4d.yaml,Collection,raw_data_sources,populated
CHORUS,api,v8,3,data/d4d_concatenated/claudecode_api/2026-09-04f_claude-opus-5-api-generic-v8_rep3/CHORUS_d4d.yaml,Collection,raw_data_sources,populated
CHORUS,agentic,v6,1,data/d4d_concatenated/claudecode_agent/2026-08-28_claude-opus-5-claudecode-generic-v6_rep1/CHORUS_d4d.yaml,Collection,raw_data_sources,populated
CHORUS,agentic,v6,2,data/d4d_concatenated/claudecode_agent/2026-08-28_claude-opus-5-claudecode-generic-v6_rep2/CHORUS_d4d.yaml,Collection,raw_data_sources,populated
CHORUS,agentic,v6,3,data/d4d_concatenated/claudecode_agent/2026-08-28_claude-opus-5-claudecode-generic-v6_rep3/CHORUS_d4d.yaml,Collection,raw_data_sources,populated
CHORUS,direct,,,,Collection,raw_data_sources,no_record
CM4AI,api,v7,1,data/d4d_concatenated/claudecode_agent/2026-09-01_claude-opus-5-api-generic-v7_rep1/CM4AI_d4d.yaml,Collection,raw_data_sources,populated
CM4AI,api,v7,2,data/d4d_concatenated/claudecode_agent/2026-09-01_claude-opus-5-api-generic-v7_rep2/CM4AI_d4d.yaml,Collection,raw_data_sources,populated
CM4AI,api,v7,3,data/d4d_concatenated/claudecode_agent/2026-09-01_claude-opus-5-api-generic-v7_rep3/CM4AI_d4d.yaml,Collection,raw_data_sources,populated
CM4AI,api,v8,1,data/d4d_concatenated/claudecode_api/2026-09-04g_claude-opus-5-api-generic-v8_rep1/CM4AI_d4d.yaml,Collection,raw_data_sources,populated
CM4AI,api,v8,2,data/d4d_concatenated/claudecode_api/2026-09-04g_claude-opus-5-api-generic-v8_rep2/CM4AI_d4d.yaml,Collection,raw_data_sources,populated
CM4AI,api,v8,3,data/d4d_concatenated/claudecode_api/2026-09-04g_claude-opus-5-api-generic-v8_rep3/CM4AI_d4d.yaml,Collection,raw_data_sources,populated
CM4AI,agentic,v6,1,data/d4d_concatenated/claudecode_agent/2026-08-28_claude-opus-5-claudecode-generic-v6_rep1/CM4AI_d4d.yaml,Collection,raw_data_sources,populated
CM4AI,agentic,v6,2,data/d4d_concatenated/claudecode_agent/2026-08-28_claude-opus-5-claudecode-generic-v6_rep2/CM4AI_d4d.yaml,Collection,raw_data_sources,populated
CM4AI,agentic,v6,3,data/d4d_concatenated/claudecode_agent/2026-08-28_claude-opus-5-claudecode-generic-v6_rep3/CM4AI_d4d.yaml,Collection,raw_data_sources,populated
CM4AI,direct,,,,Collection,raw_data_sources,no_record
VOICE,api,v7,1,data/d4d_concatenated/claudecode_agent/2026-09-01_claude-opus-5-api-generic-v7_rep1/VOICE_d4d.yaml,Collection,raw_data_sources,populated
VOICE,api,v7,2,data/d4d_concatenated/claudecode_agent/2026-09-01_claude-opus-5-api-generic-v7_rep2/VOICE_d4d.yaml,Collection,raw_data_sources,populated
VOICE,api,v7,3,data/d4d_concatenated/claudecode_agent/2026-09-01_claude-opus-5-api-generic-v7_rep3/VOICE_d4d.yaml,Collection,raw_data_sources,populated
VOICE,api,v8,1,data/d4d_concatenated/claudecode_api/2026-09-04f_claude-opus-5-api-generic-v8_rep1/VOICE_d4d.yaml,Collection,raw_data_sources,populated
VOICE,api,v8,2,data/d4d_concatenated/claudecode_api/2026-09-04f_claude-opus-5-api-generic-v8_rep2/VOICE_d4d.yaml,Collection,raw_data_sources,empty
VOICE,api,v8,3,data/d4d_concatenated/claudecode_api/2026-09-04f_claude-opus-5-api-generic-v8_rep3/VOICE_d4d.yaml,Collection,raw_data_sources,populated
VOICE,agentic,v6,1,data/d4d_concatenated/claudecode_agent/2026-08-28_claude-opus-5-claudecode-generic-v6_rep1/VOICE_d4d.yaml,Collection,raw_data_sources,populated
VOICE,agentic,v6,2,data/d4d_concatenated/claudecode_agent/2026-08-28_claude-opus-5-claudecode-generic-v6_rep2/VOICE_d4d.yaml,Collection,raw_data_sources,populated
VOICE,agentic,v6,3,data/d4d_concatenated/claudecode_agent/2026-08-28_claude-opus-5-claudecode-generic-v6_rep3/VOICE_d4d.yaml,Collection,raw_data_sources,populated
VOICE,direct,,,,Collection,raw_data_sources,no_record
AI_READI,api,v7,1,data/d4d_concatenated/claudecode_agent/2026-09-01_claude-opus-5-api-generic-v7_rep1/AI_READI_d4d.yaml,Preprocessing,preprocessing_strategies,populated
AI_READI,api,v7,2,data/d4d_concatenated/claudecode_agent/2026-09-01_claude-opus-5-api-generic-v7_rep2/AI_READI_d4d.yaml,Preprocessing,preprocessing_strategies,populated
AI_READI,api,v7,3,data/d4d_concatenated/claudecode_agent/2026-09-01_claude-opus-5-api-generic-v7_rep3/AI_READI_d4d.yaml,Preprocessing,preprocessing_strategies,populated
AI_READI,api,v8,1,data/d4d_concatenated/claudecode_api/2026-09-04g_claude-opus-5-api-generic-v8_rep1/AI_READI_d4d.yaml,Preprocessing,preprocessing_strategies,populated
AI_READI,api,v8,2,data/d4d_concatenated/claudecode_api/2026-09-04g_claude-opus-5-api-generic-v8_rep2/AI_READI_d4d.yaml,Preprocessing,preprocessing_strategies,populated
AI_READI,api,v8,3,data/d4d_concatenated/claudecode_api/2026-09-04g_claude-opus-5-api-generic-v8_rep3/AI_READI_d4d.yaml,Preprocessing,preprocessing_strategies,populated
AI_READI,agentic,v6,1,data/d4d_concatenated/claudecode_agent/2026-08-28_claude-opus-5-claudecode-generic-v6_rep1/AI_READI_d4d.yaml,Preprocessing,preprocessing_strategies,populated
AI_READI,agentic,v6,2,data/d4d_concatenated/claudecode_agent/2026-08-28_claude-opus-5-claudecode-generic-v6_rep2/AI_READI_d4d.yaml,Preprocessing,preprocessing_strategies,populated
AI_READI,agentic,v6,3,data/d4d_concatenated/claudecode_agent/2026-08-28_claude-opus-5-claudecode-generic-v6_rep3/AI_READI_d4d.yaml,Preprocessing,preprocessing_strategies,populated
AI_READI,direct,,,,Preprocessing,preprocessing_strategies,no_record
CHORUS,api,v7,1,data/d4d_concatenated/claudecode_agent/2026-09-01_claude-opus-5-api-generic-v7_rep1/CHORUS_d4d.yaml,Preprocessing,preprocessing_strategies,populated
CHORUS,api,v7,2,data/d4d_concatenated/claudecode_agent/2026-09-01_claude-opus-5-api-generic-v7_rep2/CHORUS_d4d.yaml,Preprocessing,preprocessing_strategies,populated
CHORUS,api,v7,3,data/d4d_concatenated/claudecode_agent/2026-09-01_claude-opus-5-api-generic-v7_rep3/CHORUS_d4d.yaml,Preprocessing,preprocessing_strategies,populated
CHORUS,api,v8,1,data/d4d_concatenated/claudecode_api/2026-09-04f_claude-opus-5-api-generic-v8_rep1/CHORUS_d4d.yaml,Preprocessing,preprocessing_strategies,populated
CHORUS,api,v8,2,data/d4d_concatenated/claudecode_api/2026-09-04f_claude-opus-5-api-generic-v8_rep2/CHORUS_d4d.yaml,Preprocessing,preprocessing_strategies,populated
CHORUS,api,v8,3,data/d4d_concatenated/claudecode_api/2026-09-04f_claude-opus-5-api-generic-v8_rep3/CHORUS_d4d.yaml,Preprocessing,preprocessing_strategies,populated
CHORUS,agentic,v6,1,data/d4d_concatenated/claudecode_agent/2026-08-28_claude-opus-5-claudecode-generic-v6_rep1/CHORUS_d4d.yaml,Preprocessing,preprocessing_strategies,populated
CHORUS,agentic,v6,2,data/d4d_concatenated/claudecode_agent/2026-08-28_claude-opus-5-claudecode-generic-v6_rep2/CHORUS_d4d.yaml,Preprocessing,preprocessing_strategies,populated
CHORUS,agentic,v6,3,data/d4d_concatenated/claudecode_agent/2026-08-28_claude-opus-5-claudecode-generic-v6_rep3/CHORUS_d4d.yaml,Preprocessing,preprocessing_strategies,populated
CHORUS,direct,,,,Preprocessing,preprocessing_strategies,no_record
CM4AI,api,v7,1,data/d4d_concatenated/claudecode_agent/2026-09-01_claude-opus-5-api-generic-v7_rep1/CM4AI_d4d.yaml,Preprocessing,preprocessing_strategies,populated
CM4AI,api,v7,2,data/d4d_concatenated/claudecode_agent/2026-09-01_claude-opus-5-api-generic-v7_rep2/CM4AI_d4d.yaml,Preprocessing,preprocessing_strategies,populated
CM4AI,api,v7,3,data/d4d_concatenated/claudecode_agent/2026-09-01_claude-opus-5-api-generic-v7_rep3/CM4AI_d4d.yaml,Preprocessing,preprocessing_strategies,populated
CM4AI,api,v8,1,data/d4d_concatenated/claudecode_api/2026-09-04g_claude-opus-5-api-generic-v8_rep1/CM4AI_d4d.yaml,Preprocessing,preprocessing_strategies,populated
CM4AI,api,v8,2,data/d4d_concatenated/claudecode_api/2026-09-04g_claude-opus-5-api-generic-v8_rep2/CM4AI_d4d.yaml,Preprocessing,preprocessing_strategies,empty
CM4AI,api,v8,3,data/d4d_concatenated/claudecode_api/2026-09-04g_claude-opus-5-api-generic-v8_rep3/CM4AI_d4d.yaml,Preprocessing,preprocessing_strategies,empty
CM4AI,agentic,v6,1,data/d4d_concatenated/claudecode_agent/2026-08-28_claude-opus-5-claudecode-generic-v6_rep1/CM4AI_d4d.yaml,Preprocessing,preprocessing_strategies,populated
CM4AI,agentic,v6,2,data/d4d_concatenated/claudecode_agent/2026-08-28_claude-opus-5-claudecode-generic-v6_rep2/CM4AI_d4d.yaml,Preprocessing,preprocessing_strategies,populated
CM4AI,agentic,v6,3,data/d4d_concatenated/claudecode_agent/2026-08-28_claude-opus-5-claudecode-generic-v6_rep3/CM4AI_d4d.yaml,Preprocessing,preprocessing_strategies,populated
CM4AI,direct,,,,Preprocessing,preprocessing_strategies,no_record
VOICE,api,v7,1,data/d4d_concatenated/claudecode_agent/2026-09-01_claude-opus-5-api-generic-v7_rep1/VOICE_d4d.yaml,Preprocessing,preprocessing_strategies,populated
VOICE,api,v7,2,data/d4d_concatenated/claudecode_agent/2026-09-01_claude-opus-5-api-generic-v7_rep2/VOICE_d4d.yaml,Preprocessing,preprocessing_strategies,populated
VOICE,api,v7,3,data/d4d_concatenated/claudecode_agent/2026-09-01_claude-opus-5-api-generic-v7_rep3/VOICE_d4d.yaml,Preprocessing,preprocessing_strategies,populated
VOICE,api,v8,1,data/d4d_concatenated/claudecode_api/2026-09-04f_claude-opus-5-api-generic-v8_rep1/VOICE_d4d.yaml,Preprocessing,preprocessing_strategies,populated
VOICE,api,v8,2,data/d4d_concatenated/claudecode_api/2026-09-04f_claude-opus-5-api-generic-v8_rep2/VOICE_d4d.yaml,Preprocessing,preprocessing_strategies,populated
VOICE,api,v8,3,data/d4d_concatenated/claudecode_api/2026-09-04f_claude-opus-5-api-generic-v8_rep3/VOICE_d4d.yaml,Preprocessing,preprocessing_strategies,populated
VOICE,agentic,v6,1,data/d4d_concatenated/claudecode_agent/2026-08-28_claude-opus-5-claudecode-generic-v6_rep1/VOICE_d4d.yaml,Preprocessing,preprocessing_strategies,populated
VOICE,agentic,v6,2,data/d4d_concatenated/claudecode_agent/2026-08-28_claude-opus-5-claudecode-generic-v6_rep2/VOICE_d4d.yaml,Preprocessing,preprocessing_strategies,populated
VOICE,agentic,v6,3,data/d4d_concatenated/claudecode_agent/2026-08-28_claude-opus-5-claudecode-generic-v6_rep3/VOICE_d4d.yaml,Preprocessing,preprocessing_strategies,populated
VOICE,direct,,,,Preprocessing,preprocessing_strategies,no_record
AI_READI,api,v7,1,data/d4d_concatenated/claudecode_agent/2026-09-01_claude-opus-5-api-generic-v7_rep1/AI_READI_d4d.yaml,Preprocessing,cleaning_strategies,populated
AI_READI,api,v7,2,data/d4d_concatenated/claudecode_agent/2026-09-01_claude-opus-5-api-generic-v7_rep2/AI_READI_d4d.yaml,Preprocessing,cleaning_strategies,populated
AI_READI,api,v7,3,data/d4d_concatenated/claudecode_agent/2026-09-01_claude-opus-5-api-generic-v7_rep3/AI_READI_d4d.yaml,Preprocessing,cleaning_strategies,populated
AI_READI,api,v8,1,data/d4d_concatenated/claudecode_api/2026-09-04g_claude-opus-5-api-generic-v8_rep1/AI_READI_d4d.yaml,Preprocessing,cleaning_strategies,populated
AI_READI,api,v8,2,data/d4d_concatenated/claudecode_api/2026-09-04g_claude-opus-5-api-generic-v8_rep2/AI_READI_d4d.yaml,Preprocessing,cleaning_strategies,populated
AI_READI,api,v8,3,data/d4d_concatenated/claudecode_api/2026-09-04g_claude-opus-5-api-generic-v8_rep3/AI_READI_d4d.yaml,Preprocessing,cleaning_strategies,populated
AI_READI,agentic,v6,1,data/d4d_concatenated/claudecode_agent/2026-08-28_claude-opus-5-claudecode-generic-v6_rep1/AI_READI_d4d.yaml,Preprocessing,cleaning_strategies,populated
AI_READI,agentic,v6,2,data/d4d_concatenated/claudecode_agent/2026-08-28_claude-opus-5-claudecode-generic-v6_rep2/AI_READI_d4d.yaml,Preprocessing,cleaning_strategies,populated
AI_READI,agentic,v6,3,data/d4d_concatenated/claudecode_agent/2026-08-28_claude-opus-5-claudecode-generic-v6_rep3/AI_READI_d4d.yaml,Preprocessing,cleaning_strategies,populated
AI_READI,direct,,,,Preprocessing,cleaning_strategies,no_record
CHORUS,api,v7,1,data/d4d_concatenated/claudecode_agent/2026-09-01_claude-opus-5-api-generic-v7_rep1/CHORUS_d4d.yaml,Preprocessing,cleaning_strategies,populated
CHORUS,api,v7,2,data/d4d_concatenated/claudecode_agent/2026-09-01_claude-opus-5-api-generic-v7_rep2/CHORUS_d4d.yaml,Preprocessing,cleaning_strategies,populated
CHORUS,api,v7,3,data/d4d_concatenated/claudecode_agent/2026-09-01_claude-opus-5-api-generic-v7_rep3/CHORUS_d4d.yaml,Preprocessing,cleaning_strategies,populated
CHORUS,api,v8,1,data/d4d_concatenated/claudecode_api/2026-09-04f_claude-opus-5-api-generic-v8_rep1/CHORUS_d4d.yaml,Preprocessing,cleaning_strategies,populated
CHORUS,api,v8,2,data/d4d_concatenated/claudecode_api/2026-09-04f_claude-opus-5-api-generic-v8_rep2/CHORUS_d4d.yaml,Preprocessing,cleaning_strategies,populated
CHORUS,api,v8,3,data/d4d_concatenated/claudecode_api/2026-09-04f_claude-opus-5-api-generic-v8_rep3/CHORUS_d4d.yaml,Preprocessing,cleaning_strategies,populated
CHORUS,agentic,v6,1,data/d4d_concatenated/claudecode_agent/2026-08-28_claude-opus-5-claudecode-generic-v6_rep1/CHORUS_d4d.yaml,Preprocessing,cleaning_strategies,populated
CHORUS,agentic,v6,2,data/d4d_concatenated/claudecode_agent/2026-08-28_claude-opus-5-claudecode-generic-v6_rep2/CHORUS_d4d.yaml,Preprocessing,cleaning_strategies,populated
CHORUS,agentic,v6,3,data/d4d_concatenated/claudecode_agent/2026-08-28_claude-opus-5-claudecode-generic-v6_rep3/CHORUS_d4d.yaml,Preprocessing,cleaning_strategies,populated
CHORUS,direct,,,,Preprocessing,cleaning_strategies,no_record
CM4AI,api,v7,1,data/d4d_concatenated/claudecode_agent/2026-09-01_claude-opus-5-api-generic-v7_rep1/CM4AI_d4d.yaml,Preprocessing,cleaning_strategies,populated
CM4AI,api,v7,2,data/d4d_concatenated/claudecode_agent/2026-09-01_claude-opus-5-api-generic-v7_rep2/CM4AI_d4d.yaml,Preprocessing,cleaning_strategies,empty
CM4AI,api,v7,3,data/d4d_concatenated/claudecode_agent/2026-09-01_claude-opus-5-api-generic-v7_rep3/CM4AI_d4d.yaml,Preprocessing,cleaning_strategies,populated
CM4AI,api,v8,1,data/d4d_concatenated/claudecode_api/2026-09-04g_claude-opus-5-api-generic-v8_rep1/CM4AI_d4d.yaml,Preprocessing,cleaning_strategies,empty
CM4AI,api,v8,2,data/d4d_concatenated/claudecode_api/2026-09-04g_claude-opus-5-api-generic-v8_rep2/CM4AI_d4d.yaml,Preprocessing,cleaning_strategies,empty
CM4AI,api,v8,3,data/d4d_concatenated/claudecode_api/2026-09-04g_claude-opus-5-api-generic-v8_rep3/CM4AI_d4d.yaml,Preprocessing,cleaning_strategies,empty
CM4AI,agentic,v6,1,data/d4d_concatenated/claudecode_agent/2026-08-28_claude-opus-5-claudecode-generic-v6_rep1/CM4AI_d4d.yaml,Preprocessing,cleaning_strategies,empty
CM4AI,agentic,v6,2,data/d4d_concatenated/claudecode_agent/2026-08-28_claude-opus-5-claudecode-generic-v6_rep2/CM4AI_d4d.yaml,Preprocessing,cleaning_strategies,empty
CM4AI,agentic,v6,3,data/d4d_concatenated/claudecode_agent/2026-08-28_claude-opus-5-claudecode-generic-v6_rep3/CM4AI_d4d.yaml,Preprocessing,cleaning_strategies,empty
CM4AI,direct,,,,Preprocessing,cleaning_strategies,no_record
VOICE,api,v7,1,data/d4d_concatenated/claudecode_agent/2026-09-01_claude-opus-5-api-generic-v7_rep1/VOICE_d4d.yaml,Preprocessing,cleaning_strategies,populated
VOICE,api,v7,2,data/d4d_concatenated/claudecode_agent/2026-09-01_claude-opus-5-api-generic-v7_rep2/VOICE_d4d.yaml,Preprocessing,cleaning_strategies,populated
VOICE,api,v7,3,data/d4d_concatenated/claudecode_agent/2026-09-01_claude-opus-5-api-generic-v7_rep3/VOICE_d4d.yaml,Preprocessing,cleaning_strategies,populated
VOICE,api,v8,1,data/d4d_concatenated/claudecode_api/2026-09-04f_claude-opus-5-api-generic-v8_rep1/VOICE_d4d.yaml,Preprocessing,cleaning_strategies,populated
VOICE,api,v8,2,data/d4d_concatenated/claudecode_api/2026-09-04f_claude-opus-5-api-generic-v8_rep2/VOICE_d4d.yaml,Preprocessing,cleaning_strategies,populated
VOICE,api,v8,3,data/d4d_concatenated/claudecode_api/2026-09-04f_claude-opus-5-api-generic-v8_rep3/VOICE_d4d.yaml,Preprocessing,cleaning_strategies,populated
VOICE,agentic,v6,1,data/d4d_concatenated/claudecode_agent/2026-08-28_claude-opus-5-claudecode-generic-v6_rep1/VOICE_d4d.yaml,Preprocessing,cleaning_strategies,populated
VOICE,agentic,v6,2,data/d4d_concatenated/claudecode_agent/2026-08-28_claude-opus-5-claudecode-generic-v6_rep2/VOICE_d4d.yaml,Preprocessing,cleaning_strategies,populated
VOICE,agentic,v6,3,data/d4d_concatenated/claudecode_agent/2026-08-28_claude-opus-5-claudecode-generic-v6_rep3/VOICE_d4d.yaml,Preprocessing,cleaning_strategies,populated
VOICE,direct,,,,Preprocessing,cleaning_strategies,no_record
AI_READI,api,v7,1,data/d4d_concatenated/claudecode_agent/2026-09-01_claude-opus-5-api-generic-v7_rep1/AI_READI_d4d.yaml,Preprocessing,labeling_strategies,empty
AI_READI,api,v7,2,data/d4d_concatenated/claudecode_agent/2026-09-01_claude-opus-5-api-generic-v7_rep2/AI_READI_d4d.yaml,Preprocessing,labeling_strategies,empty
AI_READI,api,v7,3,data/d4d_concatenated/claudecode_agent/2026-09-01_claude-opus-5-api-generic-v7_rep3/AI_READI_d4d.yaml,Preprocessing,labeling_strategies,empty
AI_READI,api,v8,1,data/d4d_concatenated/claudecode_api/2026-09-04g_claude-opus-5-api-generic-v8_rep1/AI_READI_d4d.yaml,Preprocessing,labeling_strategies,empty
AI_READI,api,v8,2,data/d4d_concatenated/claudecode_api/2026-09-04g_claude-opus-5-api-generic-v8_rep2/AI_READI_d4d.yaml,Preprocessing,labeling_strategies,empty
AI_READI,api,v8,3,data/d4d_concatenated/claudecode_api/2026-09-04g_claude-opus-5-api-generic-v8_rep3/AI_READI_d4d.yaml,Preprocessing,labeling_strategies,empty
AI_READI,agentic,v6,1,data/d4d_concatenated/claudecode_agent/2026-08-28_claude-opus-5-claudecode-generic-v6_rep1/AI_READI_d4d.yaml,Preprocessing,labeling_strategies,populated
AI_READI,agentic,v6,2,data/d4d_concatenated/claudecode_agent/2026-08-28_claude-opus-5-claudecode-generic-v6_rep2/AI_READI_d4d.yaml,Preprocessing,labeling_strategies,populated
AI_READI,agentic,v6,3,data/d4d_concatenated/claudecode_agent/2026-08-28_claude-opus-5-claudecode-generic-v6_rep3/AI_READI_d4d.yaml,Preprocessing,labeling_strategies,populated
AI_READI,direct,,,,Preprocessing,labeling_strategies,no_record
CHORUS,api,v7,1,data/d4d_concatenated/claudecode_agent/2026-09-01_claude-opus-5-api-generic-v7_rep1/CHORUS_d4d.yaml,Preprocessing,labeling_strategies,populated
CHORUS,api,v7,2,data/d4d_concatenated/claudecode_agent/2026-09-01_claude-opus-5-api-generic-v7_rep2/CHORUS_d4d.yaml,Preprocessing,labeling_strategies,populated
CHORUS,api,v7,3,data/d4d_concatenated/claudecode_agent/2026-09-01_claude-opus-5-api-generic-v7_rep3/CHORUS_d4d.yaml,Preprocessing,labeling_strategies,populated
CHORUS,api,v8,1,data/d4d_concatenated/claudecode_api/2026-09-04f_claude-opus-5-api-generic-v8_rep1/CHORUS_d4d.yaml,Preprocessing,labeling_strategies,populated
CHORUS,api,v8,2,data/d4d_concatenated/claudecode_api/2026-09-04f_claude-opus-5-api-generic-v8_rep2/CHORUS_d4d.yaml,Preprocessing,labeling_strategies,empty
CHORUS,api,v8,3,data/d4d_concatenated/claudecode_api/2026-09-04f_claude-opus-5-api-generic-v8_rep3/CHORUS_d4d.yaml,Preprocessing,labeling_strategies,populated
CHORUS,agentic,v6,1,data/d4d_concatenated/claudecode_agent/2026-08-28_claude-opus-5-claudecode-generic-v6_rep1/CHORUS_d4d.yaml,Preprocessing,labeling_strategies,populated
CHORUS,agentic,v6,2,data/d4d_concatenated/claudecode_agent/2026-08-28_claude-opus-5-claudecode-generic-v6_rep2/CHORUS_d4d.yaml,Preprocessing,labeling_strategies,populated
CHORUS,agentic,v6,3,data/d4d_concatenated/claudecode_agent/2026-08-28_claude-opus-5-claudecode-generic-v6_rep3/CHORUS_d4d.yaml,Preprocessing,labeling_strategies,populated
CHORUS,direct,,,,Preprocessing,labeling_strategies,no_record
CM4AI,api,v7,1,data/d4d_concatenated/claudecode_agent/2026-09-01_claude-opus-5-api-generic-v7_rep1/CM4AI_d4d.yaml,Preprocessing,labeling_strategies,populated
CM4AI,api,v7,2,data/d4d_concatenated/claudecode_agent/2026-09-01_claude-opus-5-api-generic-v7_rep2/CM4AI_d4d.yaml,Preprocessing,labeling_strategies,populated
CM4AI,api,v7,3,data/d4d_concatenated/claudecode_agent/2026-09-01_claude-opus-5-api-generic-v7_rep3/CM4AI_d4d.yaml,Preprocessing,labeling_strategies,populated
CM4AI,api,v8,1,data/d4d_concatenated/claudecode_api/2026-09-04g_claude-opus-5-api-generic-v8_rep1/CM4AI_d4d.yaml,Preprocessing,labeling_strategies,empty
CM4AI,api,v8,2,data/d4d_concatenated/claudecode_api/2026-09-04g_claude-opus-5-api-generic-v8_rep2/CM4AI_d4d.yaml,Preprocessing,labeling_strategies,empty
CM4AI,api,v8,3,data/d4d_concatenated/claudecode_api/2026-09-04g_claude-opus-5-api-generic-v8_rep3/CM4AI_d4d.yaml,Preprocessing,labeling_strategies,empty
CM4AI,agentic,v6,1,data/d4d_concatenated/claudecode_agent/2026-08-28_claude-opus-5-claudecode-generic-v6_rep1/CM4AI_d4d.yaml,Preprocessing,labeling_strategies,populated
CM4AI,agentic,v6,2,data/d4d_concatenated/claudecode_agent/2026-08-28_claude-opus-5-claudecode-generic-v6_rep2/CM4AI_d4d.yaml,Preprocessing,labeling_strategies,populated
CM4AI,agentic,v6,3,data/d4d_concatenated/claudecode_agent/2026-08-28_claude-opus-5-claudecode-generic-v6_rep3/CM4AI_d4d.yaml,Preprocessing,labeling_strategies,populated
CM4AI,direct,,,,Preprocessing,labeling_strategies,no_record
VOICE,api,v7,1,data/d4d_concatenated/claudecode_agent/2026-09-01_claude-opus-5-api-generic-v7_rep1/VOICE_d4d.yaml,Preprocessing,labeling_strategies,populated
VOICE,api,v7,2,data/d4d_concatenated/claudecode_agent/2026-09-01_claude-opus-5-api-generic-v7_rep2/VOICE_d4d.yaml,Preprocessing,labeling_strategies,populated
VOICE,api,v7,3,data/d4d_concatenated/claudecode_agent/2026-09-01_claude-opus-5-api-generic-v7_rep3/VOICE_d4d.yaml,Preprocessing,labeling_strategies,populated
VOICE,api,v8,1,data/d4d_concatenated/claudecode_api/2026-09-04f_claude-opus-5-api-generic-v8_rep1/VOICE_d4d.yaml,Preprocessing,labeling_strategies,populated
VOICE,api,v8,2,data/d4d_concatenated/claudecode_api/2026-09-04f_claude-opus-5-api-generic-v8_rep2/VOICE_d4d.yaml,Preprocessing,labeling_strategies,populated
VOICE,api,v8,3,data/d4d_concatenated/claudecode_api/2026-09-04f_claude-opus-5-api-generic-v8_rep3/VOICE_d4d.yaml,Preprocessing,labeling_strategies,populated
VOICE,agentic,v6,1,data/d4d_concatenated/claudecode_agent/2026-08-28_claude-opus-5-claudecode-generic-v6_rep1/VOICE_d4d.yaml,Preprocessing,labeling_strategies,populated
VOICE,agentic,v6,2,data/d4d_concatenated/claudecode_agent/2026-08-28_claude-opus-5-claudecode-generic-v6_rep2/VOICE_d4d.yaml,Preprocessing,labeling_strategies,populated
VOICE,agentic,v6,3,data/d4d_concatenated/claudecode_agent/2026-08-28_claude-opus-5-claudecode-generic-v6_rep3/VOICE_d4d.yaml,Preprocessing,labeling_strategies,populated
VOICE,direct,,,,Preprocessing,labeling_strategies,no_record
AI_READI,api,v7,1,data/d4d_concatenated/claudecode_agent/2026-09-01_claude-opus-5-api-generic-v7_rep1/AI_READI_d4d.yaml,Preprocessing,raw_sources,populated
AI_READI,api,v7,2,data/d4d_concatenated/claudecode_agent/2026-09-01_claude-opus-5-api-generic-v7_rep2/AI_READI_d4d.yaml,Preprocessing,raw_sources,populated
AI_READI,api,v7,3,data/d4d_concatenated/claudecode_agent/2026-09-01_claude-opus-5-api-generic-v7_rep3/AI_READI_d4d.yaml,Preprocessing,raw_sources,populated
AI_READI,api,v8,1,data/d4d_concatenated/claudecode_api/2026-09-04g_claude-opus-5-api-generic-v8_rep1/AI_READI_d4d.yaml,Preprocessing,raw_sources,empty
AI_READI,api,v8,2,data/d4d_concatenated/claudecode_api/2026-09-04g_claude-opus-5-api-generic-v8_rep2/AI_READI_d4d.yaml,Preprocessing,raw_sources,populated
AI_READI,api,v8,3,data/d4d_concatenated/claudecode_api/2026-09-04g_claude-opus-5-api-generic-v8_rep3/AI_READI_d4d.yaml,Preprocessing,raw_sources,populated
AI_READI,agentic,v6,1,data/d4d_concatenated/claudecode_agent/2026-08-28_claude-opus-5-claudecode-generic-v6_rep1/AI_READI_d4d.yaml,Preprocessing,raw_sources,populated
AI_READI,agentic,v6,2,data/d4d_concatenated/claudecode_agent/2026-08-28_claude-opus-5-claudecode-generic-v6_rep2/AI_READI_d4d.yaml,Preprocessing,raw_sources,populated
AI_READI,agentic,v6,3,data/d4d_concatenated/claudecode_agent/2026-08-28_claude-opus-5-claudecode-generic-v6_rep3/AI_READI_d4d.yaml,Preprocessing,raw_sources,populated
AI_READI,direct,,,,Preprocessing,raw_sources,no_record
CHORUS,api,v7,1,data/d4d_concatenated/claudecode_agent/2026-09-01_claude-opus-5-api-generic-v7_rep1/CHORUS_d4d.yaml,Preprocessing,raw_sources,empty
CHORUS,api,v7,2,data/d4d_concatenated/claudecode_agent/2026-09-01_claude-opus-5-api-generic-v7_rep2/CHORUS_d4d.yaml,Preprocessing,raw_sources,empty
CHORUS,api,v7,3,data/d4d_concatenated/claudecode_agent/2026-09-01_claude-opus-5-api-generic-v7_rep3/CHORUS_d4d.yaml,Preprocessing,raw_sources,empty
CHORUS,api,v8,1,data/d4d_concatenated/claudecode_api/2026-09-04f_claude-opus-5-api-generic-v8_rep1/CHORUS_d4d.yaml,Preprocessing,raw_sources,empty
CHORUS,api,v8,2,data/d4d_concatenated/claudecode_api/2026-09-04f_claude-opus-5-api-generic-v8_rep2/CHORUS_d4d.yaml,Preprocessing,raw_sources,empty
CHORUS,api,v8,3,data/d4d_concatenated/claudecode_api/2026-09-04f_claude-opus-5-api-generic-v8_rep3/CHORUS_d4d.yaml,Preprocessing,raw_sources,empty
CHORUS,agentic,v6,1,data/d4d_concatenated/claudecode_agent/2026-08-28_claude-opus-5-claudecode-generic-v6_rep1/CHORUS_d4d.yaml,Preprocessing,raw_sources,populated
CHORUS,agentic,v6,2,data/d4d_concatenated/claudecode_agent/2026-08-28_claude-opus-5-claudecode-generic-v6_rep2/CHORUS_d4d.yaml,Preprocessing,raw_sources,empty
CHORUS,agentic,v6,3,data/d4d_concatenated/claudecode_agent/2026-08-28_claude-opus-5-claudecode-generic-v6_rep3/CHORUS_d4d.yaml,Preprocessing,raw_sources,empty
CHORUS,direct,,,,Preprocessing,raw_sources,no_record
CM4AI,api,v7,1,data/d4d_concatenated/claudecode_agent/2026-09-01_claude-opus-5-api-generic-v7_rep1/CM4AI_d4d.yaml,Preprocessing,raw_sources,populated
CM4AI,api,v7,2,data/d4d_concatenated/claudecode_agent/2026-09-01_claude-opus-5-api-generic-v7_rep2/CM4AI_d4d.yaml,Preprocessing,raw_sources,empty
CM4AI,api,v7,3,data/d4d_concatenated/claudecode_agent/2026-09-01_claude-opus-5-api-generic-v7_rep3/CM4AI_d4d.yaml,Preprocessing,raw_sources,empty
CM4AI,api,v8,1,data/d4d_concatenated/claudecode_api/2026-09-04g_claude-opus-5-api-generic-v8_rep1/CM4AI_d4d.yaml,Preprocessing,raw_sources,populated
CM4AI,api,v8,2,data/d4d_concatenated/claudecode_api/2026-09-04g_claude-opus-5-api-generic-v8_rep2/CM4AI_d4d.yaml,Preprocessing,raw_sources,empty
CM4AI,api,v8,3,data/d4d_concatenated/claudecode_api/2026-09-04g_claude-opus-5-api-generic-v8_rep3/CM4AI_d4d.yaml,Preprocessing,raw_sources,empty
CM4AI,agentic,v6,1,data/d4d_concatenated/claudecode_agent/2026-08-28_claude-opus-5-claudecode-generic-v6_rep1/CM4AI_d4d.yaml,Preprocessing,raw_sources,populated
CM4AI,agentic,v6,2,data/d4d_concatenated/claudecode_agent/2026-08-28_claude-opus-5-claudecode-generic-v6_rep2/CM4AI_d4d.yaml,Preprocessing,raw_sources,empty
CM4AI,agentic,v6,3,data/d4d_concatenated/claudecode_agent/2026-08-28_claude-opus-5-claudecode-generic-v6_rep3/CM4AI_d4d.yaml,Preprocessing,raw_sources,empty
CM4AI,direct,,,,Preprocessing,raw_sources,no_record
VOICE,api,v7,1,data/d4d_concatenated/claudecode_agent/2026-09-01_claude-opus-5-api-generic-v7_rep1/VOICE_d4d.yaml,Preprocessing,raw_sources,empty
VOICE,api,v7,2,data/d4d_concatenated/claudecode_agent/2026-09-01_claude-opus-5-api-generic-v7_rep2/VOICE_d4d.yaml,Preprocessing,raw_sources,empty
VOICE,api,v7,3,data/d4d_concatenated/claudecode_agent/2026-09-01_claude-opus-5-api-generic-v7_rep3/VOICE_d4d.yaml,Preprocessing,raw_sources,empty
VOICE,api,v8,1,data/d4d_concatenated/claudecode_api/2026-09-04f_claude-opus-5-api-generic-v8_rep1/VOICE_d4d.yaml,Preprocessing,raw_sources,empty
VOICE,api,v8,2,data/d4d_concatenated/claudecode_api/2026-09-04f_claude-opus-5-api-generic-v8_rep2/VOICE_d4d.yaml,Preprocessing,raw_sources,populated
VOICE,api,v8,3,data/d4d_concatenated/claudecode_api/2026-09-04f_claude-opus-5-api-generic-v8_rep3/VOICE_d4d.yaml,Preprocessing,raw_sources,empty
VOICE,agentic,v6,1,data/d4d_concatenated/claudecode_agent/2026-08-28_claude-opus-5-claudecode-generic-v6_rep1/VOICE_d4d.yaml,Preprocessing,raw_sources,populated
VOICE,agentic,v6,2,data/d4d_concatenated/claudecode_agent/2026-08-28_claude-opus-5-claudecode-generic-v6_rep2/VOICE_d4d.yaml,Preprocessing,raw_sources,populated
VOICE,agentic,v6,3,data/d4d_concatenated/claudecode_agent/2026-08-28_claude-opus-5-claudecode-generic-v6_rep3/VOICE_d4d.yaml,Preprocessing,raw_sources,populated
VOICE,direct,,,,Preprocessing,raw_sources,no_record
AI_READI,api,v7,1,data/d4d_concatenated/claudecode_agent/2026-09-01_claude-opus-5-api-generic-v7_rep1/AI_READI_d4d.yaml,Preprocessing,imputation_protocols,empty
AI_READI,api,v7,2,data/d4d_concatenated/claudecode_agent/2026-09-01_claude-opus-5-api-generic-v7_rep2/AI_READI_d4d.yaml,Preprocessing,imputation_protocols,empty
AI_READI,api,v7,3,data/d4d_concatenated/claudecode_agent/2026-09-01_claude-opus-5-api-generic-v7_rep3/AI_READI_d4d.yaml,Preprocessing,imputation_protocols,empty
AI_READI,api,v8,1,data/d4d_concatenated/claudecode_api/2026-09-04g_claude-opus-5-api-generic-v8_rep1/AI_READI_d4d.yaml,Preprocessing,imputation_protocols,empty
AI_READI,api,v8,2,data/d4d_concatenated/claudecode_api/2026-09-04g_claude-opus-5-api-generic-v8_rep2/AI_READI_d4d.yaml,Preprocessing,imputation_protocols,empty
AI_READI,api,v8,3,data/d4d_concatenated/claudecode_api/2026-09-04g_claude-opus-5-api-generic-v8_rep3/AI_READI_d4d.yaml,Preprocessing,imputation_protocols,empty
AI_READI,agentic,v6,1,data/d4d_concatenated/claudecode_agent/2026-08-28_claude-opus-5-claudecode-generic-v6_rep1/AI_READI_d4d.yaml,Preprocessing,imputation_protocols,empty
AI_READI,agentic,v6,2,data/d4d_concatenated/claudecode_agent/2026-08-28_claude-opus-5-claudecode-generic-v6_rep2/AI_READI_d4d.yaml,Preprocessing,imputation_protocols,empty
AI_READI,agentic,v6,3,data/d4d_concatenated/claudecode_agent/2026-08-28_claude-opus-5-claudecode-generic-v6_rep3/AI_READI_d4d.yaml,Preprocessing,imputation_protocols,empty
AI_READI,direct,,,,Preprocessing,imputation_protocols,no_record
CHORUS,api,v7,1,data/d4d_concatenated/claudecode_agent/2026-09-01_claude-opus-5-api-generic-v7_rep1/CHORUS_d4d.yaml,Preprocessing,imputation_protocols,empty
CHORUS,api,v7,2,data/d4d_concatenated/claudecode_agent/2026-09-01_claude-opus-5-api-generic-v7_rep2/CHORUS_d4d.yaml,Preprocessing,imputation_protocols,empty
CHORUS,api,v7,3,data/d4d_concatenated/claudecode_agent/2026-09-01_claude-opus-5-api-generic-v7_rep3/CHORUS_d4d.yaml,Preprocessing,imputation_protocols,empty
CHORUS,api,v8,1,data/d4d_concatenated/claudecode_api/2026-09-04f_claude-opus-5-api-generic-v8_rep1/CHORUS_d4d.yaml,Preprocessing,imputation_protocols,empty
CHORUS,api,v8,2,data/d4d_concatenated/claudecode_api/2026-09-04f_claude-opus-5-api-generic-v8_rep2/CHORUS_d4d.yaml,Preprocessing,imputation_protocols,empty
CHORUS,api,v8,3,data/d4d_concatenated/claudecode_api/2026-09-04f_claude-opus-5-api-generic-v8_rep3/CHORUS_d4d.yaml,Preprocessing,imputation_protocols,empty
CHORUS,agentic,v6,1,data/d4d_concatenated/claudecode_agent/2026-08-28_claude-opus-5-claudecode-generic-v6_rep1/CHORUS_d4d.yaml,Preprocessing,imputation_protocols,empty
CHORUS,agentic,v6,2,data/d4d_concatenated/claudecode_agent/2026-08-28_claude-opus-5-claudecode-generic-v6_rep2/CHORUS_d4d.yaml,Preprocessing,imputation_protocols,empty
CHORUS,agentic,v6,3,data/d4d_concatenated/claudecode_agent/2026-08-28_claude-opus-5-claudecode-generic-v6_rep3/CHORUS_d4d.yaml,Preprocessing,imputation_protocols,empty
CHORUS,direct,,,,Preprocessing,imputation_protocols,no_record
CM4AI,api,v7,1,data/d4d_concatenated/claudecode_agent/2026-09-01_claude-opus-5-api-generic-v7_rep1/CM4AI_d4d.yaml,Preprocessing,imputation_protocols,empty
CM4AI,api,v7,2,data/d4d_concatenated/claudecode_agent/2026-09-01_claude-opus-5-api-generic-v7_rep2/CM4AI_d4d.yaml,Preprocessing,imputation_protocols,empty
CM4AI,api,v7,3,data/d4d_concatenated/claudecode_agent/2026-09-01_claude-opus-5-api-generic-v7_rep3/CM4AI_d4d.yaml,Preprocessing,imputation_protocols,empty
CM4AI,api,v8,1,data/d4d_concatenated/claudecode_api/2026-09-04g_claude-opus-5-api-generic-v8_rep1/CM4AI_d4d.yaml,Preprocessing,imputation_protocols,empty
CM4AI,api,v8,2,data/d4d_concatenated/claudecode_api/2026-09-04g_claude-opus-5-api-generic-v8_rep2/CM4AI_d4d.yaml,Preprocessing,imputation_protocols,empty
CM4AI,api,v8,3,data/d4d_concatenated/claudecode_api/2026-09-04g_claude-opus-5-api-generic-v8_rep3/CM4AI_d4d.yaml,Preprocessing,imputation_protocols,empty
CM4AI,agentic,v6,1,data/d4d_concatenated/claudecode_agent/2026-08-28_claude-opus-5-claudecode-generic-v6_rep1/CM4AI_d4d.yaml,Preprocessing,imputation_protocols,empty
CM4AI,agentic,v6,2,data/d4d_concatenated/claudecode_agent/2026-08-28_claude-opus-5-claudecode-generic-v6_rep2/CM4AI_d4d.yaml,Preprocessing,imputation_protocols,empty
CM4AI,agentic,v6,3,data/d4d_concatenated/claudecode_agent/2026-08-28_claude-opus-5-claudecode-generic-v6_rep3/CM4AI_d4d.yaml,Preprocessing,imputation_protocols,empty
CM4AI,direct,,,,Preprocessing,imputation_protocols,no_record
VOICE,api,v7,1,data/d4d_concatenated/claudecode_agent/2026-09-01_claude-opus-5-api-generic-v7_rep1/VOICE_d4d.yaml,Preprocessing,imputation_protocols,empty
VOICE,api,v7,2,data/d4d_concatenated/claudecode_agent/2026-09-01_claude-opus-5-api-generic-v7_rep2/VOICE_d4d.yaml,Preprocessing,imputation_protocols,empty
VOICE,api,v7,3,data/d4d_concatenated/claudecode_agent/2026-09-01_claude-opus-5-api-generic-v7_rep3/VOICE_d4d.yaml,Preprocessing,imputation_protocols,empty
VOICE,api,v8,1,data/d4d_concatenated/claudecode_api/2026-09-04f_claude-opus-5-api-generic-v8_rep1/VOICE_d4d.yaml,Preprocessing,imputation_protocols,empty
VOICE,api,v8,2,data/d4d_concatenated/claudecode_api/2026-09-04f_claude-opus-5-api-generic-v8_rep2/VOICE_d4d.yaml,Preprocessing,imputation_protocols,empty
VOICE,api,v8,3,data/d4d_concatenated/claudecode_api/2026-09-04f_claude-opus-5-api-generic-v8_rep3/VOICE_d4d.yaml,Preprocessing,imputation_protocols,empty
VOICE,agentic,v6,1,data/d4d_concatenated/claudecode_agent/2026-08-28_claude-opus-5-claudecode-generic-v6_rep1/VOICE_d4d.yaml,Preprocessing,imputation_protocols,empty
VOICE,agentic,v6,2,data/d4d_concatenated/claudecode_agent/2026-08-28_claude-opus-5-claudecode-generic-v6_rep2/VOICE_d4d.yaml,Preprocessing,imputation_protocols,empty
VOICE,agentic,v6,3,data/d4d_concatenated/claudecode_agent/2026-08-28_claude-opus-5-claudecode-generic-v6_rep3/VOICE_d4d.yaml,Preprocessing,imputation_protocols,empty
VOICE,direct,,,,Preprocessing,imputation_protocols,no_record
AI_READI,api,v7,1,data/d4d_concatenated/claudecode_agent/2026-09-01_claude-opus-5-api-generic-v7_rep1/AI_READI_d4d.yaml,Preprocessing,annotation_analyses,empty
AI_READI,api,v7,2,data/d4d_concatenated/claudecode_agent/2026-09-01_claude-opus-5-api-generic-v7_rep2/AI_READI_d4d.yaml,Preprocessing,annotation_analyses,empty
AI_READI,api,v7,3,data/d4d_concatenated/claudecode_agent/2026-09-01_claude-opus-5-api-generic-v7_rep3/AI_READI_d4d.yaml,Preprocessing,annotation_analyses,empty
AI_READI,api,v8,1,data/d4d_concatenated/claudecode_api/2026-09-04g_claude-opus-5-api-generic-v8_rep1/AI_READI_d4d.yaml,Preprocessing,annotation_analyses,empty
AI_READI,api,v8,2,data/d4d_concatenated/claudecode_api/2026-09-04g_claude-opus-5-api-generic-v8_rep2/AI_READI_d4d.yaml,Preprocessing,annotation_analyses,empty
AI_READI,api,v8,3,data/d4d_concatenated/claudecode_api/2026-09-04g_claude-opus-5-api-generic-v8_rep3/AI_READI_d4d.yaml,Preprocessing,annotation_analyses,empty
AI_READI,agentic,v6,1,data/d4d_concatenated/claudecode_agent/2026-08-28_claude-opus-5-claudecode-generic-v6_rep1/AI_READI_d4d.yaml,Preprocessing,annotation_analyses,empty
AI_READI,agentic,v6,2,data/d4d_concatenated/claudecode_agent/2026-08-28_claude-opus-5-claudecode-generic-v6_rep2/AI_READI_d4d.yaml,Preprocessing,annotation_analyses,empty
AI_READI,agentic,v6,3,data/d4d_concatenated/claudecode_agent/2026-08-28_claude-opus-5-claudecode-generic-v6_rep3/AI_READI_d4d.yaml,Preprocessing,annotation_analyses,empty
AI_READI,direct,,,,Preprocessing,annotation_analyses,no_record
CHORUS,api,v7,1,data/d4d_concatenated/claudecode_agent/2026-09-01_claude-opus-5-api-generic-v7_rep1/CHORUS_d4d.yaml,Preprocessing,annotation_analyses,empty
CHORUS,api,v7,2,data/d4d_concatenated/claudecode_agent/2026-09-01_claude-opus-5-api-generic-v7_rep2/CHORUS_d4d.yaml,Preprocessing,annotation_analyses,empty
CHORUS,api,v7,3,data/d4d_concatenated/claudecode_agent/2026-09-01_claude-opus-5-api-generic-v7_rep3/CHORUS_d4d.yaml,Preprocessing,annotation_analyses,empty
CHORUS,api,v8,1,data/d4d_concatenated/claudecode_api/2026-09-04f_claude-opus-5-api-generic-v8_rep1/CHORUS_d4d.yaml,Preprocessing,annotation_analyses,empty
CHORUS,api,v8,2,data/d4d_concatenated/claudecode_api/2026-09-04f_claude-opus-5-api-generic-v8_rep2/CHORUS_d4d.yaml,Preprocessing,annotation_analyses,empty
CHORUS,api,v8,3,data/d4d_concatenated/claudecode_api/2026-09-04f_claude-opus-5-api-generic-v8_rep3/CHORUS_d4d.yaml,Preprocessing,annotation_analyses,empty
CHORUS,agentic,v6,1,data/d4d_concatenated/claudecode_agent/2026-08-28_claude-opus-5-claudecode-generic-v6_rep1/CHORUS_d4d.yaml,Preprocessing,annotation_analyses,empty
CHORUS,agentic,v6,2,data/d4d_concatenated/claudecode_agent/2026-08-28_claude-opus-5-claudecode-generic-v6_rep2/CHORUS_d4d.yaml,Preprocessing,annotation_analyses,empty
CHORUS,agentic,v6,3,data/d4d_concatenated/claudecode_agent/2026-08-28_claude-opus-5-claudecode-generic-v6_rep3/CHORUS_d4d.yaml,Preprocessing,annotation_analyses,empty
CHORUS,direct,,,,Preprocessing,annotation_analyses,no_record
CM4AI,api,v7,1,data/d4d_concatenated/claudecode_agent/2026-09-01_claude-opus-5-api-generic-v7_rep1/CM4AI_d4d.yaml,Preprocessing,annotation_analyses,empty
CM4AI,api,v7,2,data/d4d_concatenated/claudecode_agent/2026-09-01_claude-opus-5-api-generic-v7_rep2/CM4AI_d4d.yaml,Preprocessing,annotation_analyses,empty
CM4AI,api,v7,3,data/d4d_concatenated/claudecode_agent/2026-09-01_claude-opus-5-api-generic-v7_rep3/CM4AI_d4d.yaml,Preprocessing,annotation_analyses,empty
CM4AI,api,v8,1,data/d4d_concatenated/claudecode_api/2026-09-04g_claude-opus-5-api-generic-v8_rep1/CM4AI_d4d.yaml,Preprocessing,annotation_analyses,empty
CM4AI,api,v8,2,data/d4d_concatenated/claudecode_api/2026-09-04g_claude-opus-5-api-generic-v8_rep2/CM4AI_d4d.yaml,Preprocessing,annotation_analyses,empty
CM4AI,api,v8,3,data/d4d_concatenated/claudecode_api/2026-09-04g_claude-opus-5-api-generic-v8_rep3/CM4AI_d4d.yaml,Preprocessing,annotation_analyses,empty
CM4AI,agentic,v6,1,data/d4d_concatenated/claudecode_agent/2026-08-28_claude-opus-5-claudecode-generic-v6_rep1/CM4AI_d4d.yaml,Preprocessing,annotation_analyses,empty
CM4AI,agentic,v6,2,data/d4d_concatenated/claudecode_agent/2026-08-28_claude-opus-5-claudecode-generic-v6_rep2/CM4AI_d4d.yaml,Preprocessing,annotation_analyses,empty
CM4AI,agentic,v6,3,data/d4d_concatenated/claudecode_agent/2026-08-28_claude-opus-5-claudecode-generic-v6_rep3/CM4AI_d4d.yaml,Preprocessing,annotation_analyses,empty
CM4AI,direct,,,,Preprocessing,annotation_analyses,no_record
VOICE,api,v7,1,data/d4d_concatenated/claudecode_agent/2026-09-01_claude-opus-5-api-generic-v7_rep1/VOICE_d4d.yaml,Preprocessing,annotation_analyses,empty
VOICE,api,v7,2,data/d4d_concatenated/claudecode_agent/2026-09-01_claude-opus-5-api-generic-v7_rep2/VOICE_d4d.yaml,Preprocessing,annotation_analyses,populated
VOICE,api,v7,3,data/d4d_concatenated/claudecode_agent/2026-09-01_claude-opus-5-api-generic-v7_rep3/VOICE_d4d.yaml,Preprocessing,annotation_analyses,empty
VOICE,api,v8,1,data/d4d_concatenated/claudecode_api/2026-09-04f_claude-opus-5-api-generic-v8_rep1/VOICE_d4d.yaml,Preprocessing,annotation_analyses,empty
VOICE,api,v8,2,data/d4d_concatenated/claudecode_api/2026-09-04f_claude-opus-5-api-generic-v8_rep2/VOICE_d4d.yaml,Preprocessing,annotation_analyses,empty
VOICE,api,v8,3,data/d4d_concatenated/claudecode_api/2026-09-04f_claude-opus-5-api-generic-v8_rep3/VOICE_d4d.yaml,Preprocessing,annotation_analyses,empty
VOICE,agentic,v6,1,data/d4d_concatenated/claudecode_agent/2026-08-28_claude-opus-5-claudecode-generic-v6_rep1/VOICE_d4d.yaml,Preprocessing,annotation_analyses,populated
VOICE,agentic,v6,2,data/d4d_concatenated/claudecode_agent/2026-08-28_claude-opus-5-claudecode-generic-v6_rep2/VOICE_d4d.yaml,Preprocessing,annotation_analyses,empty
VOICE,agentic,v6,3,data/d4d_concatenated/claudecode_agent/2026-08-28_claude-opus-5-claudecode-generic-v6_rep3/VOICE_d4d.yaml,Preprocessing,annotation_analyses,empty
VOICE,direct,,,,Preprocessing,annotation_analyses,no_record
AI_READI,api,v7,1,data/d4d_concatenated/claudecode_agent/2026-09-01_claude-opus-5-api-generic-v7_rep1/AI_READI_d4d.yaml,Preprocessing,machine_annotation_tools,empty
AI_READI,api,v7,2,data/d4d_concatenated/claudecode_agent/2026-09-01_claude-opus-5-api-generic-v7_rep2/AI_READI_d4d.yaml,Preprocessing,machine_annotation_tools,empty
AI_READI,api,v7,3,data/d4d_concatenated/claudecode_agent/2026-09-01_claude-opus-5-api-generic-v7_rep3/AI_READI_d4d.yaml,Preprocessing,machine_annotation_tools,empty
AI_READI,api,v8,1,data/d4d_concatenated/claudecode_api/2026-09-04g_claude-opus-5-api-generic-v8_rep1/AI_READI_d4d.yaml,Preprocessing,machine_annotation_tools,empty
AI_READI,api,v8,2,data/d4d_concatenated/claudecode_api/2026-09-04g_claude-opus-5-api-generic-v8_rep2/AI_READI_d4d.yaml,Preprocessing,machine_annotation_tools,empty
AI_READI,api,v8,3,data/d4d_concatenated/claudecode_api/2026-09-04g_claude-opus-5-api-generic-v8_rep3/AI_READI_d4d.yaml,Preprocessing,machine_annotation_tools,empty
AI_READI,agentic,v6,1,data/d4d_concatenated/claudecode_agent/2026-08-28_claude-opus-5-claudecode-generic-v6_rep1/AI_READI_d4d.yaml,Preprocessing,machine_annotation_tools,empty
AI_READI,agentic,v6,2,data/d4d_concatenated/claudecode_agent/2026-08-28_claude-opus-5-claudecode-generic-v6_rep2/AI_READI_d4d.yaml,Preprocessing,machine_annotation_tools,empty
AI_READI,agentic,v6,3,data/d4d_concatenated/claudecode_agent/2026-08-28_claude-opus-5-claudecode-generic-v6_rep3/AI_READI_d4d.yaml,Preprocessing,machine_annotation_tools,empty
AI_READI,direct,,,,Preprocessing,machine_annotation_tools,no_record
CHORUS,api,v7,1,data/d4d_concatenated/claudecode_agent/2026-09-01_claude-opus-5-api-generic-v7_rep1/CHORUS_d4d.yaml,Preprocessing,machine_annotation_tools,empty
CHORUS,api,v7,2,data/d4d_concatenated/claudecode_agent/2026-09-01_claude-opus-5-api-generic-v7_rep2/CHORUS_d4d.yaml,Preprocessing,machine_annotation_tools,populated
CHORUS,api,v7,3,data/d4d_concatenated/claudecode_agent/2026-09-01_claude-opus-5-api-generic-v7_rep3/CHORUS_d4d.yaml,Preprocessing,machine_annotation_tools,populated
CHORUS,api,v8,1,data/d4d_concatenated/claudecode_api/2026-09-04f_claude-opus-5-api-generic-v8_rep1/CHORUS_d4d.yaml,Preprocessing,machine_annotation_tools,empty
CHORUS,api,v8,2,data/d4d_concatenated/claudecode_api/2026-09-04f_claude-opus-5-api-generic-v8_rep2/CHORUS_d4d.yaml,Preprocessing,machine_annotation_tools,empty
CHORUS,api,v8,3,data/d4d_concatenated/claudecode_api/2026-09-04f_claude-opus-5-api-generic-v8_rep3/CHORUS_d4d.yaml,Preprocessing,machine_annotation_tools,populated
CHORUS,agentic,v6,1,data/d4d_concatenated/claudecode_agent/2026-08-28_claude-opus-5-claudecode-generic-v6_rep1/CHORUS_d4d.yaml,Preprocessing,machine_annotation_tools,populated
CHORUS,agentic,v6,2,data/d4d_concatenated/claudecode_agent/2026-08-28_claude-opus-5-claudecode-generic-v6_rep2/CHORUS_d4d.yaml,Preprocessing,machine_annotation_tools,populated
CHORUS,agentic,v6,3,data/d4d_concatenated/claudecode_agent/2026-08-28_claude-opus-5-claudecode-generic-v6_rep3/CHORUS_d4d.yaml,Preprocessing,machine_annotation_tools,populated
CHORUS,direct,,,,Preprocessing,machine_annotation_tools,no_record
CM4AI,api,v7,1,data/d4d_concatenated/claudecode_agent/2026-09-01_claude-opus-5-api-generic-v7_rep1/CM4AI_d4d.yaml,Preprocessing,machine_annotation_tools,populated
CM4AI,api,v7,2,data/d4d_concatenated/claudecode_agent/2026-09-01_claude-opus-5-api-generic-v7_rep2/CM4AI_d4d.yaml,Preprocessing,machine_annotation_tools,populated
CM4AI,api,v7,3,data/d4d_concatenated/claudecode_agent/2026-09-01_claude-opus-5-api-generic-v7_rep3/CM4AI_d4d.yaml,Preprocessing,machine_annotation_tools,empty
CM4AI,api,v8,1,data/d4d_concatenated/claudecode_api/2026-09-04g_claude-opus-5-api-generic-v8_rep1/CM4AI_d4d.yaml,Preprocessing,machine_annotation_tools,empty
CM4AI,api,v8,2,data/d4d_concatenated/claudecode_api/2026-09-04g_claude-opus-5-api-generic-v8_rep2/CM4AI_d4d.yaml,Preprocessing,machine_annotation_tools,empty
CM4AI,api,v8,3,data/d4d_concatenated/claudecode_api/2026-09-04g_claude-opus-5-api-generic-v8_rep3/CM4AI_d4d.yaml,Preprocessing,machine_annotation_tools,empty
CM4AI,agentic,v6,1,data/d4d_concatenated/claudecode_agent/2026-08-28_claude-opus-5-claudecode-generic-v6_rep1/CM4AI_d4d.yaml,Preprocessing,machine_annotation_tools,populated
CM4AI,agentic,v6,2,data/d4d_concatenated/claudecode_agent/2026-08-28_claude-opus-5-claudecode-generic-v6_rep2/CM4AI_d4d.yaml,Preprocessing,machine_annotation_tools,empty
CM4AI,agentic,v6,3,data/d4d_concatenated/claudecode_agent/2026-08-28_claude-opus-5-claudecode-generic-v6_rep3/CM4AI_d4d.yaml,Preprocessing,machine_annotation_tools,populated
CM4AI,direct,,,,Preprocessing,machine_annotation_tools,no_record
VOICE,api,v7,1,data/d4d_concatenated/claudecode_agent/2026-09-01_claude-opus-5-api-generic-v7_rep1/VOICE_d4d.yaml,Preprocessing,machine_annotation_tools,populated
VOICE,api,v7,2,data/d4d_concatenated/claudecode_agent/2026-09-01_claude-opus-5-api-generic-v7_rep2/VOICE_d4d.yaml,Preprocessing,machine_annotation_tools,populated
VOICE,api,v7,3,data/d4d_concatenated/claudecode_agent/2026-09-01_claude-opus-5-api-generic-v7_rep3/VOICE_d4d.yaml,Preprocessing,machine_annotation_tools,populated
VOICE,api,v8,1,data/d4d_concatenated/claudecode_api/2026-09-04f_claude-opus-5-api-generic-v8_rep1/VOICE_d4d.yaml,Preprocessing,machine_annotation_tools,populated
VOICE,api,v8,2,data/d4d_concatenated/claudecode_api/2026-09-04f_claude-opus-5-api-generic-v8_rep2/VOICE_d4d.yaml,Preprocessing,machine_annotation_tools,populated
VOICE,api,v8,3,data/d4d_concatenated/claudecode_api/2026-09-04f_claude-opus-5-api-generic-v8_rep3/VOICE_d4d.yaml,Preprocessing,machine_annotation_tools,populated
VOICE,agentic,v6,1,data/d4d_concatenated/claudecode_agent/2026-08-28_claude-opus-5-claudecode-generic-v6_rep1/VOICE_d4d.yaml,Preprocessing,machine_annotation_tools,populated
VOICE,agentic,v6,2,data/d4d_concatenated/claudecode_agent/2026-08-28_claude-opus-5-claudecode-generic-v6_rep2/VOICE_d4d.yaml,Preprocessing,machine_annotation_tools,populated
VOICE,agentic,v6,3,data/d4d_concatenated/claudecode_agent/2026-08-28_claude-opus-5-claudecode-generic-v6_rep3/VOICE_d4d.yaml,Preprocessing,machine_annotation_tools,populated
VOICE,direct,,,,Preprocessing,machine_annotation_tools,no_record
AI_READI,api,v7,1,data/d4d_concatenated/claudecode_agent/2026-09-01_claude-opus-5-api-generic-v7_rep1/AI_READI_d4d.yaml,Uses,existing_uses,empty
AI_READI,api,v7,2,data/d4d_concatenated/claudecode_agent/2026-09-01_claude-opus-5-api-generic-v7_rep2/AI_READI_d4d.yaml,Uses,existing_uses,empty
AI_READI,api,v7,3,data/d4d_concatenated/claudecode_agent/2026-09-01_claude-opus-5-api-generic-v7_rep3/AI_READI_d4d.yaml,Uses,existing_uses,empty
AI_READI,api,v8,1,data/d4d_concatenated/claudecode_api/2026-09-04g_claude-opus-5-api-generic-v8_rep1/AI_READI_d4d.yaml,Uses,existing_uses,empty
AI_READI,api,v8,2,data/d4d_concatenated/claudecode_api/2026-09-04g_claude-opus-5-api-generic-v8_rep2/AI_READI_d4d.yaml,Uses,existing_uses,empty
AI_READI,api,v8,3,data/d4d_concatenated/claudecode_api/2026-09-04g_claude-opus-5-api-generic-v8_rep3/AI_READI_d4d.yaml,Uses,existing_uses,empty
AI_READI,agentic,v6,1,data/d4d_concatenated/claudecode_agent/2026-08-28_claude-opus-5-claudecode-generic-v6_rep1/AI_READI_d4d.yaml,Uses,existing_uses,empty
AI_READI,agentic,v6,2,data/d4d_concatenated/claudecode_agent/2026-08-28_claude-opus-5-claudecode-generic-v6_rep2/AI_READI_d4d.yaml,Uses,existing_uses,empty
AI_READI,agentic,v6,3,data/d4d_concatenated/claudecode_agent/2026-08-28_claude-opus-5-claudecode-generic-v6_rep3/AI_READI_d4d.yaml,Uses,existing_uses,empty
AI_READI,direct,,,,Uses,existing_uses,no_record
CHORUS,api,v7,1,data/d4d_concatenated/claudecode_agent/2026-09-01_claude-opus-5-api-generic-v7_rep1/CHORUS_d4d.yaml,Uses,existing_uses,populated
CHORUS,api,v7,2,data/d4d_concatenated/claudecode_agent/2026-09-01_claude-opus-5-api-generic-v7_rep2/CHORUS_d4d.yaml,Uses,existing_uses,populated
CHORUS,api,v7,3,data/d4d_concatenated/claudecode_agent/2026-09-01_claude-opus-5-api-generic-v7_rep3/CHORUS_d4d.yaml,Uses,existing_uses,populated
CHORUS,api,v8,1,data/d4d_concatenated/claudecode_api/2026-09-04f_claude-opus-5-api-generic-v8_rep1/CHORUS_d4d.yaml,Uses,existing_uses,populated
CHORUS,api,v8,2,data/d4d_concatenated/claudecode_api/2026-09-04f_claude-opus-5-api-generic-v8_rep2/CHORUS_d4d.yaml,Uses,existing_uses,populated
CHORUS,api,v8,3,data/d4d_concatenated/claudecode_api/2026-09-04f_claude-opus-5-api-generic-v8_rep3/CHORUS_d4d.yaml,Uses,existing_uses,populated
CHORUS,agentic,v6,1,data/d4d_concatenated/claudecode_agent/2026-08-28_claude-opus-5-claudecode-generic-v6_rep1/CHORUS_d4d.yaml,Uses,existing_uses,populated
CHORUS,agentic,v6,2,data/d4d_concatenated/claudecode_agent/2026-08-28_claude-opus-5-claudecode-generic-v6_rep2/CHORUS_d4d.yaml,Uses,existing_uses,populated
CHORUS,agentic,v6,3,data/d4d_concatenated/claudecode_agent/2026-08-28_claude-opus-5-claudecode-generic-v6_rep3/CHORUS_d4d.yaml,Uses,existing_uses,populated
CHORUS,direct,,,,Uses,existing_uses,no_record
CM4AI,api,v7,1,data/d4d_concatenated/claudecode_agent/2026-09-01_claude-opus-5-api-generic-v7_rep1/CM4AI_d4d.yaml,Uses,existing_uses,populated
CM4AI,api,v7,2,data/d4d_concatenated/claudecode_agent/2026-09-01_claude-opus-5-api-generic-v7_rep2/CM4AI_d4d.yaml,Uses,existing_uses,caveat_only
CM4AI,api,v7,3,data/d4d_concatenated/claudecode_agent/2026-09-01_claude-opus-5-api-generic-v7_rep3/CM4AI_d4d.yaml,Uses,existing_uses,empty
CM4AI,api,v8,1,data/d4d_concatenated/claudecode_api/2026-09-04g_claude-opus-5-api-generic-v8_rep1/CM4AI_d4d.yaml,Uses,existing_uses,populated
CM4AI,api,v8,2,data/d4d_concatenated/claudecode_api/2026-09-04g_claude-opus-5-api-generic-v8_rep2/CM4AI_d4d.yaml,Uses,existing_uses,empty
CM4AI,api,v8,3,data/d4d_concatenated/claudecode_api/2026-09-04g_claude-opus-5-api-generic-v8_rep3/CM4AI_d4d.yaml,Uses,existing_uses,empty
CM4AI,agentic,v6,1,data/d4d_concatenated/claudecode_agent/2026-08-28_claude-opus-5-claudecode-generic-v6_rep1/CM4AI_d4d.yaml,Uses,existing_uses,populated
CM4AI,agentic,v6,2,data/d4d_concatenated/claudecode_agent/2026-08-28_claude-opus-5-claudecode-generic-v6_rep2/CM4AI_d4d.yaml,Uses,existing_uses,populated
CM4AI,agentic,v6,3,data/d4d_concatenated/claudecode_agent/2026-08-28_claude-opus-5-claudecode-generic-v6_rep3/CM4AI_d4d.yaml,Uses,existing_uses,populated
CM4AI,direct,,,,Uses,existing_uses,no_record
VOICE,api,v7,1,data/d4d_concatenated/claudecode_agent/2026-09-01_claude-opus-5-api-generic-v7_rep1/VOICE_d4d.yaml,Uses,existing_uses,populated
VOICE,api,v7,2,data/d4d_concatenated/claudecode_agent/2026-09-01_claude-opus-5-api-generic-v7_rep2/VOICE_d4d.yaml,Uses,existing_uses,populated
VOICE,api,v7,3,data/d4d_concatenated/claudecode_agent/2026-09-01_claude-opus-5-api-generic-v7_rep3/VOICE_d4d.yaml,Uses,existing_uses,populated
VOICE,api,v8,1,data/d4d_concatenated/claudecode_api/2026-09-04f_claude-opus-5-api-generic-v8_rep1/VOICE_d4d.yaml,Uses,existing_uses,populated
VOICE,api,v8,2,data/d4d_concatenated/claudecode_api/2026-09-04f_claude-opus-5-api-generic-v8_rep2/VOICE_d4d.yaml,Uses,existing_uses,populated
VOICE,api,v8,3,data/d4d_concatenated/claudecode_api/2026-09-04f_claude-opus-5-api-generic-v8_rep3/VOICE_d4d.yaml,Uses,existing_uses,populated
VOICE,agentic,v6,1,data/d4d_concatenated/claudecode_agent/2026-08-28_claude-opus-5-claudecode-generic-v6_rep1/VOICE_d4d.yaml,Uses,existing_uses,populated
VOICE,agentic,v6,2,data/d4d_concatenated/claudecode_agent/2026-08-28_claude-opus-5-claudecode-generic-v6_rep2/VOICE_d4d.yaml,Uses,existing_uses,populated
VOICE,agentic,v6,3,data/d4d_concatenated/claudecode_agent/2026-08-28_claude-opus-5-claudecode-generic-v6_rep3/VOICE_d4d.yaml,Uses,existing_uses,populated
VOICE,direct,,,,Uses,existing_uses,no_record
AI_READI,api,v7,1,data/d4d_concatenated/claudecode_agent/2026-09-01_claude-opus-5-api-generic-v7_rep1/AI_READI_d4d.yaml,Uses,use_repository,empty
AI_READI,api,v7,2,data/d4d_concatenated/claudecode_agent/2026-09-01_claude-opus-5-api-generic-v7_rep2/AI_READI_d4d.yaml,Uses,use_repository,empty
AI_READI,api,v7,3,data/d4d_concatenated/claudecode_agent/2026-09-01_claude-opus-5-api-generic-v7_rep3/AI_READI_d4d.yaml,Uses,use_repository,populated
AI_READI,api,v8,1,data/d4d_concatenated/claudecode_api/2026-09-04g_claude-opus-5-api-generic-v8_rep1/AI_READI_d4d.yaml,Uses,use_repository,empty
AI_READI,api,v8,2,data/d4d_concatenated/claudecode_api/2026-09-04g_claude-opus-5-api-generic-v8_rep2/AI_READI_d4d.yaml,Uses,use_repository,empty
AI_READI,api,v8,3,data/d4d_concatenated/claudecode_api/2026-09-04g_claude-opus-5-api-generic-v8_rep3/AI_READI_d4d.yaml,Uses,use_repository,empty
AI_READI,agentic,v6,1,data/d4d_concatenated/claudecode_agent/2026-08-28_claude-opus-5-claudecode-generic-v6_rep1/AI_READI_d4d.yaml,Uses,use_repository,empty
AI_READI,agentic,v6,2,data/d4d_concatenated/claudecode_agent/2026-08-28_claude-opus-5-claudecode-generic-v6_rep2/AI_READI_d4d.yaml,Uses,use_repository,empty
AI_READI,agentic,v6,3,data/d4d_concatenated/claudecode_agent/2026-08-28_claude-opus-5-claudecode-generic-v6_rep3/AI_READI_d4d.yaml,Uses,use_repository,empty
AI_READI,direct,,,,Uses,use_repository,no_record
CHORUS,api,v7,1,data/d4d_concatenated/claudecode_agent/2026-09-01_claude-opus-5-api-generic-v7_rep1/CHORUS_d4d.yaml,Uses,use_repository,empty
CHORUS,api,v7,2,data/d4d_concatenated/claudecode_agent/2026-09-01_claude-opus-5-api-generic-v7_rep2/CHORUS_d4d.yaml,Uses,use_repository,empty
CHORUS,api,v7,3,data/d4d_concatenated/claudecode_agent/2026-09-01_claude-opus-5-api-generic-v7_rep3/CHORUS_d4d.yaml,Uses,use_repository,empty
CHORUS,api,v8,1,data/d4d_concatenated/claudecode_api/2026-09-04f_claude-opus-5-api-generic-v8_rep1/CHORUS_d4d.yaml,Uses,use_repository,empty
CHORUS,api,v8,2,data/d4d_concatenated/claudecode_api/2026-09-04f_claude-opus-5-api-generic-v8_rep2/CHORUS_d4d.yaml,Uses,use_repository,empty
CHORUS,api,v8,3,data/d4d_concatenated/claudecode_api/2026-09-04f_claude-opus-5-api-generic-v8_rep3/CHORUS_d4d.yaml,Uses,use_repository,empty
CHORUS,agentic,v6,1,data/d4d_concatenated/claudecode_agent/2026-08-28_claude-opus-5-claudecode-generic-v6_rep1/CHORUS_d4d.yaml,Uses,use_repository,empty
CHORUS,agentic,v6,2,data/d4d_concatenated/claudecode_agent/2026-08-28_claude-opus-5-claudecode-generic-v6_rep2/CHORUS_d4d.yaml,Uses,use_repository,empty
CHORUS,agentic,v6,3,data/d4d_concatenated/claudecode_agent/2026-08-28_claude-opus-5-claudecode-generic-v6_rep3/CHORUS_d4d.yaml,Uses,use_repository,empty
CHORUS,direct,,,,Uses,use_repository,no_record
CM4AI,api,v7,1,data/d4d_concatenated/claudecode_agent/2026-09-01_claude-opus-5-api-generic-v7_rep1/CM4AI_d4d.yaml,Uses,use_repository,empty
CM4AI,api,v7,2,data/d4d_concatenated/claudecode_agent/2026-09-01_claude-opus-5-api-generic-v7_rep2/CM4AI_d4d.yaml,Uses,use_repository,populated
CM4AI,api,v7,3,data/d4d_concatenated/claudecode_agent/2026-09-01_claude-opus-5-api-generic-v7_rep3/CM4AI_d4d.yaml,Uses,use_repository,empty
CM4AI,api,v8,1,data/d4d_concatenated/claudecode_api/2026-09-04g_claude-opus-5-api-generic-v8_rep1/CM4AI_d4d.yaml,Uses,use_repository,empty
CM4AI,api,v8,2,data/d4d_concatenated/claudecode_api/2026-09-04g_claude-opus-5-api-generic-v8_rep2/CM4AI_d4d.yaml,Uses,use_repository,empty
CM4AI,api,v8,3,data/d4d_concatenated/claudecode_api/2026-09-04g_claude-opus-5-api-generic-v8_rep3/CM4AI_d4d.yaml,Uses,use_repository,empty
CM4AI,agentic,v6,1,data/d4d_concatenated/claudecode_agent/2026-08-28_claude-opus-5-claudecode-generic-v6_rep1/CM4AI_d4d.yaml,Uses,use_repository,empty
CM4AI,agentic,v6,2,data/d4d_concatenated/claudecode_agent/2026-08-28_claude-opus-5-claudecode-generic-v6_rep2/CM4AI_d4d.yaml,Uses,use_repository,empty
CM4AI,agentic,v6,3,data/d4d_concatenated/claudecode_agent/2026-08-28_claude-opus-5-claudecode-generic-v6_rep3/CM4AI_d4d.yaml,Uses,use_repository,empty
CM4AI,direct,,,,Uses,use_repository,no_record
VOICE,api,v7,1,data/d4d_concatenated/claudecode_agent/2026-09-01_claude-opus-5-api-generic-v7_rep1/VOICE_d4d.yaml,Uses,use_repository,empty
VOICE,api,v7,2,data/d4d_concatenated/claudecode_agent/2026-09-01_claude-opus-5-api-generic-v7_rep2/VOICE_d4d.yaml,Uses,use_repository,empty
VOICE,api,v7,3,data/d4d_concatenated/claudecode_agent/2026-09-01_claude-opus-5-api-generic-v7_rep3/VOICE_d4d.yaml,Uses,use_repository,empty
VOICE,api,v8,1,data/d4d_concatenated/claudecode_api/2026-09-04f_claude-opus-5-api-generic-v8_rep1/VOICE_d4d.yaml,Uses,use_repository,empty
VOICE,api,v8,2,data/d4d_concatenated/claudecode_api/2026-09-04f_claude-opus-5-api-generic-v8_rep2/VOICE_d4d.yaml,Uses,use_repository,empty
VOICE,api,v8,3,data/d4d_concatenated/claudecode_api/2026-09-04f_claude-opus-5-api-generic-v8_rep3/VOICE_d4d.yaml,Uses,use_repository,empty
VOICE,agentic,v6,1,data/d4d_concatenated/claudecode_agent/2026-08-28_claude-opus-5-claudecode-generic-v6_rep1/VOICE_d4d.yaml,Uses,use_repository,empty
VOICE,agentic,v6,2,data/d4d_concatenated/claudecode_agent/2026-08-28_claude-opus-5-claudecode-generic-v6_rep2/VOICE_d4d.yaml,Uses,use_repository,empty
VOICE,agentic,v6,3,data/d4d_concatenated/claudecode_agent/2026-08-28_claude-opus-5-claudecode-generic-v6_rep3/VOICE_d4d.yaml,Uses,use_repository,empty
VOICE,direct,,,,Uses,use_repository,no_record
AI_READI,api,v7,1,data/d4d_concatenated/claudecode_agent/2026-09-01_claude-opus-5-api-generic-v7_rep1/AI_READI_d4d.yaml,Uses,other_tasks,populated
AI_READI,api,v7,2,data/d4d_concatenated/claudecode_agent/2026-09-01_claude-opus-5-api-generic-v7_rep2/AI_READI_d4d.yaml,Uses,other_tasks,populated
AI_READI,api,v7,3,data/d4d_concatenated/claudecode_agent/2026-09-01_claude-opus-5-api-generic-v7_rep3/AI_READI_d4d.yaml,Uses,other_tasks,empty
AI_READI,api,v8,1,data/d4d_concatenated/claudecode_api/2026-09-04g_claude-opus-5-api-generic-v8_rep1/AI_READI_d4d.yaml,Uses,other_tasks,populated
AI_READI,api,v8,2,data/d4d_concatenated/claudecode_api/2026-09-04g_claude-opus-5-api-generic-v8_rep2/AI_READI_d4d.yaml,Uses,other_tasks,empty
AI_READI,api,v8,3,data/d4d_concatenated/claudecode_api/2026-09-04g_claude-opus-5-api-generic-v8_rep3/AI_READI_d4d.yaml,Uses,other_tasks,empty
AI_READI,agentic,v6,1,data/d4d_concatenated/claudecode_agent/2026-08-28_claude-opus-5-claudecode-generic-v6_rep1/AI_READI_d4d.yaml,Uses,other_tasks,empty
AI_READI,agentic,v6,2,data/d4d_concatenated/claudecode_agent/2026-08-28_claude-opus-5-claudecode-generic-v6_rep2/AI_READI_d4d.yaml,Uses,other_tasks,empty
AI_READI,agentic,v6,3,data/d4d_concatenated/claudecode_agent/2026-08-28_claude-opus-5-claudecode-generic-v6_rep3/AI_READI_d4d.yaml,Uses,other_tasks,populated
AI_READI,direct,,,,Uses,other_tasks,no_record
CHORUS,api,v7,1,data/d4d_concatenated/claudecode_agent/2026-09-01_claude-opus-5-api-generic-v7_rep1/CHORUS_d4d.yaml,Uses,other_tasks,empty
CHORUS,api,v7,2,data/d4d_concatenated/claudecode_agent/2026-09-01_claude-opus-5-api-generic-v7_rep2/CHORUS_d4d.yaml,Uses,other_tasks,empty
CHORUS,api,v7,3,data/d4d_concatenated/claudecode_agent/2026-09-01_claude-opus-5-api-generic-v7_rep3/CHORUS_d4d.yaml,Uses,other_tasks,populated
CHORUS,api,v8,1,data/d4d_concatenated/claudecode_api/2026-09-04f_claude-opus-5-api-generic-v8_rep1/CHORUS_d4d.yaml,Uses,other_tasks,empty
CHORUS,api,v8,2,data/d4d_concatenated/claudecode_api/2026-09-04f_claude-opus-5-api-generic-v8_rep2/CHORUS_d4d.yaml,Uses,other_tasks,populated
CHORUS,api,v8,3,data/d4d_concatenated/claudecode_api/2026-09-04f_claude-opus-5-api-generic-v8_rep3/CHORUS_d4d.yaml,Uses,other_tasks,populated
CHORUS,agentic,v6,1,data/d4d_concatenated/claudecode_agent/2026-08-28_claude-opus-5-claudecode-generic-v6_rep1/CHORUS_d4d.yaml,Uses,other_tasks,empty
CHORUS,agentic,v6,2,data/d4d_concatenated/claudecode_agent/2026-08-28_claude-opus-5-claudecode-generic-v6_rep2/CHORUS_d4d.yaml,Uses,other_tasks,empty
CHORUS,agentic,v6,3,data/d4d_concatenated/claudecode_agent/2026-08-28_claude-opus-5-claudecode-generic-v6_rep3/CHORUS_d4d.yaml,Uses,other_tasks,empty
CHORUS,direct,,,,Uses,other_tasks,no_record
CM4AI,api,v7,1,data/d4d_concatenated/claudecode_agent/2026-09-01_claude-opus-5-api-generic-v7_rep1/CM4AI_d4d.yaml,Uses,other_tasks,populated
CM4AI,api,v7,2,data/d4d_concatenated/claudecode_agent/2026-09-01_claude-opus-5-api-generic-v7_rep2/CM4AI_d4d.yaml,Uses,other_tasks,populated
CM4AI,api,v7,3,data/d4d_concatenated/claudecode_agent/2026-09-01_claude-opus-5-api-generic-v7_rep3/CM4AI_d4d.yaml,Uses,other_tasks,populated
CM4AI,api,v8,1,data/d4d_concatenated/claudecode_api/2026-09-04g_claude-opus-5-api-generic-v8_rep1/CM4AI_d4d.yaml,Uses,other_tasks,empty
CM4AI,api,v8,2,data/d4d_concatenated/claudecode_api/2026-09-04g_claude-opus-5-api-generic-v8_rep2/CM4AI_d4d.yaml,Uses,other_tasks,empty
CM4AI,api,v8,3,data/d4d_concatenated/claudecode_api/2026-09-04g_claude-opus-5-api-generic-v8_rep3/CM4AI_d4d.yaml,Uses,other_tasks,empty
CM4AI,agentic,v6,1,data/d4d_concatenated/claudecode_agent/2026-08-28_claude-opus-5-claudecode-generic-v6_rep1/CM4AI_d4d.yaml,Uses,other_tasks,empty
CM4AI,agentic,v6,2,data/d4d_concatenated/claudecode_agent/2026-08-28_claude-opus-5-claudecode-generic-v6_rep2/CM4AI_d4d.yaml,Uses,other_tasks,empty
CM4AI,agentic,v6,3,data/d4d_concatenated/claudecode_agent/2026-08-28_claude-opus-5-claudecode-generic-v6_rep3/CM4AI_d4d.yaml,Uses,other_tasks,empty
CM4AI,direct,,,,Uses,other_tasks,no_record
VOICE,api,v7,1,data/d4d_concatenated/claudecode_agent/2026-09-01_claude-opus-5-api-generic-v7_rep1/VOICE_d4d.yaml,Uses,other_tasks,empty
VOICE,api,v7,2,data/d4d_concatenated/claudecode_agent/2026-09-01_claude-opus-5-api-generic-v7_rep2/VOICE_d4d.yaml,Uses,other_tasks,empty
VOICE,api,v7,3,data/d4d_concatenated/claudecode_agent/2026-09-01_claude-opus-5-api-generic-v7_rep3/VOICE_d4d.yaml,Uses,other_tasks,empty
VOICE,api,v8,1,data/d4d_concatenated/claudecode_api/2026-09-04f_claude-opus-5-api-generic-v8_rep1/VOICE_d4d.yaml,Uses,other_tasks,populated
VOICE,api,v8,2,data/d4d_concatenated/claudecode_api/2026-09-04f_claude-opus-5-api-generic-v8_rep2/VOICE_d4d.yaml,Uses,other_tasks,empty
VOICE,api,v8,3,data/d4d_concatenated/claudecode_api/2026-09-04f_claude-opus-5-api-generic-v8_rep3/VOICE_d4d.yaml,Uses,other_tasks,empty
VOICE,agentic,v6,1,data/d4d_concatenated/claudecode_agent/2026-08-28_claude-opus-5-claudecode-generic-v6_rep1/VOICE_d4d.yaml,Uses,other_tasks,empty
VOICE,agentic,v6,2,data/d4d_concatenated/claudecode_agent/2026-08-28_claude-opus-5-claudecode-generic-v6_rep2/VOICE_d4d.yaml,Uses,other_tasks,empty
VOICE,agentic,v6,3,data/d4d_concatenated/claudecode_agent/2026-08-28_claude-opus-5-claudecode-generic-v6_rep3/VOICE_d4d.yaml,Uses,other_tasks,empty
VOICE,direct,,,,Uses,other_tasks,no_record
AI_READI,api,v7,1,data/d4d_concatenated/claudecode_agent/2026-09-01_claude-opus-5-api-generic-v7_rep1/AI_READI_d4d.yaml,Uses,future_use_impacts,empty
AI_READI,api,v7,2,data/d4d_concatenated/claudecode_agent/2026-09-01_claude-opus-5-api-generic-v7_rep2/AI_READI_d4d.yaml,Uses,future_use_impacts,populated
AI_READI,api,v7,3,data/d4d_concatenated/claudecode_agent/2026-09-01_claude-opus-5-api-generic-v7_rep3/AI_READI_d4d.yaml,Uses,future_use_impacts,populated
AI_READI,api,v8,1,data/d4d_concatenated/claudecode_api/2026-09-04g_claude-opus-5-api-generic-v8_rep1/AI_READI_d4d.yaml,Uses,future_use_impacts,populated
AI_READI,api,v8,2,data/d4d_concatenated/claudecode_api/2026-09-04g_claude-opus-5-api-generic-v8_rep2/AI_READI_d4d.yaml,Uses,future_use_impacts,populated
AI_READI,api,v8,3,data/d4d_concatenated/claudecode_api/2026-09-04g_claude-opus-5-api-generic-v8_rep3/AI_READI_d4d.yaml,Uses,future_use_impacts,populated
AI_READI,agentic,v6,1,data/d4d_concatenated/claudecode_agent/2026-08-28_claude-opus-5-claudecode-generic-v6_rep1/AI_READI_d4d.yaml,Uses,future_use_impacts,populated
AI_READI,agentic,v6,2,data/d4d_concatenated/claudecode_agent/2026-08-28_claude-opus-5-claudecode-generic-v6_rep2/AI_READI_d4d.yaml,Uses,future_use_impacts,populated
AI_READI,agentic,v6,3,data/d4d_concatenated/claudecode_agent/2026-08-28_claude-opus-5-claudecode-generic-v6_rep3/AI_READI_d4d.yaml,Uses,future_use_impacts,populated
AI_READI,direct,,,,Uses,future_use_impacts,no_record
CHORUS,api,v7,1,data/d4d_concatenated/claudecode_agent/2026-09-01_claude-opus-5-api-generic-v7_rep1/CHORUS_d4d.yaml,Uses,future_use_impacts,populated
CHORUS,api,v7,2,data/d4d_concatenated/claudecode_agent/2026-09-01_claude-opus-5-api-generic-v7_rep2/CHORUS_d4d.yaml,Uses,future_use_impacts,empty
CHORUS,api,v7,3,data/d4d_concatenated/claudecode_agent/2026-09-01_claude-opus-5-api-generic-v7_rep3/CHORUS_d4d.yaml,Uses,future_use_impacts,populated
CHORUS,api,v8,1,data/d4d_concatenated/claudecode_api/2026-09-04f_claude-opus-5-api-generic-v8_rep1/CHORUS_d4d.yaml,Uses,future_use_impacts,empty
CHORUS,api,v8,2,data/d4d_concatenated/claudecode_api/2026-09-04f_claude-opus-5-api-generic-v8_rep2/CHORUS_d4d.yaml,Uses,future_use_impacts,populated
CHORUS,api,v8,3,data/d4d_concatenated/claudecode_api/2026-09-04f_claude-opus-5-api-generic-v8_rep3/CHORUS_d4d.yaml,Uses,future_use_impacts,populated
CHORUS,agentic,v6,1,data/d4d_concatenated/claudecode_agent/2026-08-28_claude-opus-5-claudecode-generic-v6_rep1/CHORUS_d4d.yaml,Uses,future_use_impacts,empty
CHORUS,agentic,v6,2,data/d4d_concatenated/claudecode_agent/2026-08-28_claude-opus-5-claudecode-generic-v6_rep2/CHORUS_d4d.yaml,Uses,future_use_impacts,empty
CHORUS,agentic,v6,3,data/d4d_concatenated/claudecode_agent/2026-08-28_claude-opus-5-claudecode-generic-v6_rep3/CHORUS_d4d.yaml,Uses,future_use_impacts,populated
CHORUS,direct,,,,Uses,future_use_impacts,no_record
CM4AI,api,v7,1,data/d4d_concatenated/claudecode_agent/2026-09-01_claude-opus-5-api-generic-v7_rep1/CM4AI_d4d.yaml,Uses,future_use_impacts,populated
CM4AI,api,v7,2,data/d4d_concatenated/claudecode_agent/2026-09-01_claude-opus-5-api-generic-v7_rep2/CM4AI_d4d.yaml,Uses,future_use_impacts,populated
CM4AI,api,v7,3,data/d4d_concatenated/claudecode_agent/2026-09-01_claude-opus-5-api-generic-v7_rep3/CM4AI_d4d.yaml,Uses,future_use_impacts,populated
CM4AI,api,v8,1,data/d4d_concatenated/claudecode_api/2026-09-04g_claude-opus-5-api-generic-v8_rep1/CM4AI_d4d.yaml,Uses,future_use_impacts,empty
CM4AI,api,v8,2,data/d4d_concatenated/claudecode_api/2026-09-04g_claude-opus-5-api-generic-v8_rep2/CM4AI_d4d.yaml,Uses,future_use_impacts,empty
CM4AI,api,v8,3,data/d4d_concatenated/claudecode_api/2026-09-04g_claude-opus-5-api-generic-v8_rep3/CM4AI_d4d.yaml,Uses,future_use_impacts,empty
CM4AI,agentic,v6,1,data/d4d_concatenated/claudecode_agent/2026-08-28_claude-opus-5-claudecode-generic-v6_rep1/CM4AI_d4d.yaml,Uses,future_use_impacts,populated
CM4AI,agentic,v6,2,data/d4d_concatenated/claudecode_agent/2026-08-28_claude-opus-5-claudecode-generic-v6_rep2/CM4AI_d4d.yaml,Uses,future_use_impacts,empty
CM4AI,agentic,v6,3,data/d4d_concatenated/claudecode_agent/2026-08-28_claude-opus-5-claudecode-generic-v6_rep3/CM4AI_d4d.yaml,Uses,future_use_impacts,populated
CM4AI,direct,,,,Uses,future_use_impacts,no_record
VOICE,api,v7,1,data/d4d_concatenated/claudecode_agent/2026-09-01_claude-opus-5-api-generic-v7_rep1/VOICE_d4d.yaml,Uses,future_use_impacts,populated
VOICE,api,v7,2,data/d4d_concatenated/claudecode_agent/2026-09-01_claude-opus-5-api-generic-v7_rep2/VOICE_d4d.yaml,Uses,future_use_impacts,populated
VOICE,api,v7,3,data/d4d_concatenated/claudecode_agent/2026-09-01_claude-opus-5-api-generic-v7_rep3/VOICE_d4d.yaml,Uses,future_use_impacts,populated
VOICE,api,v8,1,data/d4d_concatenated/claudecode_api/2026-09-04f_claude-opus-5-api-generic-v8_rep1/VOICE_d4d.yaml,Uses,future_use_impacts,populated
VOICE,api,v8,2,data/d4d_concatenated/claudecode_api/2026-09-04f_claude-opus-5-api-generic-v8_rep2/VOICE_d4d.yaml,Uses,future_use_impacts,populated
VOICE,api,v8,3,data/d4d_concatenated/claudecode_api/2026-09-04f_claude-opus-5-api-generic-v8_rep3/VOICE_d4d.yaml,Uses,future_use_impacts,populated
VOICE,agentic,v6,1,data/d4d_concatenated/claudecode_agent/2026-08-28_claude-opus-5-claudecode-generic-v6_rep1/VOICE_d4d.yaml,Uses,future_use_impacts,populated
VOICE,agentic,v6,2,data/d4d_concatenated/claudecode_agent/2026-08-28_claude-opus-5-claudecode-generic-v6_rep2/VOICE_d4d.yaml,Uses,future_use_impacts,populated
VOICE,agentic,v6,3,data/d4d_concatenated/claudecode_agent/2026-08-28_claude-opus-5-claudecode-generic-v6_rep3/VOICE_d4d.yaml,Uses,future_use_impacts,populated
VOICE,direct,,,,Uses,future_use_impacts,no_record
AI_READI,api,v7,1,data/d4d_concatenated/claudecode_agent/2026-09-01_claude-opus-5-api-generic-v7_rep1/AI_READI_d4d.yaml,Uses,discouraged_uses,populated
AI_READI,api,v7,2,data/d4d_concatenated/claudecode_agent/2026-09-01_claude-opus-5-api-generic-v7_rep2/AI_READI_d4d.yaml,Uses,discouraged_uses,empty
AI_READI,api,v7,3,data/d4d_concatenated/claudecode_agent/2026-09-01_claude-opus-5-api-generic-v7_rep3/AI_READI_d4d.yaml,Uses,discouraged_uses,empty
AI_READI,api,v8,1,data/d4d_concatenated/claudecode_api/2026-09-04g_claude-opus-5-api-generic-v8_rep1/AI_READI_d4d.yaml,Uses,discouraged_uses,empty
AI_READI,api,v8,2,data/d4d_concatenated/claudecode_api/2026-09-04g_claude-opus-5-api-generic-v8_rep2/AI_READI_d4d.yaml,Uses,discouraged_uses,empty
AI_READI,api,v8,3,data/d4d_concatenated/claudecode_api/2026-09-04g_claude-opus-5-api-generic-v8_rep3/AI_READI_d4d.yaml,Uses,discouraged_uses,empty
AI_READI,agentic,v6,1,data/d4d_concatenated/claudecode_agent/2026-08-28_claude-opus-5-claudecode-generic-v6_rep1/AI_READI_d4d.yaml,Uses,discouraged_uses,populated
AI_READI,agentic,v6,2,data/d4d_concatenated/claudecode_agent/2026-08-28_claude-opus-5-claudecode-generic-v6_rep2/AI_READI_d4d.yaml,Uses,discouraged_uses,empty
AI_READI,agentic,v6,3,data/d4d_concatenated/claudecode_agent/2026-08-28_claude-opus-5-claudecode-generic-v6_rep3/AI_READI_d4d.yaml,Uses,discouraged_uses,empty
AI_READI,direct,,,,Uses,discouraged_uses,no_record
CHORUS,api,v7,1,data/d4d_concatenated/claudecode_agent/2026-09-01_claude-opus-5-api-generic-v7_rep1/CHORUS_d4d.yaml,Uses,discouraged_uses,empty
CHORUS,api,v7,2,data/d4d_concatenated/claudecode_agent/2026-09-01_claude-opus-5-api-generic-v7_rep2/CHORUS_d4d.yaml,Uses,discouraged_uses,empty
CHORUS,api,v7,3,data/d4d_concatenated/claudecode_agent/2026-09-01_claude-opus-5-api-generic-v7_rep3/CHORUS_d4d.yaml,Uses,discouraged_uses,empty
CHORUS,api,v8,1,data/d4d_concatenated/claudecode_api/2026-09-04f_claude-opus-5-api-generic-v8_rep1/CHORUS_d4d.yaml,Uses,discouraged_uses,empty
CHORUS,api,v8,2,data/d4d_concatenated/claudecode_api/2026-09-04f_claude-opus-5-api-generic-v8_rep2/CHORUS_d4d.yaml,Uses,discouraged_uses,empty
CHORUS,api,v8,3,data/d4d_concatenated/claudecode_api/2026-09-04f_claude-opus-5-api-generic-v8_rep3/CHORUS_d4d.yaml,Uses,discouraged_uses,empty
CHORUS,agentic,v6,1,data/d4d_concatenated/claudecode_agent/2026-08-28_claude-opus-5-claudecode-generic-v6_rep1/CHORUS_d4d.yaml,Uses,discouraged_uses,empty
CHORUS,agentic,v6,2,data/d4d_concatenated/claudecode_agent/2026-08-28_claude-opus-5-claudecode-generic-v6_rep2/CHORUS_d4d.yaml,Uses,discouraged_uses,empty
CHORUS,agentic,v6,3,data/d4d_concatenated/claudecode_agent/2026-08-28_claude-opus-5-claudecode-generic-v6_rep3/CHORUS_d4d.yaml,Uses,discouraged_uses,empty
CHORUS,direct,,,,Uses,discouraged_uses,no_record
CM4AI,api,v7,1,data/d4d_concatenated/claudecode_agent/2026-09-01_claude-opus-5-api-generic-v7_rep1/CM4AI_d4d.yaml,Uses,discouraged_uses,populated
CM4AI,api,v7,2,data/d4d_concatenated/claudecode_agent/2026-09-01_claude-opus-5-api-generic-v7_rep2/CM4AI_d4d.yaml,Uses,discouraged_uses,populated
CM4AI,api,v7,3,data/d4d_concatenated/claudecode_agent/2026-09-01_claude-opus-5-api-generic-v7_rep3/CM4AI_d4d.yaml,Uses,discouraged_uses,populated
CM4AI,api,v8,1,data/d4d_concatenated/claudecode_api/2026-09-04g_claude-opus-5-api-generic-v8_rep1/CM4AI_d4d.yaml,Uses,discouraged_uses,empty
CM4AI,api,v8,2,data/d4d_concatenated/claudecode_api/2026-09-04g_claude-opus-5-api-generic-v8_rep2/CM4AI_d4d.yaml,Uses,discouraged_uses,populated
CM4AI,api,v8,3,data/d4d_concatenated/claudecode_api/2026-09-04g_claude-opus-5-api-generic-v8_rep3/CM4AI_d4d.yaml,Uses,discouraged_uses,empty
CM4AI,agentic,v6,1,data/d4d_concatenated/claudecode_agent/2026-08-28_claude-opus-5-claudecode-generic-v6_rep1/CM4AI_d4d.yaml,Uses,discouraged_uses,empty
CM4AI,agentic,v6,2,data/d4d_concatenated/claudecode_agent/2026-08-28_claude-opus-5-claudecode-generic-v6_rep2/CM4AI_d4d.yaml,Uses,discouraged_uses,empty
CM4AI,agentic,v6,3,data/d4d_concatenated/claudecode_agent/2026-08-28_claude-opus-5-claudecode-generic-v6_rep3/CM4AI_d4d.yaml,Uses,discouraged_uses,empty
CM4AI,direct,,,,Uses,discouraged_uses,no_record
VOICE,api,v7,1,data/d4d_concatenated/claudecode_agent/2026-09-01_claude-opus-5-api-generic-v7_rep1/VOICE_d4d.yaml,Uses,discouraged_uses,populated
VOICE,api,v7,2,data/d4d_concatenated/claudecode_agent/2026-09-01_claude-opus-5-api-generic-v7_rep2/VOICE_d4d.yaml,Uses,discouraged_uses,populated
VOICE,api,v7,3,data/d4d_concatenated/claudecode_agent/2026-09-01_claude-opus-5-api-generic-v7_rep3/VOICE_d4d.yaml,Uses,discouraged_uses,populated
VOICE,api,v8,1,data/d4d_concatenated/claudecode_api/2026-09-04f_claude-opus-5-api-generic-v8_rep1/VOICE_d4d.yaml,Uses,discouraged_uses,populated
VOICE,api,v8,2,data/d4d_concatenated/claudecode_api/2026-09-04f_claude-opus-5-api-generic-v8_rep2/VOICE_d4d.yaml,Uses,discouraged_uses,populated
VOICE,api,v8,3,data/d4d_concatenated/claudecode_api/2026-09-04f_claude-opus-5-api-generic-v8_rep3/VOICE_d4d.yaml,Uses,discouraged_uses,populated
VOICE,agentic,v6,1,data/d4d_concatenated/claudecode_agent/2026-08-28_claude-opus-5-claudecode-generic-v6_rep1/VOICE_d4d.yaml,Uses,discouraged_uses,populated
VOICE,agentic,v6,2,data/d4d_concatenated/claudecode_agent/2026-08-28_claude-opus-5-claudecode-generic-v6_rep2/VOICE_d4d.yaml,Uses,discouraged_uses,populated
VOICE,agentic,v6,3,data/d4d_concatenated/claudecode_agent/2026-08-28_claude-opus-5-claudecode-generic-v6_rep3/VOICE_d4d.yaml,Uses,discouraged_uses,populated
VOICE,direct,,,,Uses,discouraged_uses,no_record
AI_READI,api,v7,1,data/d4d_concatenated/claudecode_agent/2026-09-01_claude-opus-5-api-generic-v7_rep1/AI_READI_d4d.yaml,Uses,intended_uses,populated
AI_READI,api,v7,2,data/d4d_concatenated/claudecode_agent/2026-09-01_claude-opus-5-api-generic-v7_rep2/AI_READI_d4d.yaml,Uses,intended_uses,populated
AI_READI,api,v7,3,data/d4d_concatenated/claudecode_agent/2026-09-01_claude-opus-5-api-generic-v7_rep3/AI_READI_d4d.yaml,Uses,intended_uses,populated
AI_READI,api,v8,1,data/d4d_concatenated/claudecode_api/2026-09-04g_claude-opus-5-api-generic-v8_rep1/AI_READI_d4d.yaml,Uses,intended_uses,populated
AI_READI,api,v8,2,data/d4d_concatenated/claudecode_api/2026-09-04g_claude-opus-5-api-generic-v8_rep2/AI_READI_d4d.yaml,Uses,intended_uses,populated
AI_READI,api,v8,3,data/d4d_concatenated/claudecode_api/2026-09-04g_claude-opus-5-api-generic-v8_rep3/AI_READI_d4d.yaml,Uses,intended_uses,populated
AI_READI,agentic,v6,1,data/d4d_concatenated/claudecode_agent/2026-08-28_claude-opus-5-claudecode-generic-v6_rep1/AI_READI_d4d.yaml,Uses,intended_uses,populated
AI_READI,agentic,v6,2,data/d4d_concatenated/claudecode_agent/2026-08-28_claude-opus-5-claudecode-generic-v6_rep2/AI_READI_d4d.yaml,Uses,intended_uses,populated
AI_READI,agentic,v6,3,data/d4d_concatenated/claudecode_agent/2026-08-28_claude-opus-5-claudecode-generic-v6_rep3/AI_READI_d4d.yaml,Uses,intended_uses,populated
AI_READI,direct,,,,Uses,intended_uses,no_record
CHORUS,api,v7,1,data/d4d_concatenated/claudecode_agent/2026-09-01_claude-opus-5-api-generic-v7_rep1/CHORUS_d4d.yaml,Uses,intended_uses,populated
CHORUS,api,v7,2,data/d4d_concatenated/claudecode_agent/2026-09-01_claude-opus-5-api-generic-v7_rep2/CHORUS_d4d.yaml,Uses,intended_uses,populated
CHORUS,api,v7,3,data/d4d_concatenated/claudecode_agent/2026-09-01_claude-opus-5-api-generic-v7_rep3/CHORUS_d4d.yaml,Uses,intended_uses,populated
CHORUS,api,v8,1,data/d4d_concatenated/claudecode_api/2026-09-04f_claude-opus-5-api-generic-v8_rep1/CHORUS_d4d.yaml,Uses,intended_uses,populated
CHORUS,api,v8,2,data/d4d_concatenated/claudecode_api/2026-09-04f_claude-opus-5-api-generic-v8_rep2/CHORUS_d4d.yaml,Uses,intended_uses,populated
CHORUS,api,v8,3,data/d4d_concatenated/claudecode_api/2026-09-04f_claude-opus-5-api-generic-v8_rep3/CHORUS_d4d.yaml,Uses,intended_uses,populated
CHORUS,agentic,v6,1,data/d4d_concatenated/claudecode_agent/2026-08-28_claude-opus-5-claudecode-generic-v6_rep1/CHORUS_d4d.yaml,Uses,intended_uses,populated
CHORUS,agentic,v6,2,data/d4d_concatenated/claudecode_agent/2026-08-28_claude-opus-5-claudecode-generic-v6_rep2/CHORUS_d4d.yaml,Uses,intended_uses,populated
CHORUS,agentic,v6,3,data/d4d_concatenated/claudecode_agent/2026-08-28_claude-opus-5-claudecode-generic-v6_rep3/CHORUS_d4d.yaml,Uses,intended_uses,populated
CHORUS,direct,,,,Uses,intended_uses,no_record
CM4AI,api,v7,1,data/d4d_concatenated/claudecode_agent/2026-09-01_claude-opus-5-api-generic-v7_rep1/CM4AI_d4d.yaml,Uses,intended_uses,populated
CM4AI,api,v7,2,data/d4d_concatenated/claudecode_agent/2026-09-01_claude-opus-5-api-generic-v7_rep2/CM4AI_d4d.yaml,Uses,intended_uses,populated
CM4AI,api,v7,3,data/d4d_concatenated/claudecode_agent/2026-09-01_claude-opus-5-api-generic-v7_rep3/CM4AI_d4d.yaml,Uses,intended_uses,populated
CM4AI,api,v8,1,data/d4d_concatenated/claudecode_api/2026-09-04g_claude-opus-5-api-generic-v8_rep1/CM4AI_d4d.yaml,Uses,intended_uses,populated
CM4AI,api,v8,2,data/d4d_concatenated/claudecode_api/2026-09-04g_claude-opus-5-api-generic-v8_rep2/CM4AI_d4d.yaml,Uses,intended_uses,populated
CM4AI,api,v8,3,data/d4d_concatenated/claudecode_api/2026-09-04g_claude-opus-5-api-generic-v8_rep3/CM4AI_d4d.yaml,Uses,intended_uses,populated
CM4AI,agentic,v6,1,data/d4d_concatenated/claudecode_agent/2026-08-28_claude-opus-5-claudecode-generic-v6_rep1/CM4AI_d4d.yaml,Uses,intended_uses,populated
CM4AI,agentic,v6,2,data/d4d_concatenated/claudecode_agent/2026-08-28_claude-opus-5-claudecode-generic-v6_rep2/CM4AI_d4d.yaml,Uses,intended_uses,populated
CM4AI,agentic,v6,3,data/d4d_concatenated/claudecode_agent/2026-08-28_claude-opus-5-claudecode-generic-v6_rep3/CM4AI_d4d.yaml,Uses,intended_uses,populated
CM4AI,direct,,,,Uses,intended_uses,no_record
VOICE,api,v7,1,data/d4d_concatenated/claudecode_agent/2026-09-01_claude-opus-5-api-generic-v7_rep1/VOICE_d4d.yaml,Uses,intended_uses,populated
VOICE,api,v7,2,data/d4d_concatenated/claudecode_agent/2026-09-01_claude-opus-5-api-generic-v7_rep2/VOICE_d4d.yaml,Uses,intended_uses,populated
VOICE,api,v7,3,data/d4d_concatenated/claudecode_agent/2026-09-01_claude-opus-5-api-generic-v7_rep3/VOICE_d4d.yaml,Uses,intended_uses,populated
VOICE,api,v8,1,data/d4d_concatenated/claudecode_api/2026-09-04f_claude-opus-5-api-generic-v8_rep1/VOICE_d4d.yaml,Uses,intended_uses,populated
VOICE,api,v8,2,data/d4d_concatenated/claudecode_api/2026-09-04f_claude-opus-5-api-generic-v8_rep2/VOICE_d4d.yaml,Uses,intended_uses,populated
VOICE,api,v8,3,data/d4d_concatenated/claudecode_api/2026-09-04f_claude-opus-5-api-generic-v8_rep3/VOICE_d4d.yaml,Uses,intended_uses,populated
VOICE,agentic,v6,1,data/d4d_concatenated/claudecode_agent/2026-08-28_claude-opus-5-claudecode-generic-v6_rep1/VOICE_d4d.yaml,Uses,intended_uses,populated
VOICE,agentic,v6,2,data/d4d_concatenated/claudecode_agent/2026-08-28_claude-opus-5-claudecode-generic-v6_rep2/VOICE_d4d.yaml,Uses,intended_uses,populated
VOICE,agentic,v6,3,data/d4d_concatenated/claudecode_agent/2026-08-28_claude-opus-5-claudecode-generic-v6_rep3/VOICE_d4d.yaml,Uses,intended_uses,populated
VOICE,direct,,,,Uses,intended_uses,no_record
AI_READI,api,v7,1,data/d4d_concatenated/claudecode_agent/2026-09-01_claude-opus-5-api-generic-v7_rep1/AI_READI_d4d.yaml,Uses,prohibited_uses,populated
AI_READI,api,v7,2,data/d4d_concatenated/claudecode_agent/2026-09-01_claude-opus-5-api-generic-v7_rep2/AI_READI_d4d.yaml,Uses,prohibited_uses,populated
AI_READI,api,v7,3,data/d4d_concatenated/claudecode_agent/2026-09-01_claude-opus-5-api-generic-v7_rep3/AI_READI_d4d.yaml,Uses,prohibited_uses,populated
AI_READI,api,v8,1,data/d4d_concatenated/claudecode_api/2026-09-04g_claude-opus-5-api-generic-v8_rep1/AI_READI_d4d.yaml,Uses,prohibited_uses,populated
AI_READI,api,v8,2,data/d4d_concatenated/claudecode_api/2026-09-04g_claude-opus-5-api-generic-v8_rep2/AI_READI_d4d.yaml,Uses,prohibited_uses,populated
AI_READI,api,v8,3,data/d4d_concatenated/claudecode_api/2026-09-04g_claude-opus-5-api-generic-v8_rep3/AI_READI_d4d.yaml,Uses,prohibited_uses,populated
AI_READI,agentic,v6,1,data/d4d_concatenated/claudecode_agent/2026-08-28_claude-opus-5-claudecode-generic-v6_rep1/AI_READI_d4d.yaml,Uses,prohibited_uses,populated
AI_READI,agentic,v6,2,data/d4d_concatenated/claudecode_agent/2026-08-28_claude-opus-5-claudecode-generic-v6_rep2/AI_READI_d4d.yaml,Uses,prohibited_uses,populated
AI_READI,agentic,v6,3,data/d4d_concatenated/claudecode_agent/2026-08-28_claude-opus-5-claudecode-generic-v6_rep3/AI_READI_d4d.yaml,Uses,prohibited_uses,populated
AI_READI,direct,,,,Uses,prohibited_uses,no_record
CHORUS,api,v7,1,data/d4d_concatenated/claudecode_agent/2026-09-01_claude-opus-5-api-generic-v7_rep1/CHORUS_d4d.yaml,Uses,prohibited_uses,empty
CHORUS,api,v7,2,data/d4d_concatenated/claudecode_agent/2026-09-01_claude-opus-5-api-generic-v7_rep2/CHORUS_d4d.yaml,Uses,prohibited_uses,empty
CHORUS,api,v7,3,data/d4d_concatenated/claudecode_agent/2026-09-01_claude-opus-5-api-generic-v7_rep3/CHORUS_d4d.yaml,Uses,prohibited_uses,empty
CHORUS,api,v8,1,data/d4d_concatenated/claudecode_api/2026-09-04f_claude-opus-5-api-generic-v8_rep1/CHORUS_d4d.yaml,Uses,prohibited_uses,empty
CHORUS,api,v8,2,data/d4d_concatenated/claudecode_api/2026-09-04f_claude-opus-5-api-generic-v8_rep2/CHORUS_d4d.yaml,Uses,prohibited_uses,empty
CHORUS,api,v8,3,data/d4d_concatenated/claudecode_api/2026-09-04f_claude-opus-5-api-generic-v8_rep3/CHORUS_d4d.yaml,Uses,prohibited_uses,empty
CHORUS,agentic,v6,1,data/d4d_concatenated/claudecode_agent/2026-08-28_claude-opus-5-claudecode-generic-v6_rep1/CHORUS_d4d.yaml,Uses,prohibited_uses,empty
CHORUS,agentic,v6,2,data/d4d_concatenated/claudecode_agent/2026-08-28_claude-opus-5-claudecode-generic-v6_rep2/CHORUS_d4d.yaml,Uses,prohibited_uses,empty
CHORUS,agentic,v6,3,data/d4d_concatenated/claudecode_agent/2026-08-28_claude-opus-5-claudecode-generic-v6_rep3/CHORUS_d4d.yaml,Uses,prohibited_uses,empty
CHORUS,direct,,,,Uses,prohibited_uses,no_record
CM4AI,api,v7,1,data/d4d_concatenated/claudecode_agent/2026-09-01_claude-opus-5-api-generic-v7_rep1/CM4AI_d4d.yaml,Uses,prohibited_uses,populated
CM4AI,api,v7,2,data/d4d_concatenated/claudecode_agent/2026-09-01_claude-opus-5-api-generic-v7_rep2/CM4AI_d4d.yaml,Uses,prohibited_uses,populated
CM4AI,api,v7,3,data/d4d_concatenated/claudecode_agent/2026-09-01_claude-opus-5-api-generic-v7_rep3/CM4AI_d4d.yaml,Uses,prohibited_uses,populated
CM4AI,api,v8,1,data/d4d_concatenated/claudecode_api/2026-09-04g_claude-opus-5-api-generic-v8_rep1/CM4AI_d4d.yaml,Uses,prohibited_uses,populated
CM4AI,api,v8,2,data/d4d_concatenated/claudecode_api/2026-09-04g_claude-opus-5-api-generic-v8_rep2/CM4AI_d4d.yaml,Uses,prohibited_uses,populated
CM4AI,api,v8,3,data/d4d_concatenated/claudecode_api/2026-09-04g_claude-opus-5-api-generic-v8_rep3/CM4AI_d4d.yaml,Uses,prohibited_uses,populated
CM4AI,agentic,v6,1,data/d4d_concatenated/claudecode_agent/2026-08-28_claude-opus-5-claudecode-generic-v6_rep1/CM4AI_d4d.yaml,Uses,prohibited_uses,populated
CM4AI,agentic,v6,2,data/d4d_concatenated/claudecode_agent/2026-08-28_claude-opus-5-claudecode-generic-v6_rep2/CM4AI_d4d.yaml,Uses,prohibited_uses,populated
CM4AI,agentic,v6,3,data/d4d_concatenated/claudecode_agent/2026-08-28_claude-opus-5-claudecode-generic-v6_rep3/CM4AI_d4d.yaml,Uses,prohibited_uses,populated
CM4AI,direct,,,,Uses,prohibited_uses,no_record
VOICE,api,v7,1,data/d4d_concatenated/claudecode_agent/2026-09-01_claude-opus-5-api-generic-v7_rep1/VOICE_d4d.yaml,Uses,prohibited_uses,populated
VOICE,api,v7,2,data/d4d_concatenated/claudecode_agent/2026-09-01_claude-opus-5-api-generic-v7_rep2/VOICE_d4d.yaml,Uses,prohibited_uses,populated
VOICE,api,v7,3,data/d4d_concatenated/claudecode_agent/2026-09-01_claude-opus-5-api-generic-v7_rep3/VOICE_d4d.yaml,Uses,prohibited_uses,populated
VOICE,api,v8,1,data/d4d_concatenated/claudecode_api/2026-09-04f_claude-opus-5-api-generic-v8_rep1/VOICE_d4d.yaml,Uses,prohibited_uses,populated
VOICE,api,v8,2,data/d4d_concatenated/claudecode_api/2026-09-04f_claude-opus-5-api-generic-v8_rep2/VOICE_d4d.yaml,Uses,prohibited_uses,populated
VOICE,api,v8,3,data/d4d_concatenated/claudecode_api/2026-09-04f_claude-opus-5-api-generic-v8_rep3/VOICE_d4d.yaml,Uses,prohibited_uses,populated
VOICE,agentic,v6,1,data/d4d_concatenated/claudecode_agent/2026-08-28_claude-opus-5-claudecode-generic-v6_rep1/VOICE_d4d.yaml,Uses,prohibited_uses,populated
VOICE,agentic,v6,2,data/d4d_concatenated/claudecode_agent/2026-08-28_claude-opus-5-claudecode-generic-v6_rep2/VOICE_d4d.yaml,Uses,prohibited_uses,populated
VOICE,agentic,v6,3,data/d4d_concatenated/claudecode_agent/2026-08-28_claude-opus-5-claudecode-generic-v6_rep3/VOICE_d4d.yaml,Uses,prohibited_uses,populated
VOICE,direct,,,,Uses,prohibited_uses,no_record
AI_READI,api,v7,1,data/d4d_concatenated/claudecode_agent/2026-09-01_claude-opus-5-api-generic-v7_rep1/AI_READI_d4d.yaml,Distribution,distribution_formats,populated
AI_READI,api,v7,2,data/d4d_concatenated/claudecode_agent/2026-09-01_claude-opus-5-api-generic-v7_rep2/AI_READI_d4d.yaml,Distribution,distribution_formats,populated
AI_READI,api,v7,3,data/d4d_concatenated/claudecode_agent/2026-09-01_claude-opus-5-api-generic-v7_rep3/AI_READI_d4d.yaml,Distribution,distribution_formats,populated
AI_READI,api,v8,1,data/d4d_concatenated/claudecode_api/2026-09-04g_claude-opus-5-api-generic-v8_rep1/AI_READI_d4d.yaml,Distribution,distribution_formats,populated
AI_READI,api,v8,2,data/d4d_concatenated/claudecode_api/2026-09-04g_claude-opus-5-api-generic-v8_rep2/AI_READI_d4d.yaml,Distribution,distribution_formats,populated
AI_READI,api,v8,3,data/d4d_concatenated/claudecode_api/2026-09-04g_claude-opus-5-api-generic-v8_rep3/AI_READI_d4d.yaml,Distribution,distribution_formats,populated
AI_READI,agentic,v6,1,data/d4d_concatenated/claudecode_agent/2026-08-28_claude-opus-5-claudecode-generic-v6_rep1/AI_READI_d4d.yaml,Distribution,distribution_formats,populated
AI_READI,agentic,v6,2,data/d4d_concatenated/claudecode_agent/2026-08-28_claude-opus-5-claudecode-generic-v6_rep2/AI_READI_d4d.yaml,Distribution,distribution_formats,populated
AI_READI,agentic,v6,3,data/d4d_concatenated/claudecode_agent/2026-08-28_claude-opus-5-claudecode-generic-v6_rep3/AI_READI_d4d.yaml,Distribution,distribution_formats,populated
AI_READI,direct,,,,Distribution,distribution_formats,no_record
CHORUS,api,v7,1,data/d4d_concatenated/claudecode_agent/2026-09-01_claude-opus-5-api-generic-v7_rep1/CHORUS_d4d.yaml,Distribution,distribution_formats,populated
CHORUS,api,v7,2,data/d4d_concatenated/claudecode_agent/2026-09-01_claude-opus-5-api-generic-v7_rep2/CHORUS_d4d.yaml,Distribution,distribution_formats,populated
CHORUS,api,v7,3,data/d4d_concatenated/claudecode_agent/2026-09-01_claude-opus-5-api-generic-v7_rep3/CHORUS_d4d.yaml,Distribution,distribution_formats,populated
CHORUS,api,v8,1,data/d4d_concatenated/claudecode_api/2026-09-04f_claude-opus-5-api-generic-v8_rep1/CHORUS_d4d.yaml,Distribution,distribution_formats,populated
CHORUS,api,v8,2,data/d4d_concatenated/claudecode_api/2026-09-04f_claude-opus-5-api-generic-v8_rep2/CHORUS_d4d.yaml,Distribution,distribution_formats,populated
CHORUS,api,v8,3,data/d4d_concatenated/claudecode_api/2026-09-04f_claude-opus-5-api-generic-v8_rep3/CHORUS_d4d.yaml,Distribution,distribution_formats,populated
CHORUS,agentic,v6,1,data/d4d_concatenated/claudecode_agent/2026-08-28_claude-opus-5-claudecode-generic-v6_rep1/CHORUS_d4d.yaml,Distribution,distribution_formats,populated
CHORUS,agentic,v6,2,data/d4d_concatenated/claudecode_agent/2026-08-28_claude-opus-5-claudecode-generic-v6_rep2/CHORUS_d4d.yaml,Distribution,distribution_formats,populated
CHORUS,agentic,v6,3,data/d4d_concatenated/claudecode_agent/2026-08-28_claude-opus-5-claudecode-generic-v6_rep3/CHORUS_d4d.yaml,Distribution,distribution_formats,populated
CHORUS,direct,,,,Distribution,distribution_formats,no_record
CM4AI,api,v7,1,data/d4d_concatenated/claudecode_agent/2026-09-01_claude-opus-5-api-generic-v7_rep1/CM4AI_d4d.yaml,Distribution,distribution_formats,populated
CM4AI,api,v7,2,data/d4d_concatenated/claudecode_agent/2026-09-01_claude-opus-5-api-generic-v7_rep2/CM4AI_d4d.yaml,Distribution,distribution_formats,populated
CM4AI,api,v7,3,data/d4d_concatenated/claudecode_agent/2026-09-01_claude-opus-5-api-generic-v7_rep3/CM4AI_d4d.yaml,Distribution,distribution_formats,populated
CM4AI,api,v8,1,data/d4d_concatenated/claudecode_api/2026-09-04g_claude-opus-5-api-generic-v8_rep1/CM4AI_d4d.yaml,Distribution,distribution_formats,populated
CM4AI,api,v8,2,data/d4d_concatenated/claudecode_api/2026-09-04g_claude-opus-5-api-generic-v8_rep2/CM4AI_d4d.yaml,Distribution,distribution_formats,populated
CM4AI,api,v8,3,data/d4d_concatenated/claudecode_api/2026-09-04g_claude-opus-5-api-generic-v8_rep3/CM4AI_d4d.yaml,Distribution,distribution_formats,populated
CM4AI,agentic,v6,1,data/d4d_concatenated/claudecode_agent/2026-08-28_claude-opus-5-claudecode-generic-v6_rep1/CM4AI_d4d.yaml,Distribution,distribution_formats,populated
CM4AI,agentic,v6,2,data/d4d_concatenated/claudecode_agent/2026-08-28_claude-opus-5-claudecode-generic-v6_rep2/CM4AI_d4d.yaml,Distribution,distribution_formats,populated
CM4AI,agentic,v6,3,data/d4d_concatenated/claudecode_agent/2026-08-28_claude-opus-5-claudecode-generic-v6_rep3/CM4AI_d4d.yaml,Distribution,distribution_formats,populated
CM4AI,direct,,,,Distribution,distribution_formats,no_record
VOICE,api,v7,1,data/d4d_concatenated/claudecode_agent/2026-09-01_claude-opus-5-api-generic-v7_rep1/VOICE_d4d.yaml,Distribution,distribution_formats,populated
VOICE,api,v7,2,data/d4d_concatenated/claudecode_agent/2026-09-01_claude-opus-5-api-generic-v7_rep2/VOICE_d4d.yaml,Distribution,distribution_formats,populated
VOICE,api,v7,3,data/d4d_concatenated/claudecode_agent/2026-09-01_claude-opus-5-api-generic-v7_rep3/VOICE_d4d.yaml,Distribution,distribution_formats,populated
VOICE,api,v8,1,data/d4d_concatenated/claudecode_api/2026-09-04f_claude-opus-5-api-generic-v8_rep1/VOICE_d4d.yaml,Distribution,distribution_formats,populated
VOICE,api,v8,2,data/d4d_concatenated/claudecode_api/2026-09-04f_claude-opus-5-api-generic-v8_rep2/VOICE_d4d.yaml,Distribution,distribution_formats,populated
VOICE,api,v8,3,data/d4d_concatenated/claudecode_api/2026-09-04f_claude-opus-5-api-generic-v8_rep3/VOICE_d4d.yaml,Distribution,distribution_formats,populated
VOICE,agentic,v6,1,data/d4d_concatenated/claudecode_agent/2026-08-28_claude-opus-5-claudecode-generic-v6_rep1/VOICE_d4d.yaml,Distribution,distribution_formats,populated
VOICE,agentic,v6,2,data/d4d_concatenated/claudecode_agent/2026-08-28_claude-opus-5-claudecode-generic-v6_rep2/VOICE_d4d.yaml,Distribution,distribution_formats,populated
VOICE,agentic,v6,3,data/d4d_concatenated/claudecode_agent/2026-08-28_claude-opus-5-claudecode-generic-v6_rep3/VOICE_d4d.yaml,Distribution,distribution_formats,populated
VOICE,direct,,,,Distribution,distribution_formats,no_record
AI_READI,api,v7,1,data/d4d_concatenated/claudecode_agent/2026-09-01_claude-opus-5-api-generic-v7_rep1/AI_READI_d4d.yaml,Distribution,distribution_dates,populated
AI_READI,api,v7,2,data/d4d_concatenated/claudecode_agent/2026-09-01_claude-opus-5-api-generic-v7_rep2/AI_READI_d4d.yaml,Distribution,distribution_dates,populated
AI_READI,api,v7,3,data/d4d_concatenated/claudecode_agent/2026-09-01_claude-opus-5-api-generic-v7_rep3/AI_READI_d4d.yaml,Distribution,distribution_dates,populated
AI_READI,api,v8,1,data/d4d_concatenated/claudecode_api/2026-09-04g_claude-opus-5-api-generic-v8_rep1/AI_READI_d4d.yaml,Distribution,distribution_dates,populated
AI_READI,api,v8,2,data/d4d_concatenated/claudecode_api/2026-09-04g_claude-opus-5-api-generic-v8_rep2/AI_READI_d4d.yaml,Distribution,distribution_dates,populated
AI_READI,api,v8,3,data/d4d_concatenated/claudecode_api/2026-09-04g_claude-opus-5-api-generic-v8_rep3/AI_READI_d4d.yaml,Distribution,distribution_dates,populated
AI_READI,agentic,v6,1,data/d4d_concatenated/claudecode_agent/2026-08-28_claude-opus-5-claudecode-generic-v6_rep1/AI_READI_d4d.yaml,Distribution,distribution_dates,populated
AI_READI,agentic,v6,2,data/d4d_concatenated/claudecode_agent/2026-08-28_claude-opus-5-claudecode-generic-v6_rep2/AI_READI_d4d.yaml,Distribution,distribution_dates,populated
AI_READI,agentic,v6,3,data/d4d_concatenated/claudecode_agent/2026-08-28_claude-opus-5-claudecode-generic-v6_rep3/AI_READI_d4d.yaml,Distribution,distribution_dates,populated
AI_READI,direct,,,,Distribution,distribution_dates,no_record
CHORUS,api,v7,1,data/d4d_concatenated/claudecode_agent/2026-09-01_claude-opus-5-api-generic-v7_rep1/CHORUS_d4d.yaml,Distribution,distribution_dates,empty
CHORUS,api,v7,2,data/d4d_concatenated/claudecode_agent/2026-09-01_claude-opus-5-api-generic-v7_rep2/CHORUS_d4d.yaml,Distribution,distribution_dates,empty
CHORUS,api,v7,3,data/d4d_concatenated/claudecode_agent/2026-09-01_claude-opus-5-api-generic-v7_rep3/CHORUS_d4d.yaml,Distribution,distribution_dates,empty
CHORUS,api,v8,1,data/d4d_concatenated/claudecode_api/2026-09-04f_claude-opus-5-api-generic-v8_rep1/CHORUS_d4d.yaml,Distribution,distribution_dates,empty
CHORUS,api,v8,2,data/d4d_concatenated/claudecode_api/2026-09-04f_claude-opus-5-api-generic-v8_rep2/CHORUS_d4d.yaml,Distribution,distribution_dates,populated
CHORUS,api,v8,3,data/d4d_concatenated/claudecode_api/2026-09-04f_claude-opus-5-api-generic-v8_rep3/CHORUS_d4d.yaml,Distribution,distribution_dates,empty
CHORUS,agentic,v6,1,data/d4d_concatenated/claudecode_agent/2026-08-28_claude-opus-5-claudecode-generic-v6_rep1/CHORUS_d4d.yaml,Distribution,distribution_dates,empty
CHORUS,agentic,v6,2,data/d4d_concatenated/claudecode_agent/2026-08-28_claude-opus-5-claudecode-generic-v6_rep2/CHORUS_d4d.yaml,Distribution,distribution_dates,empty
CHORUS,agentic,v6,3,data/d4d_concatenated/claudecode_agent/2026-08-28_claude-opus-5-claudecode-generic-v6_rep3/CHORUS_d4d.yaml,Distribution,distribution_dates,empty
CHORUS,direct,,,,Distribution,distribution_dates,no_record
CM4AI,api,v7,1,data/d4d_concatenated/claudecode_agent/2026-09-01_claude-opus-5-api-generic-v7_rep1/CM4AI_d4d.yaml,Distribution,distribution_dates,populated
CM4AI,api,v7,2,data/d4d_concatenated/claudecode_agent/2026-09-01_claude-opus-5-api-generic-v7_rep2/CM4AI_d4d.yaml,Distribution,distribution_dates,populated
CM4AI,api,v7,3,data/d4d_concatenated/claudecode_agent/2026-09-01_claude-opus-5-api-generic-v7_rep3/CM4AI_d4d.yaml,Distribution,distribution_dates,populated
CM4AI,api,v8,1,data/d4d_concatenated/claudecode_api/2026-09-04g_claude-opus-5-api-generic-v8_rep1/CM4AI_d4d.yaml,Distribution,distribution_dates,populated
CM4AI,api,v8,2,data/d4d_concatenated/claudecode_api/2026-09-04g_claude-opus-5-api-generic-v8_rep2/CM4AI_d4d.yaml,Distribution,distribution_dates,populated
CM4AI,api,v8,3,data/d4d_concatenated/claudecode_api/2026-09-04g_claude-opus-5-api-generic-v8_rep3/CM4AI_d4d.yaml,Distribution,distribution_dates,populated
CM4AI,agentic,v6,1,data/d4d_concatenated/claudecode_agent/2026-08-28_claude-opus-5-claudecode-generic-v6_rep1/CM4AI_d4d.yaml,Distribution,distribution_dates,populated
CM4AI,agentic,v6,2,data/d4d_concatenated/claudecode_agent/2026-08-28_claude-opus-5-claudecode-generic-v6_rep2/CM4AI_d4d.yaml,Distribution,distribution_dates,populated
CM4AI,agentic,v6,3,data/d4d_concatenated/claudecode_agent/2026-08-28_claude-opus-5-claudecode-generic-v6_rep3/CM4AI_d4d.yaml,Distribution,distribution_dates,populated
CM4AI,direct,,,,Distribution,distribution_dates,no_record
VOICE,api,v7,1,data/d4d_concatenated/claudecode_agent/2026-09-01_claude-opus-5-api-generic-v7_rep1/VOICE_d4d.yaml,Distribution,distribution_dates,populated
VOICE,api,v7,2,data/d4d_concatenated/claudecode_agent/2026-09-01_claude-opus-5-api-generic-v7_rep2/VOICE_d4d.yaml,Distribution,distribution_dates,populated
VOICE,api,v7,3,data/d4d_concatenated/claudecode_agent/2026-09-01_claude-opus-5-api-generic-v7_rep3/VOICE_d4d.yaml,Distribution,distribution_dates,populated
VOICE,api,v8,1,data/d4d_concatenated/claudecode_api/2026-09-04f_claude-opus-5-api-generic-v8_rep1/VOICE_d4d.yaml,Distribution,distribution_dates,populated
VOICE,api,v8,2,data/d4d_concatenated/claudecode_api/2026-09-04f_claude-opus-5-api-generic-v8_rep2/VOICE_d4d.yaml,Distribution,distribution_dates,populated
VOICE,api,v8,3,data/d4d_concatenated/claudecode_api/2026-09-04f_claude-opus-5-api-generic-v8_rep3/VOICE_d4d.yaml,Distribution,distribution_dates,populated
VOICE,agentic,v6,1,data/d4d_concatenated/claudecode_agent/2026-08-28_claude-opus-5-claudecode-generic-v6_rep1/VOICE_d4d.yaml,Distribution,distribution_dates,populated
VOICE,agentic,v6,2,data/d4d_concatenated/claudecode_agent/2026-08-28_claude-opus-5-claudecode-generic-v6_rep2/VOICE_d4d.yaml,Distribution,distribution_dates,populated
VOICE,agentic,v6,3,data/d4d_concatenated/claudecode_agent/2026-08-28_claude-opus-5-claudecode-generic-v6_rep3/VOICE_d4d.yaml,Distribution,distribution_dates,populated
VOICE,direct,,,,Distribution,distribution_dates,no_record
AI_READI,api,v7,1,data/d4d_concatenated/claudecode_agent/2026-09-01_claude-opus-5-api-generic-v7_rep1/AI_READI_d4d.yaml,Distribution,third_party_sharing,populated
AI_READI,api,v7,2,data/d4d_concatenated/claudecode_agent/2026-09-01_claude-opus-5-api-generic-v7_rep2/AI_READI_d4d.yaml,Distribution,third_party_sharing,populated
AI_READI,api,v7,3,data/d4d_concatenated/claudecode_agent/2026-09-01_claude-opus-5-api-generic-v7_rep3/AI_READI_d4d.yaml,Distribution,third_party_sharing,populated
AI_READI,api,v8,1,data/d4d_concatenated/claudecode_api/2026-09-04g_claude-opus-5-api-generic-v8_rep1/AI_READI_d4d.yaml,Distribution,third_party_sharing,populated
AI_READI,api,v8,2,data/d4d_concatenated/claudecode_api/2026-09-04g_claude-opus-5-api-generic-v8_rep2/AI_READI_d4d.yaml,Distribution,third_party_sharing,populated
AI_READI,api,v8,3,data/d4d_concatenated/claudecode_api/2026-09-04g_claude-opus-5-api-generic-v8_rep3/AI_READI_d4d.yaml,Distribution,third_party_sharing,populated
AI_READI,agentic,v6,1,data/d4d_concatenated/claudecode_agent/2026-08-28_claude-opus-5-claudecode-generic-v6_rep1/AI_READI_d4d.yaml,Distribution,third_party_sharing,populated
AI_READI,agentic,v6,2,data/d4d_concatenated/claudecode_agent/2026-08-28_claude-opus-5-claudecode-generic-v6_rep2/AI_READI_d4d.yaml,Distribution,third_party_sharing,populated
AI_READI,agentic,v6,3,data/d4d_concatenated/claudecode_agent/2026-08-28_claude-opus-5-claudecode-generic-v6_rep3/AI_READI_d4d.yaml,Distribution,third_party_sharing,populated
AI_READI,direct,,,,Distribution,third_party_sharing,no_record
CHORUS,api,v7,1,data/d4d_concatenated/claudecode_agent/2026-09-01_claude-opus-5-api-generic-v7_rep1/CHORUS_d4d.yaml,Distribution,third_party_sharing,populated
CHORUS,api,v7,2,data/d4d_concatenated/claudecode_agent/2026-09-01_claude-opus-5-api-generic-v7_rep2/CHORUS_d4d.yaml,Distribution,third_party_sharing,populated
CHORUS,api,v7,3,data/d4d_concatenated/claudecode_agent/2026-09-01_claude-opus-5-api-generic-v7_rep3/CHORUS_d4d.yaml,Distribution,third_party_sharing,populated
CHORUS,api,v8,1,data/d4d_concatenated/claudecode_api/2026-09-04f_claude-opus-5-api-generic-v8_rep1/CHORUS_d4d.yaml,Distribution,third_party_sharing,empty
CHORUS,api,v8,2,data/d4d_concatenated/claudecode_api/2026-09-04f_claude-opus-5-api-generic-v8_rep2/CHORUS_d4d.yaml,Distribution,third_party_sharing,populated
CHORUS,api,v8,3,data/d4d_concatenated/claudecode_api/2026-09-04f_claude-opus-5-api-generic-v8_rep3/CHORUS_d4d.yaml,Distribution,third_party_sharing,populated
CHORUS,agentic,v6,1,data/d4d_concatenated/claudecode_agent/2026-08-28_claude-opus-5-claudecode-generic-v6_rep1/CHORUS_d4d.yaml,Distribution,third_party_sharing,populated
CHORUS,agentic,v6,2,data/d4d_concatenated/claudecode_agent/2026-08-28_claude-opus-5-claudecode-generic-v6_rep2/CHORUS_d4d.yaml,Distribution,third_party_sharing,populated
CHORUS,agentic,v6,3,data/d4d_concatenated/claudecode_agent/2026-08-28_claude-opus-5-claudecode-generic-v6_rep3/CHORUS_d4d.yaml,Distribution,third_party_sharing,populated
CHORUS,direct,,,,Distribution,third_party_sharing,no_record
CM4AI,api,v7,1,data/d4d_concatenated/claudecode_agent/2026-09-01_claude-opus-5-api-generic-v7_rep1/CM4AI_d4d.yaml,Distribution,third_party_sharing,populated
CM4AI,api,v7,2,data/d4d_concatenated/claudecode_agent/2026-09-01_claude-opus-5-api-generic-v7_rep2/CM4AI_d4d.yaml,Distribution,third_party_sharing,populated
CM4AI,api,v7,3,data/d4d_concatenated/claudecode_agent/2026-09-01_claude-opus-5-api-generic-v7_rep3/CM4AI_d4d.yaml,Distribution,third_party_sharing,populated
CM4AI,api,v8,1,data/d4d_concatenated/claudecode_api/2026-09-04g_claude-opus-5-api-generic-v8_rep1/CM4AI_d4d.yaml,Distribution,third_party_sharing,populated
CM4AI,api,v8,2,data/d4d_concatenated/claudecode_api/2026-09-04g_claude-opus-5-api-generic-v8_rep2/CM4AI_d4d.yaml,Distribution,third_party_sharing,populated
CM4AI,api,v8,3,data/d4d_concatenated/claudecode_api/2026-09-04g_claude-opus-5-api-generic-v8_rep3/CM4AI_d4d.yaml,Distribution,third_party_sharing,populated
CM4AI,agentic,v6,1,data/d4d_concatenated/claudecode_agent/2026-08-28_claude-opus-5-claudecode-generic-v6_rep1/CM4AI_d4d.yaml,Distribution,third_party_sharing,populated
CM4AI,agentic,v6,2,data/d4d_concatenated/claudecode_agent/2026-08-28_claude-opus-5-claudecode-generic-v6_rep2/CM4AI_d4d.yaml,Distribution,third_party_sharing,populated
CM4AI,agentic,v6,3,data/d4d_concatenated/claudecode_agent/2026-08-28_claude-opus-5-claudecode-generic-v6_rep3/CM4AI_d4d.yaml,Distribution,third_party_sharing,populated
CM4AI,direct,,,,Distribution,third_party_sharing,no_record
VOICE,api,v7,1,data/d4d_concatenated/claudecode_agent/2026-09-01_claude-opus-5-api-generic-v7_rep1/VOICE_d4d.yaml,Distribution,third_party_sharing,populated
VOICE,api,v7,2,data/d4d_concatenated/claudecode_agent/2026-09-01_claude-opus-5-api-generic-v7_rep2/VOICE_d4d.yaml,Distribution,third_party_sharing,populated
VOICE,api,v7,3,data/d4d_concatenated/claudecode_agent/2026-09-01_claude-opus-5-api-generic-v7_rep3/VOICE_d4d.yaml,Distribution,third_party_sharing,populated
VOICE,api,v8,1,data/d4d_concatenated/claudecode_api/2026-09-04f_claude-opus-5-api-generic-v8_rep1/VOICE_d4d.yaml,Distribution,third_party_sharing,populated
VOICE,api,v8,2,data/d4d_concatenated/claudecode_api/2026-09-04f_claude-opus-5-api-generic-v8_rep2/VOICE_d4d.yaml,Distribution,third_party_sharing,populated
VOICE,api,v8,3,data/d4d_concatenated/claudecode_api/2026-09-04f_claude-opus-5-api-generic-v8_rep3/VOICE_d4d.yaml,Distribution,third_party_sharing,populated
VOICE,agentic,v6,1,data/d4d_concatenated/claudecode_agent/2026-08-28_claude-opus-5-claudecode-generic-v6_rep1/VOICE_d4d.yaml,Distribution,third_party_sharing,populated
VOICE,agentic,v6,2,data/d4d_concatenated/claudecode_agent/2026-08-28_claude-opus-5-claudecode-generic-v6_rep2/VOICE_d4d.yaml,Distribution,third_party_sharing,populated
VOICE,agentic,v6,3,data/d4d_concatenated/claudecode_agent/2026-08-28_claude-opus-5-claudecode-generic-v6_rep3/VOICE_d4d.yaml,Distribution,third_party_sharing,populated
VOICE,direct,,,,Distribution,third_party_sharing,no_record
AI_READI,api,v7,1,data/d4d_concatenated/claudecode_agent/2026-09-01_claude-opus-5-api-generic-v7_rep1/AI_READI_d4d.yaml,Maintenance,maintainers,populated
AI_READI,api,v7,2,data/d4d_concatenated/claudecode_agent/2026-09-01_claude-opus-5-api-generic-v7_rep2/AI_READI_d4d.yaml,Maintenance,maintainers,populated
AI_READI,api,v7,3,data/d4d_concatenated/claudecode_agent/2026-09-01_claude-opus-5-api-generic-v7_rep3/AI_READI_d4d.yaml,Maintenance,maintainers,populated
AI_READI,api,v8,1,data/d4d_concatenated/claudecode_api/2026-09-04g_claude-opus-5-api-generic-v8_rep1/AI_READI_d4d.yaml,Maintenance,maintainers,populated
AI_READI,api,v8,2,data/d4d_concatenated/claudecode_api/2026-09-04g_claude-opus-5-api-generic-v8_rep2/AI_READI_d4d.yaml,Maintenance,maintainers,populated
AI_READI,api,v8,3,data/d4d_concatenated/claudecode_api/2026-09-04g_claude-opus-5-api-generic-v8_rep3/AI_READI_d4d.yaml,Maintenance,maintainers,populated
AI_READI,agentic,v6,1,data/d4d_concatenated/claudecode_agent/2026-08-28_claude-opus-5-claudecode-generic-v6_rep1/AI_READI_d4d.yaml,Maintenance,maintainers,populated
AI_READI,agentic,v6,2,data/d4d_concatenated/claudecode_agent/2026-08-28_claude-opus-5-claudecode-generic-v6_rep2/AI_READI_d4d.yaml,Maintenance,maintainers,populated
AI_READI,agentic,v6,3,data/d4d_concatenated/claudecode_agent/2026-08-28_claude-opus-5-claudecode-generic-v6_rep3/AI_READI_d4d.yaml,Maintenance,maintainers,populated
AI_READI,direct,,,,Maintenance,maintainers,no_record
CHORUS,api,v7,1,data/d4d_concatenated/claudecode_agent/2026-09-01_claude-opus-5-api-generic-v7_rep1/CHORUS_d4d.yaml,Maintenance,maintainers,populated
CHORUS,api,v7,2,data/d4d_concatenated/claudecode_agent/2026-09-01_claude-opus-5-api-generic-v7_rep2/CHORUS_d4d.yaml,Maintenance,maintainers,populated
CHORUS,api,v7,3,data/d4d_concatenated/claudecode_agent/2026-09-01_claude-opus-5-api-generic-v7_rep3/CHORUS_d4d.yaml,Maintenance,maintainers,populated
CHORUS,api,v8,1,data/d4d_concatenated/claudecode_api/2026-09-04f_claude-opus-5-api-generic-v8_rep1/CHORUS_d4d.yaml,Maintenance,maintainers,populated
CHORUS,api,v8,2,data/d4d_concatenated/claudecode_api/2026-09-04f_claude-opus-5-api-generic-v8_rep2/CHORUS_d4d.yaml,Maintenance,maintainers,populated
CHORUS,api,v8,3,data/d4d_concatenated/claudecode_api/2026-09-04f_claude-opus-5-api-generic-v8_rep3/CHORUS_d4d.yaml,Maintenance,maintainers,populated
CHORUS,agentic,v6,1,data/d4d_concatenated/claudecode_agent/2026-08-28_claude-opus-5-claudecode-generic-v6_rep1/CHORUS_d4d.yaml,Maintenance,maintainers,populated
CHORUS,agentic,v6,2,data/d4d_concatenated/claudecode_agent/2026-08-28_claude-opus-5-claudecode-generic-v6_rep2/CHORUS_d4d.yaml,Maintenance,maintainers,populated
CHORUS,agentic,v6,3,data/d4d_concatenated/claudecode_agent/2026-08-28_claude-opus-5-claudecode-generic-v6_rep3/CHORUS_d4d.yaml,Maintenance,maintainers,populated
CHORUS,direct,,,,Maintenance,maintainers,no_record
CM4AI,api,v7,1,data/d4d_concatenated/claudecode_agent/2026-09-01_claude-opus-5-api-generic-v7_rep1/CM4AI_d4d.yaml,Maintenance,maintainers,populated
CM4AI,api,v7,2,data/d4d_concatenated/claudecode_agent/2026-09-01_claude-opus-5-api-generic-v7_rep2/CM4AI_d4d.yaml,Maintenance,maintainers,populated
CM4AI,api,v7,3,data/d4d_concatenated/claudecode_agent/2026-09-01_claude-opus-5-api-generic-v7_rep3/CM4AI_d4d.yaml,Maintenance,maintainers,populated
CM4AI,api,v8,1,data/d4d_concatenated/claudecode_api/2026-09-04g_claude-opus-5-api-generic-v8_rep1/CM4AI_d4d.yaml,Maintenance,maintainers,populated
CM4AI,api,v8,2,data/d4d_concatenated/claudecode_api/2026-09-04g_claude-opus-5-api-generic-v8_rep2/CM4AI_d4d.yaml,Maintenance,maintainers,populated
CM4AI,api,v8,3,data/d4d_concatenated/claudecode_api/2026-09-04g_claude-opus-5-api-generic-v8_rep3/CM4AI_d4d.yaml,Maintenance,maintainers,populated
CM4AI,agentic,v6,1,data/d4d_concatenated/claudecode_agent/2026-08-28_claude-opus-5-claudecode-generic-v6_rep1/CM4AI_d4d.yaml,Maintenance,maintainers,populated
CM4AI,agentic,v6,2,data/d4d_concatenated/claudecode_agent/2026-08-28_claude-opus-5-claudecode-generic-v6_rep2/CM4AI_d4d.yaml,Maintenance,maintainers,populated
CM4AI,agentic,v6,3,data/d4d_concatenated/claudecode_agent/2026-08-28_claude-opus-5-claudecode-generic-v6_rep3/CM4AI_d4d.yaml,Maintenance,maintainers,populated
CM4AI,direct,,,,Maintenance,maintainers,no_record
VOICE,api,v7,1,data/d4d_concatenated/claudecode_agent/2026-09-01_claude-opus-5-api-generic-v7_rep1/VOICE_d4d.yaml,Maintenance,maintainers,populated
VOICE,api,v7,2,data/d4d_concatenated/claudecode_agent/2026-09-01_claude-opus-5-api-generic-v7_rep2/VOICE_d4d.yaml,Maintenance,maintainers,populated
VOICE,api,v7,3,data/d4d_concatenated/claudecode_agent/2026-09-01_claude-opus-5-api-generic-v7_rep3/VOICE_d4d.yaml,Maintenance,maintainers,populated
VOICE,api,v8,1,data/d4d_concatenated/claudecode_api/2026-09-04f_claude-opus-5-api-generic-v8_rep1/VOICE_d4d.yaml,Maintenance,maintainers,populated
VOICE,api,v8,2,data/d4d_concatenated/claudecode_api/2026-09-04f_claude-opus-5-api-generic-v8_rep2/VOICE_d4d.yaml,Maintenance,maintainers,populated
VOICE,api,v8,3,data/d4d_concatenated/claudecode_api/2026-09-04f_claude-opus-5-api-generic-v8_rep3/VOICE_d4d.yaml,Maintenance,maintainers,populated
VOICE,agentic,v6,1,data/d4d_concatenated/claudecode_agent/2026-08-28_claude-opus-5-claudecode-generic-v6_rep1/VOICE_d4d.yaml,Maintenance,maintainers,populated
VOICE,agentic,v6,2,data/d4d_concatenated/claudecode_agent/2026-08-28_claude-opus-5-claudecode-generic-v6_rep2/VOICE_d4d.yaml,Maintenance,maintainers,populated
VOICE,agentic,v6,3,data/d4d_concatenated/claudecode_agent/2026-08-28_claude-opus-5-claudecode-generic-v6_rep3/VOICE_d4d.yaml,Maintenance,maintainers,populated
VOICE,direct,,,,Maintenance,maintainers,no_record
AI_READI,api,v7,1,data/d4d_concatenated/claudecode_agent/2026-09-01_claude-opus-5-api-generic-v7_rep1/AI_READI_d4d.yaml,Maintenance,errata,empty
AI_READI,api,v7,2,data/d4d_concatenated/claudecode_agent/2026-09-01_claude-opus-5-api-generic-v7_rep2/AI_READI_d4d.yaml,Maintenance,errata,empty
AI_READI,api,v7,3,data/d4d_concatenated/claudecode_agent/2026-09-01_claude-opus-5-api-generic-v7_rep3/AI_READI_d4d.yaml,Maintenance,errata,empty
AI_READI,api,v8,1,data/d4d_concatenated/claudecode_api/2026-09-04g_claude-opus-5-api-generic-v8_rep1/AI_READI_d4d.yaml,Maintenance,errata,empty
AI_READI,api,v8,2,data/d4d_concatenated/claudecode_api/2026-09-04g_claude-opus-5-api-generic-v8_rep2/AI_READI_d4d.yaml,Maintenance,errata,empty
AI_READI,api,v8,3,data/d4d_concatenated/claudecode_api/2026-09-04g_claude-opus-5-api-generic-v8_rep3/AI_READI_d4d.yaml,Maintenance,errata,empty
AI_READI,agentic,v6,1,data/d4d_concatenated/claudecode_agent/2026-08-28_claude-opus-5-claudecode-generic-v6_rep1/AI_READI_d4d.yaml,Maintenance,errata,populated
AI_READI,agentic,v6,2,data/d4d_concatenated/claudecode_agent/2026-08-28_claude-opus-5-claudecode-generic-v6_rep2/AI_READI_d4d.yaml,Maintenance,errata,populated
AI_READI,agentic,v6,3,data/d4d_concatenated/claudecode_agent/2026-08-28_claude-opus-5-claudecode-generic-v6_rep3/AI_READI_d4d.yaml,Maintenance,errata,empty
AI_READI,direct,,,,Maintenance,errata,no_record
CHORUS,api,v7,1,data/d4d_concatenated/claudecode_agent/2026-09-01_claude-opus-5-api-generic-v7_rep1/CHORUS_d4d.yaml,Maintenance,errata,empty
CHORUS,api,v7,2,data/d4d_concatenated/claudecode_agent/2026-09-01_claude-opus-5-api-generic-v7_rep2/CHORUS_d4d.yaml,Maintenance,errata,empty
CHORUS,api,v7,3,data/d4d_concatenated/claudecode_agent/2026-09-01_claude-opus-5-api-generic-v7_rep3/CHORUS_d4d.yaml,Maintenance,errata,caveat_only
CHORUS,api,v8,1,data/d4d_concatenated/claudecode_api/2026-09-04f_claude-opus-5-api-generic-v8_rep1/CHORUS_d4d.yaml,Maintenance,errata,empty
CHORUS,api,v8,2,data/d4d_concatenated/claudecode_api/2026-09-04f_claude-opus-5-api-generic-v8_rep2/CHORUS_d4d.yaml,Maintenance,errata,empty
CHORUS,api,v8,3,data/d4d_concatenated/claudecode_api/2026-09-04f_claude-opus-5-api-generic-v8_rep3/CHORUS_d4d.yaml,Maintenance,errata,empty
CHORUS,agentic,v6,1,data/d4d_concatenated/claudecode_agent/2026-08-28_claude-opus-5-claudecode-generic-v6_rep1/CHORUS_d4d.yaml,Maintenance,errata,empty
CHORUS,agentic,v6,2,data/d4d_concatenated/claudecode_agent/2026-08-28_claude-opus-5-claudecode-generic-v6_rep2/CHORUS_d4d.yaml,Maintenance,errata,empty
CHORUS,agentic,v6,3,data/d4d_concatenated/claudecode_agent/2026-08-28_claude-opus-5-claudecode-generic-v6_rep3/CHORUS_d4d.yaml,Maintenance,errata,empty
CHORUS,direct,,,,Maintenance,errata,no_record
CM4AI,api,v7,1,data/d4d_concatenated/claudecode_agent/2026-09-01_claude-opus-5-api-generic-v7_rep1/CM4AI_d4d.yaml,Maintenance,errata,empty
CM4AI,api,v7,2,data/d4d_concatenated/claudecode_agent/2026-09-01_claude-opus-5-api-generic-v7_rep2/CM4AI_d4d.yaml,Maintenance,errata,empty
CM4AI,api,v7,3,data/d4d_concatenated/claudecode_agent/2026-09-01_claude-opus-5-api-generic-v7_rep3/CM4AI_d4d.yaml,Maintenance,errata,empty
CM4AI,api,v8,1,data/d4d_concatenated/claudecode_api/2026-09-04g_claude-opus-5-api-generic-v8_rep1/CM4AI_d4d.yaml,Maintenance,errata,empty
CM4AI,api,v8,2,data/d4d_concatenated/claudecode_api/2026-09-04g_claude-opus-5-api-generic-v8_rep2/CM4AI_d4d.yaml,Maintenance,errata,populated
CM4AI,api,v8,3,data/d4d_concatenated/claudecode_api/2026-09-04g_claude-opus-5-api-generic-v8_rep3/CM4AI_d4d.yaml,Maintenance,errata,empty
CM4AI,agentic,v6,1,data/d4d_concatenated/claudecode_agent/2026-08-28_claude-opus-5-claudecode-generic-v6_rep1/CM4AI_d4d.yaml,Maintenance,errata,empty
CM4AI,agentic,v6,2,data/d4d_concatenated/claudecode_agent/2026-08-28_claude-opus-5-claudecode-generic-v6_rep2/CM4AI_d4d.yaml,Maintenance,errata,populated
CM4AI,agentic,v6,3,data/d4d_concatenated/claudecode_agent/2026-08-28_claude-opus-5-claudecode-generic-v6_rep3/CM4AI_d4d.yaml,Maintenance,errata,populated
CM4AI,direct,,,,Maintenance,errata,no_record
VOICE,api,v7,1,data/d4d_concatenated/claudecode_agent/2026-09-01_claude-opus-5-api-generic-v7_rep1/VOICE_d4d.yaml,Maintenance,errata,populated
VOICE,api,v7,2,data/d4d_concatenated/claudecode_agent/2026-09-01_claude-opus-5-api-generic-v7_rep2/VOICE_d4d.yaml,Maintenance,errata,populated
VOICE,api,v7,3,data/d4d_concatenated/claudecode_agent/2026-09-01_claude-opus-5-api-generic-v7_rep3/VOICE_d4d.yaml,Maintenance,errata,populated
VOICE,api,v8,1,data/d4d_concatenated/claudecode_api/2026-09-04f_claude-opus-5-api-generic-v8_rep1/VOICE_d4d.yaml,Maintenance,errata,populated
VOICE,api,v8,2,data/d4d_concatenated/claudecode_api/2026-09-04f_claude-opus-5-api-generic-v8_rep2/VOICE_d4d.yaml,Maintenance,errata,populated
VOICE,api,v8,3,data/d4d_concatenated/claudecode_api/2026-09-04f_claude-opus-5-api-generic-v8_rep3/VOICE_d4d.yaml,Maintenance,errata,populated
VOICE,agentic,v6,1,data/d4d_concatenated/claudecode_agent/2026-08-28_claude-opus-5-claudecode-generic-v6_rep1/VOICE_d4d.yaml,Maintenance,errata,populated
VOICE,agentic,v6,2,data/d4d_concatenated/claudecode_agent/2026-08-28_claude-opus-5-claudecode-generic-v6_rep2/VOICE_d4d.yaml,Maintenance,errata,populated
VOICE,agentic,v6,3,data/d4d_concatenated/claudecode_agent/2026-08-28_claude-opus-5-claudecode-generic-v6_rep3/VOICE_d4d.yaml,Maintenance,errata,populated
VOICE,direct,,,,Maintenance,errata,no_record
AI_READI,api,v7,1,data/d4d_concatenated/claudecode_agent/2026-09-01_claude-opus-5-api-generic-v7_rep1/AI_READI_d4d.yaml,Maintenance,updates,populated
AI_READI,api,v7,2,data/d4d_concatenated/claudecode_agent/2026-09-01_claude-opus-5-api-generic-v7_rep2/AI_READI_d4d.yaml,Maintenance,updates,populated
AI_READI,api,v7,3,data/d4d_concatenated/claudecode_agent/2026-09-01_claude-opus-5-api-generic-v7_rep3/AI_READI_d4d.yaml,Maintenance,updates,populated
AI_READI,api,v8,1,data/d4d_concatenated/claudecode_api/2026-09-04g_claude-opus-5-api-generic-v8_rep1/AI_READI_d4d.yaml,Maintenance,updates,populated
AI_READI,api,v8,2,data/d4d_concatenated/claudecode_api/2026-09-04g_claude-opus-5-api-generic-v8_rep2/AI_READI_d4d.yaml,Maintenance,updates,populated
AI_READI,api,v8,3,data/d4d_concatenated/claudecode_api/2026-09-04g_claude-opus-5-api-generic-v8_rep3/AI_READI_d4d.yaml,Maintenance,updates,populated
AI_READI,agentic,v6,1,data/d4d_concatenated/claudecode_agent/2026-08-28_claude-opus-5-claudecode-generic-v6_rep1/AI_READI_d4d.yaml,Maintenance,updates,populated
AI_READI,agentic,v6,2,data/d4d_concatenated/claudecode_agent/2026-08-28_claude-opus-5-claudecode-generic-v6_rep2/AI_READI_d4d.yaml,Maintenance,updates,populated
AI_READI,agentic,v6,3,data/d4d_concatenated/claudecode_agent/2026-08-28_claude-opus-5-claudecode-generic-v6_rep3/AI_READI_d4d.yaml,Maintenance,updates,populated
AI_READI,direct,,,,Maintenance,updates,no_record
CHORUS,api,v7,1,data/d4d_concatenated/claudecode_agent/2026-09-01_claude-opus-5-api-generic-v7_rep1/CHORUS_d4d.yaml,Maintenance,updates,populated
CHORUS,api,v7,2,data/d4d_concatenated/claudecode_agent/2026-09-01_claude-opus-5-api-generic-v7_rep2/CHORUS_d4d.yaml,Maintenance,updates,populated
CHORUS,api,v7,3,data/d4d_concatenated/claudecode_agent/2026-09-01_claude-opus-5-api-generic-v7_rep3/CHORUS_d4d.yaml,Maintenance,updates,populated
CHORUS,api,v8,1,data/d4d_concatenated/claudecode_api/2026-09-04f_claude-opus-5-api-generic-v8_rep1/CHORUS_d4d.yaml,Maintenance,updates,populated
CHORUS,api,v8,2,data/d4d_concatenated/claudecode_api/2026-09-04f_claude-opus-5-api-generic-v8_rep2/CHORUS_d4d.yaml,Maintenance,updates,populated
CHORUS,api,v8,3,data/d4d_concatenated/claudecode_api/2026-09-04f_claude-opus-5-api-generic-v8_rep3/CHORUS_d4d.yaml,Maintenance,updates,populated
CHORUS,agentic,v6,1,data/d4d_concatenated/claudecode_agent/2026-08-28_claude-opus-5-claudecode-generic-v6_rep1/CHORUS_d4d.yaml,Maintenance,updates,populated
CHORUS,agentic,v6,2,data/d4d_concatenated/claudecode_agent/2026-08-28_claude-opus-5-claudecode-generic-v6_rep2/CHORUS_d4d.yaml,Maintenance,updates,populated
CHORUS,agentic,v6,3,data/d4d_concatenated/claudecode_agent/2026-08-28_claude-opus-5-claudecode-generic-v6_rep3/CHORUS_d4d.yaml,Maintenance,updates,populated
CHORUS,direct,,,,Maintenance,updates,no_record
CM4AI,api,v7,1,data/d4d_concatenated/claudecode_agent/2026-09-01_claude-opus-5-api-generic-v7_rep1/CM4AI_d4d.yaml,Maintenance,updates,populated
CM4AI,api,v7,2,data/d4d_concatenated/claudecode_agent/2026-09-01_claude-opus-5-api-generic-v7_rep2/CM4AI_d4d.yaml,Maintenance,updates,populated
CM4AI,api,v7,3,data/d4d_concatenated/claudecode_agent/2026-09-01_claude-opus-5-api-generic-v7_rep3/CM4AI_d4d.yaml,Maintenance,updates,populated
CM4AI,api,v8,1,data/d4d_concatenated/claudecode_api/2026-09-04g_claude-opus-5-api-generic-v8_rep1/CM4AI_d4d.yaml,Maintenance,updates,populated
CM4AI,api,v8,2,data/d4d_concatenated/claudecode_api/2026-09-04g_claude-opus-5-api-generic-v8_rep2/CM4AI_d4d.yaml,Maintenance,updates,populated
CM4AI,api,v8,3,data/d4d_concatenated/claudecode_api/2026-09-04g_claude-opus-5-api-generic-v8_rep3/CM4AI_d4d.yaml,Maintenance,updates,populated
CM4AI,agentic,v6,1,data/d4d_concatenated/claudecode_agent/2026-08-28_claude-opus-5-claudecode-generic-v6_rep1/CM4AI_d4d.yaml,Maintenance,updates,populated
CM4AI,agentic,v6,2,data/d4d_concatenated/claudecode_agent/2026-08-28_claude-opus-5-claudecode-generic-v6_rep2/CM4AI_d4d.yaml,Maintenance,updates,populated
CM4AI,agentic,v6,3,data/d4d_concatenated/claudecode_agent/2026-08-28_claude-opus-5-claudecode-generic-v6_rep3/CM4AI_d4d.yaml,Maintenance,updates,populated
CM4AI,direct,,,,Maintenance,updates,no_record
VOICE,api,v7,1,data/d4d_concatenated/claudecode_agent/2026-09-01_claude-opus-5-api-generic-v7_rep1/VOICE_d4d.yaml,Maintenance,updates,populated
VOICE,api,v7,2,data/d4d_concatenated/claudecode_agent/2026-09-01_claude-opus-5-api-generic-v7_rep2/VOICE_d4d.yaml,Maintenance,updates,populated
VOICE,api,v7,3,data/d4d_concatenated/claudecode_agent/2026-09-01_claude-opus-5-api-generic-v7_rep3/VOICE_d4d.yaml,Maintenance,updates,populated
VOICE,api,v8,1,data/d4d_concatenated/claudecode_api/2026-09-04f_claude-opus-5-api-generic-v8_rep1/VOICE_d4d.yaml,Maintenance,updates,populated
VOICE,api,v8,2,data/d4d_concatenated/claudecode_api/2026-09-04f_claude-opus-5-api-generic-v8_rep2/VOICE_d4d.yaml,Maintenance,updates,populated
VOICE,api,v8,3,data/d4d_concatenated/claudecode_api/2026-09-04f_claude-opus-5-api-generic-v8_rep3/VOICE_d4d.yaml,Maintenance,updates,populated
VOICE,agentic,v6,1,data/d4d_concatenated/claudecode_agent/2026-08-28_claude-opus-5-claudecode-generic-v6_rep1/VOICE_d4d.yaml,Maintenance,updates,populated
VOICE,agentic,v6,2,data/d4d_concatenated/claudecode_agent/2026-08-28_claude-opus-5-claudecode-generic-v6_rep2/VOICE_d4d.yaml,Maintenance,updates,populated
VOICE,agentic,v6,3,data/d4d_concatenated/claudecode_agent/2026-08-28_claude-opus-5-claudecode-generic-v6_rep3/VOICE_d4d.yaml,Maintenance,updates,populated
VOICE,direct,,,,Maintenance,updates,no_record
AI_READI,api,v7,1,data/d4d_concatenated/claudecode_agent/2026-09-01_claude-opus-5-api-generic-v7_rep1/AI_READI_d4d.yaml,Maintenance,retention_limit,populated
AI_READI,api,v7,2,data/d4d_concatenated/claudecode_agent/2026-09-01_claude-opus-5-api-generic-v7_rep2/AI_READI_d4d.yaml,Maintenance,retention_limit,populated
AI_READI,api,v7,3,data/d4d_concatenated/claudecode_agent/2026-09-01_claude-opus-5-api-generic-v7_rep3/AI_READI_d4d.yaml,Maintenance,retention_limit,populated
AI_READI,api,v8,1,data/d4d_concatenated/claudecode_api/2026-09-04g_claude-opus-5-api-generic-v8_rep1/AI_READI_d4d.yaml,Maintenance,retention_limit,populated
AI_READI,api,v8,2,data/d4d_concatenated/claudecode_api/2026-09-04g_claude-opus-5-api-generic-v8_rep2/AI_READI_d4d.yaml,Maintenance,retention_limit,populated
AI_READI,api,v8,3,data/d4d_concatenated/claudecode_api/2026-09-04g_claude-opus-5-api-generic-v8_rep3/AI_READI_d4d.yaml,Maintenance,retention_limit,populated
AI_READI,agentic,v6,1,data/d4d_concatenated/claudecode_agent/2026-08-28_claude-opus-5-claudecode-generic-v6_rep1/AI_READI_d4d.yaml,Maintenance,retention_limit,populated
AI_READI,agentic,v6,2,data/d4d_concatenated/claudecode_agent/2026-08-28_claude-opus-5-claudecode-generic-v6_rep2/AI_READI_d4d.yaml,Maintenance,retention_limit,populated
AI_READI,agentic,v6,3,data/d4d_concatenated/claudecode_agent/2026-08-28_claude-opus-5-claudecode-generic-v6_rep3/AI_READI_d4d.yaml,Maintenance,retention_limit,populated
AI_READI,direct,,,,Maintenance,retention_limit,no_record
CHORUS,api,v7,1,data/d4d_concatenated/claudecode_agent/2026-09-01_claude-opus-5-api-generic-v7_rep1/CHORUS_d4d.yaml,Maintenance,retention_limit,empty
CHORUS,api,v7,2,data/d4d_concatenated/claudecode_agent/2026-09-01_claude-opus-5-api-generic-v7_rep2/CHORUS_d4d.yaml,Maintenance,retention_limit,empty
CHORUS,api,v7,3,data/d4d_concatenated/claudecode_agent/2026-09-01_claude-opus-5-api-generic-v7_rep3/CHORUS_d4d.yaml,Maintenance,retention_limit,empty
CHORUS,api,v8,1,data/d4d_concatenated/claudecode_api/2026-09-04f_claude-opus-5-api-generic-v8_rep1/CHORUS_d4d.yaml,Maintenance,retention_limit,empty
CHORUS,api,v8,2,data/d4d_concatenated/claudecode_api/2026-09-04f_claude-opus-5-api-generic-v8_rep2/CHORUS_d4d.yaml,Maintenance,retention_limit,empty
CHORUS,api,v8,3,data/d4d_concatenated/claudecode_api/2026-09-04f_claude-opus-5-api-generic-v8_rep3/CHORUS_d4d.yaml,Maintenance,retention_limit,empty
CHORUS,agentic,v6,1,data/d4d_concatenated/claudecode_agent/2026-08-28_claude-opus-5-claudecode-generic-v6_rep1/CHORUS_d4d.yaml,Maintenance,retention_limit,empty
CHORUS,agentic,v6,2,data/d4d_concatenated/claudecode_agent/2026-08-28_claude-opus-5-claudecode-generic-v6_rep2/CHORUS_d4d.yaml,Maintenance,retention_limit,empty
CHORUS,agentic,v6,3,data/d4d_concatenated/claudecode_agent/2026-08-28_claude-opus-5-claudecode-generic-v6_rep3/CHORUS_d4d.yaml,Maintenance,retention_limit,empty
CHORUS,direct,,,,Maintenance,retention_limit,no_record
CM4AI,api,v7,1,data/d4d_concatenated/claudecode_agent/2026-09-01_claude-opus-5-api-generic-v7_rep1/CM4AI_d4d.yaml,Maintenance,retention_limit,populated
CM4AI,api,v7,2,data/d4d_concatenated/claudecode_agent/2026-09-01_claude-opus-5-api-generic-v7_rep2/CM4AI_d4d.yaml,Maintenance,retention_limit,populated
CM4AI,api,v7,3,data/d4d_concatenated/claudecode_agent/2026-09-01_claude-opus-5-api-generic-v7_rep3/CM4AI_d4d.yaml,Maintenance,retention_limit,populated
CM4AI,api,v8,1,data/d4d_concatenated/claudecode_api/2026-09-04g_claude-opus-5-api-generic-v8_rep1/CM4AI_d4d.yaml,Maintenance,retention_limit,populated
CM4AI,api,v8,2,data/d4d_concatenated/claudecode_api/2026-09-04g_claude-opus-5-api-generic-v8_rep2/CM4AI_d4d.yaml,Maintenance,retention_limit,populated
CM4AI,api,v8,3,data/d4d_concatenated/claudecode_api/2026-09-04g_claude-opus-5-api-generic-v8_rep3/CM4AI_d4d.yaml,Maintenance,retention_limit,populated
CM4AI,agentic,v6,1,data/d4d_concatenated/claudecode_agent/2026-08-28_claude-opus-5-claudecode-generic-v6_rep1/CM4AI_d4d.yaml,Maintenance,retention_limit,populated
CM4AI,agentic,v6,2,data/d4d_concatenated/claudecode_agent/2026-08-28_claude-opus-5-claudecode-generic-v6_rep2/CM4AI_d4d.yaml,Maintenance,retention_limit,populated
CM4AI,agentic,v6,3,data/d4d_concatenated/claudecode_agent/2026-08-28_claude-opus-5-claudecode-generic-v6_rep3/CM4AI_d4d.yaml,Maintenance,retention_limit,populated
CM4AI,direct,,,,Maintenance,retention_limit,no_record
VOICE,api,v7,1,data/d4d_concatenated/claudecode_agent/2026-09-01_claude-opus-5-api-generic-v7_rep1/VOICE_d4d.yaml,Maintenance,retention_limit,populated
VOICE,api,v7,2,data/d4d_concatenated/claudecode_agent/2026-09-01_claude-opus-5-api-generic-v7_rep2/VOICE_d4d.yaml,Maintenance,retention_limit,populated
VOICE,api,v7,3,data/d4d_concatenated/claudecode_agent/2026-09-01_claude-opus-5-api-generic-v7_rep3/VOICE_d4d.yaml,Maintenance,retention_limit,populated
VOICE,api,v8,1,data/d4d_concatenated/claudecode_api/2026-09-04f_claude-opus-5-api-generic-v8_rep1/VOICE_d4d.yaml,Maintenance,retention_limit,populated
VOICE,api,v8,2,data/d4d_concatenated/claudecode_api/2026-09-04f_claude-opus-5-api-generic-v8_rep2/VOICE_d4d.yaml,Maintenance,retention_limit,populated
VOICE,api,v8,3,data/d4d_concatenated/claudecode_api/2026-09-04f_claude-opus-5-api-generic-v8_rep3/VOICE_d4d.yaml,Maintenance,retention_limit,populated
VOICE,agentic,v6,1,data/d4d_concatenated/claudecode_agent/2026-08-28_claude-opus-5-claudecode-generic-v6_rep1/VOICE_d4d.yaml,Maintenance,retention_limit,populated
VOICE,agentic,v6,2,data/d4d_concatenated/claudecode_agent/2026-08-28_claude-opus-5-claudecode-generic-v6_rep2/VOICE_d4d.yaml,Maintenance,retention_limit,populated
VOICE,agentic,v6,3,data/d4d_concatenated/claudecode_agent/2026-08-28_claude-opus-5-claudecode-generic-v6_rep3/VOICE_d4d.yaml,Maintenance,retention_limit,populated
VOICE,direct,,,,Maintenance,retention_limit,no_record
AI_READI,api,v7,1,data/d4d_concatenated/claudecode_agent/2026-09-01_claude-opus-5-api-generic-v7_rep1/AI_READI_d4d.yaml,Maintenance,version_access,populated
AI_READI,api,v7,2,data/d4d_concatenated/claudecode_agent/2026-09-01_claude-opus-5-api-generic-v7_rep2/AI_READI_d4d.yaml,Maintenance,version_access,populated
AI_READI,api,v7,3,data/d4d_concatenated/claudecode_agent/2026-09-01_claude-opus-5-api-generic-v7_rep3/AI_READI_d4d.yaml,Maintenance,version_access,populated
AI_READI,api,v8,1,data/d4d_concatenated/claudecode_api/2026-09-04g_claude-opus-5-api-generic-v8_rep1/AI_READI_d4d.yaml,Maintenance,version_access,populated
AI_READI,api,v8,2,data/d4d_concatenated/claudecode_api/2026-09-04g_claude-opus-5-api-generic-v8_rep2/AI_READI_d4d.yaml,Maintenance,version_access,populated
AI_READI,api,v8,3,data/d4d_concatenated/claudecode_api/2026-09-04g_claude-opus-5-api-generic-v8_rep3/AI_READI_d4d.yaml,Maintenance,version_access,populated
AI_READI,agentic,v6,1,data/d4d_concatenated/claudecode_agent/2026-08-28_claude-opus-5-claudecode-generic-v6_rep1/AI_READI_d4d.yaml,Maintenance,version_access,populated
AI_READI,agentic,v6,2,data/d4d_concatenated/claudecode_agent/2026-08-28_claude-opus-5-claudecode-generic-v6_rep2/AI_READI_d4d.yaml,Maintenance,version_access,populated
AI_READI,agentic,v6,3,data/d4d_concatenated/claudecode_agent/2026-08-28_claude-opus-5-claudecode-generic-v6_rep3/AI_READI_d4d.yaml,Maintenance,version_access,populated
AI_READI,direct,,,,Maintenance,version_access,no_record
CHORUS,api,v7,1,data/d4d_concatenated/claudecode_agent/2026-09-01_claude-opus-5-api-generic-v7_rep1/CHORUS_d4d.yaml,Maintenance,version_access,empty
CHORUS,api,v7,2,data/d4d_concatenated/claudecode_agent/2026-09-01_claude-opus-5-api-generic-v7_rep2/CHORUS_d4d.yaml,Maintenance,version_access,empty
CHORUS,api,v7,3,data/d4d_concatenated/claudecode_agent/2026-09-01_claude-opus-5-api-generic-v7_rep3/CHORUS_d4d.yaml,Maintenance,version_access,empty
CHORUS,api,v8,1,data/d4d_concatenated/claudecode_api/2026-09-04f_claude-opus-5-api-generic-v8_rep1/CHORUS_d4d.yaml,Maintenance,version_access,empty
CHORUS,api,v8,2,data/d4d_concatenated/claudecode_api/2026-09-04f_claude-opus-5-api-generic-v8_rep2/CHORUS_d4d.yaml,Maintenance,version_access,empty
CHORUS,api,v8,3,data/d4d_concatenated/claudecode_api/2026-09-04f_claude-opus-5-api-generic-v8_rep3/CHORUS_d4d.yaml,Maintenance,version_access,empty
CHORUS,agentic,v6,1,data/d4d_concatenated/claudecode_agent/2026-08-28_claude-opus-5-claudecode-generic-v6_rep1/CHORUS_d4d.yaml,Maintenance,version_access,empty
CHORUS,agentic,v6,2,data/d4d_concatenated/claudecode_agent/2026-08-28_claude-opus-5-claudecode-generic-v6_rep2/CHORUS_d4d.yaml,Maintenance,version_access,empty
CHORUS,agentic,v6,3,data/d4d_concatenated/claudecode_agent/2026-08-28_claude-opus-5-claudecode-generic-v6_rep3/CHORUS_d4d.yaml,Maintenance,version_access,empty
CHORUS,direct,,,,Maintenance,version_access,no_record
CM4AI,api,v7,1,data/d4d_concatenated/claudecode_agent/2026-09-01_claude-opus-5-api-generic-v7_rep1/CM4AI_d4d.yaml,Maintenance,version_access,populated
CM4AI,api,v7,2,data/d4d_concatenated/claudecode_agent/2026-09-01_claude-opus-5-api-generic-v7_rep2/CM4AI_d4d.yaml,Maintenance,version_access,populated
CM4AI,api,v7,3,data/d4d_concatenated/claudecode_agent/2026-09-01_claude-opus-5-api-generic-v7_rep3/CM4AI_d4d.yaml,Maintenance,version_access,populated
CM4AI,api,v8,1,data/d4d_concatenated/claudecode_api/2026-09-04g_claude-opus-5-api-generic-v8_rep1/CM4AI_d4d.yaml,Maintenance,version_access,populated
CM4AI,api,v8,2,data/d4d_concatenated/claudecode_api/2026-09-04g_claude-opus-5-api-generic-v8_rep2/CM4AI_d4d.yaml,Maintenance,version_access,populated
CM4AI,api,v8,3,data/d4d_concatenated/claudecode_api/2026-09-04g_claude-opus-5-api-generic-v8_rep3/CM4AI_d4d.yaml,Maintenance,version_access,populated
CM4AI,agentic,v6,1,data/d4d_concatenated/claudecode_agent/2026-08-28_claude-opus-5-claudecode-generic-v6_rep1/CM4AI_d4d.yaml,Maintenance,version_access,populated
CM4AI,agentic,v6,2,data/d4d_concatenated/claudecode_agent/2026-08-28_claude-opus-5-claudecode-generic-v6_rep2/CM4AI_d4d.yaml,Maintenance,version_access,populated
CM4AI,agentic,v6,3,data/d4d_concatenated/claudecode_agent/2026-08-28_claude-opus-5-claudecode-generic-v6_rep3/CM4AI_d4d.yaml,Maintenance,version_access,populated
CM4AI,direct,,,,Maintenance,version_access,no_record
VOICE,api,v7,1,data/d4d_concatenated/claudecode_agent/2026-09-01_claude-opus-5-api-generic-v7_rep1/VOICE_d4d.yaml,Maintenance,version_access,populated
VOICE,api,v7,2,data/d4d_concatenated/claudecode_agent/2026-09-01_claude-opus-5-api-generic-v7_rep2/VOICE_d4d.yaml,Maintenance,version_access,populated
VOICE,api,v7,3,data/d4d_concatenated/claudecode_agent/2026-09-01_claude-opus-5-api-generic-v7_rep3/VOICE_d4d.yaml,Maintenance,version_access,populated
VOICE,api,v8,1,data/d4d_concatenated/claudecode_api/2026-09-04f_claude-opus-5-api-generic-v8_rep1/VOICE_d4d.yaml,Maintenance,version_access,populated
VOICE,api,v8,2,data/d4d_concatenated/claudecode_api/2026-09-04f_claude-opus-5-api-generic-v8_rep2/VOICE_d4d.yaml,Maintenance,version_access,populated
VOICE,api,v8,3,data/d4d_concatenated/claudecode_api/2026-09-04f_claude-opus-5-api-generic-v8_rep3/VOICE_d4d.yaml,Maintenance,version_access,populated
VOICE,agentic,v6,1,data/d4d_concatenated/claudecode_agent/2026-08-28_claude-opus-5-claudecode-generic-v6_rep1/VOICE_d4d.yaml,Maintenance,version_access,populated
VOICE,agentic,v6,2,data/d4d_concatenated/claudecode_agent/2026-08-28_claude-opus-5-claudecode-generic-v6_rep2/VOICE_d4d.yaml,Maintenance,version_access,populated
VOICE,agentic,v6,3,data/d4d_concatenated/claudecode_agent/2026-08-28_claude-opus-5-claudecode-generic-v6_rep3/VOICE_d4d.yaml,Maintenance,version_access,populated
VOICE,direct,,,,Maintenance,version_access,no_record
AI_READI,api,v7,1,data/d4d_concatenated/claudecode_agent/2026-09-01_claude-opus-5-api-generic-v7_rep1/AI_READI_d4d.yaml,Maintenance,extension_mechanism,empty
AI_READI,api,v7,2,data/d4d_concatenated/claudecode_agent/2026-09-01_claude-opus-5-api-generic-v7_rep2/AI_READI_d4d.yaml,Maintenance,extension_mechanism,populated
AI_READI,api,v7,3,data/d4d_concatenated/claudecode_agent/2026-09-01_claude-opus-5-api-generic-v7_rep3/AI_READI_d4d.yaml,Maintenance,extension_mechanism,empty
AI_READI,api,v8,1,data/d4d_concatenated/claudecode_api/2026-09-04g_claude-opus-5-api-generic-v8_rep1/AI_READI_d4d.yaml,Maintenance,extension_mechanism,populated
AI_READI,api,v8,2,data/d4d_concatenated/claudecode_api/2026-09-04g_claude-opus-5-api-generic-v8_rep2/AI_READI_d4d.yaml,Maintenance,extension_mechanism,empty
AI_READI,api,v8,3,data/d4d_concatenated/claudecode_api/2026-09-04g_claude-opus-5-api-generic-v8_rep3/AI_READI_d4d.yaml,Maintenance,extension_mechanism,populated
AI_READI,agentic,v6,1,data/d4d_concatenated/claudecode_agent/2026-08-28_claude-opus-5-claudecode-generic-v6_rep1/AI_READI_d4d.yaml,Maintenance,extension_mechanism,populated
AI_READI,agentic,v6,2,data/d4d_concatenated/claudecode_agent/2026-08-28_claude-opus-5-claudecode-generic-v6_rep2/AI_READI_d4d.yaml,Maintenance,extension_mechanism,populated
AI_READI,agentic,v6,3,data/d4d_concatenated/claudecode_agent/2026-08-28_claude-opus-5-claudecode-generic-v6_rep3/AI_READI_d4d.yaml,Maintenance,extension_mechanism,populated
AI_READI,direct,,,,Maintenance,extension_mechanism,no_record
CHORUS,api,v7,1,data/d4d_concatenated/claudecode_agent/2026-09-01_claude-opus-5-api-generic-v7_rep1/CHORUS_d4d.yaml,Maintenance,extension_mechanism,populated
CHORUS,api,v7,2,data/d4d_concatenated/claudecode_agent/2026-09-01_claude-opus-5-api-generic-v7_rep2/CHORUS_d4d.yaml,Maintenance,extension_mechanism,populated
CHORUS,api,v7,3,data/d4d_concatenated/claudecode_agent/2026-09-01_claude-opus-5-api-generic-v7_rep3/CHORUS_d4d.yaml,Maintenance,extension_mechanism,populated
CHORUS,api,v8,1,data/d4d_concatenated/claudecode_api/2026-09-04f_claude-opus-5-api-generic-v8_rep1/CHORUS_d4d.yaml,Maintenance,extension_mechanism,populated
CHORUS,api,v8,2,data/d4d_concatenated/claudecode_api/2026-09-04f_claude-opus-5-api-generic-v8_rep2/CHORUS_d4d.yaml,Maintenance,extension_mechanism,populated
CHORUS,api,v8,3,data/d4d_concatenated/claudecode_api/2026-09-04f_claude-opus-5-api-generic-v8_rep3/CHORUS_d4d.yaml,Maintenance,extension_mechanism,populated
CHORUS,agentic,v6,1,data/d4d_concatenated/claudecode_agent/2026-08-28_claude-opus-5-claudecode-generic-v6_rep1/CHORUS_d4d.yaml,Maintenance,extension_mechanism,empty
CHORUS,agentic,v6,2,data/d4d_concatenated/claudecode_agent/2026-08-28_claude-opus-5-claudecode-generic-v6_rep2/CHORUS_d4d.yaml,Maintenance,extension_mechanism,populated
CHORUS,agentic,v6,3,data/d4d_concatenated/claudecode_agent/2026-08-28_claude-opus-5-claudecode-generic-v6_rep3/CHORUS_d4d.yaml,Maintenance,extension_mechanism,populated
CHORUS,direct,,,,Maintenance,extension_mechanism,no_record
CM4AI,api,v7,1,data/d4d_concatenated/claudecode_agent/2026-09-01_claude-opus-5-api-generic-v7_rep1/CM4AI_d4d.yaml,Maintenance,extension_mechanism,populated
CM4AI,api,v7,2,data/d4d_concatenated/claudecode_agent/2026-09-01_claude-opus-5-api-generic-v7_rep2/CM4AI_d4d.yaml,Maintenance,extension_mechanism,populated
CM4AI,api,v7,3,data/d4d_concatenated/claudecode_agent/2026-09-01_claude-opus-5-api-generic-v7_rep3/CM4AI_d4d.yaml,Maintenance,extension_mechanism,empty
CM4AI,api,v8,1,data/d4d_concatenated/claudecode_api/2026-09-04g_claude-opus-5-api-generic-v8_rep1/CM4AI_d4d.yaml,Maintenance,extension_mechanism,empty
CM4AI,api,v8,2,data/d4d_concatenated/claudecode_api/2026-09-04g_claude-opus-5-api-generic-v8_rep2/CM4AI_d4d.yaml,Maintenance,extension_mechanism,empty
CM4AI,api,v8,3,data/d4d_concatenated/claudecode_api/2026-09-04g_claude-opus-5-api-generic-v8_rep3/CM4AI_d4d.yaml,Maintenance,extension_mechanism,empty
CM4AI,agentic,v6,1,data/d4d_concatenated/claudecode_agent/2026-08-28_claude-opus-5-claudecode-generic-v6_rep1/CM4AI_d4d.yaml,Maintenance,extension_mechanism,empty
CM4AI,agentic,v6,2,data/d4d_concatenated/claudecode_agent/2026-08-28_claude-opus-5-claudecode-generic-v6_rep2/CM4AI_d4d.yaml,Maintenance,extension_mechanism,empty
CM4AI,agentic,v6,3,data/d4d_concatenated/claudecode_agent/2026-08-28_claude-opus-5-claudecode-generic-v6_rep3/CM4AI_d4d.yaml,Maintenance,extension_mechanism,empty
CM4AI,direct,,,,Maintenance,extension_mechanism,no_record
VOICE,api,v7,1,data/d4d_concatenated/claudecode_agent/2026-09-01_claude-opus-5-api-generic-v7_rep1/VOICE_d4d.yaml,Maintenance,extension_mechanism,populated
VOICE,api,v7,2,data/d4d_concatenated/claudecode_agent/2026-09-01_claude-opus-5-api-generic-v7_rep2/VOICE_d4d.yaml,Maintenance,extension_mechanism,populated
VOICE,api,v7,3,data/d4d_concatenated/claudecode_agent/2026-09-01_claude-opus-5-api-generic-v7_rep3/VOICE_d4d.yaml,Maintenance,extension_mechanism,populated
VOICE,api,v8,1,data/d4d_concatenated/claudecode_api/2026-09-04f_claude-opus-5-api-generic-v8_rep1/VOICE_d4d.yaml,Maintenance,extension_mechanism,populated
VOICE,api,v8,2,data/d4d_concatenated/claudecode_api/2026-09-04f_claude-opus-5-api-generic-v8_rep2/VOICE_d4d.yaml,Maintenance,extension_mechanism,populated
VOICE,api,v8,3,data/d4d_concatenated/claudecode_api/2026-09-04f_claude-opus-5-api-generic-v8_rep3/VOICE_d4d.yaml,Maintenance,extension_mechanism,populated
VOICE,agentic,v6,1,data/d4d_concatenated/claudecode_agent/2026-08-28_claude-opus-5-claudecode-generic-v6_rep1/VOICE_d4d.yaml,Maintenance,extension_mechanism,populated
VOICE,agentic,v6,2,data/d4d_concatenated/claudecode_agent/2026-08-28_claude-opus-5-claudecode-generic-v6_rep2/VOICE_d4d.yaml,Maintenance,extension_mechanism,populated
VOICE,agentic,v6,3,data/d4d_concatenated/claudecode_agent/2026-08-28_claude-opus-5-claudecode-generic-v6_rep3/VOICE_d4d.yaml,Maintenance,extension_mechanism,populated
VOICE,direct,,,,Maintenance,extension_mechanism,no_record
AI_READI,api,v7,1,data/d4d_concatenated/claudecode_agent/2026-09-01_claude-opus-5-api-generic-v7_rep1/AI_READI_d4d.yaml,Ethics,collection_notifications,populated
AI_READI,api,v7,2,data/d4d_concatenated/claudecode_agent/2026-09-01_claude-opus-5-api-generic-v7_rep2/AI_READI_d4d.yaml,Ethics,collection_notifications,populated
AI_READI,api,v7,3,data/d4d_concatenated/claudecode_agent/2026-09-01_claude-opus-5-api-generic-v7_rep3/AI_READI_d4d.yaml,Ethics,collection_notifications,populated
AI_READI,api,v8,1,data/d4d_concatenated/claudecode_api/2026-09-04g_claude-opus-5-api-generic-v8_rep1/AI_READI_d4d.yaml,Ethics,collection_notifications,populated
AI_READI,api,v8,2,data/d4d_concatenated/claudecode_api/2026-09-04g_claude-opus-5-api-generic-v8_rep2/AI_READI_d4d.yaml,Ethics,collection_notifications,populated
AI_READI,api,v8,3,data/d4d_concatenated/claudecode_api/2026-09-04g_claude-opus-5-api-generic-v8_rep3/AI_READI_d4d.yaml,Ethics,collection_notifications,populated
AI_READI,agentic,v6,1,data/d4d_concatenated/claudecode_agent/2026-08-28_claude-opus-5-claudecode-generic-v6_rep1/AI_READI_d4d.yaml,Ethics,collection_notifications,populated
AI_READI,agentic,v6,2,data/d4d_concatenated/claudecode_agent/2026-08-28_claude-opus-5-claudecode-generic-v6_rep2/AI_READI_d4d.yaml,Ethics,collection_notifications,populated
AI_READI,agentic,v6,3,data/d4d_concatenated/claudecode_agent/2026-08-28_claude-opus-5-claudecode-generic-v6_rep3/AI_READI_d4d.yaml,Ethics,collection_notifications,populated
AI_READI,direct,,,,Ethics,collection_notifications,no_record
CHORUS,api,v7,1,data/d4d_concatenated/claudecode_agent/2026-09-01_claude-opus-5-api-generic-v7_rep1/CHORUS_d4d.yaml,Ethics,collection_notifications,empty
CHORUS,api,v7,2,data/d4d_concatenated/claudecode_agent/2026-09-01_claude-opus-5-api-generic-v7_rep2/CHORUS_d4d.yaml,Ethics,collection_notifications,empty
CHORUS,api,v7,3,data/d4d_concatenated/claudecode_agent/2026-09-01_claude-opus-5-api-generic-v7_rep3/CHORUS_d4d.yaml,Ethics,collection_notifications,empty
CHORUS,api,v8,1,data/d4d_concatenated/claudecode_api/2026-09-04f_claude-opus-5-api-generic-v8_rep1/CHORUS_d4d.yaml,Ethics,collection_notifications,empty
CHORUS,api,v8,2,data/d4d_concatenated/claudecode_api/2026-09-04f_claude-opus-5-api-generic-v8_rep2/CHORUS_d4d.yaml,Ethics,collection_notifications,empty
CHORUS,api,v8,3,data/d4d_concatenated/claudecode_api/2026-09-04f_claude-opus-5-api-generic-v8_rep3/CHORUS_d4d.yaml,Ethics,collection_notifications,empty
CHORUS,agentic,v6,1,data/d4d_concatenated/claudecode_agent/2026-08-28_claude-opus-5-claudecode-generic-v6_rep1/CHORUS_d4d.yaml,Ethics,collection_notifications,empty
CHORUS,agentic,v6,2,data/d4d_concatenated/claudecode_agent/2026-08-28_claude-opus-5-claudecode-generic-v6_rep2/CHORUS_d4d.yaml,Ethics,collection_notifications,empty
CHORUS,agentic,v6,3,data/d4d_concatenated/claudecode_agent/2026-08-28_claude-opus-5-claudecode-generic-v6_rep3/CHORUS_d4d.yaml,Ethics,collection_notifications,empty
CHORUS,direct,,,,Ethics,collection_notifications,no_record
CM4AI,api,v7,1,data/d4d_concatenated/claudecode_agent/2026-09-01_claude-opus-5-api-generic-v7_rep1/CM4AI_d4d.yaml,Ethics,collection_notifications,empty
CM4AI,api,v7,2,data/d4d_concatenated/claudecode_agent/2026-09-01_claude-opus-5-api-generic-v7_rep2/CM4AI_d4d.yaml,Ethics,collection_notifications,empty
CM4AI,api,v7,3,data/d4d_concatenated/claudecode_agent/2026-09-01_claude-opus-5-api-generic-v7_rep3/CM4AI_d4d.yaml,Ethics,collection_notifications,empty
CM4AI,api,v8,1,data/d4d_concatenated/claudecode_api/2026-09-04g_claude-opus-5-api-generic-v8_rep1/CM4AI_d4d.yaml,Ethics,collection_notifications,empty
CM4AI,api,v8,2,data/d4d_concatenated/claudecode_api/2026-09-04g_claude-opus-5-api-generic-v8_rep2/CM4AI_d4d.yaml,Ethics,collection_notifications,empty
CM4AI,api,v8,3,data/d4d_concatenated/claudecode_api/2026-09-04g_claude-opus-5-api-generic-v8_rep3/CM4AI_d4d.yaml,Ethics,collection_notifications,empty
CM4AI,agentic,v6,1,data/d4d_concatenated/claudecode_agent/2026-08-28_claude-opus-5-claudecode-generic-v6_rep1/CM4AI_d4d.yaml,Ethics,collection_notifications,empty
CM4AI,agentic,v6,2,data/d4d_concatenated/claudecode_agent/2026-08-28_claude-opus-5-claudecode-generic-v6_rep2/CM4AI_d4d.yaml,Ethics,collection_notifications,empty
CM4AI,agentic,v6,3,data/d4d_concatenated/claudecode_agent/2026-08-28_claude-opus-5-claudecode-generic-v6_rep3/CM4AI_d4d.yaml,Ethics,collection_notifications,empty
CM4AI,direct,,,,Ethics,collection_notifications,no_record
VOICE,api,v7,1,data/d4d_concatenated/claudecode_agent/2026-09-01_claude-opus-5-api-generic-v7_rep1/VOICE_d4d.yaml,Ethics,collection_notifications,populated
VOICE,api,v7,2,data/d4d_concatenated/claudecode_agent/2026-09-01_claude-opus-5-api-generic-v7_rep2/VOICE_d4d.yaml,Ethics,collection_notifications,populated
VOICE,api,v7,3,data/d4d_concatenated/claudecode_agent/2026-09-01_claude-opus-5-api-generic-v7_rep3/VOICE_d4d.yaml,Ethics,collection_notifications,populated
VOICE,api,v8,1,data/d4d_concatenated/claudecode_api/2026-09-04f_claude-opus-5-api-generic-v8_rep1/VOICE_d4d.yaml,Ethics,collection_notifications,populated
VOICE,api,v8,2,data/d4d_concatenated/claudecode_api/2026-09-04f_claude-opus-5-api-generic-v8_rep2/VOICE_d4d.yaml,Ethics,collection_notifications,populated
VOICE,api,v8,3,data/d4d_concatenated/claudecode_api/2026-09-04f_claude-opus-5-api-generic-v8_rep3/VOICE_d4d.yaml,Ethics,collection_notifications,populated
VOICE,agentic,v6,1,data/d4d_concatenated/claudecode_agent/2026-08-28_claude-opus-5-claudecode-generic-v6_rep1/VOICE_d4d.yaml,Ethics,collection_notifications,populated
VOICE,agentic,v6,2,data/d4d_concatenated/claudecode_agent/2026-08-28_claude-opus-5-claudecode-generic-v6_rep2/VOICE_d4d.yaml,Ethics,collection_notifications,populated
VOICE,agentic,v6,3,data/d4d_concatenated/claudecode_agent/2026-08-28_claude-opus-5-claudecode-generic-v6_rep3/VOICE_d4d.yaml,Ethics,collection_notifications,populated
VOICE,direct,,,,Ethics,collection_notifications,no_record
AI_READI,api,v7,1,data/d4d_concatenated/claudecode_agent/2026-09-01_claude-opus-5-api-generic-v7_rep1/AI_READI_d4d.yaml,Ethics,collection_consents,populated
AI_READI,api,v7,2,data/d4d_concatenated/claudecode_agent/2026-09-01_claude-opus-5-api-generic-v7_rep2/AI_READI_d4d.yaml,Ethics,collection_consents,populated
AI_READI,api,v7,3,data/d4d_concatenated/claudecode_agent/2026-09-01_claude-opus-5-api-generic-v7_rep3/AI_READI_d4d.yaml,Ethics,collection_consents,populated
AI_READI,api,v8,1,data/d4d_concatenated/claudecode_api/2026-09-04g_claude-opus-5-api-generic-v8_rep1/AI_READI_d4d.yaml,Ethics,collection_consents,populated
AI_READI,api,v8,2,data/d4d_concatenated/claudecode_api/2026-09-04g_claude-opus-5-api-generic-v8_rep2/AI_READI_d4d.yaml,Ethics,collection_consents,populated
AI_READI,api,v8,3,data/d4d_concatenated/claudecode_api/2026-09-04g_claude-opus-5-api-generic-v8_rep3/AI_READI_d4d.yaml,Ethics,collection_consents,populated
AI_READI,agentic,v6,1,data/d4d_concatenated/claudecode_agent/2026-08-28_claude-opus-5-claudecode-generic-v6_rep1/AI_READI_d4d.yaml,Ethics,collection_consents,populated
AI_READI,agentic,v6,2,data/d4d_concatenated/claudecode_agent/2026-08-28_claude-opus-5-claudecode-generic-v6_rep2/AI_READI_d4d.yaml,Ethics,collection_consents,populated
AI_READI,agentic,v6,3,data/d4d_concatenated/claudecode_agent/2026-08-28_claude-opus-5-claudecode-generic-v6_rep3/AI_READI_d4d.yaml,Ethics,collection_consents,populated
AI_READI,direct,,,,Ethics,collection_consents,no_record
CHORUS,api,v7,1,data/d4d_concatenated/claudecode_agent/2026-09-01_claude-opus-5-api-generic-v7_rep1/CHORUS_d4d.yaml,Ethics,collection_consents,empty
CHORUS,api,v7,2,data/d4d_concatenated/claudecode_agent/2026-09-01_claude-opus-5-api-generic-v7_rep2/CHORUS_d4d.yaml,Ethics,collection_consents,empty
CHORUS,api,v7,3,data/d4d_concatenated/claudecode_agent/2026-09-01_claude-opus-5-api-generic-v7_rep3/CHORUS_d4d.yaml,Ethics,collection_consents,empty
CHORUS,api,v8,1,data/d4d_concatenated/claudecode_api/2026-09-04f_claude-opus-5-api-generic-v8_rep1/CHORUS_d4d.yaml,Ethics,collection_consents,empty
CHORUS,api,v8,2,data/d4d_concatenated/claudecode_api/2026-09-04f_claude-opus-5-api-generic-v8_rep2/CHORUS_d4d.yaml,Ethics,collection_consents,empty
CHORUS,api,v8,3,data/d4d_concatenated/claudecode_api/2026-09-04f_claude-opus-5-api-generic-v8_rep3/CHORUS_d4d.yaml,Ethics,collection_consents,empty
CHORUS,agentic,v6,1,data/d4d_concatenated/claudecode_agent/2026-08-28_claude-opus-5-claudecode-generic-v6_rep1/CHORUS_d4d.yaml,Ethics,collection_consents,empty
CHORUS,agentic,v6,2,data/d4d_concatenated/claudecode_agent/2026-08-28_claude-opus-5-claudecode-generic-v6_rep2/CHORUS_d4d.yaml,Ethics,collection_consents,empty
CHORUS,agentic,v6,3,data/d4d_concatenated/claudecode_agent/2026-08-28_claude-opus-5-claudecode-generic-v6_rep3/CHORUS_d4d.yaml,Ethics,collection_consents,empty
CHORUS,direct,,,,Ethics,collection_consents,no_record
CM4AI,api,v7,1,data/d4d_concatenated/claudecode_agent/2026-09-01_claude-opus-5-api-generic-v7_rep1/CM4AI_d4d.yaml,Ethics,collection_consents,empty
CM4AI,api,v7,2,data/d4d_concatenated/claudecode_agent/2026-09-01_claude-opus-5-api-generic-v7_rep2/CM4AI_d4d.yaml,Ethics,collection_consents,empty
CM4AI,api,v7,3,data/d4d_concatenated/claudecode_agent/2026-09-01_claude-opus-5-api-generic-v7_rep3/CM4AI_d4d.yaml,Ethics,collection_consents,empty
CM4AI,api,v8,1,data/d4d_concatenated/claudecode_api/2026-09-04g_claude-opus-5-api-generic-v8_rep1/CM4AI_d4d.yaml,Ethics,collection_consents,empty
CM4AI,api,v8,2,data/d4d_concatenated/claudecode_api/2026-09-04g_claude-opus-5-api-generic-v8_rep2/CM4AI_d4d.yaml,Ethics,collection_consents,empty
CM4AI,api,v8,3,data/d4d_concatenated/claudecode_api/2026-09-04g_claude-opus-5-api-generic-v8_rep3/CM4AI_d4d.yaml,Ethics,collection_consents,empty
CM4AI,agentic,v6,1,data/d4d_concatenated/claudecode_agent/2026-08-28_claude-opus-5-claudecode-generic-v6_rep1/CM4AI_d4d.yaml,Ethics,collection_consents,empty
CM4AI,agentic,v6,2,data/d4d_concatenated/claudecode_agent/2026-08-28_claude-opus-5-claudecode-generic-v6_rep2/CM4AI_d4d.yaml,Ethics,collection_consents,empty
CM4AI,agentic,v6,3,data/d4d_concatenated/claudecode_agent/2026-08-28_claude-opus-5-claudecode-generic-v6_rep3/CM4AI_d4d.yaml,Ethics,collection_consents,empty
CM4AI,direct,,,,Ethics,collection_consents,no_record
VOICE,api,v7,1,data/d4d_concatenated/claudecode_agent/2026-09-01_claude-opus-5-api-generic-v7_rep1/VOICE_d4d.yaml,Ethics,collection_consents,populated
VOICE,api,v7,2,data/d4d_concatenated/claudecode_agent/2026-09-01_claude-opus-5-api-generic-v7_rep2/VOICE_d4d.yaml,Ethics,collection_consents,populated
VOICE,api,v7,3,data/d4d_concatenated/claudecode_agent/2026-09-01_claude-opus-5-api-generic-v7_rep3/VOICE_d4d.yaml,Ethics,collection_consents,populated
VOICE,api,v8,1,data/d4d_concatenated/claudecode_api/2026-09-04f_claude-opus-5-api-generic-v8_rep1/VOICE_d4d.yaml,Ethics,collection_consents,populated
VOICE,api,v8,2,data/d4d_concatenated/claudecode_api/2026-09-04f_claude-opus-5-api-generic-v8_rep2/VOICE_d4d.yaml,Ethics,collection_consents,populated
VOICE,api,v8,3,data/d4d_concatenated/claudecode_api/2026-09-04f_claude-opus-5-api-generic-v8_rep3/VOICE_d4d.yaml,Ethics,collection_consents,populated
VOICE,agentic,v6,1,data/d4d_concatenated/claudecode_agent/2026-08-28_claude-opus-5-claudecode-generic-v6_rep1/VOICE_d4d.yaml,Ethics,collection_consents,populated
VOICE,agentic,v6,2,data/d4d_concatenated/claudecode_agent/2026-08-28_claude-opus-5-claudecode-generic-v6_rep2/VOICE_d4d.yaml,Ethics,collection_consents,populated
VOICE,agentic,v6,3,data/d4d_concatenated/claudecode_agent/2026-08-28_claude-opus-5-claudecode-generic-v6_rep3/VOICE_d4d.yaml,Ethics,collection_consents,populated
VOICE,direct,,,,Ethics,collection_consents,no_record
AI_READI,api,v7,1,data/d4d_concatenated/claudecode_agent/2026-09-01_claude-opus-5-api-generic-v7_rep1/AI_READI_d4d.yaml,Ethics,consent_revocations,populated
AI_READI,api,v7,2,data/d4d_concatenated/claudecode_agent/2026-09-01_claude-opus-5-api-generic-v7_rep2/AI_READI_d4d.yaml,Ethics,consent_revocations,populated
AI_READI,api,v7,3,data/d4d_concatenated/claudecode_agent/2026-09-01_claude-opus-5-api-generic-v7_rep3/AI_READI_d4d.yaml,Ethics,consent_revocations,populated
AI_READI,api,v8,1,data/d4d_concatenated/claudecode_api/2026-09-04g_claude-opus-5-api-generic-v8_rep1/AI_READI_d4d.yaml,Ethics,consent_revocations,populated
AI_READI,api,v8,2,data/d4d_concatenated/claudecode_api/2026-09-04g_claude-opus-5-api-generic-v8_rep2/AI_READI_d4d.yaml,Ethics,consent_revocations,populated
AI_READI,api,v8,3,data/d4d_concatenated/claudecode_api/2026-09-04g_claude-opus-5-api-generic-v8_rep3/AI_READI_d4d.yaml,Ethics,consent_revocations,populated
AI_READI,agentic,v6,1,data/d4d_concatenated/claudecode_agent/2026-08-28_claude-opus-5-claudecode-generic-v6_rep1/AI_READI_d4d.yaml,Ethics,consent_revocations,populated
AI_READI,agentic,v6,2,data/d4d_concatenated/claudecode_agent/2026-08-28_claude-opus-5-claudecode-generic-v6_rep2/AI_READI_d4d.yaml,Ethics,consent_revocations,populated
AI_READI,agentic,v6,3,data/d4d_concatenated/claudecode_agent/2026-08-28_claude-opus-5-claudecode-generic-v6_rep3/AI_READI_d4d.yaml,Ethics,consent_revocations,populated
AI_READI,direct,,,,Ethics,consent_revocations,no_record
CHORUS,api,v7,1,data/d4d_concatenated/claudecode_agent/2026-09-01_claude-opus-5-api-generic-v7_rep1/CHORUS_d4d.yaml,Ethics,consent_revocations,empty
CHORUS,api,v7,2,data/d4d_concatenated/claudecode_agent/2026-09-01_claude-opus-5-api-generic-v7_rep2/CHORUS_d4d.yaml,Ethics,consent_revocations,empty
CHORUS,api,v7,3,data/d4d_concatenated/claudecode_agent/2026-09-01_claude-opus-5-api-generic-v7_rep3/CHORUS_d4d.yaml,Ethics,consent_revocations,empty
CHORUS,api,v8,1,data/d4d_concatenated/claudecode_api/2026-09-04f_claude-opus-5-api-generic-v8_rep1/CHORUS_d4d.yaml,Ethics,consent_revocations,empty
CHORUS,api,v8,2,data/d4d_concatenated/claudecode_api/2026-09-04f_claude-opus-5-api-generic-v8_rep2/CHORUS_d4d.yaml,Ethics,consent_revocations,empty
CHORUS,api,v8,3,data/d4d_concatenated/claudecode_api/2026-09-04f_claude-opus-5-api-generic-v8_rep3/CHORUS_d4d.yaml,Ethics,consent_revocations,empty
CHORUS,agentic,v6,1,data/d4d_concatenated/claudecode_agent/2026-08-28_claude-opus-5-claudecode-generic-v6_rep1/CHORUS_d4d.yaml,Ethics,consent_revocations,empty
CHORUS,agentic,v6,2,data/d4d_concatenated/claudecode_agent/2026-08-28_claude-opus-5-claudecode-generic-v6_rep2/CHORUS_d4d.yaml,Ethics,consent_revocations,empty
CHORUS,agentic,v6,3,data/d4d_concatenated/claudecode_agent/2026-08-28_claude-opus-5-claudecode-generic-v6_rep3/CHORUS_d4d.yaml,Ethics,consent_revocations,empty
CHORUS,direct,,,,Ethics,consent_revocations,no_record
CM4AI,api,v7,1,data/d4d_concatenated/claudecode_agent/2026-09-01_claude-opus-5-api-generic-v7_rep1/CM4AI_d4d.yaml,Ethics,consent_revocations,empty
CM4AI,api,v7,2,data/d4d_concatenated/claudecode_agent/2026-09-01_claude-opus-5-api-generic-v7_rep2/CM4AI_d4d.yaml,Ethics,consent_revocations,empty
CM4AI,api,v7,3,data/d4d_concatenated/claudecode_agent/2026-09-01_claude-opus-5-api-generic-v7_rep3/CM4AI_d4d.yaml,Ethics,consent_revocations,empty
CM4AI,api,v8,1,data/d4d_concatenated/claudecode_api/2026-09-04g_claude-opus-5-api-generic-v8_rep1/CM4AI_d4d.yaml,Ethics,consent_revocations,empty
CM4AI,api,v8,2,data/d4d_concatenated/claudecode_api/2026-09-04g_claude-opus-5-api-generic-v8_rep2/CM4AI_d4d.yaml,Ethics,consent_revocations,empty
CM4AI,api,v8,3,data/d4d_concatenated/claudecode_api/2026-09-04g_claude-opus-5-api-generic-v8_rep3/CM4AI_d4d.yaml,Ethics,consent_revocations,empty
CM4AI,agentic,v6,1,data/d4d_concatenated/claudecode_agent/2026-08-28_claude-opus-5-claudecode-generic-v6_rep1/CM4AI_d4d.yaml,Ethics,consent_revocations,empty
CM4AI,agentic,v6,2,data/d4d_concatenated/claudecode_agent/2026-08-28_claude-opus-5-claudecode-generic-v6_rep2/CM4AI_d4d.yaml,Ethics,consent_revocations,empty
CM4AI,agentic,v6,3,data/d4d_concatenated/claudecode_agent/2026-08-28_claude-opus-5-claudecode-generic-v6_rep3/CM4AI_d4d.yaml,Ethics,consent_revocations,empty
CM4AI,direct,,,,Ethics,consent_revocations,no_record
VOICE,api,v7,1,data/d4d_concatenated/claudecode_agent/2026-09-01_claude-opus-5-api-generic-v7_rep1/VOICE_d4d.yaml,Ethics,consent_revocations,populated
VOICE,api,v7,2,data/d4d_concatenated/claudecode_agent/2026-09-01_claude-opus-5-api-generic-v7_rep2/VOICE_d4d.yaml,Ethics,consent_revocations,populated
VOICE,api,v7,3,data/d4d_concatenated/claudecode_agent/2026-09-01_claude-opus-5-api-generic-v7_rep3/VOICE_d4d.yaml,Ethics,consent_revocations,populated
VOICE,api,v8,1,data/d4d_concatenated/claudecode_api/2026-09-04f_claude-opus-5-api-generic-v8_rep1/VOICE_d4d.yaml,Ethics,consent_revocations,populated
VOICE,api,v8,2,data/d4d_concatenated/claudecode_api/2026-09-04f_claude-opus-5-api-generic-v8_rep2/VOICE_d4d.yaml,Ethics,consent_revocations,populated
VOICE,api,v8,3,data/d4d_concatenated/claudecode_api/2026-09-04f_claude-opus-5-api-generic-v8_rep3/VOICE_d4d.yaml,Ethics,consent_revocations,populated
VOICE,agentic,v6,1,data/d4d_concatenated/claudecode_agent/2026-08-28_claude-opus-5-claudecode-generic-v6_rep1/VOICE_d4d.yaml,Ethics,consent_revocations,populated
VOICE,agentic,v6,2,data/d4d_concatenated/claudecode_agent/2026-08-28_claude-opus-5-claudecode-generic-v6_rep2/VOICE_d4d.yaml,Ethics,consent_revocations,populated
VOICE,agentic,v6,3,data/d4d_concatenated/claudecode_agent/2026-08-28_claude-opus-5-claudecode-generic-v6_rep3/VOICE_d4d.yaml,Ethics,consent_revocations,populated
VOICE,direct,,,,Ethics,consent_revocations,no_record
AI_READI,api,v7,1,data/d4d_concatenated/claudecode_agent/2026-09-01_claude-opus-5-api-generic-v7_rep1/AI_READI_d4d.yaml,Ethics,ethical_reviews,populated
AI_READI,api,v7,2,data/d4d_concatenated/claudecode_agent/2026-09-01_claude-opus-5-api-generic-v7_rep2/AI_READI_d4d.yaml,Ethics,ethical_reviews,populated
AI_READI,api,v7,3,data/d4d_concatenated/claudecode_agent/2026-09-01_claude-opus-5-api-generic-v7_rep3/AI_READI_d4d.yaml,Ethics,ethical_reviews,populated
AI_READI,api,v8,1,data/d4d_concatenated/claudecode_api/2026-09-04g_claude-opus-5-api-generic-v8_rep1/AI_READI_d4d.yaml,Ethics,ethical_reviews,populated
AI_READI,api,v8,2,data/d4d_concatenated/claudecode_api/2026-09-04g_claude-opus-5-api-generic-v8_rep2/AI_READI_d4d.yaml,Ethics,ethical_reviews,populated
AI_READI,api,v8,3,data/d4d_concatenated/claudecode_api/2026-09-04g_claude-opus-5-api-generic-v8_rep3/AI_READI_d4d.yaml,Ethics,ethical_reviews,populated
AI_READI,agentic,v6,1,data/d4d_concatenated/claudecode_agent/2026-08-28_claude-opus-5-claudecode-generic-v6_rep1/AI_READI_d4d.yaml,Ethics,ethical_reviews,populated
AI_READI,agentic,v6,2,data/d4d_concatenated/claudecode_agent/2026-08-28_claude-opus-5-claudecode-generic-v6_rep2/AI_READI_d4d.yaml,Ethics,ethical_reviews,populated
AI_READI,agentic,v6,3,data/d4d_concatenated/claudecode_agent/2026-08-28_claude-opus-5-claudecode-generic-v6_rep3/AI_READI_d4d.yaml,Ethics,ethical_reviews,populated
AI_READI,direct,,,,Ethics,ethical_reviews,no_record
CHORUS,api,v7,1,data/d4d_concatenated/claudecode_agent/2026-09-01_claude-opus-5-api-generic-v7_rep1/CHORUS_d4d.yaml,Ethics,ethical_reviews,populated
CHORUS,api,v7,2,data/d4d_concatenated/claudecode_agent/2026-09-01_claude-opus-5-api-generic-v7_rep2/CHORUS_d4d.yaml,Ethics,ethical_reviews,populated
CHORUS,api,v7,3,data/d4d_concatenated/claudecode_agent/2026-09-01_claude-opus-5-api-generic-v7_rep3/CHORUS_d4d.yaml,Ethics,ethical_reviews,populated
CHORUS,api,v8,1,data/d4d_concatenated/claudecode_api/2026-09-04f_claude-opus-5-api-generic-v8_rep1/CHORUS_d4d.yaml,Ethics,ethical_reviews,populated
CHORUS,api,v8,2,data/d4d_concatenated/claudecode_api/2026-09-04f_claude-opus-5-api-generic-v8_rep2/CHORUS_d4d.yaml,Ethics,ethical_reviews,populated
CHORUS,api,v8,3,data/d4d_concatenated/claudecode_api/2026-09-04f_claude-opus-5-api-generic-v8_rep3/CHORUS_d4d.yaml,Ethics,ethical_reviews,populated
CHORUS,agentic,v6,1,data/d4d_concatenated/claudecode_agent/2026-08-28_claude-opus-5-claudecode-generic-v6_rep1/CHORUS_d4d.yaml,Ethics,ethical_reviews,populated
CHORUS,agentic,v6,2,data/d4d_concatenated/claudecode_agent/2026-08-28_claude-opus-5-claudecode-generic-v6_rep2/CHORUS_d4d.yaml,Ethics,ethical_reviews,populated
CHORUS,agentic,v6,3,data/d4d_concatenated/claudecode_agent/2026-08-28_claude-opus-5-claudecode-generic-v6_rep3/CHORUS_d4d.yaml,Ethics,ethical_reviews,populated
CHORUS,direct,,,,Ethics,ethical_reviews,no_record
CM4AI,api,v7,1,data/d4d_concatenated/claudecode_agent/2026-09-01_claude-opus-5-api-generic-v7_rep1/CM4AI_d4d.yaml,Ethics,ethical_reviews,populated
CM4AI,api,v7,2,data/d4d_concatenated/claudecode_agent/2026-09-01_claude-opus-5-api-generic-v7_rep2/CM4AI_d4d.yaml,Ethics,ethical_reviews,populated
CM4AI,api,v7,3,data/d4d_concatenated/claudecode_agent/2026-09-01_claude-opus-5-api-generic-v7_rep3/CM4AI_d4d.yaml,Ethics,ethical_reviews,populated
CM4AI,api,v8,1,data/d4d_concatenated/claudecode_api/2026-09-04g_claude-opus-5-api-generic-v8_rep1/CM4AI_d4d.yaml,Ethics,ethical_reviews,populated
CM4AI,api,v8,2,data/d4d_concatenated/claudecode_api/2026-09-04g_claude-opus-5-api-generic-v8_rep2/CM4AI_d4d.yaml,Ethics,ethical_reviews,populated
CM4AI,api,v8,3,data/d4d_concatenated/claudecode_api/2026-09-04g_claude-opus-5-api-generic-v8_rep3/CM4AI_d4d.yaml,Ethics,ethical_reviews,populated
CM4AI,agentic,v6,1,data/d4d_concatenated/claudecode_agent/2026-08-28_claude-opus-5-claudecode-generic-v6_rep1/CM4AI_d4d.yaml,Ethics,ethical_reviews,populated
CM4AI,agentic,v6,2,data/d4d_concatenated/claudecode_agent/2026-08-28_claude-opus-5-claudecode-generic-v6_rep2/CM4AI_d4d.yaml,Ethics,ethical_reviews,populated
CM4AI,agentic,v6,3,data/d4d_concatenated/claudecode_agent/2026-08-28_claude-opus-5-claudecode-generic-v6_rep3/CM4AI_d4d.yaml,Ethics,ethical_reviews,populated
CM4AI,direct,,,,Ethics,ethical_reviews,no_record
VOICE,api,v7,1,data/d4d_concatenated/claudecode_agent/2026-09-01_claude-opus-5-api-generic-v7_rep1/VOICE_d4d.yaml,Ethics,ethical_reviews,populated
VOICE,api,v7,2,data/d4d_concatenated/claudecode_agent/2026-09-01_claude-opus-5-api-generic-v7_rep2/VOICE_d4d.yaml,Ethics,ethical_reviews,populated
VOICE,api,v7,3,data/d4d_concatenated/claudecode_agent/2026-09-01_claude-opus-5-api-generic-v7_rep3/VOICE_d4d.yaml,Ethics,ethical_reviews,populated
VOICE,api,v8,1,data/d4d_concatenated/claudecode_api/2026-09-04f_claude-opus-5-api-generic-v8_rep1/VOICE_d4d.yaml,Ethics,ethical_reviews,populated
VOICE,api,v8,2,data/d4d_concatenated/claudecode_api/2026-09-04f_claude-opus-5-api-generic-v8_rep2/VOICE_d4d.yaml,Ethics,ethical_reviews,populated
VOICE,api,v8,3,data/d4d_concatenated/claudecode_api/2026-09-04f_claude-opus-5-api-generic-v8_rep3/VOICE_d4d.yaml,Ethics,ethical_reviews,populated
VOICE,agentic,v6,1,data/d4d_concatenated/claudecode_agent/2026-08-28_claude-opus-5-claudecode-generic-v6_rep1/VOICE_d4d.yaml,Ethics,ethical_reviews,populated
VOICE,agentic,v6,2,data/d4d_concatenated/claudecode_agent/2026-08-28_claude-opus-5-claudecode-generic-v6_rep2/VOICE_d4d.yaml,Ethics,ethical_reviews,populated
VOICE,agentic,v6,3,data/d4d_concatenated/claudecode_agent/2026-08-28_claude-opus-5-claudecode-generic-v6_rep3/VOICE_d4d.yaml,Ethics,ethical_reviews,populated
VOICE,direct,,,,Ethics,ethical_reviews,no_record
AI_READI,api,v7,1,data/d4d_concatenated/claudecode_agent/2026-09-01_claude-opus-5-api-generic-v7_rep1/AI_READI_d4d.yaml,Ethics,data_protection_impacts,empty
AI_READI,api,v7,2,data/d4d_concatenated/claudecode_agent/2026-09-01_claude-opus-5-api-generic-v7_rep2/AI_READI_d4d.yaml,Ethics,data_protection_impacts,populated
AI_READI,api,v7,3,data/d4d_concatenated/claudecode_agent/2026-09-01_claude-opus-5-api-generic-v7_rep3/AI_READI_d4d.yaml,Ethics,data_protection_impacts,empty
AI_READI,api,v8,1,data/d4d_concatenated/claudecode_api/2026-09-04g_claude-opus-5-api-generic-v8_rep1/AI_READI_d4d.yaml,Ethics,data_protection_impacts,empty
AI_READI,api,v8,2,data/d4d_concatenated/claudecode_api/2026-09-04g_claude-opus-5-api-generic-v8_rep2/AI_READI_d4d.yaml,Ethics,data_protection_impacts,empty
AI_READI,api,v8,3,data/d4d_concatenated/claudecode_api/2026-09-04g_claude-opus-5-api-generic-v8_rep3/AI_READI_d4d.yaml,Ethics,data_protection_impacts,populated
AI_READI,agentic,v6,1,data/d4d_concatenated/claudecode_agent/2026-08-28_claude-opus-5-claudecode-generic-v6_rep1/AI_READI_d4d.yaml,Ethics,data_protection_impacts,populated
AI_READI,agentic,v6,2,data/d4d_concatenated/claudecode_agent/2026-08-28_claude-opus-5-claudecode-generic-v6_rep2/AI_READI_d4d.yaml,Ethics,data_protection_impacts,populated
AI_READI,agentic,v6,3,data/d4d_concatenated/claudecode_agent/2026-08-28_claude-opus-5-claudecode-generic-v6_rep3/AI_READI_d4d.yaml,Ethics,data_protection_impacts,populated
AI_READI,direct,,,,Ethics,data_protection_impacts,no_record
CHORUS,api,v7,1,data/d4d_concatenated/claudecode_agent/2026-09-01_claude-opus-5-api-generic-v7_rep1/CHORUS_d4d.yaml,Ethics,data_protection_impacts,empty
CHORUS,api,v7,2,data/d4d_concatenated/claudecode_agent/2026-09-01_claude-opus-5-api-generic-v7_rep2/CHORUS_d4d.yaml,Ethics,data_protection_impacts,empty
CHORUS,api,v7,3,data/d4d_concatenated/claudecode_agent/2026-09-01_claude-opus-5-api-generic-v7_rep3/CHORUS_d4d.yaml,Ethics,data_protection_impacts,empty
CHORUS,api,v8,1,data/d4d_concatenated/claudecode_api/2026-09-04f_claude-opus-5-api-generic-v8_rep1/CHORUS_d4d.yaml,Ethics,data_protection_impacts,empty
CHORUS,api,v8,2,data/d4d_concatenated/claudecode_api/2026-09-04f_claude-opus-5-api-generic-v8_rep2/CHORUS_d4d.yaml,Ethics,data_protection_impacts,empty
CHORUS,api,v8,3,data/d4d_concatenated/claudecode_api/2026-09-04f_claude-opus-5-api-generic-v8_rep3/CHORUS_d4d.yaml,Ethics,data_protection_impacts,empty
CHORUS,agentic,v6,1,data/d4d_concatenated/claudecode_agent/2026-08-28_claude-opus-5-claudecode-generic-v6_rep1/CHORUS_d4d.yaml,Ethics,data_protection_impacts,empty
CHORUS,agentic,v6,2,data/d4d_concatenated/claudecode_agent/2026-08-28_claude-opus-5-claudecode-generic-v6_rep2/CHORUS_d4d.yaml,Ethics,data_protection_impacts,empty
CHORUS,agentic,v6,3,data/d4d_concatenated/claudecode_agent/2026-08-28_claude-opus-5-claudecode-generic-v6_rep3/CHORUS_d4d.yaml,Ethics,data_protection_impacts,empty
CHORUS,direct,,,,Ethics,data_protection_impacts,no_record
CM4AI,api,v7,1,data/d4d_concatenated/claudecode_agent/2026-09-01_claude-opus-5-api-generic-v7_rep1/CM4AI_d4d.yaml,Ethics,data_protection_impacts,empty
CM4AI,api,v7,2,data/d4d_concatenated/claudecode_agent/2026-09-01_claude-opus-5-api-generic-v7_rep2/CM4AI_d4d.yaml,Ethics,data_protection_impacts,empty
CM4AI,api,v7,3,data/d4d_concatenated/claudecode_agent/2026-09-01_claude-opus-5-api-generic-v7_rep3/CM4AI_d4d.yaml,Ethics,data_protection_impacts,empty
CM4AI,api,v8,1,data/d4d_concatenated/claudecode_api/2026-09-04g_claude-opus-5-api-generic-v8_rep1/CM4AI_d4d.yaml,Ethics,data_protection_impacts,empty
CM4AI,api,v8,2,data/d4d_concatenated/claudecode_api/2026-09-04g_claude-opus-5-api-generic-v8_rep2/CM4AI_d4d.yaml,Ethics,data_protection_impacts,empty
CM4AI,api,v8,3,data/d4d_concatenated/claudecode_api/2026-09-04g_claude-opus-5-api-generic-v8_rep3/CM4AI_d4d.yaml,Ethics,data_protection_impacts,empty
CM4AI,agentic,v6,1,data/d4d_concatenated/claudecode_agent/2026-08-28_claude-opus-5-claudecode-generic-v6_rep1/CM4AI_d4d.yaml,Ethics,data_protection_impacts,empty
CM4AI,agentic,v6,2,data/d4d_concatenated/claudecode_agent/2026-08-28_claude-opus-5-claudecode-generic-v6_rep2/CM4AI_d4d.yaml,Ethics,data_protection_impacts,empty
CM4AI,agentic,v6,3,data/d4d_concatenated/claudecode_agent/2026-08-28_claude-opus-5-claudecode-generic-v6_rep3/CM4AI_d4d.yaml,Ethics,data_protection_impacts,empty
CM4AI,direct,,,,Ethics,data_protection_impacts,no_record
VOICE,api,v7,1,data/d4d_concatenated/claudecode_agent/2026-09-01_claude-opus-5-api-generic-v7_rep1/VOICE_d4d.yaml,Ethics,data_protection_impacts,empty
VOICE,api,v7,2,data/d4d_concatenated/claudecode_agent/2026-09-01_claude-opus-5-api-generic-v7_rep2/VOICE_d4d.yaml,Ethics,data_protection_impacts,populated
VOICE,api,v7,3,data/d4d_concatenated/claudecode_agent/2026-09-01_claude-opus-5-api-generic-v7_rep3/VOICE_d4d.yaml,Ethics,data_protection_impacts,populated
VOICE,api,v8,1,data/d4d_concatenated/claudecode_api/2026-09-04f_claude-opus-5-api-generic-v8_rep1/VOICE_d4d.yaml,Ethics,data_protection_impacts,populated
VOICE,api,v8,2,data/d4d_concatenated/claudecode_api/2026-09-04f_claude-opus-5-api-generic-v8_rep2/VOICE_d4d.yaml,Ethics,data_protection_impacts,empty
VOICE,api,v8,3,data/d4d_concatenated/claudecode_api/2026-09-04f_claude-opus-5-api-generic-v8_rep3/VOICE_d4d.yaml,Ethics,data_protection_impacts,empty
VOICE,agentic,v6,1,data/d4d_concatenated/claudecode_agent/2026-08-28_claude-opus-5-claudecode-generic-v6_rep1/VOICE_d4d.yaml,Ethics,data_protection_impacts,populated
VOICE,agentic,v6,2,data/d4d_concatenated/claudecode_agent/2026-08-28_claude-opus-5-claudecode-generic-v6_rep2/VOICE_d4d.yaml,Ethics,data_protection_impacts,empty
VOICE,agentic,v6,3,data/d4d_concatenated/claudecode_agent/2026-08-28_claude-opus-5-claudecode-generic-v6_rep3/VOICE_d4d.yaml,Ethics,data_protection_impacts,empty
VOICE,direct,,,,Ethics,data_protection_impacts,no_record
AI_READI,api,v7,1,data/d4d_concatenated/claudecode_agent/2026-09-01_claude-opus-5-api-generic-v7_rep1/AI_READI_d4d.yaml,Human,human_subject_research,populated
AI_READI,api,v7,2,data/d4d_concatenated/claudecode_agent/2026-09-01_claude-opus-5-api-generic-v7_rep2/AI_READI_d4d.yaml,Human,human_subject_research,populated
AI_READI,api,v7,3,data/d4d_concatenated/claudecode_agent/2026-09-01_claude-opus-5-api-generic-v7_rep3/AI_READI_d4d.yaml,Human,human_subject_research,populated
AI_READI,api,v8,1,data/d4d_concatenated/claudecode_api/2026-09-04g_claude-opus-5-api-generic-v8_rep1/AI_READI_d4d.yaml,Human,human_subject_research,populated
AI_READI,api,v8,2,data/d4d_concatenated/claudecode_api/2026-09-04g_claude-opus-5-api-generic-v8_rep2/AI_READI_d4d.yaml,Human,human_subject_research,populated
AI_READI,api,v8,3,data/d4d_concatenated/claudecode_api/2026-09-04g_claude-opus-5-api-generic-v8_rep3/AI_READI_d4d.yaml,Human,human_subject_research,populated
AI_READI,agentic,v6,1,data/d4d_concatenated/claudecode_agent/2026-08-28_claude-opus-5-claudecode-generic-v6_rep1/AI_READI_d4d.yaml,Human,human_subject_research,populated
AI_READI,agentic,v6,2,data/d4d_concatenated/claudecode_agent/2026-08-28_claude-opus-5-claudecode-generic-v6_rep2/AI_READI_d4d.yaml,Human,human_subject_research,populated
AI_READI,agentic,v6,3,data/d4d_concatenated/claudecode_agent/2026-08-28_claude-opus-5-claudecode-generic-v6_rep3/AI_READI_d4d.yaml,Human,human_subject_research,populated
AI_READI,direct,,,,Human,human_subject_research,no_record
CHORUS,api,v7,1,data/d4d_concatenated/claudecode_agent/2026-09-01_claude-opus-5-api-generic-v7_rep1/CHORUS_d4d.yaml,Human,human_subject_research,populated
CHORUS,api,v7,2,data/d4d_concatenated/claudecode_agent/2026-09-01_claude-opus-5-api-generic-v7_rep2/CHORUS_d4d.yaml,Human,human_subject_research,populated
CHORUS,api,v7,3,data/d4d_concatenated/claudecode_agent/2026-09-01_claude-opus-5-api-generic-v7_rep3/CHORUS_d4d.yaml,Human,human_subject_research,caveat_only
CHORUS,api,v8,1,data/d4d_concatenated/claudecode_api/2026-09-04f_claude-opus-5-api-generic-v8_rep1/CHORUS_d4d.yaml,Human,human_subject_research,populated
CHORUS,api,v8,2,data/d4d_concatenated/claudecode_api/2026-09-04f_claude-opus-5-api-generic-v8_rep2/CHORUS_d4d.yaml,Human,human_subject_research,populated
CHORUS,api,v8,3,data/d4d_concatenated/claudecode_api/2026-09-04f_claude-opus-5-api-generic-v8_rep3/CHORUS_d4d.yaml,Human,human_subject_research,populated
CHORUS,agentic,v6,1,data/d4d_concatenated/claudecode_agent/2026-08-28_claude-opus-5-claudecode-generic-v6_rep1/CHORUS_d4d.yaml,Human,human_subject_research,populated
CHORUS,agentic,v6,2,data/d4d_concatenated/claudecode_agent/2026-08-28_claude-opus-5-claudecode-generic-v6_rep2/CHORUS_d4d.yaml,Human,human_subject_research,populated
CHORUS,agentic,v6,3,data/d4d_concatenated/claudecode_agent/2026-08-28_claude-opus-5-claudecode-generic-v6_rep3/CHORUS_d4d.yaml,Human,human_subject_research,populated
CHORUS,direct,,,,Human,human_subject_research,no_record
CM4AI,api,v7,1,data/d4d_concatenated/claudecode_agent/2026-09-01_claude-opus-5-api-generic-v7_rep1/CM4AI_d4d.yaml,Human,human_subject_research,populated
CM4AI,api,v7,2,data/d4d_concatenated/claudecode_agent/2026-09-01_claude-opus-5-api-generic-v7_rep2/CM4AI_d4d.yaml,Human,human_subject_research,populated
CM4AI,api,v7,3,data/d4d_concatenated/claudecode_agent/2026-09-01_claude-opus-5-api-generic-v7_rep3/CM4AI_d4d.yaml,Human,human_subject_research,populated
CM4AI,api,v8,1,data/d4d_concatenated/claudecode_api/2026-09-04g_claude-opus-5-api-generic-v8_rep1/CM4AI_d4d.yaml,Human,human_subject_research,populated
CM4AI,api,v8,2,data/d4d_concatenated/claudecode_api/2026-09-04g_claude-opus-5-api-generic-v8_rep2/CM4AI_d4d.yaml,Human,human_subject_research,populated
CM4AI,api,v8,3,data/d4d_concatenated/claudecode_api/2026-09-04g_claude-opus-5-api-generic-v8_rep3/CM4AI_d4d.yaml,Human,human_subject_research,populated
CM4AI,agentic,v6,1,data/d4d_concatenated/claudecode_agent/2026-08-28_claude-opus-5-claudecode-generic-v6_rep1/CM4AI_d4d.yaml,Human,human_subject_research,populated
CM4AI,agentic,v6,2,data/d4d_concatenated/claudecode_agent/2026-08-28_claude-opus-5-claudecode-generic-v6_rep2/CM4AI_d4d.yaml,Human,human_subject_research,populated
CM4AI,agentic,v6,3,data/d4d_concatenated/claudecode_agent/2026-08-28_claude-opus-5-claudecode-generic-v6_rep3/CM4AI_d4d.yaml,Human,human_subject_research,populated
CM4AI,direct,,,,Human,human_subject_research,no_record
VOICE,api,v7,1,data/d4d_concatenated/claudecode_agent/2026-09-01_claude-opus-5-api-generic-v7_rep1/VOICE_d4d.yaml,Human,human_subject_research,populated
VOICE,api,v7,2,data/d4d_concatenated/claudecode_agent/2026-09-01_claude-opus-5-api-generic-v7_rep2/VOICE_d4d.yaml,Human,human_subject_research,populated
VOICE,api,v7,3,data/d4d_concatenated/claudecode_agent/2026-09-01_claude-opus-5-api-generic-v7_rep3/VOICE_d4d.yaml,Human,human_subject_research,populated
VOICE,api,v8,1,data/d4d_concatenated/claudecode_api/2026-09-04f_claude-opus-5-api-generic-v8_rep1/VOICE_d4d.yaml,Human,human_subject_research,populated
VOICE,api,v8,2,data/d4d_concatenated/claudecode_api/2026-09-04f_claude-opus-5-api-generic-v8_rep2/VOICE_d4d.yaml,Human,human_subject_research,populated
VOICE,api,v8,3,data/d4d_concatenated/claudecode_api/2026-09-04f_claude-opus-5-api-generic-v8_rep3/VOICE_d4d.yaml,Human,human_subject_research,populated
VOICE,agentic,v6,1,data/d4d_concatenated/claudecode_agent/2026-08-28_claude-opus-5-claudecode-generic-v6_rep1/VOICE_d4d.yaml,Human,human_subject_research,populated
VOICE,agentic,v6,2,data/d4d_concatenated/claudecode_agent/2026-08-28_claude-opus-5-claudecode-generic-v6_rep2/VOICE_d4d.yaml,Human,human_subject_research,populated
VOICE,agentic,v6,3,data/d4d_concatenated/claudecode_agent/2026-08-28_claude-opus-5-claudecode-generic-v6_rep3/VOICE_d4d.yaml,Human,human_subject_research,populated
VOICE,direct,,,,Human,human_subject_research,no_record
AI_READI,api,v7,1,data/d4d_concatenated/claudecode_agent/2026-09-01_claude-opus-5-api-generic-v7_rep1/AI_READI_d4d.yaml,Human,informed_consent,populated
AI_READI,api,v7,2,data/d4d_concatenated/claudecode_agent/2026-09-01_claude-opus-5-api-generic-v7_rep2/AI_READI_d4d.yaml,Human,informed_consent,populated
AI_READI,api,v7,3,data/d4d_concatenated/claudecode_agent/2026-09-01_claude-opus-5-api-generic-v7_rep3/AI_READI_d4d.yaml,Human,informed_consent,populated
AI_READI,api,v8,1,data/d4d_concatenated/claudecode_api/2026-09-04g_claude-opus-5-api-generic-v8_rep1/AI_READI_d4d.yaml,Human,informed_consent,populated
AI_READI,api,v8,2,data/d4d_concatenated/claudecode_api/2026-09-04g_claude-opus-5-api-generic-v8_rep2/AI_READI_d4d.yaml,Human,informed_consent,populated
AI_READI,api,v8,3,data/d4d_concatenated/claudecode_api/2026-09-04g_claude-opus-5-api-generic-v8_rep3/AI_READI_d4d.yaml,Human,informed_consent,populated
AI_READI,agentic,v6,1,data/d4d_concatenated/claudecode_agent/2026-08-28_claude-opus-5-claudecode-generic-v6_rep1/AI_READI_d4d.yaml,Human,informed_consent,populated
AI_READI,agentic,v6,2,data/d4d_concatenated/claudecode_agent/2026-08-28_claude-opus-5-claudecode-generic-v6_rep2/AI_READI_d4d.yaml,Human,informed_consent,populated
AI_READI,agentic,v6,3,data/d4d_concatenated/claudecode_agent/2026-08-28_claude-opus-5-claudecode-generic-v6_rep3/AI_READI_d4d.yaml,Human,informed_consent,populated
AI_READI,direct,,,,Human,informed_consent,no_record
CHORUS,api,v7,1,data/d4d_concatenated/claudecode_agent/2026-09-01_claude-opus-5-api-generic-v7_rep1/CHORUS_d4d.yaml,Human,informed_consent,empty
CHORUS,api,v7,2,data/d4d_concatenated/claudecode_agent/2026-09-01_claude-opus-5-api-generic-v7_rep2/CHORUS_d4d.yaml,Human,informed_consent,empty
CHORUS,api,v7,3,data/d4d_concatenated/claudecode_agent/2026-09-01_claude-opus-5-api-generic-v7_rep3/CHORUS_d4d.yaml,Human,informed_consent,empty
CHORUS,api,v8,1,data/d4d_concatenated/claudecode_api/2026-09-04f_claude-opus-5-api-generic-v8_rep1/CHORUS_d4d.yaml,Human,informed_consent,empty
CHORUS,api,v8,2,data/d4d_concatenated/claudecode_api/2026-09-04f_claude-opus-5-api-generic-v8_rep2/CHORUS_d4d.yaml,Human,informed_consent,empty
CHORUS,api,v8,3,data/d4d_concatenated/claudecode_api/2026-09-04f_claude-opus-5-api-generic-v8_rep3/CHORUS_d4d.yaml,Human,informed_consent,empty
CHORUS,agentic,v6,1,data/d4d_concatenated/claudecode_agent/2026-08-28_claude-opus-5-claudecode-generic-v6_rep1/CHORUS_d4d.yaml,Human,informed_consent,empty
CHORUS,agentic,v6,2,data/d4d_concatenated/claudecode_agent/2026-08-28_claude-opus-5-claudecode-generic-v6_rep2/CHORUS_d4d.yaml,Human,informed_consent,empty
CHORUS,agentic,v6,3,data/d4d_concatenated/claudecode_agent/2026-08-28_claude-opus-5-claudecode-generic-v6_rep3/CHORUS_d4d.yaml,Human,informed_consent,empty
CHORUS,direct,,,,Human,informed_consent,no_record
CM4AI,api,v7,1,data/d4d_concatenated/claudecode_agent/2026-09-01_claude-opus-5-api-generic-v7_rep1/CM4AI_d4d.yaml,Human,informed_consent,empty
CM4AI,api,v7,2,data/d4d_concatenated/claudecode_agent/2026-09-01_claude-opus-5-api-generic-v7_rep2/CM4AI_d4d.yaml,Human,informed_consent,empty
CM4AI,api,v7,3,data/d4d_concatenated/claudecode_agent/2026-09-01_claude-opus-5-api-generic-v7_rep3/CM4AI_d4d.yaml,Human,informed_consent,empty
CM4AI,api,v8,1,data/d4d_concatenated/claudecode_api/2026-09-04g_claude-opus-5-api-generic-v8_rep1/CM4AI_d4d.yaml,Human,informed_consent,empty
CM4AI,api,v8,2,data/d4d_concatenated/claudecode_api/2026-09-04g_claude-opus-5-api-generic-v8_rep2/CM4AI_d4d.yaml,Human,informed_consent,empty
CM4AI,api,v8,3,data/d4d_concatenated/claudecode_api/2026-09-04g_claude-opus-5-api-generic-v8_rep3/CM4AI_d4d.yaml,Human,informed_consent,empty
CM4AI,agentic,v6,1,data/d4d_concatenated/claudecode_agent/2026-08-28_claude-opus-5-claudecode-generic-v6_rep1/CM4AI_d4d.yaml,Human,informed_consent,empty
CM4AI,agentic,v6,2,data/d4d_concatenated/claudecode_agent/2026-08-28_claude-opus-5-claudecode-generic-v6_rep2/CM4AI_d4d.yaml,Human,informed_consent,empty
CM4AI,agentic,v6,3,data/d4d_concatenated/claudecode_agent/2026-08-28_claude-opus-5-claudecode-generic-v6_rep3/CM4AI_d4d.yaml,Human,informed_consent,empty
CM4AI,direct,,,,Human,informed_consent,no_record
VOICE,api,v7,1,data/d4d_concatenated/claudecode_agent/2026-09-01_claude-opus-5-api-generic-v7_rep1/VOICE_d4d.yaml,Human,informed_consent,populated
VOICE,api,v7,2,data/d4d_concatenated/claudecode_agent/2026-09-01_claude-opus-5-api-generic-v7_rep2/VOICE_d4d.yaml,Human,informed_consent,populated
VOICE,api,v7,3,data/d4d_concatenated/claudecode_agent/2026-09-01_claude-opus-5-api-generic-v7_rep3/VOICE_d4d.yaml,Human,informed_consent,populated
VOICE,api,v8,1,data/d4d_concatenated/claudecode_api/2026-09-04f_claude-opus-5-api-generic-v8_rep1/VOICE_d4d.yaml,Human,informed_consent,populated
VOICE,api,v8,2,data/d4d_concatenated/claudecode_api/2026-09-04f_claude-opus-5-api-generic-v8_rep2/VOICE_d4d.yaml,Human,informed_consent,populated
VOICE,api,v8,3,data/d4d_concatenated/claudecode_api/2026-09-04f_claude-opus-5-api-generic-v8_rep3/VOICE_d4d.yaml,Human,informed_consent,populated
VOICE,agentic,v6,1,data/d4d_concatenated/claudecode_agent/2026-08-28_claude-opus-5-claudecode-generic-v6_rep1/VOICE_d4d.yaml,Human,informed_consent,populated
VOICE,agentic,v6,2,data/d4d_concatenated/claudecode_agent/2026-08-28_claude-opus-5-claudecode-generic-v6_rep2/VOICE_d4d.yaml,Human,informed_consent,populated
VOICE,agentic,v6,3,data/d4d_concatenated/claudecode_agent/2026-08-28_claude-opus-5-claudecode-generic-v6_rep3/VOICE_d4d.yaml,Human,informed_consent,populated
VOICE,direct,,,,Human,informed_consent,no_record
AI_READI,api,v7,1,data/d4d_concatenated/claudecode_agent/2026-09-01_claude-opus-5-api-generic-v7_rep1/AI_READI_d4d.yaml,Human,at_risk_populations,populated
AI_READI,api,v7,2,data/d4d_concatenated/claudecode_agent/2026-09-01_claude-opus-5-api-generic-v7_rep2/AI_READI_d4d.yaml,Human,at_risk_populations,populated
AI_READI,api,v7,3,data/d4d_concatenated/claudecode_agent/2026-09-01_claude-opus-5-api-generic-v7_rep3/AI_READI_d4d.yaml,Human,at_risk_populations,populated
AI_READI,api,v8,1,data/d4d_concatenated/claudecode_api/2026-09-04g_claude-opus-5-api-generic-v8_rep1/AI_READI_d4d.yaml,Human,at_risk_populations,populated
AI_READI,api,v8,2,data/d4d_concatenated/claudecode_api/2026-09-04g_claude-opus-5-api-generic-v8_rep2/AI_READI_d4d.yaml,Human,at_risk_populations,populated
AI_READI,api,v8,3,data/d4d_concatenated/claudecode_api/2026-09-04g_claude-opus-5-api-generic-v8_rep3/AI_READI_d4d.yaml,Human,at_risk_populations,populated
AI_READI,agentic,v6,1,data/d4d_concatenated/claudecode_agent/2026-08-28_claude-opus-5-claudecode-generic-v6_rep1/AI_READI_d4d.yaml,Human,at_risk_populations,populated
AI_READI,agentic,v6,2,data/d4d_concatenated/claudecode_agent/2026-08-28_claude-opus-5-claudecode-generic-v6_rep2/AI_READI_d4d.yaml,Human,at_risk_populations,populated
AI_READI,agentic,v6,3,data/d4d_concatenated/claudecode_agent/2026-08-28_claude-opus-5-claudecode-generic-v6_rep3/AI_READI_d4d.yaml,Human,at_risk_populations,populated
AI_READI,direct,,,,Human,at_risk_populations,no_record
CHORUS,api,v7,1,data/d4d_concatenated/claudecode_agent/2026-09-01_claude-opus-5-api-generic-v7_rep1/CHORUS_d4d.yaml,Human,at_risk_populations,empty
CHORUS,api,v7,2,data/d4d_concatenated/claudecode_agent/2026-09-01_claude-opus-5-api-generic-v7_rep2/CHORUS_d4d.yaml,Human,at_risk_populations,empty
CHORUS,api,v7,3,data/d4d_concatenated/claudecode_agent/2026-09-01_claude-opus-5-api-generic-v7_rep3/CHORUS_d4d.yaml,Human,at_risk_populations,caveat_only
CHORUS,api,v8,1,data/d4d_concatenated/claudecode_api/2026-09-04f_claude-opus-5-api-generic-v8_rep1/CHORUS_d4d.yaml,Human,at_risk_populations,populated
CHORUS,api,v8,2,data/d4d_concatenated/claudecode_api/2026-09-04f_claude-opus-5-api-generic-v8_rep2/CHORUS_d4d.yaml,Human,at_risk_populations,populated
CHORUS,api,v8,3,data/d4d_concatenated/claudecode_api/2026-09-04f_claude-opus-5-api-generic-v8_rep3/CHORUS_d4d.yaml,Human,at_risk_populations,populated
CHORUS,agentic,v6,1,data/d4d_concatenated/claudecode_agent/2026-08-28_claude-opus-5-claudecode-generic-v6_rep1/CHORUS_d4d.yaml,Human,at_risk_populations,empty
CHORUS,agentic,v6,2,data/d4d_concatenated/claudecode_agent/2026-08-28_claude-opus-5-claudecode-generic-v6_rep2/CHORUS_d4d.yaml,Human,at_risk_populations,empty
CHORUS,agentic,v6,3,data/d4d_concatenated/claudecode_agent/2026-08-28_claude-opus-5-claudecode-generic-v6_rep3/CHORUS_d4d.yaml,Human,at_risk_populations,populated
CHORUS,direct,,,,Human,at_risk_populations,no_record
CM4AI,api,v7,1,data/d4d_concatenated/claudecode_agent/2026-09-01_claude-opus-5-api-generic-v7_rep1/CM4AI_d4d.yaml,Human,at_risk_populations,empty
CM4AI,api,v7,2,data/d4d_concatenated/claudecode_agent/2026-09-01_claude-opus-5-api-generic-v7_rep2/CM4AI_d4d.yaml,Human,at_risk_populations,populated
CM4AI,api,v7,3,data/d4d_concatenated/claudecode_agent/2026-09-01_claude-opus-5-api-generic-v7_rep3/CM4AI_d4d.yaml,Human,at_risk_populations,empty
CM4AI,api,v8,1,data/d4d_concatenated/claudecode_api/2026-09-04g_claude-opus-5-api-generic-v8_rep1/CM4AI_d4d.yaml,Human,at_risk_populations,empty
CM4AI,api,v8,2,data/d4d_concatenated/claudecode_api/2026-09-04g_claude-opus-5-api-generic-v8_rep2/CM4AI_d4d.yaml,Human,at_risk_populations,empty
CM4AI,api,v8,3,data/d4d_concatenated/claudecode_api/2026-09-04g_claude-opus-5-api-generic-v8_rep3/CM4AI_d4d.yaml,Human,at_risk_populations,empty
CM4AI,agentic,v6,1,data/d4d_concatenated/claudecode_agent/2026-08-28_claude-opus-5-claudecode-generic-v6_rep1/CM4AI_d4d.yaml,Human,at_risk_populations,empty
CM4AI,agentic,v6,2,data/d4d_concatenated/claudecode_agent/2026-08-28_claude-opus-5-claudecode-generic-v6_rep2/CM4AI_d4d.yaml,Human,at_risk_populations,empty
CM4AI,agentic,v6,3,data/d4d_concatenated/claudecode_agent/2026-08-28_claude-opus-5-claudecode-generic-v6_rep3/CM4AI_d4d.yaml,Human,at_risk_populations,empty
CM4AI,direct,,,,Human,at_risk_populations,no_record
VOICE,api,v7,1,data/d4d_concatenated/claudecode_agent/2026-09-01_claude-opus-5-api-generic-v7_rep1/VOICE_d4d.yaml,Human,at_risk_populations,populated
VOICE,api,v7,2,data/d4d_concatenated/claudecode_agent/2026-09-01_claude-opus-5-api-generic-v7_rep2/VOICE_d4d.yaml,Human,at_risk_populations,populated
VOICE,api,v7,3,data/d4d_concatenated/claudecode_agent/2026-09-01_claude-opus-5-api-generic-v7_rep3/VOICE_d4d.yaml,Human,at_risk_populations,populated
VOICE,api,v8,1,data/d4d_concatenated/claudecode_api/2026-09-04f_claude-opus-5-api-generic-v8_rep1/VOICE_d4d.yaml,Human,at_risk_populations,populated
VOICE,api,v8,2,data/d4d_concatenated/claudecode_api/2026-09-04f_claude-opus-5-api-generic-v8_rep2/VOICE_d4d.yaml,Human,at_risk_populations,empty
VOICE,api,v8,3,data/d4d_concatenated/claudecode_api/2026-09-04f_claude-opus-5-api-generic-v8_rep3/VOICE_d4d.yaml,Human,at_risk_populations,populated
VOICE,agentic,v6,1,data/d4d_concatenated/claudecode_agent/2026-08-28_claude-opus-5-claudecode-generic-v6_rep1/VOICE_d4d.yaml,Human,at_risk_populations,populated
VOICE,agentic,v6,2,data/d4d_concatenated/claudecode_agent/2026-08-28_claude-opus-5-claudecode-generic-v6_rep2/VOICE_d4d.yaml,Human,at_risk_populations,populated
VOICE,agentic,v6,3,data/d4d_concatenated/claudecode_agent/2026-08-28_claude-opus-5-claudecode-generic-v6_rep3/VOICE_d4d.yaml,Human,at_risk_populations,populated
VOICE,direct,,,,Human,at_risk_populations,no_record
AI_READI,api,v7,1,data/d4d_concatenated/claudecode_agent/2026-09-01_claude-opus-5-api-generic-v7_rep1/AI_READI_d4d.yaml,Human,participant_privacy,populated
AI_READI,api,v7,2,data/d4d_concatenated/claudecode_agent/2026-09-01_claude-opus-5-api-generic-v7_rep2/AI_READI_d4d.yaml,Human,participant_privacy,populated
AI_READI,api,v7,3,data/d4d_concatenated/claudecode_agent/2026-09-01_claude-opus-5-api-generic-v7_rep3/AI_READI_d4d.yaml,Human,participant_privacy,populated
AI_READI,api,v8,1,data/d4d_concatenated/claudecode_api/2026-09-04g_claude-opus-5-api-generic-v8_rep1/AI_READI_d4d.yaml,Human,participant_privacy,populated
AI_READI,api,v8,2,data/d4d_concatenated/claudecode_api/2026-09-04g_claude-opus-5-api-generic-v8_rep2/AI_READI_d4d.yaml,Human,participant_privacy,populated
AI_READI,api,v8,3,data/d4d_concatenated/claudecode_api/2026-09-04g_claude-opus-5-api-generic-v8_rep3/AI_READI_d4d.yaml,Human,participant_privacy,populated
AI_READI,agentic,v6,1,data/d4d_concatenated/claudecode_agent/2026-08-28_claude-opus-5-claudecode-generic-v6_rep1/AI_READI_d4d.yaml,Human,participant_privacy,populated
AI_READI,agentic,v6,2,data/d4d_concatenated/claudecode_agent/2026-08-28_claude-opus-5-claudecode-generic-v6_rep2/AI_READI_d4d.yaml,Human,participant_privacy,populated
AI_READI,agentic,v6,3,data/d4d_concatenated/claudecode_agent/2026-08-28_claude-opus-5-claudecode-generic-v6_rep3/AI_READI_d4d.yaml,Human,participant_privacy,populated
AI_READI,direct,,,,Human,participant_privacy,no_record
CHORUS,api,v7,1,data/d4d_concatenated/claudecode_agent/2026-09-01_claude-opus-5-api-generic-v7_rep1/CHORUS_d4d.yaml,Human,participant_privacy,populated
CHORUS,api,v7,2,data/d4d_concatenated/claudecode_agent/2026-09-01_claude-opus-5-api-generic-v7_rep2/CHORUS_d4d.yaml,Human,participant_privacy,empty
CHORUS,api,v7,3,data/d4d_concatenated/claudecode_agent/2026-09-01_claude-opus-5-api-generic-v7_rep3/CHORUS_d4d.yaml,Human,participant_privacy,populated
CHORUS,api,v8,1,data/d4d_concatenated/claudecode_api/2026-09-04f_claude-opus-5-api-generic-v8_rep1/CHORUS_d4d.yaml,Human,participant_privacy,populated
CHORUS,api,v8,2,data/d4d_concatenated/claudecode_api/2026-09-04f_claude-opus-5-api-generic-v8_rep2/CHORUS_d4d.yaml,Human,participant_privacy,populated
CHORUS,api,v8,3,data/d4d_concatenated/claudecode_api/2026-09-04f_claude-opus-5-api-generic-v8_rep3/CHORUS_d4d.yaml,Human,participant_privacy,populated
CHORUS,agentic,v6,1,data/d4d_concatenated/claudecode_agent/2026-08-28_claude-opus-5-claudecode-generic-v6_rep1/CHORUS_d4d.yaml,Human,participant_privacy,populated
CHORUS,agentic,v6,2,data/d4d_concatenated/claudecode_agent/2026-08-28_claude-opus-5-claudecode-generic-v6_rep2/CHORUS_d4d.yaml,Human,participant_privacy,empty
CHORUS,agentic,v6,3,data/d4d_concatenated/claudecode_agent/2026-08-28_claude-opus-5-claudecode-generic-v6_rep3/CHORUS_d4d.yaml,Human,participant_privacy,empty
CHORUS,direct,,,,Human,participant_privacy,no_record
CM4AI,api,v7,1,data/d4d_concatenated/claudecode_agent/2026-09-01_claude-opus-5-api-generic-v7_rep1/CM4AI_d4d.yaml,Human,participant_privacy,empty
CM4AI,api,v7,2,data/d4d_concatenated/claudecode_agent/2026-09-01_claude-opus-5-api-generic-v7_rep2/CM4AI_d4d.yaml,Human,participant_privacy,empty
CM4AI,api,v7,3,data/d4d_concatenated/claudecode_agent/2026-09-01_claude-opus-5-api-generic-v7_rep3/CM4AI_d4d.yaml,Human,participant_privacy,empty
CM4AI,api,v8,1,data/d4d_concatenated/claudecode_api/2026-09-04g_claude-opus-5-api-generic-v8_rep1/CM4AI_d4d.yaml,Human,participant_privacy,empty
CM4AI,api,v8,2,data/d4d_concatenated/claudecode_api/2026-09-04g_claude-opus-5-api-generic-v8_rep2/CM4AI_d4d.yaml,Human,participant_privacy,empty
CM4AI,api,v8,3,data/d4d_concatenated/claudecode_api/2026-09-04g_claude-opus-5-api-generic-v8_rep3/CM4AI_d4d.yaml,Human,participant_privacy,empty
CM4AI,agentic,v6,1,data/d4d_concatenated/claudecode_agent/2026-08-28_claude-opus-5-claudecode-generic-v6_rep1/CM4AI_d4d.yaml,Human,participant_privacy,empty
CM4AI,agentic,v6,2,data/d4d_concatenated/claudecode_agent/2026-08-28_claude-opus-5-claudecode-generic-v6_rep2/CM4AI_d4d.yaml,Human,participant_privacy,empty
CM4AI,agentic,v6,3,data/d4d_concatenated/claudecode_agent/2026-08-28_claude-opus-5-claudecode-generic-v6_rep3/CM4AI_d4d.yaml,Human,participant_privacy,empty
CM4AI,direct,,,,Human,participant_privacy,no_record
VOICE,api,v7,1,data/d4d_concatenated/claudecode_agent/2026-09-01_claude-opus-5-api-generic-v7_rep1/VOICE_d4d.yaml,Human,participant_privacy,populated
VOICE,api,v7,2,data/d4d_concatenated/claudecode_agent/2026-09-01_claude-opus-5-api-generic-v7_rep2/VOICE_d4d.yaml,Human,participant_privacy,populated
VOICE,api,v7,3,data/d4d_concatenated/claudecode_agent/2026-09-01_claude-opus-5-api-generic-v7_rep3/VOICE_d4d.yaml,Human,participant_privacy,populated
VOICE,api,v8,1,data/d4d_concatenated/claudecode_api/2026-09-04f_claude-opus-5-api-generic-v8_rep1/VOICE_d4d.yaml,Human,participant_privacy,populated
VOICE,api,v8,2,data/d4d_concatenated/claudecode_api/2026-09-04f_claude-opus-5-api-generic-v8_rep2/VOICE_d4d.yaml,Human,participant_privacy,populated
VOICE,api,v8,3,data/d4d_concatenated/claudecode_api/2026-09-04f_claude-opus-5-api-generic-v8_rep3/VOICE_d4d.yaml,Human,participant_privacy,populated
VOICE,agentic,v6,1,data/d4d_concatenated/claudecode_agent/2026-08-28_claude-opus-5-claudecode-generic-v6_rep1/VOICE_d4d.yaml,Human,participant_privacy,populated
VOICE,agentic,v6,2,data/d4d_concatenated/claudecode_agent/2026-08-28_claude-opus-5-claudecode-generic-v6_rep2/VOICE_d4d.yaml,Human,participant_privacy,populated
VOICE,agentic,v6,3,data/d4d_concatenated/claudecode_agent/2026-08-28_claude-opus-5-claudecode-generic-v6_rep3/VOICE_d4d.yaml,Human,participant_privacy,populated
VOICE,direct,,,,Human,participant_privacy,no_record
AI_READI,api,v7,1,data/d4d_concatenated/claudecode_agent/2026-09-01_claude-opus-5-api-generic-v7_rep1/AI_READI_d4d.yaml,Human,participant_compensation,populated
AI_READI,api,v7,2,data/d4d_concatenated/claudecode_agent/2026-09-01_claude-opus-5-api-generic-v7_rep2/AI_READI_d4d.yaml,Human,participant_compensation,populated
AI_READI,api,v7,3,data/d4d_concatenated/claudecode_agent/2026-09-01_claude-opus-5-api-generic-v7_rep3/AI_READI_d4d.yaml,Human,participant_compensation,populated
AI_READI,api,v8,1,data/d4d_concatenated/claudecode_api/2026-09-04g_claude-opus-5-api-generic-v8_rep1/AI_READI_d4d.yaml,Human,participant_compensation,populated
AI_READI,api,v8,2,data/d4d_concatenated/claudecode_api/2026-09-04g_claude-opus-5-api-generic-v8_rep2/AI_READI_d4d.yaml,Human,participant_compensation,populated
AI_READI,api,v8,3,data/d4d_concatenated/claudecode_api/2026-09-04g_claude-opus-5-api-generic-v8_rep3/AI_READI_d4d.yaml,Human,participant_compensation,populated
AI_READI,agentic,v6,1,data/d4d_concatenated/claudecode_agent/2026-08-28_claude-opus-5-claudecode-generic-v6_rep1/AI_READI_d4d.yaml,Human,participant_compensation,populated
AI_READI,agentic,v6,2,data/d4d_concatenated/claudecode_agent/2026-08-28_claude-opus-5-claudecode-generic-v6_rep2/AI_READI_d4d.yaml,Human,participant_compensation,populated
AI_READI,agentic,v6,3,data/d4d_concatenated/claudecode_agent/2026-08-28_claude-opus-5-claudecode-generic-v6_rep3/AI_READI_d4d.yaml,Human,participant_compensation,populated
AI_READI,direct,,,,Human,participant_compensation,no_record
CHORUS,api,v7,1,data/d4d_concatenated/claudecode_agent/2026-09-01_claude-opus-5-api-generic-v7_rep1/CHORUS_d4d.yaml,Human,participant_compensation,empty
CHORUS,api,v7,2,data/d4d_concatenated/claudecode_agent/2026-09-01_claude-opus-5-api-generic-v7_rep2/CHORUS_d4d.yaml,Human,participant_compensation,empty
CHORUS,api,v7,3,data/d4d_concatenated/claudecode_agent/2026-09-01_claude-opus-5-api-generic-v7_rep3/CHORUS_d4d.yaml,Human,participant_compensation,empty
CHORUS,api,v8,1,data/d4d_concatenated/claudecode_api/2026-09-04f_claude-opus-5-api-generic-v8_rep1/CHORUS_d4d.yaml,Human,participant_compensation,empty
CHORUS,api,v8,2,data/d4d_concatenated/claudecode_api/2026-09-04f_claude-opus-5-api-generic-v8_rep2/CHORUS_d4d.yaml,Human,participant_compensation,empty
CHORUS,api,v8,3,data/d4d_concatenated/claudecode_api/2026-09-04f_claude-opus-5-api-generic-v8_rep3/CHORUS_d4d.yaml,Human,participant_compensation,empty
CHORUS,agentic,v6,1,data/d4d_concatenated/claudecode_agent/2026-08-28_claude-opus-5-claudecode-generic-v6_rep1/CHORUS_d4d.yaml,Human,participant_compensation,empty
CHORUS,agentic,v6,2,data/d4d_concatenated/claudecode_agent/2026-08-28_claude-opus-5-claudecode-generic-v6_rep2/CHORUS_d4d.yaml,Human,participant_compensation,empty
CHORUS,agentic,v6,3,data/d4d_concatenated/claudecode_agent/2026-08-28_claude-opus-5-claudecode-generic-v6_rep3/CHORUS_d4d.yaml,Human,participant_compensation,empty
CHORUS,direct,,,,Human,participant_compensation,no_record
CM4AI,api,v7,1,data/d4d_concatenated/claudecode_agent/2026-09-01_claude-opus-5-api-generic-v7_rep1/CM4AI_d4d.yaml,Human,participant_compensation,empty
CM4AI,api,v7,2,data/d4d_concatenated/claudecode_agent/2026-09-01_claude-opus-5-api-generic-v7_rep2/CM4AI_d4d.yaml,Human,participant_compensation,empty
CM4AI,api,v7,3,data/d4d_concatenated/claudecode_agent/2026-09-01_claude-opus-5-api-generic-v7_rep3/CM4AI_d4d.yaml,Human,participant_compensation,empty
CM4AI,api,v8,1,data/d4d_concatenated/claudecode_api/2026-09-04g_claude-opus-5-api-generic-v8_rep1/CM4AI_d4d.yaml,Human,participant_compensation,empty
CM4AI,api,v8,2,data/d4d_concatenated/claudecode_api/2026-09-04g_claude-opus-5-api-generic-v8_rep2/CM4AI_d4d.yaml,Human,participant_compensation,empty
CM4AI,api,v8,3,data/d4d_concatenated/claudecode_api/2026-09-04g_claude-opus-5-api-generic-v8_rep3/CM4AI_d4d.yaml,Human,participant_compensation,empty
CM4AI,agentic,v6,1,data/d4d_concatenated/claudecode_agent/2026-08-28_claude-opus-5-claudecode-generic-v6_rep1/CM4AI_d4d.yaml,Human,participant_compensation,empty
CM4AI,agentic,v6,2,data/d4d_concatenated/claudecode_agent/2026-08-28_claude-opus-5-claudecode-generic-v6_rep2/CM4AI_d4d.yaml,Human,participant_compensation,empty
CM4AI,agentic,v6,3,data/d4d_concatenated/claudecode_agent/2026-08-28_claude-opus-5-claudecode-generic-v6_rep3/CM4AI_d4d.yaml,Human,participant_compensation,empty
CM4AI,direct,,,,Human,participant_compensation,no_record
VOICE,api,v7,1,data/d4d_concatenated/claudecode_agent/2026-09-01_claude-opus-5-api-generic-v7_rep1/VOICE_d4d.yaml,Human,participant_compensation,populated
VOICE,api,v7,2,data/d4d_concatenated/claudecode_agent/2026-09-01_claude-opus-5-api-generic-v7_rep2/VOICE_d4d.yaml,Human,participant_compensation,populated
VOICE,api,v7,3,data/d4d_concatenated/claudecode_agent/2026-09-01_claude-opus-5-api-generic-v7_rep3/VOICE_d4d.yaml,Human,participant_compensation,populated
VOICE,api,v8,1,data/d4d_concatenated/claudecode_api/2026-09-04f_claude-opus-5-api-generic-v8_rep1/VOICE_d4d.yaml,Human,participant_compensation,populated
VOICE,api,v8,2,data/d4d_concatenated/claudecode_api/2026-09-04f_claude-opus-5-api-generic-v8_rep2/VOICE_d4d.yaml,Human,participant_compensation,populated
VOICE,api,v8,3,data/d4d_concatenated/claudecode_api/2026-09-04f_claude-opus-5-api-generic-v8_rep3/VOICE_d4d.yaml,Human,participant_compensation,populated
VOICE,agentic,v6,1,data/d4d_concatenated/claudecode_agent/2026-08-28_claude-opus-5-claudecode-generic-v6_rep1/VOICE_d4d.yaml,Human,participant_compensation,populated
VOICE,agentic,v6,2,data/d4d_concatenated/claudecode_agent/2026-08-28_claude-opus-5-claudecode-generic-v6_rep2/VOICE_d4d.yaml,Human,participant_compensation,populated
VOICE,agentic,v6,3,data/d4d_concatenated/claudecode_agent/2026-08-28_claude-opus-5-claudecode-generic-v6_rep3/VOICE_d4d.yaml,Human,participant_compensation,populated
VOICE,direct,,,,Human,participant_compensation,no_record
AI_READI,api,v7,1,data/d4d_concatenated/claudecode_agent/2026-09-01_claude-opus-5-api-generic-v7_rep1/AI_READI_d4d.yaml,Data Governance,license_and_use_terms,populated
AI_READI,api,v7,2,data/d4d_concatenated/claudecode_agent/2026-09-01_claude-opus-5-api-generic-v7_rep2/AI_READI_d4d.yaml,Data Governance,license_and_use_terms,populated
AI_READI,api,v7,3,data/d4d_concatenated/claudecode_agent/2026-09-01_claude-opus-5-api-generic-v7_rep3/AI_READI_d4d.yaml,Data Governance,license_and_use_terms,populated
AI_READI,api,v8,1,data/d4d_concatenated/claudecode_api/2026-09-04g_claude-opus-5-api-generic-v8_rep1/AI_READI_d4d.yaml,Data Governance,license_and_use_terms,populated
AI_READI,api,v8,2,data/d4d_concatenated/claudecode_api/2026-09-04g_claude-opus-5-api-generic-v8_rep2/AI_READI_d4d.yaml,Data Governance,license_and_use_terms,populated
AI_READI,api,v8,3,data/d4d_concatenated/claudecode_api/2026-09-04g_claude-opus-5-api-generic-v8_rep3/AI_READI_d4d.yaml,Data Governance,license_and_use_terms,populated
AI_READI,agentic,v6,1,data/d4d_concatenated/claudecode_agent/2026-08-28_claude-opus-5-claudecode-generic-v6_rep1/AI_READI_d4d.yaml,Data Governance,license_and_use_terms,populated
AI_READI,agentic,v6,2,data/d4d_concatenated/claudecode_agent/2026-08-28_claude-opus-5-claudecode-generic-v6_rep2/AI_READI_d4d.yaml,Data Governance,license_and_use_terms,populated
AI_READI,agentic,v6,3,data/d4d_concatenated/claudecode_agent/2026-08-28_claude-opus-5-claudecode-generic-v6_rep3/AI_READI_d4d.yaml,Data Governance,license_and_use_terms,populated
AI_READI,direct,,,,Data Governance,license_and_use_terms,no_record
CHORUS,api,v7,1,data/d4d_concatenated/claudecode_agent/2026-09-01_claude-opus-5-api-generic-v7_rep1/CHORUS_d4d.yaml,Data Governance,license_and_use_terms,populated
CHORUS,api,v7,2,data/d4d_concatenated/claudecode_agent/2026-09-01_claude-opus-5-api-generic-v7_rep2/CHORUS_d4d.yaml,Data Governance,license_and_use_terms,populated
CHORUS,api,v7,3,data/d4d_concatenated/claudecode_agent/2026-09-01_claude-opus-5-api-generic-v7_rep3/CHORUS_d4d.yaml,Data Governance,license_and_use_terms,populated
CHORUS,api,v8,1,data/d4d_concatenated/claudecode_api/2026-09-04f_claude-opus-5-api-generic-v8_rep1/CHORUS_d4d.yaml,Data Governance,license_and_use_terms,populated
CHORUS,api,v8,2,data/d4d_concatenated/claudecode_api/2026-09-04f_claude-opus-5-api-generic-v8_rep2/CHORUS_d4d.yaml,Data Governance,license_and_use_terms,populated
CHORUS,api,v8,3,data/d4d_concatenated/claudecode_api/2026-09-04f_claude-opus-5-api-generic-v8_rep3/CHORUS_d4d.yaml,Data Governance,license_and_use_terms,populated
CHORUS,agentic,v6,1,data/d4d_concatenated/claudecode_agent/2026-08-28_claude-opus-5-claudecode-generic-v6_rep1/CHORUS_d4d.yaml,Data Governance,license_and_use_terms,populated
CHORUS,agentic,v6,2,data/d4d_concatenated/claudecode_agent/2026-08-28_claude-opus-5-claudecode-generic-v6_rep2/CHORUS_d4d.yaml,Data Governance,license_and_use_terms,populated
CHORUS,agentic,v6,3,data/d4d_concatenated/claudecode_agent/2026-08-28_claude-opus-5-claudecode-generic-v6_rep3/CHORUS_d4d.yaml,Data Governance,license_and_use_terms,populated
CHORUS,direct,,,,Data Governance,license_and_use_terms,no_record
CM4AI,api,v7,1,data/d4d_concatenated/claudecode_agent/2026-09-01_claude-opus-5-api-generic-v7_rep1/CM4AI_d4d.yaml,Data Governance,license_and_use_terms,populated
CM4AI,api,v7,2,data/d4d_concatenated/claudecode_agent/2026-09-01_claude-opus-5-api-generic-v7_rep2/CM4AI_d4d.yaml,Data Governance,license_and_use_terms,populated
CM4AI,api,v7,3,data/d4d_concatenated/claudecode_agent/2026-09-01_claude-opus-5-api-generic-v7_rep3/CM4AI_d4d.yaml,Data Governance,license_and_use_terms,populated
CM4AI,api,v8,1,data/d4d_concatenated/claudecode_api/2026-09-04g_claude-opus-5-api-generic-v8_rep1/CM4AI_d4d.yaml,Data Governance,license_and_use_terms,populated
CM4AI,api,v8,2,data/d4d_concatenated/claudecode_api/2026-09-04g_claude-opus-5-api-generic-v8_rep2/CM4AI_d4d.yaml,Data Governance,license_and_use_terms,populated
CM4AI,api,v8,3,data/d4d_concatenated/claudecode_api/2026-09-04g_claude-opus-5-api-generic-v8_rep3/CM4AI_d4d.yaml,Data Governance,license_and_use_terms,populated
CM4AI,agentic,v6,1,data/d4d_concatenated/claudecode_agent/2026-08-28_claude-opus-5-claudecode-generic-v6_rep1/CM4AI_d4d.yaml,Data Governance,license_and_use_terms,populated
CM4AI,agentic,v6,2,data/d4d_concatenated/claudecode_agent/2026-08-28_claude-opus-5-claudecode-generic-v6_rep2/CM4AI_d4d.yaml,Data Governance,license_and_use_terms,populated
CM4AI,agentic,v6,3,data/d4d_concatenated/claudecode_agent/2026-08-28_claude-opus-5-claudecode-generic-v6_rep3/CM4AI_d4d.yaml,Data Governance,license_and_use_terms,populated
CM4AI,direct,,,,Data Governance,license_and_use_terms,no_record
VOICE,api,v7,1,data/d4d_concatenated/claudecode_agent/2026-09-01_claude-opus-5-api-generic-v7_rep1/VOICE_d4d.yaml,Data Governance,license_and_use_terms,populated
VOICE,api,v7,2,data/d4d_concatenated/claudecode_agent/2026-09-01_claude-opus-5-api-generic-v7_rep2/VOICE_d4d.yaml,Data Governance,license_and_use_terms,populated
VOICE,api,v7,3,data/d4d_concatenated/claudecode_agent/2026-09-01_claude-opus-5-api-generic-v7_rep3/VOICE_d4d.yaml,Data Governance,license_and_use_terms,populated
VOICE,api,v8,1,data/d4d_concatenated/claudecode_api/2026-09-04f_claude-opus-5-api-generic-v8_rep1/VOICE_d4d.yaml,Data Governance,license_and_use_terms,populated
VOICE,api,v8,2,data/d4d_concatenated/claudecode_api/2026-09-04f_claude-opus-5-api-generic-v8_rep2/VOICE_d4d.yaml,Data Governance,license_and_use_terms,populated
VOICE,api,v8,3,data/d4d_concatenated/claudecode_api/2026-09-04f_claude-opus-5-api-generic-v8_rep3/VOICE_d4d.yaml,Data Governance,license_and_use_terms,populated
VOICE,agentic,v6,1,data/d4d_concatenated/claudecode_agent/2026-08-28_claude-opus-5-claudecode-generic-v6_rep1/VOICE_d4d.yaml,Data Governance,license_and_use_terms,populated
VOICE,agentic,v6,2,data/d4d_concatenated/claudecode_agent/2026-08-28_claude-opus-5-claudecode-generic-v6_rep2/VOICE_d4d.yaml,Data Governance,license_and_use_terms,populated
VOICE,agentic,v6,3,data/d4d_concatenated/claudecode_agent/2026-08-28_claude-opus-5-claudecode-generic-v6_rep3/VOICE_d4d.yaml,Data Governance,license_and_use_terms,populated
VOICE,direct,,,,Data Governance,license_and_use_terms,no_record
AI_READI,api,v7,1,data/d4d_concatenated/claudecode_agent/2026-09-01_claude-opus-5-api-generic-v7_rep1/AI_READI_d4d.yaml,Data Governance,ip_restrictions,populated
AI_READI,api,v7,2,data/d4d_concatenated/claudecode_agent/2026-09-01_claude-opus-5-api-generic-v7_rep2/AI_READI_d4d.yaml,Data Governance,ip_restrictions,populated
AI_READI,api,v7,3,data/d4d_concatenated/claudecode_agent/2026-09-01_claude-opus-5-api-generic-v7_rep3/AI_READI_d4d.yaml,Data Governance,ip_restrictions,populated
AI_READI,api,v8,1,data/d4d_concatenated/claudecode_api/2026-09-04g_claude-opus-5-api-generic-v8_rep1/AI_READI_d4d.yaml,Data Governance,ip_restrictions,populated
AI_READI,api,v8,2,data/d4d_concatenated/claudecode_api/2026-09-04g_claude-opus-5-api-generic-v8_rep2/AI_READI_d4d.yaml,Data Governance,ip_restrictions,populated
AI_READI,api,v8,3,data/d4d_concatenated/claudecode_api/2026-09-04g_claude-opus-5-api-generic-v8_rep3/AI_READI_d4d.yaml,Data Governance,ip_restrictions,populated
AI_READI,agentic,v6,1,data/d4d_concatenated/claudecode_agent/2026-08-28_claude-opus-5-claudecode-generic-v6_rep1/AI_READI_d4d.yaml,Data Governance,ip_restrictions,populated
AI_READI,agentic,v6,2,data/d4d_concatenated/claudecode_agent/2026-08-28_claude-opus-5-claudecode-generic-v6_rep2/AI_READI_d4d.yaml,Data Governance,ip_restrictions,populated
AI_READI,agentic,v6,3,data/d4d_concatenated/claudecode_agent/2026-08-28_claude-opus-5-claudecode-generic-v6_rep3/AI_READI_d4d.yaml,Data Governance,ip_restrictions,populated
AI_READI,direct,,,,Data Governance,ip_restrictions,no_record
CHORUS,api,v7,1,data/d4d_concatenated/claudecode_agent/2026-09-01_claude-opus-5-api-generic-v7_rep1/CHORUS_d4d.yaml,Data Governance,ip_restrictions,empty
CHORUS,api,v7,2,data/d4d_concatenated/claudecode_agent/2026-09-01_claude-opus-5-api-generic-v7_rep2/CHORUS_d4d.yaml,Data Governance,ip_restrictions,empty
CHORUS,api,v7,3,data/d4d_concatenated/claudecode_agent/2026-09-01_claude-opus-5-api-generic-v7_rep3/CHORUS_d4d.yaml,Data Governance,ip_restrictions,empty
CHORUS,api,v8,1,data/d4d_concatenated/claudecode_api/2026-09-04f_claude-opus-5-api-generic-v8_rep1/CHORUS_d4d.yaml,Data Governance,ip_restrictions,empty
CHORUS,api,v8,2,data/d4d_concatenated/claudecode_api/2026-09-04f_claude-opus-5-api-generic-v8_rep2/CHORUS_d4d.yaml,Data Governance,ip_restrictions,populated
CHORUS,api,v8,3,data/d4d_concatenated/claudecode_api/2026-09-04f_claude-opus-5-api-generic-v8_rep3/CHORUS_d4d.yaml,Data Governance,ip_restrictions,empty
CHORUS,agentic,v6,1,data/d4d_concatenated/claudecode_agent/2026-08-28_claude-opus-5-claudecode-generic-v6_rep1/CHORUS_d4d.yaml,Data Governance,ip_restrictions,empty
CHORUS,agentic,v6,2,data/d4d_concatenated/claudecode_agent/2026-08-28_claude-opus-5-claudecode-generic-v6_rep2/CHORUS_d4d.yaml,Data Governance,ip_restrictions,empty
CHORUS,agentic,v6,3,data/d4d_concatenated/claudecode_agent/2026-08-28_claude-opus-5-claudecode-generic-v6_rep3/CHORUS_d4d.yaml,Data Governance,ip_restrictions,empty
CHORUS,direct,,,,Data Governance,ip_restrictions,no_record
CM4AI,api,v7,1,data/d4d_concatenated/claudecode_agent/2026-09-01_claude-opus-5-api-generic-v7_rep1/CM4AI_d4d.yaml,Data Governance,ip_restrictions,populated
CM4AI,api,v7,2,data/d4d_concatenated/claudecode_agent/2026-09-01_claude-opus-5-api-generic-v7_rep2/CM4AI_d4d.yaml,Data Governance,ip_restrictions,populated
CM4AI,api,v7,3,data/d4d_concatenated/claudecode_agent/2026-09-01_claude-opus-5-api-generic-v7_rep3/CM4AI_d4d.yaml,Data Governance,ip_restrictions,populated
CM4AI,api,v8,1,data/d4d_concatenated/claudecode_api/2026-09-04g_claude-opus-5-api-generic-v8_rep1/CM4AI_d4d.yaml,Data Governance,ip_restrictions,populated
CM4AI,api,v8,2,data/d4d_concatenated/claudecode_api/2026-09-04g_claude-opus-5-api-generic-v8_rep2/CM4AI_d4d.yaml,Data Governance,ip_restrictions,populated
CM4AI,api,v8,3,data/d4d_concatenated/claudecode_api/2026-09-04g_claude-opus-5-api-generic-v8_rep3/CM4AI_d4d.yaml,Data Governance,ip_restrictions,populated
CM4AI,agentic,v6,1,data/d4d_concatenated/claudecode_agent/2026-08-28_claude-opus-5-claudecode-generic-v6_rep1/CM4AI_d4d.yaml,Data Governance,ip_restrictions,populated
CM4AI,agentic,v6,2,data/d4d_concatenated/claudecode_agent/2026-08-28_claude-opus-5-claudecode-generic-v6_rep2/CM4AI_d4d.yaml,Data Governance,ip_restrictions,populated
CM4AI,agentic,v6,3,data/d4d_concatenated/claudecode_agent/2026-08-28_claude-opus-5-claudecode-generic-v6_rep3/CM4AI_d4d.yaml,Data Governance,ip_restrictions,populated
CM4AI,direct,,,,Data Governance,ip_restrictions,no_record
VOICE,api,v7,1,data/d4d_concatenated/claudecode_agent/2026-09-01_claude-opus-5-api-generic-v7_rep1/VOICE_d4d.yaml,Data Governance,ip_restrictions,populated
VOICE,api,v7,2,data/d4d_concatenated/claudecode_agent/2026-09-01_claude-opus-5-api-generic-v7_rep2/VOICE_d4d.yaml,Data Governance,ip_restrictions,populated
VOICE,api,v7,3,data/d4d_concatenated/claudecode_agent/2026-09-01_claude-opus-5-api-generic-v7_rep3/VOICE_d4d.yaml,Data Governance,ip_restrictions,populated
VOICE,api,v8,1,data/d4d_concatenated/claudecode_api/2026-09-04f_claude-opus-5-api-generic-v8_rep1/VOICE_d4d.yaml,Data Governance,ip_restrictions,populated
VOICE,api,v8,2,data/d4d_concatenated/claudecode_api/2026-09-04f_claude-opus-5-api-generic-v8_rep2/VOICE_d4d.yaml,Data Governance,ip_restrictions,populated
VOICE,api,v8,3,data/d4d_concatenated/claudecode_api/2026-09-04f_claude-opus-5-api-generic-v8_rep3/VOICE_d4d.yaml,Data Governance,ip_restrictions,populated
VOICE,agentic,v6,1,data/d4d_concatenated/claudecode_agent/2026-08-28_claude-opus-5-claudecode-generic-v6_rep1/VOICE_d4d.yaml,Data Governance,ip_restrictions,populated
VOICE,agentic,v6,2,data/d4d_concatenated/claudecode_agent/2026-08-28_claude-opus-5-claudecode-generic-v6_rep2/VOICE_d4d.yaml,Data Governance,ip_restrictions,populated
VOICE,agentic,v6,3,data/d4d_concatenated/claudecode_agent/2026-08-28_claude-opus-5-claudecode-generic-v6_rep3/VOICE_d4d.yaml,Data Governance,ip_restrictions,populated
VOICE,direct,,,,Data Governance,ip_restrictions,no_record
AI_READI,api,v7,1,data/d4d_concatenated/claudecode_agent/2026-09-01_claude-opus-5-api-generic-v7_rep1/AI_READI_d4d.yaml,Data Governance,regulatory_restrictions,populated
AI_READI,api,v7,2,data/d4d_concatenated/claudecode_agent/2026-09-01_claude-opus-5-api-generic-v7_rep2/AI_READI_d4d.yaml,Data Governance,regulatory_restrictions,populated
AI_READI,api,v7,3,data/d4d_concatenated/claudecode_agent/2026-09-01_claude-opus-5-api-generic-v7_rep3/AI_READI_d4d.yaml,Data Governance,regulatory_restrictions,populated
AI_READI,api,v8,1,data/d4d_concatenated/claudecode_api/2026-09-04g_claude-opus-5-api-generic-v8_rep1/AI_READI_d4d.yaml,Data Governance,regulatory_restrictions,populated
AI_READI,api,v8,2,data/d4d_concatenated/claudecode_api/2026-09-04g_claude-opus-5-api-generic-v8_rep2/AI_READI_d4d.yaml,Data Governance,regulatory_restrictions,populated
AI_READI,api,v8,3,data/d4d_concatenated/claudecode_api/2026-09-04g_claude-opus-5-api-generic-v8_rep3/AI_READI_d4d.yaml,Data Governance,regulatory_restrictions,populated
AI_READI,agentic,v6,1,data/d4d_concatenated/claudecode_agent/2026-08-28_claude-opus-5-claudecode-generic-v6_rep1/AI_READI_d4d.yaml,Data Governance,regulatory_restrictions,populated
AI_READI,agentic,v6,2,data/d4d_concatenated/claudecode_agent/2026-08-28_claude-opus-5-claudecode-generic-v6_rep2/AI_READI_d4d.yaml,Data Governance,regulatory_restrictions,populated
AI_READI,agentic,v6,3,data/d4d_concatenated/claudecode_agent/2026-08-28_claude-opus-5-claudecode-generic-v6_rep3/AI_READI_d4d.yaml,Data Governance,regulatory_restrictions,populated
AI_READI,direct,,,,Data Governance,regulatory_restrictions,no_record
CHORUS,api,v7,1,data/d4d_concatenated/claudecode_agent/2026-09-01_claude-opus-5-api-generic-v7_rep1/CHORUS_d4d.yaml,Data Governance,regulatory_restrictions,populated
CHORUS,api,v7,2,data/d4d_concatenated/claudecode_agent/2026-09-01_claude-opus-5-api-generic-v7_rep2/CHORUS_d4d.yaml,Data Governance,regulatory_restrictions,empty
CHORUS,api,v7,3,data/d4d_concatenated/claudecode_agent/2026-09-01_claude-opus-5-api-generic-v7_rep3/CHORUS_d4d.yaml,Data Governance,regulatory_restrictions,populated
CHORUS,api,v8,1,data/d4d_concatenated/claudecode_api/2026-09-04f_claude-opus-5-api-generic-v8_rep1/CHORUS_d4d.yaml,Data Governance,regulatory_restrictions,populated
CHORUS,api,v8,2,data/d4d_concatenated/claudecode_api/2026-09-04f_claude-opus-5-api-generic-v8_rep2/CHORUS_d4d.yaml,Data Governance,regulatory_restrictions,empty
CHORUS,api,v8,3,data/d4d_concatenated/claudecode_api/2026-09-04f_claude-opus-5-api-generic-v8_rep3/CHORUS_d4d.yaml,Data Governance,regulatory_restrictions,populated
CHORUS,agentic,v6,1,data/d4d_concatenated/claudecode_agent/2026-08-28_claude-opus-5-claudecode-generic-v6_rep1/CHORUS_d4d.yaml,Data Governance,regulatory_restrictions,empty
CHORUS,agentic,v6,2,data/d4d_concatenated/claudecode_agent/2026-08-28_claude-opus-5-claudecode-generic-v6_rep2/CHORUS_d4d.yaml,Data Governance,regulatory_restrictions,empty
CHORUS,agentic,v6,3,data/d4d_concatenated/claudecode_agent/2026-08-28_claude-opus-5-claudecode-generic-v6_rep3/CHORUS_d4d.yaml,Data Governance,regulatory_restrictions,populated
CHORUS,direct,,,,Data Governance,regulatory_restrictions,no_record
CM4AI,api,v7,1,data/d4d_concatenated/claudecode_agent/2026-09-01_claude-opus-5-api-generic-v7_rep1/CM4AI_d4d.yaml,Data Governance,regulatory_restrictions,populated
CM4AI,api,v7,2,data/d4d_concatenated/claudecode_agent/2026-09-01_claude-opus-5-api-generic-v7_rep2/CM4AI_d4d.yaml,Data Governance,regulatory_restrictions,populated
CM4AI,api,v7,3,data/d4d_concatenated/claudecode_agent/2026-09-01_claude-opus-5-api-generic-v7_rep3/CM4AI_d4d.yaml,Data Governance,regulatory_restrictions,populated
CM4AI,api,v8,1,data/d4d_concatenated/claudecode_api/2026-09-04g_claude-opus-5-api-generic-v8_rep1/CM4AI_d4d.yaml,Data Governance,regulatory_restrictions,empty
CM4AI,api,v8,2,data/d4d_concatenated/claudecode_api/2026-09-04g_claude-opus-5-api-generic-v8_rep2/CM4AI_d4d.yaml,Data Governance,regulatory_restrictions,populated
CM4AI,api,v8,3,data/d4d_concatenated/claudecode_api/2026-09-04g_claude-opus-5-api-generic-v8_rep3/CM4AI_d4d.yaml,Data Governance,regulatory_restrictions,populated
CM4AI,agentic,v6,1,data/d4d_concatenated/claudecode_agent/2026-08-28_claude-opus-5-claudecode-generic-v6_rep1/CM4AI_d4d.yaml,Data Governance,regulatory_restrictions,populated
CM4AI,agentic,v6,2,data/d4d_concatenated/claudecode_agent/2026-08-28_claude-opus-5-claudecode-generic-v6_rep2/CM4AI_d4d.yaml,Data Governance,regulatory_restrictions,populated
CM4AI,agentic,v6,3,data/d4d_concatenated/claudecode_agent/2026-08-28_claude-opus-5-claudecode-generic-v6_rep3/CM4AI_d4d.yaml,Data Governance,regulatory_restrictions,populated
CM4AI,direct,,,,Data Governance,regulatory_restrictions,no_record
VOICE,api,v7,1,data/d4d_concatenated/claudecode_agent/2026-09-01_claude-opus-5-api-generic-v7_rep1/VOICE_d4d.yaml,Data Governance,regulatory_restrictions,populated
VOICE,api,v7,2,data/d4d_concatenated/claudecode_agent/2026-09-01_claude-opus-5-api-generic-v7_rep2/VOICE_d4d.yaml,Data Governance,regulatory_restrictions,populated
VOICE,api,v7,3,data/d4d_concatenated/claudecode_agent/2026-09-01_claude-opus-5-api-generic-v7_rep3/VOICE_d4d.yaml,Data Governance,regulatory_restrictions,populated
VOICE,api,v8,1,data/d4d_concatenated/claudecode_api/2026-09-04f_claude-opus-5-api-generic-v8_rep1/VOICE_d4d.yaml,Data Governance,regulatory_restrictions,populated
VOICE,api,v8,2,data/d4d_concatenated/claudecode_api/2026-09-04f_claude-opus-5-api-generic-v8_rep2/VOICE_d4d.yaml,Data Governance,regulatory_restrictions,populated
VOICE,api,v8,3,data/d4d_concatenated/claudecode_api/2026-09-04f_claude-opus-5-api-generic-v8_rep3/VOICE_d4d.yaml,Data Governance,regulatory_restrictions,populated
VOICE,agentic,v6,1,data/d4d_concatenated/claudecode_agent/2026-08-28_claude-opus-5-claudecode-generic-v6_rep1/VOICE_d4d.yaml,Data Governance,regulatory_restrictions,populated
VOICE,agentic,v6,2,data/d4d_concatenated/claudecode_agent/2026-08-28_claude-opus-5-claudecode-generic-v6_rep2/VOICE_d4d.yaml,Data Governance,regulatory_restrictions,populated
VOICE,agentic,v6,3,data/d4d_concatenated/claudecode_agent/2026-08-28_claude-opus-5-claudecode-generic-v6_rep3/VOICE_d4d.yaml,Data Governance,regulatory_restrictions,populated
VOICE,direct,,,,Data Governance,regulatory_restrictions,no_record
AI_READI,api,v7,1,data/d4d_concatenated/claudecode_agent/2026-09-01_claude-opus-5-api-generic-v7_rep1/AI_READI_d4d.yaml,Data Governance,data_governance,populated
AI_READI,api,v7,2,data/d4d_concatenated/claudecode_agent/2026-09-01_claude-opus-5-api-generic-v7_rep2/AI_READI_d4d.yaml,Data Governance,data_governance,populated
AI_READI,api,v7,3,data/d4d_concatenated/claudecode_agent/2026-09-01_claude-opus-5-api-generic-v7_rep3/AI_READI_d4d.yaml,Data Governance,data_governance,populated
AI_READI,api,v8,1,data/d4d_concatenated/claudecode_api/2026-09-04g_claude-opus-5-api-generic-v8_rep1/AI_READI_d4d.yaml,Data Governance,data_governance,populated
AI_READI,api,v8,2,data/d4d_concatenated/claudecode_api/2026-09-04g_claude-opus-5-api-generic-v8_rep2/AI_READI_d4d.yaml,Data Governance,data_governance,populated
AI_READI,api,v8,3,data/d4d_concatenated/claudecode_api/2026-09-04g_claude-opus-5-api-generic-v8_rep3/AI_READI_d4d.yaml,Data Governance,data_governance,populated
AI_READI,agentic,v6,1,data/d4d_concatenated/claudecode_agent/2026-08-28_claude-opus-5-claudecode-generic-v6_rep1/AI_READI_d4d.yaml,Data Governance,data_governance,populated
AI_READI,agentic,v6,2,data/d4d_concatenated/claudecode_agent/2026-08-28_claude-opus-5-claudecode-generic-v6_rep2/AI_READI_d4d.yaml,Data Governance,data_governance,populated
AI_READI,agentic,v6,3,data/d4d_concatenated/claudecode_agent/2026-08-28_claude-opus-5-claudecode-generic-v6_rep3/AI_READI_d4d.yaml,Data Governance,data_governance,populated
AI_READI,direct,,,,Data Governance,data_governance,no_record
CHORUS,api,v7,1,data/d4d_concatenated/claudecode_agent/2026-09-01_claude-opus-5-api-generic-v7_rep1/CHORUS_d4d.yaml,Data Governance,data_governance,populated
CHORUS,api,v7,2,data/d4d_concatenated/claudecode_agent/2026-09-01_claude-opus-5-api-generic-v7_rep2/CHORUS_d4d.yaml,Data Governance,data_governance,populated
CHORUS,api,v7,3,data/d4d_concatenated/claudecode_agent/2026-09-01_claude-opus-5-api-generic-v7_rep3/CHORUS_d4d.yaml,Data Governance,data_governance,populated
CHORUS,api,v8,1,data/d4d_concatenated/claudecode_api/2026-09-04f_claude-opus-5-api-generic-v8_rep1/CHORUS_d4d.yaml,Data Governance,data_governance,populated
CHORUS,api,v8,2,data/d4d_concatenated/claudecode_api/2026-09-04f_claude-opus-5-api-generic-v8_rep2/CHORUS_d4d.yaml,Data Governance,data_governance,populated
CHORUS,api,v8,3,data/d4d_concatenated/claudecode_api/2026-09-04f_claude-opus-5-api-generic-v8_rep3/CHORUS_d4d.yaml,Data Governance,data_governance,populated
CHORUS,agentic,v6,1,data/d4d_concatenated/claudecode_agent/2026-08-28_claude-opus-5-claudecode-generic-v6_rep1/CHORUS_d4d.yaml,Data Governance,data_governance,populated
CHORUS,agentic,v6,2,data/d4d_concatenated/claudecode_agent/2026-08-28_claude-opus-5-claudecode-generic-v6_rep2/CHORUS_d4d.yaml,Data Governance,data_governance,populated
CHORUS,agentic,v6,3,data/d4d_concatenated/claudecode_agent/2026-08-28_claude-opus-5-claudecode-generic-v6_rep3/CHORUS_d4d.yaml,Data Governance,data_governance,populated
CHORUS,direct,,,,Data Governance,data_governance,no_record
CM4AI,api,v7,1,data/d4d_concatenated/claudecode_agent/2026-09-01_claude-opus-5-api-generic-v7_rep1/CM4AI_d4d.yaml,Data Governance,data_governance,populated
CM4AI,api,v7,2,data/d4d_concatenated/claudecode_agent/2026-09-01_claude-opus-5-api-generic-v7_rep2/CM4AI_d4d.yaml,Data Governance,data_governance,populated
CM4AI,api,v7,3,data/d4d_concatenated/claudecode_agent/2026-09-01_claude-opus-5-api-generic-v7_rep3/CM4AI_d4d.yaml,Data Governance,data_governance,populated
CM4AI,api,v8,1,data/d4d_concatenated/claudecode_api/2026-09-04g_claude-opus-5-api-generic-v8_rep1/CM4AI_d4d.yaml,Data Governance,data_governance,populated
CM4AI,api,v8,2,data/d4d_concatenated/claudecode_api/2026-09-04g_claude-opus-5-api-generic-v8_rep2/CM4AI_d4d.yaml,Data Governance,data_governance,populated
CM4AI,api,v8,3,data/d4d_concatenated/claudecode_api/2026-09-04g_claude-opus-5-api-generic-v8_rep3/CM4AI_d4d.yaml,Data Governance,data_governance,populated
CM4AI,agentic,v6,1,data/d4d_concatenated/claudecode_agent/2026-08-28_claude-opus-5-claudecode-generic-v6_rep1/CM4AI_d4d.yaml,Data Governance,data_governance,populated
CM4AI,agentic,v6,2,data/d4d_concatenated/claudecode_agent/2026-08-28_claude-opus-5-claudecode-generic-v6_rep2/CM4AI_d4d.yaml,Data Governance,data_governance,populated
CM4AI,agentic,v6,3,data/d4d_concatenated/claudecode_agent/2026-08-28_claude-opus-5-claudecode-generic-v6_rep3/CM4AI_d4d.yaml,Data Governance,data_governance,populated
CM4AI,direct,,,,Data Governance,data_governance,no_record
VOICE,api,v7,1,data/d4d_concatenated/claudecode_agent/2026-09-01_claude-opus-5-api-generic-v7_rep1/VOICE_d4d.yaml,Data Governance,data_governance,populated
VOICE,api,v7,2,data/d4d_concatenated/claudecode_agent/2026-09-01_claude-opus-5-api-generic-v7_rep2/VOICE_d4d.yaml,Data Governance,data_governance,populated
VOICE,api,v7,3,data/d4d_concatenated/claudecode_agent/2026-09-01_claude-opus-5-api-generic-v7_rep3/VOICE_d4d.yaml,Data Governance,data_governance,populated
VOICE,api,v8,1,data/d4d_concatenated/claudecode_api/2026-09-04f_claude-opus-5-api-generic-v8_rep1/VOICE_d4d.yaml,Data Governance,data_governance,populated
VOICE,api,v8,2,data/d4d_concatenated/claudecode_api/2026-09-04f_claude-opus-5-api-generic-v8_rep2/VOICE_d4d.yaml,Data Governance,data_governance,empty
VOICE,api,v8,3,data/d4d_concatenated/claudecode_api/2026-09-04f_claude-opus-5-api-generic-v8_rep3/VOICE_d4d.yaml,Data Governance,data_governance,populated
VOICE,agentic,v6,1,data/d4d_concatenated/claudecode_agent/2026-08-28_claude-opus-5-claudecode-generic-v6_rep1/VOICE_d4d.yaml,Data Governance,data_governance,populated
VOICE,agentic,v6,2,data/d4d_concatenated/claudecode_agent/2026-08-28_claude-opus-5-claudecode-generic-v6_rep2/VOICE_d4d.yaml,Data Governance,data_governance,populated
VOICE,agentic,v6,3,data/d4d_concatenated/claudecode_agent/2026-08-28_claude-opus-5-claudecode-generic-v6_rep3/VOICE_d4d.yaml,Data Governance,data_governance,populated
VOICE,direct,,,,Data Governance,data_governance,no_record
AI_READI,api,v7,1,data/d4d_concatenated/claudecode_agent/2026-09-01_claude-opus-5-api-generic-v7_rep1/AI_READI_d4d.yaml,Variables,variables,populated
AI_READI,api,v7,2,data/d4d_concatenated/claudecode_agent/2026-09-01_claude-opus-5-api-generic-v7_rep2/AI_READI_d4d.yaml,Variables,variables,populated
AI_READI,api,v7,3,data/d4d_concatenated/claudecode_agent/2026-09-01_claude-opus-5-api-generic-v7_rep3/AI_READI_d4d.yaml,Variables,variables,populated
AI_READI,api,v8,1,data/d4d_concatenated/claudecode_api/2026-09-04g_claude-opus-5-api-generic-v8_rep1/AI_READI_d4d.yaml,Variables,variables,populated
AI_READI,api,v8,2,data/d4d_concatenated/claudecode_api/2026-09-04g_claude-opus-5-api-generic-v8_rep2/AI_READI_d4d.yaml,Variables,variables,populated
AI_READI,api,v8,3,data/d4d_concatenated/claudecode_api/2026-09-04g_claude-opus-5-api-generic-v8_rep3/AI_READI_d4d.yaml,Variables,variables,populated
AI_READI,agentic,v6,1,data/d4d_concatenated/claudecode_agent/2026-08-28_claude-opus-5-claudecode-generic-v6_rep1/AI_READI_d4d.yaml,Variables,variables,populated
AI_READI,agentic,v6,2,data/d4d_concatenated/claudecode_agent/2026-08-28_claude-opus-5-claudecode-generic-v6_rep2/AI_READI_d4d.yaml,Variables,variables,empty
AI_READI,agentic,v6,3,data/d4d_concatenated/claudecode_agent/2026-08-28_claude-opus-5-claudecode-generic-v6_rep3/AI_READI_d4d.yaml,Variables,variables,populated
AI_READI,direct,,,,Variables,variables,no_record
CHORUS,api,v7,1,data/d4d_concatenated/claudecode_agent/2026-09-01_claude-opus-5-api-generic-v7_rep1/CHORUS_d4d.yaml,Variables,variables,empty
CHORUS,api,v7,2,data/d4d_concatenated/claudecode_agent/2026-09-01_claude-opus-5-api-generic-v7_rep2/CHORUS_d4d.yaml,Variables,variables,empty
CHORUS,api,v7,3,data/d4d_concatenated/claudecode_agent/2026-09-01_claude-opus-5-api-generic-v7_rep3/CHORUS_d4d.yaml,Variables,variables,empty
CHORUS,api,v8,1,data/d4d_concatenated/claudecode_api/2026-09-04f_claude-opus-5-api-generic-v8_rep1/CHORUS_d4d.yaml,Variables,variables,empty
CHORUS,api,v8,2,data/d4d_concatenated/claudecode_api/2026-09-04f_claude-opus-5-api-generic-v8_rep2/CHORUS_d4d.yaml,Variables,variables,empty
CHORUS,api,v8,3,data/d4d_concatenated/claudecode_api/2026-09-04f_claude-opus-5-api-generic-v8_rep3/CHORUS_d4d.yaml,Variables,variables,empty
CHORUS,agentic,v6,1,data/d4d_concatenated/claudecode_agent/2026-08-28_claude-opus-5-claudecode-generic-v6_rep1/CHORUS_d4d.yaml,Variables,variables,empty
CHORUS,agentic,v6,2,data/d4d_concatenated/claudecode_agent/2026-08-28_claude-opus-5-claudecode-generic-v6_rep2/CHORUS_d4d.yaml,Variables,variables,empty
CHORUS,agentic,v6,3,data/d4d_concatenated/claudecode_agent/2026-08-28_claude-opus-5-claudecode-generic-v6_rep3/CHORUS_d4d.yaml,Variables,variables,populated
CHORUS,direct,,,,Variables,variables,no_record
CM4AI,api,v7,1,data/d4d_concatenated/claudecode_agent/2026-09-01_claude-opus-5-api-generic-v7_rep1/CM4AI_d4d.yaml,Variables,variables,empty
CM4AI,api,v7,2,data/d4d_concatenated/claudecode_agent/2026-09-01_claude-opus-5-api-generic-v7_rep2/CM4AI_d4d.yaml,Variables,variables,empty
CM4AI,api,v7,3,data/d4d_concatenated/claudecode_agent/2026-09-01_claude-opus-5-api-generic-v7_rep3/CM4AI_d4d.yaml,Variables,variables,empty
CM4AI,api,v8,1,data/d4d_concatenated/claudecode_api/2026-09-04g_claude-opus-5-api-generic-v8_rep1/CM4AI_d4d.yaml,Variables,variables,empty
CM4AI,api,v8,2,data/d4d_concatenated/claudecode_api/2026-09-04g_claude-opus-5-api-generic-v8_rep2/CM4AI_d4d.yaml,Variables,variables,empty
CM4AI,api,v8,3,data/d4d_concatenated/claudecode_api/2026-09-04g_claude-opus-5-api-generic-v8_rep3/CM4AI_d4d.yaml,Variables,variables,empty
CM4AI,agentic,v6,1,data/d4d_concatenated/claudecode_agent/2026-08-28_claude-opus-5-claudecode-generic-v6_rep1/CM4AI_d4d.yaml,Variables,variables,empty
CM4AI,agentic,v6,2,data/d4d_concatenated/claudecode_agent/2026-08-28_claude-opus-5-claudecode-generic-v6_rep2/CM4AI_d4d.yaml,Variables,variables,empty
CM4AI,agentic,v6,3,data/d4d_concatenated/claudecode_agent/2026-08-28_claude-opus-5-claudecode-generic-v6_rep3/CM4AI_d4d.yaml,Variables,variables,empty
CM4AI,direct,,,,Variables,variables,no_record
VOICE,api,v7,1,data/d4d_concatenated/claudecode_agent/2026-09-01_claude-opus-5-api-generic-v7_rep1/VOICE_d4d.yaml,Variables,variables,populated
VOICE,api,v7,2,data/d4d_concatenated/claudecode_agent/2026-09-01_claude-opus-5-api-generic-v7_rep2/VOICE_d4d.yaml,Variables,variables,populated
VOICE,api,v7,3,data/d4d_concatenated/claudecode_agent/2026-09-01_claude-opus-5-api-generic-v7_rep3/VOICE_d4d.yaml,Variables,variables,empty
VOICE,api,v8,1,data/d4d_concatenated/claudecode_api/2026-09-04f_claude-opus-5-api-generic-v8_rep1/VOICE_d4d.yaml,Variables,variables,populated
VOICE,api,v8,2,data/d4d_concatenated/claudecode_api/2026-09-04f_claude-opus-5-api-generic-v8_rep2/VOICE_d4d.yaml,Variables,variables,populated
VOICE,api,v8,3,data/d4d_concatenated/claudecode_api/2026-09-04f_claude-opus-5-api-generic-v8_rep3/VOICE_d4d.yaml,Variables,variables,populated
VOICE,agentic,v6,1,data/d4d_concatenated/claudecode_agent/2026-08-28_claude-opus-5-claudecode-generic-v6_rep1/VOICE_d4d.yaml,Variables,variables,populated
VOICE,agentic,v6,2,data/d4d_concatenated/claudecode_agent/2026-08-28_claude-opus-5-claudecode-generic-v6_rep2/VOICE_d4d.yaml,Variables,variables,empty
VOICE,agentic,v6,3,data/d4d_concatenated/claudecode_agent/2026-08-28_claude-opus-5-claudecode-generic-v6_rep3/VOICE_d4d.yaml,Variables,variables,populated
VOICE,direct,,,,Variables,variables,no_record
AI_READI,api,v7,1,data/d4d_concatenated/claudecode_agent/2026-09-01_claude-opus-5-api-generic-v7_rep1/AI_READI_d4d.yaml,FileCollection,file_collections,populated
AI_READI,api,v7,2,data/d4d_concatenated/claudecode_agent/2026-09-01_claude-opus-5-api-generic-v7_rep2/AI_READI_d4d.yaml,FileCollection,file_collections,populated
AI_READI,api,v7,3,data/d4d_concatenated/claudecode_agent/2026-09-01_claude-opus-5-api-generic-v7_rep3/AI_READI_d4d.yaml,FileCollection,file_collections,populated
AI_READI,api,v8,1,data/d4d_concatenated/claudecode_api/2026-09-04g_claude-opus-5-api-generic-v8_rep1/AI_READI_d4d.yaml,FileCollection,file_collections,populated
AI_READI,api,v8,2,data/d4d_concatenated/claudecode_api/2026-09-04g_claude-opus-5-api-generic-v8_rep2/AI_READI_d4d.yaml,FileCollection,file_collections,populated
AI_READI,api,v8,3,data/d4d_concatenated/claudecode_api/2026-09-04g_claude-opus-5-api-generic-v8_rep3/AI_READI_d4d.yaml,FileCollection,file_collections,populated
AI_READI,agentic,v6,1,data/d4d_concatenated/claudecode_agent/2026-08-28_claude-opus-5-claudecode-generic-v6_rep1/AI_READI_d4d.yaml,FileCollection,file_collections,populated
AI_READI,agentic,v6,2,data/d4d_concatenated/claudecode_agent/2026-08-28_claude-opus-5-claudecode-generic-v6_rep2/AI_READI_d4d.yaml,FileCollection,file_collections,populated
AI_READI,agentic,v6,3,data/d4d_concatenated/claudecode_agent/2026-08-28_claude-opus-5-claudecode-generic-v6_rep3/AI_READI_d4d.yaml,FileCollection,file_collections,populated
AI_READI,direct,,,,FileCollection,file_collections,no_record
CHORUS,api,v7,1,data/d4d_concatenated/claudecode_agent/2026-09-01_claude-opus-5-api-generic-v7_rep1/CHORUS_d4d.yaml,FileCollection,file_collections,empty
CHORUS,api,v7,2,data/d4d_concatenated/claudecode_agent/2026-09-01_claude-opus-5-api-generic-v7_rep2/CHORUS_d4d.yaml,FileCollection,file_collections,empty
CHORUS,api,v7,3,data/d4d_concatenated/claudecode_agent/2026-09-01_claude-opus-5-api-generic-v7_rep3/CHORUS_d4d.yaml,FileCollection,file_collections,empty
CHORUS,api,v8,1,data/d4d_concatenated/claudecode_api/2026-09-04f_claude-opus-5-api-generic-v8_rep1/CHORUS_d4d.yaml,FileCollection,file_collections,populated
CHORUS,api,v8,2,data/d4d_concatenated/claudecode_api/2026-09-04f_claude-opus-5-api-generic-v8_rep2/CHORUS_d4d.yaml,FileCollection,file_collections,empty
CHORUS,api,v8,3,data/d4d_concatenated/claudecode_api/2026-09-04f_claude-opus-5-api-generic-v8_rep3/CHORUS_d4d.yaml,FileCollection,file_collections,empty
CHORUS,agentic,v6,1,data/d4d_concatenated/claudecode_agent/2026-08-28_claude-opus-5-claudecode-generic-v6_rep1/CHORUS_d4d.yaml,FileCollection,file_collections,empty
CHORUS,agentic,v6,2,data/d4d_concatenated/claudecode_agent/2026-08-28_claude-opus-5-claudecode-generic-v6_rep2/CHORUS_d4d.yaml,FileCollection,file_collections,empty
CHORUS,agentic,v6,3,data/d4d_concatenated/claudecode_agent/2026-08-28_claude-opus-5-claudecode-generic-v6_rep3/CHORUS_d4d.yaml,FileCollection,file_collections,empty
CHORUS,direct,,,,FileCollection,file_collections,no_record
CM4AI,api,v7,1,data/d4d_concatenated/claudecode_agent/2026-09-01_claude-opus-5-api-generic-v7_rep1/CM4AI_d4d.yaml,FileCollection,file_collections,populated
CM4AI,api,v7,2,data/d4d_concatenated/claudecode_agent/2026-09-01_claude-opus-5-api-generic-v7_rep2/CM4AI_d4d.yaml,FileCollection,file_collections,populated
CM4AI,api,v7,3,data/d4d_concatenated/claudecode_agent/2026-09-01_claude-opus-5-api-generic-v7_rep3/CM4AI_d4d.yaml,FileCollection,file_collections,populated
CM4AI,api,v8,1,data/d4d_concatenated/claudecode_api/2026-09-04g_claude-opus-5-api-generic-v8_rep1/CM4AI_d4d.yaml,FileCollection,file_collections,populated
CM4AI,api,v8,2,data/d4d_concatenated/claudecode_api/2026-09-04g_claude-opus-5-api-generic-v8_rep2/CM4AI_d4d.yaml,FileCollection,file_collections,populated
CM4AI,api,v8,3,data/d4d_concatenated/claudecode_api/2026-09-04g_claude-opus-5-api-generic-v8_rep3/CM4AI_d4d.yaml,FileCollection,file_collections,populated
CM4AI,agentic,v6,1,data/d4d_concatenated/claudecode_agent/2026-08-28_claude-opus-5-claudecode-generic-v6_rep1/CM4AI_d4d.yaml,FileCollection,file_collections,empty
CM4AI,agentic,v6,2,data/d4d_concatenated/claudecode_agent/2026-08-28_claude-opus-5-claudecode-generic-v6_rep2/CM4AI_d4d.yaml,FileCollection,file_collections,populated
CM4AI,agentic,v6,3,data/d4d_concatenated/claudecode_agent/2026-08-28_claude-opus-5-claudecode-generic-v6_rep3/CM4AI_d4d.yaml,FileCollection,file_collections,empty
CM4AI,direct,,,,FileCollection,file_collections,no_record
VOICE,api,v7,1,data/d4d_concatenated/claudecode_agent/2026-09-01_claude-opus-5-api-generic-v7_rep1/VOICE_d4d.yaml,FileCollection,file_collections,empty
VOICE,api,v7,2,data/d4d_concatenated/claudecode_agent/2026-09-01_claude-opus-5-api-generic-v7_rep2/VOICE_d4d.yaml,FileCollection,file_collections,empty
VOICE,api,v7,3,data/d4d_concatenated/claudecode_agent/2026-09-01_claude-opus-5-api-generic-v7_rep3/VOICE_d4d.yaml,FileCollection,file_collections,populated
VOICE,api,v8,1,data/d4d_concatenated/claudecode_api/2026-09-04f_claude-opus-5-api-generic-v8_rep1/VOICE_d4d.yaml,FileCollection,file_collections,populated
VOICE,api,v8,2,data/d4d_concatenated/claudecode_api/2026-09-04f_claude-opus-5-api-generic-v8_rep2/VOICE_d4d.yaml,FileCollection,file_collections,populated
VOICE,api,v8,3,data/d4d_concatenated/claudecode_api/2026-09-04f_claude-opus-5-api-generic-v8_rep3/VOICE_d4d.yaml,FileCollection,file_collections,populated
VOICE,agentic,v6,1,data/d4d_concatenated/claudecode_agent/2026-08-28_claude-opus-5-claudecode-generic-v6_rep1/VOICE_d4d.yaml,FileCollection,file_collections,populated
VOICE,agentic,v6,2,data/d4d_concatenated/claudecode_agent/2026-08-28_claude-opus-5-claudecode-generic-v6_rep2/VOICE_d4d.yaml,FileCollection,file_collections,populated
VOICE,agentic,v6,3,data/d4d_concatenated/claudecode_agent/2026-08-28_claude-opus-5-claudecode-generic-v6_rep3/VOICE_d4d.yaml,FileCollection,file_collections,populated
VOICE,direct,,,,FileCollection,file_collections,no_record
AI_READI,api,v7,1,data/d4d_concatenated/claudecode_agent/2026-09-01_claude-opus-5-api-generic-v7_rep1/AI_READI_d4d.yaml,Base / root,resources,empty
AI_READI,api,v7,2,data/d4d_concatenated/claudecode_agent/2026-09-01_claude-opus-5-api-generic-v7_rep2/AI_READI_d4d.yaml,Base / root,resources,empty
AI_READI,api,v7,3,data/d4d_concatenated/claudecode_agent/2026-09-01_claude-opus-5-api-generic-v7_rep3/AI_READI_d4d.yaml,Base / root,resources,empty
AI_READI,api,v8,1,data/d4d_concatenated/claudecode_api/2026-09-04g_claude-opus-5-api-generic-v8_rep1/AI_READI_d4d.yaml,Base / root,resources,empty
AI_READI,api,v8,2,data/d4d_concatenated/claudecode_api/2026-09-04g_claude-opus-5-api-generic-v8_rep2/AI_READI_d4d.yaml,Base / root,resources,empty
AI_READI,api,v8,3,data/d4d_concatenated/claudecode_api/2026-09-04g_claude-opus-5-api-generic-v8_rep3/AI_READI_d4d.yaml,Base / root,resources,empty
AI_READI,agentic,v6,1,data/d4d_concatenated/claudecode_agent/2026-08-28_claude-opus-5-claudecode-generic-v6_rep1/AI_READI_d4d.yaml,Base / root,resources,populated
AI_READI,agentic,v6,2,data/d4d_concatenated/claudecode_agent/2026-08-28_claude-opus-5-claudecode-generic-v6_rep2/AI_READI_d4d.yaml,Base / root,resources,empty
AI_READI,agentic,v6,3,data/d4d_concatenated/claudecode_agent/2026-08-28_claude-opus-5-claudecode-generic-v6_rep3/AI_READI_d4d.yaml,Base / root,resources,empty
AI_READI,direct,,,,Base / root,resources,no_record
CHORUS,api,v7,1,data/d4d_concatenated/claudecode_agent/2026-09-01_claude-opus-5-api-generic-v7_rep1/CHORUS_d4d.yaml,Base / root,resources,empty
CHORUS,api,v7,2,data/d4d_concatenated/claudecode_agent/2026-09-01_claude-opus-5-api-generic-v7_rep2/CHORUS_d4d.yaml,Base / root,resources,empty
CHORUS,api,v7,3,data/d4d_concatenated/claudecode_agent/2026-09-01_claude-opus-5-api-generic-v7_rep3/CHORUS_d4d.yaml,Base / root,resources,empty
CHORUS,api,v8,1,data/d4d_concatenated/claudecode_api/2026-09-04f_claude-opus-5-api-generic-v8_rep1/CHORUS_d4d.yaml,Base / root,resources,empty
CHORUS,api,v8,2,data/d4d_concatenated/claudecode_api/2026-09-04f_claude-opus-5-api-generic-v8_rep2/CHORUS_d4d.yaml,Base / root,resources,empty
CHORUS,api,v8,3,data/d4d_concatenated/claudecode_api/2026-09-04f_claude-opus-5-api-generic-v8_rep3/CHORUS_d4d.yaml,Base / root,resources,empty
CHORUS,agentic,v6,1,data/d4d_concatenated/claudecode_agent/2026-08-28_claude-opus-5-claudecode-generic-v6_rep1/CHORUS_d4d.yaml,Base / root,resources,empty
CHORUS,agentic,v6,2,data/d4d_concatenated/claudecode_agent/2026-08-28_claude-opus-5-claudecode-generic-v6_rep2/CHORUS_d4d.yaml,Base / root,resources,empty
CHORUS,agentic,v6,3,data/d4d_concatenated/claudecode_agent/2026-08-28_claude-opus-5-claudecode-generic-v6_rep3/CHORUS_d4d.yaml,Base / root,resources,empty
CHORUS,direct,,,,Base / root,resources,no_record
CM4AI,api,v7,1,data/d4d_concatenated/claudecode_agent/2026-09-01_claude-opus-5-api-generic-v7_rep1/CM4AI_d4d.yaml,Base / root,resources,empty
CM4AI,api,v7,2,data/d4d_concatenated/claudecode_agent/2026-09-01_claude-opus-5-api-generic-v7_rep2/CM4AI_d4d.yaml,Base / root,resources,empty
CM4AI,api,v7,3,data/d4d_concatenated/claudecode_agent/2026-09-01_claude-opus-5-api-generic-v7_rep3/CM4AI_d4d.yaml,Base / root,resources,empty
CM4AI,api,v8,1,data/d4d_concatenated/claudecode_api/2026-09-04g_claude-opus-5-api-generic-v8_rep1/CM4AI_d4d.yaml,Base / root,resources,empty
CM4AI,api,v8,2,data/d4d_concatenated/claudecode_api/2026-09-04g_claude-opus-5-api-generic-v8_rep2/CM4AI_d4d.yaml,Base / root,resources,empty
CM4AI,api,v8,3,data/d4d_concatenated/claudecode_api/2026-09-04g_claude-opus-5-api-generic-v8_rep3/CM4AI_d4d.yaml,Base / root,resources,empty
CM4AI,agentic,v6,1,data/d4d_concatenated/claudecode_agent/2026-08-28_claude-opus-5-claudecode-generic-v6_rep1/CM4AI_d4d.yaml,Base / root,resources,populated
CM4AI,agentic,v6,2,data/d4d_concatenated/claudecode_agent/2026-08-28_claude-opus-5-claudecode-generic-v6_rep2/CM4AI_d4d.yaml,Base / root,resources,populated
CM4AI,agentic,v6,3,data/d4d_concatenated/claudecode_agent/2026-08-28_claude-opus-5-claudecode-generic-v6_rep3/CM4AI_d4d.yaml,Base / root,resources,populated
CM4AI,direct,,,,Base / root,resources,no_record
VOICE,api,v7,1,data/d4d_concatenated/claudecode_agent/2026-09-01_claude-opus-5-api-generic-v7_rep1/VOICE_d4d.yaml,Base / root,resources,empty
VOICE,api,v7,2,data/d4d_concatenated/claudecode_agent/2026-09-01_claude-opus-5-api-generic-v7_rep2/VOICE_d4d.yaml,Base / root,resources,caveat_only
VOICE,api,v7,3,data/d4d_concatenated/claudecode_agent/2026-09-01_claude-opus-5-api-generic-v7_rep3/VOICE_d4d.yaml,Base / root,resources,empty
VOICE,api,v8,1,data/d4d_concatenated/claudecode_api/2026-09-04f_claude-opus-5-api-generic-v8_rep1/VOICE_d4d.yaml,Base / root,resources,caveat_only
VOICE,api,v8,2,data/d4d_concatenated/claudecode_api/2026-09-04f_claude-opus-5-api-generic-v8_rep2/VOICE_d4d.yaml,Base / root,resources,empty
VOICE,api,v8,3,data/d4d_concatenated/claudecode_api/2026-09-04f_claude-opus-5-api-generic-v8_rep3/VOICE_d4d.yaml,Base / root,resources,empty
VOICE,agentic,v6,1,data/d4d_concatenated/claudecode_agent/2026-08-28_claude-opus-5-claudecode-generic-v6_rep1/VOICE_d4d.yaml,Base / root,resources,empty
VOICE,agentic,v6,2,data/d4d_concatenated/claudecode_agent/2026-08-28_claude-opus-5-claudecode-generic-v6_rep2/VOICE_d4d.yaml,Base / root,resources,empty
VOICE,agentic,v6,3,data/d4d_concatenated/claudecode_agent/2026-08-28_claude-opus-5-claudecode-generic-v6_rep3/VOICE_d4d.yaml,Base / root,resources,empty
VOICE,direct,,,,Base / root,resources,no_record
AI_READI,api,v7,1,data/d4d_concatenated/claudecode_agent/2026-09-01_claude-opus-5-api-generic-v7_rep1/AI_READI_d4d.yaml,Base / root,total_file_count,populated
AI_READI,api,v7,2,data/d4d_concatenated/claudecode_agent/2026-09-01_claude-opus-5-api-generic-v7_rep2/AI_READI_d4d.yaml,Base / root,total_file_count,populated
AI_READI,api,v7,3,data/d4d_concatenated/claudecode_agent/2026-09-01_claude-opus-5-api-generic-v7_rep3/AI_READI_d4d.yaml,Base / root,total_file_count,populated
AI_READI,api,v8,1,data/d4d_concatenated/claudecode_api/2026-09-04g_claude-opus-5-api-generic-v8_rep1/AI_READI_d4d.yaml,Base / root,total_file_count,populated
AI_READI,api,v8,2,data/d4d_concatenated/claudecode_api/2026-09-04g_claude-opus-5-api-generic-v8_rep2/AI_READI_d4d.yaml,Base / root,total_file_count,populated
AI_READI,api,v8,3,data/d4d_concatenated/claudecode_api/2026-09-04g_claude-opus-5-api-generic-v8_rep3/AI_READI_d4d.yaml,Base / root,total_file_count,populated
AI_READI,agentic,v6,1,data/d4d_concatenated/claudecode_agent/2026-08-28_claude-opus-5-claudecode-generic-v6_rep1/AI_READI_d4d.yaml,Base / root,total_file_count,populated
AI_READI,agentic,v6,2,data/d4d_concatenated/claudecode_agent/2026-08-28_claude-opus-5-claudecode-generic-v6_rep2/AI_READI_d4d.yaml,Base / root,total_file_count,populated
AI_READI,agentic,v6,3,data/d4d_concatenated/claudecode_agent/2026-08-28_claude-opus-5-claudecode-generic-v6_rep3/AI_READI_d4d.yaml,Base / root,total_file_count,populated
AI_READI,direct,,,,Base / root,total_file_count,no_record
CHORUS,api,v7,1,data/d4d_concatenated/claudecode_agent/2026-09-01_claude-opus-5-api-generic-v7_rep1/CHORUS_d4d.yaml,Base / root,total_file_count,empty
CHORUS,api,v7,2,data/d4d_concatenated/claudecode_agent/2026-09-01_claude-opus-5-api-generic-v7_rep2/CHORUS_d4d.yaml,Base / root,total_file_count,empty
CHORUS,api,v7,3,data/d4d_concatenated/claudecode_agent/2026-09-01_claude-opus-5-api-generic-v7_rep3/CHORUS_d4d.yaml,Base / root,total_file_count,empty
CHORUS,api,v8,1,data/d4d_concatenated/claudecode_api/2026-09-04f_claude-opus-5-api-generic-v8_rep1/CHORUS_d4d.yaml,Base / root,total_file_count,empty
CHORUS,api,v8,2,data/d4d_concatenated/claudecode_api/2026-09-04f_claude-opus-5-api-generic-v8_rep2/CHORUS_d4d.yaml,Base / root,total_file_count,empty
CHORUS,api,v8,3,data/d4d_concatenated/claudecode_api/2026-09-04f_claude-opus-5-api-generic-v8_rep3/CHORUS_d4d.yaml,Base / root,total_file_count,empty
CHORUS,agentic,v6,1,data/d4d_concatenated/claudecode_agent/2026-08-28_claude-opus-5-claudecode-generic-v6_rep1/CHORUS_d4d.yaml,Base / root,total_file_count,empty
CHORUS,agentic,v6,2,data/d4d_concatenated/claudecode_agent/2026-08-28_claude-opus-5-claudecode-generic-v6_rep2/CHORUS_d4d.yaml,Base / root,total_file_count,empty
CHORUS,agentic,v6,3,data/d4d_concatenated/claudecode_agent/2026-08-28_claude-opus-5-claudecode-generic-v6_rep3/CHORUS_d4d.yaml,Base / root,total_file_count,empty
CHORUS,direct,,,,Base / root,total_file_count,no_record
CM4AI,api,v7,1,data/d4d_concatenated/claudecode_agent/2026-09-01_claude-opus-5-api-generic-v7_rep1/CM4AI_d4d.yaml,Base / root,total_file_count,populated
CM4AI,api,v7,2,data/d4d_concatenated/claudecode_agent/2026-09-01_claude-opus-5-api-generic-v7_rep2/CM4AI_d4d.yaml,Base / root,total_file_count,populated
CM4AI,api,v7,3,data/d4d_concatenated/claudecode_agent/2026-09-01_claude-opus-5-api-generic-v7_rep3/CM4AI_d4d.yaml,Base / root,total_file_count,populated
CM4AI,api,v8,1,data/d4d_concatenated/claudecode_api/2026-09-04g_claude-opus-5-api-generic-v8_rep1/CM4AI_d4d.yaml,Base / root,total_file_count,populated
CM4AI,api,v8,2,data/d4d_concatenated/claudecode_api/2026-09-04g_claude-opus-5-api-generic-v8_rep2/CM4AI_d4d.yaml,Base / root,total_file_count,populated
CM4AI,api,v8,3,data/d4d_concatenated/claudecode_api/2026-09-04g_claude-opus-5-api-generic-v8_rep3/CM4AI_d4d.yaml,Base / root,total_file_count,populated
CM4AI,agentic,v6,1,data/d4d_concatenated/claudecode_agent/2026-08-28_claude-opus-5-claudecode-generic-v6_rep1/CM4AI_d4d.yaml,Base / root,total_file_count,caveat_only
CM4AI,agentic,v6,2,data/d4d_concatenated/claudecode_agent/2026-08-28_claude-opus-5-claudecode-generic-v6_rep2/CM4AI_d4d.yaml,Base / root,total_file_count,populated
CM4AI,agentic,v6,3,data/d4d_concatenated/claudecode_agent/2026-08-28_claude-opus-5-claudecode-generic-v6_rep3/CM4AI_d4d.yaml,Base / root,total_file_count,empty
CM4AI,direct,,,,Base / root,total_file_count,no_record
VOICE,api,v7,1,data/d4d_concatenated/claudecode_agent/2026-09-01_claude-opus-5-api-generic-v7_rep1/VOICE_d4d.yaml,Base / root,total_file_count,empty
VOICE,api,v7,2,data/d4d_concatenated/claudecode_agent/2026-09-01_claude-opus-5-api-generic-v7_rep2/VOICE_d4d.yaml,Base / root,total_file_count,empty
VOICE,api,v7,3,data/d4d_concatenated/claudecode_agent/2026-09-01_claude-opus-5-api-generic-v7_rep3/VOICE_d4d.yaml,Base / root,total_file_count,empty
VOICE,api,v8,1,data/d4d_concatenated/claudecode_api/2026-09-04f_claude-opus-5-api-generic-v8_rep1/VOICE_d4d.yaml,Base / root,total_file_count,empty
VOICE,api,v8,2,data/d4d_concatenated/claudecode_api/2026-09-04f_claude-opus-5-api-generic-v8_rep2/VOICE_d4d.yaml,Base / root,total_file_count,empty
VOICE,api,v8,3,data/d4d_concatenated/claudecode_api/2026-09-04f_claude-opus-5-api-generic-v8_rep3/VOICE_d4d.yaml,Base / root,total_file_count,empty
VOICE,agentic,v6,1,data/d4d_concatenated/claudecode_agent/2026-08-28_claude-opus-5-claudecode-generic-v6_rep1/VOICE_d4d.yaml,Base / root,total_file_count,empty
VOICE,agentic,v6,2,data/d4d_concatenated/claudecode_agent/2026-08-28_claude-opus-5-claudecode-generic-v6_rep2/VOICE_d4d.yaml,Base / root,total_file_count,empty
VOICE,agentic,v6,3,data/d4d_concatenated/claudecode_agent/2026-08-28_claude-opus-5-claudecode-generic-v6_rep3/VOICE_d4d.yaml,Base / root,total_file_count,empty
VOICE,direct,,,,Base / root,total_file_count,no_record
AI_READI,api,v7,1,data/d4d_concatenated/claudecode_agent/2026-09-01_claude-opus-5-api-generic-v7_rep1/AI_READI_d4d.yaml,Base / root,total_size_bytes,populated
AI_READI,api,v7,2,data/d4d_concatenated/claudecode_agent/2026-09-01_claude-opus-5-api-generic-v7_rep2/AI_READI_d4d.yaml,Base / root,total_size_bytes,populated
AI_READI,api,v7,3,data/d4d_concatenated/claudecode_agent/2026-09-01_claude-opus-5-api-generic-v7_rep3/AI_READI_d4d.yaml,Base / root,total_size_bytes,populated
AI_READI,api,v8,1,data/d4d_concatenated/claudecode_api/2026-09-04g_claude-opus-5-api-generic-v8_rep1/AI_READI_d4d.yaml,Base / root,total_size_bytes,populated
AI_READI,api,v8,2,data/d4d_concatenated/claudecode_api/2026-09-04g_claude-opus-5-api-generic-v8_rep2/AI_READI_d4d.yaml,Base / root,total_size_bytes,populated
AI_READI,api,v8,3,data/d4d_concatenated/claudecode_api/2026-09-04g_claude-opus-5-api-generic-v8_rep3/AI_READI_d4d.yaml,Base / root,total_size_bytes,populated
AI_READI,agentic,v6,1,data/d4d_concatenated/claudecode_agent/2026-08-28_claude-opus-5-claudecode-generic-v6_rep1/AI_READI_d4d.yaml,Base / root,total_size_bytes,populated
AI_READI,agentic,v6,2,data/d4d_concatenated/claudecode_agent/2026-08-28_claude-opus-5-claudecode-generic-v6_rep2/AI_READI_d4d.yaml,Base / root,total_size_bytes,populated
AI_READI,agentic,v6,3,data/d4d_concatenated/claudecode_agent/2026-08-28_claude-opus-5-claudecode-generic-v6_rep3/AI_READI_d4d.yaml,Base / root,total_size_bytes,populated
AI_READI,direct,,,,Base / root,total_size_bytes,no_record
CHORUS,api,v7,1,data/d4d_concatenated/claudecode_agent/2026-09-01_claude-opus-5-api-generic-v7_rep1/CHORUS_d4d.yaml,Base / root,total_size_bytes,empty
CHORUS,api,v7,2,data/d4d_concatenated/claudecode_agent/2026-09-01_claude-opus-5-api-generic-v7_rep2/CHORUS_d4d.yaml,Base / root,total_size_bytes,empty
CHORUS,api,v7,3,data/d4d_concatenated/claudecode_agent/2026-09-01_claude-opus-5-api-generic-v7_rep3/CHORUS_d4d.yaml,Base / root,total_size_bytes,empty
CHORUS,api,v8,1,data/d4d_concatenated/claudecode_api/2026-09-04f_claude-opus-5-api-generic-v8_rep1/CHORUS_d4d.yaml,Base / root,total_size_bytes,empty
CHORUS,api,v8,2,data/d4d_concatenated/claudecode_api/2026-09-04f_claude-opus-5-api-generic-v8_rep2/CHORUS_d4d.yaml,Base / root,total_size_bytes,empty
CHORUS,api,v8,3,data/d4d_concatenated/claudecode_api/2026-09-04f_claude-opus-5-api-generic-v8_rep3/CHORUS_d4d.yaml,Base / root,total_size_bytes,empty
CHORUS,agentic,v6,1,data/d4d_concatenated/claudecode_agent/2026-08-28_claude-opus-5-claudecode-generic-v6_rep1/CHORUS_d4d.yaml,Base / root,total_size_bytes,empty
CHORUS,agentic,v6,2,data/d4d_concatenated/claudecode_agent/2026-08-28_claude-opus-5-claudecode-generic-v6_rep2/CHORUS_d4d.yaml,Base / root,total_size_bytes,empty
CHORUS,agentic,v6,3,data/d4d_concatenated/claudecode_agent/2026-08-28_claude-opus-5-claudecode-generic-v6_rep3/CHORUS_d4d.yaml,Base / root,total_size_bytes,empty
CHORUS,direct,,,,Base / root,total_size_bytes,no_record
CM4AI,api,v7,1,data/d4d_concatenated/claudecode_agent/2026-09-01_claude-opus-5-api-generic-v7_rep1/CM4AI_d4d.yaml,Base / root,total_size_bytes,caveat_only
CM4AI,api,v7,2,data/d4d_concatenated/claudecode_agent/2026-09-01_claude-opus-5-api-generic-v7_rep2/CM4AI_d4d.yaml,Base / root,total_size_bytes,caveat_only
CM4AI,api,v7,3,data/d4d_concatenated/claudecode_agent/2026-09-01_claude-opus-5-api-generic-v7_rep3/CM4AI_d4d.yaml,Base / root,total_size_bytes,empty
CM4AI,api,v8,1,data/d4d_concatenated/claudecode_api/2026-09-04g_claude-opus-5-api-generic-v8_rep1/CM4AI_d4d.yaml,Base / root,total_size_bytes,empty
CM4AI,api,v8,2,data/d4d_concatenated/claudecode_api/2026-09-04g_claude-opus-5-api-generic-v8_rep2/CM4AI_d4d.yaml,Base / root,total_size_bytes,populated
CM4AI,api,v8,3,data/d4d_concatenated/claudecode_api/2026-09-04g_claude-opus-5-api-generic-v8_rep3/CM4AI_d4d.yaml,Base / root,total_size_bytes,empty
CM4AI,agentic,v6,1,data/d4d_concatenated/claudecode_agent/2026-08-28_claude-opus-5-claudecode-generic-v6_rep1/CM4AI_d4d.yaml,Base / root,total_size_bytes,empty
CM4AI,agentic,v6,2,data/d4d_concatenated/claudecode_agent/2026-08-28_claude-opus-5-claudecode-generic-v6_rep2/CM4AI_d4d.yaml,Base / root,total_size_bytes,empty
CM4AI,agentic,v6,3,data/d4d_concatenated/claudecode_agent/2026-08-28_claude-opus-5-claudecode-generic-v6_rep3/CM4AI_d4d.yaml,Base / root,total_size_bytes,empty
CM4AI,direct,,,,Base / root,total_size_bytes,no_record
VOICE,api,v7,1,data/d4d_concatenated/claudecode_agent/2026-09-01_claude-opus-5-api-generic-v7_rep1/VOICE_d4d.yaml,Base / root,total_size_bytes,empty
VOICE,api,v7,2,data/d4d_concatenated/claudecode_agent/2026-09-01_claude-opus-5-api-generic-v7_rep2/VOICE_d4d.yaml,Base / root,total_size_bytes,empty
VOICE,api,v7,3,data/d4d_concatenated/claudecode_agent/2026-09-01_claude-opus-5-api-generic-v7_rep3/VOICE_d4d.yaml,Base / root,total_size_bytes,empty
VOICE,api,v8,1,data/d4d_concatenated/claudecode_api/2026-09-04f_claude-opus-5-api-generic-v8_rep1/VOICE_d4d.yaml,Base / root,total_size_bytes,empty
VOICE,api,v8,2,data/d4d_concatenated/claudecode_api/2026-09-04f_claude-opus-5-api-generic-v8_rep2/VOICE_d4d.yaml,Base / root,total_size_bytes,empty
VOICE,api,v8,3,data/d4d_concatenated/claudecode_api/2026-09-04f_claude-opus-5-api-generic-v8_rep3/VOICE_d4d.yaml,Base / root,total_size_bytes,empty
VOICE,agentic,v6,1,data/d4d_concatenated/claudecode_agent/2026-08-28_claude-opus-5-claudecode-generic-v6_rep1/VOICE_d4d.yaml,Base / root,total_size_bytes,empty
VOICE,agentic,v6,2,data/d4d_concatenated/claudecode_agent/2026-08-28_claude-opus-5-claudecode-generic-v6_rep2/VOICE_d4d.yaml,Base / root,total_size_bytes,empty
VOICE,agentic,v6,3,data/d4d_concatenated/claudecode_agent/2026-08-28_claude-opus-5-claudecode-generic-v6_rep3/VOICE_d4d.yaml,Base / root,total_size_bytes,empty
VOICE,direct,,,,Base / root,total_size_bytes,no_record
AI_READI,api,v7,1,data/d4d_concatenated/claudecode_agent/2026-09-01_claude-opus-5-api-generic-v7_rep1/AI_READI_d4d.yaml,Base / root,subsets,empty
AI_READI,api,v7,2,data/d4d_concatenated/claudecode_agent/2026-09-01_claude-opus-5-api-generic-v7_rep2/AI_READI_d4d.yaml,Base / root,subsets,empty
AI_READI,api,v7,3,data/d4d_concatenated/claudecode_agent/2026-09-01_claude-opus-5-api-generic-v7_rep3/AI_READI_d4d.yaml,Base / root,subsets,populated
AI_READI,api,v8,1,data/d4d_concatenated/claudecode_api/2026-09-04g_claude-opus-5-api-generic-v8_rep1/AI_READI_d4d.yaml,Base / root,subsets,empty
AI_READI,api,v8,2,data/d4d_concatenated/claudecode_api/2026-09-04g_claude-opus-5-api-generic-v8_rep2/AI_READI_d4d.yaml,Base / root,subsets,populated
AI_READI,api,v8,3,data/d4d_concatenated/claudecode_api/2026-09-04g_claude-opus-5-api-generic-v8_rep3/AI_READI_d4d.yaml,Base / root,subsets,populated
AI_READI,agentic,v6,1,data/d4d_concatenated/claudecode_agent/2026-08-28_claude-opus-5-claudecode-generic-v6_rep1/AI_READI_d4d.yaml,Base / root,subsets,empty
AI_READI,agentic,v6,2,data/d4d_concatenated/claudecode_agent/2026-08-28_claude-opus-5-claudecode-generic-v6_rep2/AI_READI_d4d.yaml,Base / root,subsets,populated
AI_READI,agentic,v6,3,data/d4d_concatenated/claudecode_agent/2026-08-28_claude-opus-5-claudecode-generic-v6_rep3/AI_READI_d4d.yaml,Base / root,subsets,empty
AI_READI,direct,,,,Base / root,subsets,no_record
CHORUS,api,v7,1,data/d4d_concatenated/claudecode_agent/2026-09-01_claude-opus-5-api-generic-v7_rep1/CHORUS_d4d.yaml,Base / root,subsets,empty
CHORUS,api,v7,2,data/d4d_concatenated/claudecode_agent/2026-09-01_claude-opus-5-api-generic-v7_rep2/CHORUS_d4d.yaml,Base / root,subsets,empty
CHORUS,api,v7,3,data/d4d_concatenated/claudecode_agent/2026-09-01_claude-opus-5-api-generic-v7_rep3/CHORUS_d4d.yaml,Base / root,subsets,empty
CHORUS,api,v8,1,data/d4d_concatenated/claudecode_api/2026-09-04f_claude-opus-5-api-generic-v8_rep1/CHORUS_d4d.yaml,Base / root,subsets,empty
CHORUS,api,v8,2,data/d4d_concatenated/claudecode_api/2026-09-04f_claude-opus-5-api-generic-v8_rep2/CHORUS_d4d.yaml,Base / root,subsets,populated
CHORUS,api,v8,3,data/d4d_concatenated/claudecode_api/2026-09-04f_claude-opus-5-api-generic-v8_rep3/CHORUS_d4d.yaml,Base / root,subsets,empty
CHORUS,agentic,v6,1,data/d4d_concatenated/claudecode_agent/2026-08-28_claude-opus-5-claudecode-generic-v6_rep1/CHORUS_d4d.yaml,Base / root,subsets,empty
CHORUS,agentic,v6,2,data/d4d_concatenated/claudecode_agent/2026-08-28_claude-opus-5-claudecode-generic-v6_rep2/CHORUS_d4d.yaml,Base / root,subsets,empty
CHORUS,agentic,v6,3,data/d4d_concatenated/claudecode_agent/2026-08-28_claude-opus-5-claudecode-generic-v6_rep3/CHORUS_d4d.yaml,Base / root,subsets,empty
CHORUS,direct,,,,Base / root,subsets,no_record
CM4AI,api,v7,1,data/d4d_concatenated/claudecode_agent/2026-09-01_claude-opus-5-api-generic-v7_rep1/CM4AI_d4d.yaml,Base / root,subsets,populated
CM4AI,api,v7,2,data/d4d_concatenated/claudecode_agent/2026-09-01_claude-opus-5-api-generic-v7_rep2/CM4AI_d4d.yaml,Base / root,subsets,empty
CM4AI,api,v7,3,data/d4d_concatenated/claudecode_agent/2026-09-01_claude-opus-5-api-generic-v7_rep3/CM4AI_d4d.yaml,Base / root,subsets,empty
CM4AI,api,v8,1,data/d4d_concatenated/claudecode_api/2026-09-04g_claude-opus-5-api-generic-v8_rep1/CM4AI_d4d.yaml,Base / root,subsets,empty
CM4AI,api,v8,2,data/d4d_concatenated/claudecode_api/2026-09-04g_claude-opus-5-api-generic-v8_rep2/CM4AI_d4d.yaml,Base / root,subsets,populated
CM4AI,api,v8,3,data/d4d_concatenated/claudecode_api/2026-09-04g_claude-opus-5-api-generic-v8_rep3/CM4AI_d4d.yaml,Base / root,subsets,populated
CM4AI,agentic,v6,1,data/d4d_concatenated/claudecode_agent/2026-08-28_claude-opus-5-claudecode-generic-v6_rep1/CM4AI_d4d.yaml,Base / root,subsets,empty
CM4AI,agentic,v6,2,data/d4d_concatenated/claudecode_agent/2026-08-28_claude-opus-5-claudecode-generic-v6_rep2/CM4AI_d4d.yaml,Base / root,subsets,empty
CM4AI,agentic,v6,3,data/d4d_concatenated/claudecode_agent/2026-08-28_claude-opus-5-claudecode-generic-v6_rep3/CM4AI_d4d.yaml,Base / root,subsets,populated
CM4AI,direct,,,,Base / root,subsets,no_record
VOICE,api,v7,1,data/d4d_concatenated/claudecode_agent/2026-09-01_claude-opus-5-api-generic-v7_rep1/VOICE_d4d.yaml,Base / root,subsets,empty
VOICE,api,v7,2,data/d4d_concatenated/claudecode_agent/2026-09-01_claude-opus-5-api-generic-v7_rep2/VOICE_d4d.yaml,Base / root,subsets,empty
VOICE,api,v7,3,data/d4d_concatenated/claudecode_agent/2026-09-01_claude-opus-5-api-generic-v7_rep3/VOICE_d4d.yaml,Base / root,subsets,populated
VOICE,api,v8,1,data/d4d_concatenated/claudecode_api/2026-09-04f_claude-opus-5-api-generic-v8_rep1/VOICE_d4d.yaml,Base / root,subsets,empty
VOICE,api,v8,2,data/d4d_concatenated/claudecode_api/2026-09-04f_claude-opus-5-api-generic-v8_rep2/VOICE_d4d.yaml,Base / root,subsets,empty
VOICE,api,v8,3,data/d4d_concatenated/claudecode_api/2026-09-04f_claude-opus-5-api-generic-v8_rep3/VOICE_d4d.yaml,Base / root,subsets,populated
VOICE,agentic,v6,1,data/d4d_concatenated/claudecode_agent/2026-08-28_claude-opus-5-claudecode-generic-v6_rep1/VOICE_d4d.yaml,Base / root,subsets,populated
VOICE,agentic,v6,2,data/d4d_concatenated/claudecode_agent/2026-08-28_claude-opus-5-claudecode-generic-v6_rep2/VOICE_d4d.yaml,Base / root,subsets,empty
VOICE,agentic,v6,3,data/d4d_concatenated/claudecode_agent/2026-08-28_claude-opus-5-claudecode-generic-v6_rep3/VOICE_d4d.yaml,Base / root,subsets,empty
VOICE,direct,,,,Base / root,subsets,no_record
AI_READI,api,v7,1,data/d4d_concatenated/claudecode_agent/2026-09-01_claude-opus-5-api-generic-v7_rep1/AI_READI_d4d.yaml,Base / root,is_tabular,populated
AI_READI,api,v7,2,data/d4d_concatenated/claudecode_agent/2026-09-01_claude-opus-5-api-generic-v7_rep2/AI_READI_d4d.yaml,Base / root,is_tabular,populated
AI_READI,api,v7,3,data/d4d_concatenated/claudecode_agent/2026-09-01_claude-opus-5-api-generic-v7_rep3/AI_READI_d4d.yaml,Base / root,is_tabular,populated
AI_READI,api,v8,1,data/d4d_concatenated/claudecode_api/2026-09-04g_claude-opus-5-api-generic-v8_rep1/AI_READI_d4d.yaml,Base / root,is_tabular,populated
AI_READI,api,v8,2,data/d4d_concatenated/claudecode_api/2026-09-04g_claude-opus-5-api-generic-v8_rep2/AI_READI_d4d.yaml,Base / root,is_tabular,populated
AI_READI,api,v8,3,data/d4d_concatenated/claudecode_api/2026-09-04g_claude-opus-5-api-generic-v8_rep3/AI_READI_d4d.yaml,Base / root,is_tabular,populated
AI_READI,agentic,v6,1,data/d4d_concatenated/claudecode_agent/2026-08-28_claude-opus-5-claudecode-generic-v6_rep1/AI_READI_d4d.yaml,Base / root,is_tabular,populated
AI_READI,agentic,v6,2,data/d4d_concatenated/claudecode_agent/2026-08-28_claude-opus-5-claudecode-generic-v6_rep2/AI_READI_d4d.yaml,Base / root,is_tabular,populated
AI_READI,agentic,v6,3,data/d4d_concatenated/claudecode_agent/2026-08-28_claude-opus-5-claudecode-generic-v6_rep3/AI_READI_d4d.yaml,Base / root,is_tabular,populated
AI_READI,direct,,,,Base / root,is_tabular,no_record
CHORUS,api,v7,1,data/d4d_concatenated/claudecode_agent/2026-09-01_claude-opus-5-api-generic-v7_rep1/CHORUS_d4d.yaml,Base / root,is_tabular,populated
CHORUS,api,v7,2,data/d4d_concatenated/claudecode_agent/2026-09-01_claude-opus-5-api-generic-v7_rep2/CHORUS_d4d.yaml,Base / root,is_tabular,empty
CHORUS,api,v7,3,data/d4d_concatenated/claudecode_agent/2026-09-01_claude-opus-5-api-generic-v7_rep3/CHORUS_d4d.yaml,Base / root,is_tabular,populated
CHORUS,api,v8,1,data/d4d_concatenated/claudecode_api/2026-09-04f_claude-opus-5-api-generic-v8_rep1/CHORUS_d4d.yaml,Base / root,is_tabular,empty
CHORUS,api,v8,2,data/d4d_concatenated/claudecode_api/2026-09-04f_claude-opus-5-api-generic-v8_rep2/CHORUS_d4d.yaml,Base / root,is_tabular,empty
CHORUS,api,v8,3,data/d4d_concatenated/claudecode_api/2026-09-04f_claude-opus-5-api-generic-v8_rep3/CHORUS_d4d.yaml,Base / root,is_tabular,empty
CHORUS,agentic,v6,1,data/d4d_concatenated/claudecode_agent/2026-08-28_claude-opus-5-claudecode-generic-v6_rep1/CHORUS_d4d.yaml,Base / root,is_tabular,empty
CHORUS,agentic,v6,2,data/d4d_concatenated/claudecode_agent/2026-08-28_claude-opus-5-claudecode-generic-v6_rep2/CHORUS_d4d.yaml,Base / root,is_tabular,empty
CHORUS,agentic,v6,3,data/d4d_concatenated/claudecode_agent/2026-08-28_claude-opus-5-claudecode-generic-v6_rep3/CHORUS_d4d.yaml,Base / root,is_tabular,empty
CHORUS,direct,,,,Base / root,is_tabular,no_record
CM4AI,api,v7,1,data/d4d_concatenated/claudecode_agent/2026-09-01_claude-opus-5-api-generic-v7_rep1/CM4AI_d4d.yaml,Base / root,is_tabular,populated
CM4AI,api,v7,2,data/d4d_concatenated/claudecode_agent/2026-09-01_claude-opus-5-api-generic-v7_rep2/CM4AI_d4d.yaml,Base / root,is_tabular,populated
CM4AI,api,v7,3,data/d4d_concatenated/claudecode_agent/2026-09-01_claude-opus-5-api-generic-v7_rep3/CM4AI_d4d.yaml,Base / root,is_tabular,empty
CM4AI,api,v8,1,data/d4d_concatenated/claudecode_api/2026-09-04g_claude-opus-5-api-generic-v8_rep1/CM4AI_d4d.yaml,Base / root,is_tabular,empty
CM4AI,api,v8,2,data/d4d_concatenated/claudecode_api/2026-09-04g_claude-opus-5-api-generic-v8_rep2/CM4AI_d4d.yaml,Base / root,is_tabular,populated
CM4AI,api,v8,3,data/d4d_concatenated/claudecode_api/2026-09-04g_claude-opus-5-api-generic-v8_rep3/CM4AI_d4d.yaml,Base / root,is_tabular,populated
CM4AI,agentic,v6,1,data/d4d_concatenated/claudecode_agent/2026-08-28_claude-opus-5-claudecode-generic-v6_rep1/CM4AI_d4d.yaml,Base / root,is_tabular,empty
CM4AI,agentic,v6,2,data/d4d_concatenated/claudecode_agent/2026-08-28_claude-opus-5-claudecode-generic-v6_rep2/CM4AI_d4d.yaml,Base / root,is_tabular,empty
CM4AI,agentic,v6,3,data/d4d_concatenated/claudecode_agent/2026-08-28_claude-opus-5-claudecode-generic-v6_rep3/CM4AI_d4d.yaml,Base / root,is_tabular,empty
CM4AI,direct,,,,Base / root,is_tabular,no_record
VOICE,api,v7,1,data/d4d_concatenated/claudecode_agent/2026-09-01_claude-opus-5-api-generic-v7_rep1/VOICE_d4d.yaml,Base / root,is_tabular,empty
VOICE,api,v7,2,data/d4d_concatenated/claudecode_agent/2026-09-01_claude-opus-5-api-generic-v7_rep2/VOICE_d4d.yaml,Base / root,is_tabular,empty
VOICE,api,v7,3,data/d4d_concatenated/claudecode_agent/2026-09-01_claude-opus-5-api-generic-v7_rep3/VOICE_d4d.yaml,Base / root,is_tabular,empty
VOICE,api,v8,1,data/d4d_concatenated/claudecode_api/2026-09-04f_claude-opus-5-api-generic-v8_rep1/VOICE_d4d.yaml,Base / root,is_tabular,empty
VOICE,api,v8,2,data/d4d_concatenated/claudecode_api/2026-09-04f_claude-opus-5-api-generic-v8_rep2/VOICE_d4d.yaml,Base / root,is_tabular,empty
VOICE,api,v8,3,data/d4d_concatenated/claudecode_api/2026-09-04f_claude-opus-5-api-generic-v8_rep3/VOICE_d4d.yaml,Base / root,is_tabular,empty
VOICE,agentic,v6,1,data/d4d_concatenated/claudecode_agent/2026-08-28_claude-opus-5-claudecode-generic-v6_rep1/VOICE_d4d.yaml,Base / root,is_tabular,empty
VOICE,agentic,v6,2,data/d4d_concatenated/claudecode_agent/2026-08-28_claude-opus-5-claudecode-generic-v6_rep2/VOICE_d4d.yaml,Base / root,is_tabular,empty
VOICE,agentic,v6,3,data/d4d_concatenated/claudecode_agent/2026-08-28_claude-opus-5-claudecode-generic-v6_rep3/VOICE_d4d.yaml,Base / root,is_tabular,empty
VOICE,direct,,,,Base / root,is_tabular,no_record
AI_READI,api,v7,1,data/d4d_concatenated/claudecode_agent/2026-09-01_claude-opus-5-api-generic-v7_rep1/AI_READI_d4d.yaml,Base / root,citation,populated
AI_READI,api,v7,2,data/d4d_concatenated/claudecode_agent/2026-09-01_claude-opus-5-api-generic-v7_rep2/AI_READI_d4d.yaml,Base / root,citation,populated
AI_READI,api,v7,3,data/d4d_concatenated/claudecode_agent/2026-09-01_claude-opus-5-api-generic-v7_rep3/AI_READI_d4d.yaml,Base / root,citation,populated
AI_READI,api,v8,1,data/d4d_concatenated/claudecode_api/2026-09-04g_claude-opus-5-api-generic-v8_rep1/AI_READI_d4d.yaml,Base / root,citation,populated
AI_READI,api,v8,2,data/d4d_concatenated/claudecode_api/2026-09-04g_claude-opus-5-api-generic-v8_rep2/AI_READI_d4d.yaml,Base / root,citation,populated
AI_READI,api,v8,3,data/d4d_concatenated/claudecode_api/2026-09-04g_claude-opus-5-api-generic-v8_rep3/AI_READI_d4d.yaml,Base / root,citation,populated
AI_READI,agentic,v6,1,data/d4d_concatenated/claudecode_agent/2026-08-28_claude-opus-5-claudecode-generic-v6_rep1/AI_READI_d4d.yaml,Base / root,citation,populated
AI_READI,agentic,v6,2,data/d4d_concatenated/claudecode_agent/2026-08-28_claude-opus-5-claudecode-generic-v6_rep2/AI_READI_d4d.yaml,Base / root,citation,populated
AI_READI,agentic,v6,3,data/d4d_concatenated/claudecode_agent/2026-08-28_claude-opus-5-claudecode-generic-v6_rep3/AI_READI_d4d.yaml,Base / root,citation,populated
AI_READI,direct,,,,Base / root,citation,no_record
CHORUS,api,v7,1,data/d4d_concatenated/claudecode_agent/2026-09-01_claude-opus-5-api-generic-v7_rep1/CHORUS_d4d.yaml,Base / root,citation,caveat_only
CHORUS,api,v7,2,data/d4d_concatenated/claudecode_agent/2026-09-01_claude-opus-5-api-generic-v7_rep2/CHORUS_d4d.yaml,Base / root,citation,empty
CHORUS,api,v7,3,data/d4d_concatenated/claudecode_agent/2026-09-01_claude-opus-5-api-generic-v7_rep3/CHORUS_d4d.yaml,Base / root,citation,caveat_only
CHORUS,api,v8,1,data/d4d_concatenated/claudecode_api/2026-09-04f_claude-opus-5-api-generic-v8_rep1/CHORUS_d4d.yaml,Base / root,citation,empty
CHORUS,api,v8,2,data/d4d_concatenated/claudecode_api/2026-09-04f_claude-opus-5-api-generic-v8_rep2/CHORUS_d4d.yaml,Base / root,citation,empty
CHORUS,api,v8,3,data/d4d_concatenated/claudecode_api/2026-09-04f_claude-opus-5-api-generic-v8_rep3/CHORUS_d4d.yaml,Base / root,citation,empty
CHORUS,agentic,v6,1,data/d4d_concatenated/claudecode_agent/2026-08-28_claude-opus-5-claudecode-generic-v6_rep1/CHORUS_d4d.yaml,Base / root,citation,empty
CHORUS,agentic,v6,2,data/d4d_concatenated/claudecode_agent/2026-08-28_claude-opus-5-claudecode-generic-v6_rep2/CHORUS_d4d.yaml,Base / root,citation,empty
CHORUS,agentic,v6,3,data/d4d_concatenated/claudecode_agent/2026-08-28_claude-opus-5-claudecode-generic-v6_rep3/CHORUS_d4d.yaml,Base / root,citation,empty
CHORUS,direct,,,,Base / root,citation,no_record
CM4AI,api,v7,1,data/d4d_concatenated/claudecode_agent/2026-09-01_claude-opus-5-api-generic-v7_rep1/CM4AI_d4d.yaml,Base / root,citation,populated
CM4AI,api,v7,2,data/d4d_concatenated/claudecode_agent/2026-09-01_claude-opus-5-api-generic-v7_rep2/CM4AI_d4d.yaml,Base / root,citation,populated
CM4AI,api,v7,3,data/d4d_concatenated/claudecode_agent/2026-09-01_claude-opus-5-api-generic-v7_rep3/CM4AI_d4d.yaml,Base / root,citation,populated
CM4AI,api,v8,1,data/d4d_concatenated/claudecode_api/2026-09-04g_claude-opus-5-api-generic-v8_rep1/CM4AI_d4d.yaml,Base / root,citation,populated
CM4AI,api,v8,2,data/d4d_concatenated/claudecode_api/2026-09-04g_claude-opus-5-api-generic-v8_rep2/CM4AI_d4d.yaml,Base / root,citation,populated
CM4AI,api,v8,3,data/d4d_concatenated/claudecode_api/2026-09-04g_claude-opus-5-api-generic-v8_rep3/CM4AI_d4d.yaml,Base / root,citation,populated
CM4AI,agentic,v6,1,data/d4d_concatenated/claudecode_agent/2026-08-28_claude-opus-5-claudecode-generic-v6_rep1/CM4AI_d4d.yaml,Base / root,citation,populated
CM4AI,agentic,v6,2,data/d4d_concatenated/claudecode_agent/2026-08-28_claude-opus-5-claudecode-generic-v6_rep2/CM4AI_d4d.yaml,Base / root,citation,populated
CM4AI,agentic,v6,3,data/d4d_concatenated/claudecode_agent/2026-08-28_claude-opus-5-claudecode-generic-v6_rep3/CM4AI_d4d.yaml,Base / root,citation,populated
CM4AI,direct,,,,Base / root,citation,no_record
VOICE,api,v7,1,data/d4d_concatenated/claudecode_agent/2026-09-01_claude-opus-5-api-generic-v7_rep1/VOICE_d4d.yaml,Base / root,citation,populated
VOICE,api,v7,2,data/d4d_concatenated/claudecode_agent/2026-09-01_claude-opus-5-api-generic-v7_rep2/VOICE_d4d.yaml,Base / root,citation,populated
VOICE,api,v7,3,data/d4d_concatenated/claudecode_agent/2026-09-01_claude-opus-5-api-generic-v7_rep3/VOICE_d4d.yaml,Base / root,citation,populated
VOICE,api,v8,1,data/d4d_concatenated/claudecode_api/2026-09-04f_claude-opus-5-api-generic-v8_rep1/VOICE_d4d.yaml,Base / root,citation,populated
VOICE,api,v8,2,data/d4d_concatenated/claudecode_api/2026-09-04f_claude-opus-5-api-generic-v8_rep2/VOICE_d4d.yaml,Base / root,citation,populated
VOICE,api,v8,3,data/d4d_concatenated/claudecode_api/2026-09-04f_claude-opus-5-api-generic-v8_rep3/VOICE_d4d.yaml,Base / root,citation,populated
VOICE,agentic,v6,1,data/d4d_concatenated/claudecode_agent/2026-08-28_claude-opus-5-claudecode-generic-v6_rep1/VOICE_d4d.yaml,Base / root,citation,populated
VOICE,agentic,v6,2,data/d4d_concatenated/claudecode_agent/2026-08-28_claude-opus-5-claudecode-generic-v6_rep2/VOICE_d4d.yaml,Base / root,citation,populated
VOICE,agentic,v6,3,data/d4d_concatenated/claudecode_agent/2026-08-28_claude-opus-5-claudecode-generic-v6_rep3/VOICE_d4d.yaml,Base / root,citation,populated
VOICE,direct,,,,Base / root,citation,no_record
AI_READI,api,v7,1,data/d4d_concatenated/claudecode_agent/2026-09-01_claude-opus-5-api-generic-v7_rep1/AI_READI_d4d.yaml,Base / root,parent_datasets,empty
AI_READI,api,v7,2,data/d4d_concatenated/claudecode_agent/2026-09-01_claude-opus-5-api-generic-v7_rep2/AI_READI_d4d.yaml,Base / root,parent_datasets,empty
AI_READI,api,v7,3,data/d4d_concatenated/claudecode_agent/2026-09-01_claude-opus-5-api-generic-v7_rep3/AI_READI_d4d.yaml,Base / root,parent_datasets,empty
AI_READI,api,v8,1,data/d4d_concatenated/claudecode_api/2026-09-04g_claude-opus-5-api-generic-v8_rep1/AI_READI_d4d.yaml,Base / root,parent_datasets,empty
AI_READI,api,v8,2,data/d4d_concatenated/claudecode_api/2026-09-04g_claude-opus-5-api-generic-v8_rep2/AI_READI_d4d.yaml,Base / root,parent_datasets,empty
AI_READI,api,v8,3,data/d4d_concatenated/claudecode_api/2026-09-04g_claude-opus-5-api-generic-v8_rep3/AI_READI_d4d.yaml,Base / root,parent_datasets,empty
AI_READI,agentic,v6,1,data/d4d_concatenated/claudecode_agent/2026-08-28_claude-opus-5-claudecode-generic-v6_rep1/AI_READI_d4d.yaml,Base / root,parent_datasets,empty
AI_READI,agentic,v6,2,data/d4d_concatenated/claudecode_agent/2026-08-28_claude-opus-5-claudecode-generic-v6_rep2/AI_READI_d4d.yaml,Base / root,parent_datasets,empty
AI_READI,agentic,v6,3,data/d4d_concatenated/claudecode_agent/2026-08-28_claude-opus-5-claudecode-generic-v6_rep3/AI_READI_d4d.yaml,Base / root,parent_datasets,empty
AI_READI,direct,,,,Base / root,parent_datasets,no_record
CHORUS,api,v7,1,data/d4d_concatenated/claudecode_agent/2026-09-01_claude-opus-5-api-generic-v7_rep1/CHORUS_d4d.yaml,Base / root,parent_datasets,empty
CHORUS,api,v7,2,data/d4d_concatenated/claudecode_agent/2026-09-01_claude-opus-5-api-generic-v7_rep2/CHORUS_d4d.yaml,Base / root,parent_datasets,empty
CHORUS,api,v7,3,data/d4d_concatenated/claudecode_agent/2026-09-01_claude-opus-5-api-generic-v7_rep3/CHORUS_d4d.yaml,Base / root,parent_datasets,empty
CHORUS,api,v8,1,data/d4d_concatenated/claudecode_api/2026-09-04f_claude-opus-5-api-generic-v8_rep1/CHORUS_d4d.yaml,Base / root,parent_datasets,empty
CHORUS,api,v8,2,data/d4d_concatenated/claudecode_api/2026-09-04f_claude-opus-5-api-generic-v8_rep2/CHORUS_d4d.yaml,Base / root,parent_datasets,empty
CHORUS,api,v8,3,data/d4d_concatenated/claudecode_api/2026-09-04f_claude-opus-5-api-generic-v8_rep3/CHORUS_d4d.yaml,Base / root,parent_datasets,empty
CHORUS,agentic,v6,1,data/d4d_concatenated/claudecode_agent/2026-08-28_claude-opus-5-claudecode-generic-v6_rep1/CHORUS_d4d.yaml,Base / root,parent_datasets,empty
CHORUS,agentic,v6,2,data/d4d_concatenated/claudecode_agent/2026-08-28_claude-opus-5-claudecode-generic-v6_rep2/CHORUS_d4d.yaml,Base / root,parent_datasets,empty
CHORUS,agentic,v6,3,data/d4d_concatenated/claudecode_agent/2026-08-28_claude-opus-5-claudecode-generic-v6_rep3/CHORUS_d4d.yaml,Base / root,parent_datasets,empty
CHORUS,direct,,,,Base / root,parent_datasets,no_record
CM4AI,api,v7,1,data/d4d_concatenated/claudecode_agent/2026-09-01_claude-opus-5-api-generic-v7_rep1/CM4AI_d4d.yaml,Base / root,parent_datasets,empty
CM4AI,api,v7,2,data/d4d_concatenated/claudecode_agent/2026-09-01_claude-opus-5-api-generic-v7_rep2/CM4AI_d4d.yaml,Base / root,parent_datasets,empty
CM4AI,api,v7,3,data/d4d_concatenated/claudecode_agent/2026-09-01_claude-opus-5-api-generic-v7_rep3/CM4AI_d4d.yaml,Base / root,parent_datasets,empty
CM4AI,api,v8,1,data/d4d_concatenated/claudecode_api/2026-09-04g_claude-opus-5-api-generic-v8_rep1/CM4AI_d4d.yaml,Base / root,parent_datasets,empty
CM4AI,api,v8,2,data/d4d_concatenated/claudecode_api/2026-09-04g_claude-opus-5-api-generic-v8_rep2/CM4AI_d4d.yaml,Base / root,parent_datasets,empty
CM4AI,api,v8,3,data/d4d_concatenated/claudecode_api/2026-09-04g_claude-opus-5-api-generic-v8_rep3/CM4AI_d4d.yaml,Base / root,parent_datasets,empty
CM4AI,agentic,v6,1,data/d4d_concatenated/claudecode_agent/2026-08-28_claude-opus-5-claudecode-generic-v6_rep1/CM4AI_d4d.yaml,Base / root,parent_datasets,empty
CM4AI,agentic,v6,2,data/d4d_concatenated/claudecode_agent/2026-08-28_claude-opus-5-claudecode-generic-v6_rep2/CM4AI_d4d.yaml,Base / root,parent_datasets,empty
CM4AI,agentic,v6,3,data/d4d_concatenated/claudecode_agent/2026-08-28_claude-opus-5-claudecode-generic-v6_rep3/CM4AI_d4d.yaml,Base / root,parent_datasets,empty
CM4AI,direct,,,,Base / root,parent_datasets,no_record
VOICE,api,v7,1,data/d4d_concatenated/claudecode_agent/2026-09-01_claude-opus-5-api-generic-v7_rep1/VOICE_d4d.yaml,Base / root,parent_datasets,empty
VOICE,api,v7,2,data/d4d_concatenated/claudecode_agent/2026-09-01_claude-opus-5-api-generic-v7_rep2/VOICE_d4d.yaml,Base / root,parent_datasets,empty
VOICE,api,v7,3,data/d4d_concatenated/claudecode_agent/2026-09-01_claude-opus-5-api-generic-v7_rep3/VOICE_d4d.yaml,Base / root,parent_datasets,empty
VOICE,api,v8,1,data/d4d_concatenated/claudecode_api/2026-09-04f_claude-opus-5-api-generic-v8_rep1/VOICE_d4d.yaml,Base / root,parent_datasets,empty
VOICE,api,v8,2,data/d4d_concatenated/claudecode_api/2026-09-04f_claude-opus-5-api-generic-v8_rep2/VOICE_d4d.yaml,Base / root,parent_datasets,empty
VOICE,api,v8,3,data/d4d_concatenated/claudecode_api/2026-09-04f_claude-opus-5-api-generic-v8_rep3/VOICE_d4d.yaml,Base / root,parent_datasets,empty
VOICE,agentic,v6,1,data/d4d_concatenated/claudecode_agent/2026-08-28_claude-opus-5-claudecode-generic-v6_rep1/VOICE_d4d.yaml,Base / root,parent_datasets,empty
VOICE,agentic,v6,2,data/d4d_concatenated/claudecode_agent/2026-08-28_claude-opus-5-claudecode-generic-v6_rep2/VOICE_d4d.yaml,Base / root,parent_datasets,empty
VOICE,agentic,v6,3,data/d4d_concatenated/claudecode_agent/2026-08-28_claude-opus-5-claudecode-generic-v6_rep3/VOICE_d4d.yaml,Base / root,parent_datasets,empty
VOICE,direct,,,,Base / root,parent_datasets,no_record
AI_READI,api,v7,1,data/d4d_concatenated/claudecode_agent/2026-09-01_claude-opus-5-api-generic-v7_rep1/AI_READI_d4d.yaml,Base / root,compression,empty
AI_READI,api,v7,2,data/d4d_concatenated/claudecode_agent/2026-09-01_claude-opus-5-api-generic-v7_rep2/AI_READI_d4d.yaml,Base / root,compression,empty
AI_READI,api,v7,3,data/d4d_concatenated/claudecode_agent/2026-09-01_claude-opus-5-api-generic-v7_rep3/AI_READI_d4d.yaml,Base / root,compression,empty
AI_READI,api,v8,1,data/d4d_concatenated/claudecode_api/2026-09-04g_claude-opus-5-api-generic-v8_rep1/AI_READI_d4d.yaml,Base / root,compression,empty
AI_READI,api,v8,2,data/d4d_concatenated/claudecode_api/2026-09-04g_claude-opus-5-api-generic-v8_rep2/AI_READI_d4d.yaml,Base / root,compression,empty
AI_READI,api,v8,3,data/d4d_concatenated/claudecode_api/2026-09-04g_claude-opus-5-api-generic-v8_rep3/AI_READI_d4d.yaml,Base / root,compression,empty
AI_READI,agentic,v6,1,data/d4d_concatenated/claudecode_agent/2026-08-28_claude-opus-5-claudecode-generic-v6_rep1/AI_READI_d4d.yaml,Base / root,compression,empty
AI_READI,agentic,v6,2,data/d4d_concatenated/claudecode_agent/2026-08-28_claude-opus-5-claudecode-generic-v6_rep2/AI_READI_d4d.yaml,Base / root,compression,empty
AI_READI,agentic,v6,3,data/d4d_concatenated/claudecode_agent/2026-08-28_claude-opus-5-claudecode-generic-v6_rep3/AI_READI_d4d.yaml,Base / root,compression,empty
AI_READI,direct,,,,Base / root,compression,no_record
CHORUS,api,v7,1,data/d4d_concatenated/claudecode_agent/2026-09-01_claude-opus-5-api-generic-v7_rep1/CHORUS_d4d.yaml,Base / root,compression,empty
CHORUS,api,v7,2,data/d4d_concatenated/claudecode_agent/2026-09-01_claude-opus-5-api-generic-v7_rep2/CHORUS_d4d.yaml,Base / root,compression,empty
CHORUS,api,v7,3,data/d4d_concatenated/claudecode_agent/2026-09-01_claude-opus-5-api-generic-v7_rep3/CHORUS_d4d.yaml,Base / root,compression,empty
CHORUS,api,v8,1,data/d4d_concatenated/claudecode_api/2026-09-04f_claude-opus-5-api-generic-v8_rep1/CHORUS_d4d.yaml,Base / root,compression,empty
CHORUS,api,v8,2,data/d4d_concatenated/claudecode_api/2026-09-04f_claude-opus-5-api-generic-v8_rep2/CHORUS_d4d.yaml,Base / root,compression,empty
CHORUS,api,v8,3,data/d4d_concatenated/claudecode_api/2026-09-04f_claude-opus-5-api-generic-v8_rep3/CHORUS_d4d.yaml,Base / root,compression,empty
CHORUS,agentic,v6,1,data/d4d_concatenated/claudecode_agent/2026-08-28_claude-opus-5-claudecode-generic-v6_rep1/CHORUS_d4d.yaml,Base / root,compression,empty
CHORUS,agentic,v6,2,data/d4d_concatenated/claudecode_agent/2026-08-28_claude-opus-5-claudecode-generic-v6_rep2/CHORUS_d4d.yaml,Base / root,compression,empty
CHORUS,agentic,v6,3,data/d4d_concatenated/claudecode_agent/2026-08-28_claude-opus-5-claudecode-generic-v6_rep3/CHORUS_d4d.yaml,Base / root,compression,empty
CHORUS,direct,,,,Base / root,compression,no_record
CM4AI,api,v7,1,data/d4d_concatenated/claudecode_agent/2026-09-01_claude-opus-5-api-generic-v7_rep1/CM4AI_d4d.yaml,Base / root,compression,empty
CM4AI,api,v7,2,data/d4d_concatenated/claudecode_agent/2026-09-01_claude-opus-5-api-generic-v7_rep2/CM4AI_d4d.yaml,Base / root,compression,populated
CM4AI,api,v7,3,data/d4d_concatenated/claudecode_agent/2026-09-01_claude-opus-5-api-generic-v7_rep3/CM4AI_d4d.yaml,Base / root,compression,empty
CM4AI,api,v8,1,data/d4d_concatenated/claudecode_api/2026-09-04g_claude-opus-5-api-generic-v8_rep1/CM4AI_d4d.yaml,Base / root,compression,populated
CM4AI,api,v8,2,data/d4d_concatenated/claudecode_api/2026-09-04g_claude-opus-5-api-generic-v8_rep2/CM4AI_d4d.yaml,Base / root,compression,empty
CM4AI,api,v8,3,data/d4d_concatenated/claudecode_api/2026-09-04g_claude-opus-5-api-generic-v8_rep3/CM4AI_d4d.yaml,Base / root,compression,empty
CM4AI,agentic,v6,1,data/d4d_concatenated/claudecode_agent/2026-08-28_claude-opus-5-claudecode-generic-v6_rep1/CM4AI_d4d.yaml,Base / root,compression,empty
CM4AI,agentic,v6,2,data/d4d_concatenated/claudecode_agent/2026-08-28_claude-opus-5-claudecode-generic-v6_rep2/CM4AI_d4d.yaml,Base / root,compression,empty
CM4AI,agentic,v6,3,data/d4d_concatenated/claudecode_agent/2026-08-28_claude-opus-5-claudecode-generic-v6_rep3/CM4AI_d4d.yaml,Base / root,compression,empty
CM4AI,direct,,,,Base / root,compression,no_record
VOICE,api,v7,1,data/d4d_concatenated/claudecode_agent/2026-09-01_claude-opus-5-api-generic-v7_rep1/VOICE_d4d.yaml,Base / root,compression,empty
VOICE,api,v7,2,data/d4d_concatenated/claudecode_agent/2026-09-01_claude-opus-5-api-generic-v7_rep2/VOICE_d4d.yaml,Base / root,compression,empty
VOICE,api,v7,3,data/d4d_concatenated/claudecode_agent/2026-09-01_claude-opus-5-api-generic-v7_rep3/VOICE_d4d.yaml,Base / root,compression,empty
VOICE,api,v8,1,data/d4d_concatenated/claudecode_api/2026-09-04f_claude-opus-5-api-generic-v8_rep1/VOICE_d4d.yaml,Base / root,compression,empty
VOICE,api,v8,2,data/d4d_concatenated/claudecode_api/2026-09-04f_claude-opus-5-api-generic-v8_rep2/VOICE_d4d.yaml,Base / root,compression,empty
VOICE,api,v8,3,data/d4d_concatenated/claudecode_api/2026-09-04f_claude-opus-5-api-generic-v8_rep3/VOICE_d4d.yaml,Base / root,compression,empty
VOICE,agentic,v6,1,data/d4d_concatenated/claudecode_agent/2026-08-28_claude-opus-5-claudecode-generic-v6_rep1/VOICE_d4d.yaml,Base / root,compression,empty
VOICE,agentic,v6,2,data/d4d_concatenated/claudecode_agent/2026-08-28_claude-opus-5-claudecode-generic-v6_rep2/VOICE_d4d.yaml,Base / root,compression,empty
VOICE,agentic,v6,3,data/d4d_concatenated/claudecode_agent/2026-08-28_claude-opus-5-claudecode-generic-v6_rep3/VOICE_d4d.yaml,Base / root,compression,empty
VOICE,direct,,,,Base / root,compression,no_record
AI_READI,api,v7,1,data/d4d_concatenated/claudecode_agent/2026-09-01_claude-opus-5-api-generic-v7_rep1/AI_READI_d4d.yaml,Base / root,conforms_to,populated
AI_READI,api,v7,2,data/d4d_concatenated/claudecode_agent/2026-09-01_claude-opus-5-api-generic-v7_rep2/AI_READI_d4d.yaml,Base / root,conforms_to,populated
AI_READI,api,v7,3,data/d4d_concatenated/claudecode_agent/2026-09-01_claude-opus-5-api-generic-v7_rep3/AI_READI_d4d.yaml,Base / root,conforms_to,populated
AI_READI,api,v8,1,data/d4d_concatenated/claudecode_api/2026-09-04g_claude-opus-5-api-generic-v8_rep1/AI_READI_d4d.yaml,Base / root,conforms_to,populated
AI_READI,api,v8,2,data/d4d_concatenated/claudecode_api/2026-09-04g_claude-opus-5-api-generic-v8_rep2/AI_READI_d4d.yaml,Base / root,conforms_to,populated
AI_READI,api,v8,3,data/d4d_concatenated/claudecode_api/2026-09-04g_claude-opus-5-api-generic-v8_rep3/AI_READI_d4d.yaml,Base / root,conforms_to,populated
AI_READI,agentic,v6,1,data/d4d_concatenated/claudecode_agent/2026-08-28_claude-opus-5-claudecode-generic-v6_rep1/AI_READI_d4d.yaml,Base / root,conforms_to,populated
AI_READI,agentic,v6,2,data/d4d_concatenated/claudecode_agent/2026-08-28_claude-opus-5-claudecode-generic-v6_rep2/AI_READI_d4d.yaml,Base / root,conforms_to,populated
AI_READI,agentic,v6,3,data/d4d_concatenated/claudecode_agent/2026-08-28_claude-opus-5-claudecode-generic-v6_rep3/AI_READI_d4d.yaml,Base / root,conforms_to,populated
AI_READI,direct,,,,Base / root,conforms_to,no_record
CHORUS,api,v7,1,data/d4d_concatenated/claudecode_agent/2026-09-01_claude-opus-5-api-generic-v7_rep1/CHORUS_d4d.yaml,Base / root,conforms_to,populated
CHORUS,api,v7,2,data/d4d_concatenated/claudecode_agent/2026-09-01_claude-opus-5-api-generic-v7_rep2/CHORUS_d4d.yaml,Base / root,conforms_to,populated
CHORUS,api,v7,3,data/d4d_concatenated/claudecode_agent/2026-09-01_claude-opus-5-api-generic-v7_rep3/CHORUS_d4d.yaml,Base / root,conforms_to,populated
CHORUS,api,v8,1,data/d4d_concatenated/claudecode_api/2026-09-04f_claude-opus-5-api-generic-v8_rep1/CHORUS_d4d.yaml,Base / root,conforms_to,populated
CHORUS,api,v8,2,data/d4d_concatenated/claudecode_api/2026-09-04f_claude-opus-5-api-generic-v8_rep2/CHORUS_d4d.yaml,Base / root,conforms_to,populated
CHORUS,api,v8,3,data/d4d_concatenated/claudecode_api/2026-09-04f_claude-opus-5-api-generic-v8_rep3/CHORUS_d4d.yaml,Base / root,conforms_to,populated
CHORUS,agentic,v6,1,data/d4d_concatenated/claudecode_agent/2026-08-28_claude-opus-5-claudecode-generic-v6_rep1/CHORUS_d4d.yaml,Base / root,conforms_to,populated
CHORUS,agentic,v6,2,data/d4d_concatenated/claudecode_agent/2026-08-28_claude-opus-5-claudecode-generic-v6_rep2/CHORUS_d4d.yaml,Base / root,conforms_to,populated
CHORUS,agentic,v6,3,data/d4d_concatenated/claudecode_agent/2026-08-28_claude-opus-5-claudecode-generic-v6_rep3/CHORUS_d4d.yaml,Base / root,conforms_to,populated
CHORUS,direct,,,,Base / root,conforms_to,no_record
CM4AI,api,v7,1,data/d4d_concatenated/claudecode_agent/2026-09-01_claude-opus-5-api-generic-v7_rep1/CM4AI_d4d.yaml,Base / root,conforms_to,populated
CM4AI,api,v7,2,data/d4d_concatenated/claudecode_agent/2026-09-01_claude-opus-5-api-generic-v7_rep2/CM4AI_d4d.yaml,Base / root,conforms_to,caveat_only
CM4AI,api,v7,3,data/d4d_concatenated/claudecode_agent/2026-09-01_claude-opus-5-api-generic-v7_rep3/CM4AI_d4d.yaml,Base / root,conforms_to,populated
CM4AI,api,v8,1,data/d4d_concatenated/claudecode_api/2026-09-04g_claude-opus-5-api-generic-v8_rep1/CM4AI_d4d.yaml,Base / root,conforms_to,populated
CM4AI,api,v8,2,data/d4d_concatenated/claudecode_api/2026-09-04g_claude-opus-5-api-generic-v8_rep2/CM4AI_d4d.yaml,Base / root,conforms_to,populated
CM4AI,api,v8,3,data/d4d_concatenated/claudecode_api/2026-09-04g_claude-opus-5-api-generic-v8_rep3/CM4AI_d4d.yaml,Base / root,conforms_to,populated
CM4AI,agentic,v6,1,data/d4d_concatenated/claudecode_agent/2026-08-28_claude-opus-5-claudecode-generic-v6_rep1/CM4AI_d4d.yaml,Base / root,conforms_to,populated
CM4AI,agentic,v6,2,data/d4d_concatenated/claudecode_agent/2026-08-28_claude-opus-5-claudecode-generic-v6_rep2/CM4AI_d4d.yaml,Base / root,conforms_to,populated
CM4AI,agentic,v6,3,data/d4d_concatenated/claudecode_agent/2026-08-28_claude-opus-5-claudecode-generic-v6_rep3/CM4AI_d4d.yaml,Base / root,conforms_to,populated
CM4AI,direct,,,,Base / root,conforms_to,no_record
VOICE,api,v7,1,data/d4d_concatenated/claudecode_agent/2026-09-01_claude-opus-5-api-generic-v7_rep1/VOICE_d4d.yaml,Base / root,conforms_to,populated
VOICE,api,v7,2,data/d4d_concatenated/claudecode_agent/2026-09-01_claude-opus-5-api-generic-v7_rep2/VOICE_d4d.yaml,Base / root,conforms_to,populated
VOICE,api,v7,3,data/d4d_concatenated/claudecode_agent/2026-09-01_claude-opus-5-api-generic-v7_rep3/VOICE_d4d.yaml,Base / root,conforms_to,populated
VOICE,api,v8,1,data/d4d_concatenated/claudecode_api/2026-09-04f_claude-opus-5-api-generic-v8_rep1/VOICE_d4d.yaml,Base / root,conforms_to,empty
VOICE,api,v8,2,data/d4d_concatenated/claudecode_api/2026-09-04f_claude-opus-5-api-generic-v8_rep2/VOICE_d4d.yaml,Base / root,conforms_to,caveat_only
VOICE,api,v8,3,data/d4d_concatenated/claudecode_api/2026-09-04f_claude-opus-5-api-generic-v8_rep3/VOICE_d4d.yaml,Base / root,conforms_to,caveat_only
VOICE,agentic,v6,1,data/d4d_concatenated/claudecode_agent/2026-08-28_claude-opus-5-claudecode-generic-v6_rep1/VOICE_d4d.yaml,Base / root,conforms_to,populated
VOICE,agentic,v6,2,data/d4d_concatenated/claudecode_agent/2026-08-28_claude-opus-5-claudecode-generic-v6_rep2/VOICE_d4d.yaml,Base / root,conforms_to,populated
VOICE,agentic,v6,3,data/d4d_concatenated/claudecode_agent/2026-08-28_claude-opus-5-claudecode-generic-v6_rep3/VOICE_d4d.yaml,Base / root,conforms_to,populated
VOICE,direct,,,,Base / root,conforms_to,no_record
AI_READI,api,v7,1,data/d4d_concatenated/claudecode_agent/2026-09-01_claude-opus-5-api-generic-v7_rep1/AI_READI_d4d.yaml,Base / root,conforms_to_class,populated
AI_READI,api,v7,2,data/d4d_concatenated/claudecode_agent/2026-09-01_claude-opus-5-api-generic-v7_rep2/AI_READI_d4d.yaml,Base / root,conforms_to_class,populated
AI_READI,api,v7,3,data/d4d_concatenated/claudecode_agent/2026-09-01_claude-opus-5-api-generic-v7_rep3/AI_READI_d4d.yaml,Base / root,conforms_to_class,populated
AI_READI,api,v8,1,data/d4d_concatenated/claudecode_api/2026-09-04g_claude-opus-5-api-generic-v8_rep1/AI_READI_d4d.yaml,Base / root,conforms_to_class,populated
AI_READI,api,v8,2,data/d4d_concatenated/claudecode_api/2026-09-04g_claude-opus-5-api-generic-v8_rep2/AI_READI_d4d.yaml,Base / root,conforms_to_class,populated
AI_READI,api,v8,3,data/d4d_concatenated/claudecode_api/2026-09-04g_claude-opus-5-api-generic-v8_rep3/AI_READI_d4d.yaml,Base / root,conforms_to_class,populated
AI_READI,agentic,v6,1,data/d4d_concatenated/claudecode_agent/2026-08-28_claude-opus-5-claudecode-generic-v6_rep1/AI_READI_d4d.yaml,Base / root,conforms_to_class,populated
AI_READI,agentic,v6,2,data/d4d_concatenated/claudecode_agent/2026-08-28_claude-opus-5-claudecode-generic-v6_rep2/AI_READI_d4d.yaml,Base / root,conforms_to_class,populated
AI_READI,agentic,v6,3,data/d4d_concatenated/claudecode_agent/2026-08-28_claude-opus-5-claudecode-generic-v6_rep3/AI_READI_d4d.yaml,Base / root,conforms_to_class,populated
AI_READI,direct,,,,Base / root,conforms_to_class,no_record
CHORUS,api,v7,1,data/d4d_concatenated/claudecode_agent/2026-09-01_claude-opus-5-api-generic-v7_rep1/CHORUS_d4d.yaml,Base / root,conforms_to_class,populated
CHORUS,api,v7,2,data/d4d_concatenated/claudecode_agent/2026-09-01_claude-opus-5-api-generic-v7_rep2/CHORUS_d4d.yaml,Base / root,conforms_to_class,populated
CHORUS,api,v7,3,data/d4d_concatenated/claudecode_agent/2026-09-01_claude-opus-5-api-generic-v7_rep3/CHORUS_d4d.yaml,Base / root,conforms_to_class,populated
CHORUS,api,v8,1,data/d4d_concatenated/claudecode_api/2026-09-04f_claude-opus-5-api-generic-v8_rep1/CHORUS_d4d.yaml,Base / root,conforms_to_class,populated
CHORUS,api,v8,2,data/d4d_concatenated/claudecode_api/2026-09-04f_claude-opus-5-api-generic-v8_rep2/CHORUS_d4d.yaml,Base / root,conforms_to_class,populated
CHORUS,api,v8,3,data/d4d_concatenated/claudecode_api/2026-09-04f_claude-opus-5-api-generic-v8_rep3/CHORUS_d4d.yaml,Base / root,conforms_to_class,populated
CHORUS,agentic,v6,1,data/d4d_concatenated/claudecode_agent/2026-08-28_claude-opus-5-claudecode-generic-v6_rep1/CHORUS_d4d.yaml,Base / root,conforms_to_class,empty
CHORUS,agentic,v6,2,data/d4d_concatenated/claudecode_agent/2026-08-28_claude-opus-5-claudecode-generic-v6_rep2/CHORUS_d4d.yaml,Base / root,conforms_to_class,populated
CHORUS,agentic,v6,3,data/d4d_concatenated/claudecode_agent/2026-08-28_claude-opus-5-claudecode-generic-v6_rep3/CHORUS_d4d.yaml,Base / root,conforms_to_class,populated
CHORUS,direct,,,,Base / root,conforms_to_class,no_record
CM4AI,api,v7,1,data/d4d_concatenated/claudecode_agent/2026-09-01_claude-opus-5-api-generic-v7_rep1/CM4AI_d4d.yaml,Base / root,conforms_to_class,populated
CM4AI,api,v7,2,data/d4d_concatenated/claudecode_agent/2026-09-01_claude-opus-5-api-generic-v7_rep2/CM4AI_d4d.yaml,Base / root,conforms_to_class,populated
CM4AI,api,v7,3,data/d4d_concatenated/claudecode_agent/2026-09-01_claude-opus-5-api-generic-v7_rep3/CM4AI_d4d.yaml,Base / root,conforms_to_class,populated
CM4AI,api,v8,1,data/d4d_concatenated/claudecode_api/2026-09-04g_claude-opus-5-api-generic-v8_rep1/CM4AI_d4d.yaml,Base / root,conforms_to_class,populated
CM4AI,api,v8,2,data/d4d_concatenated/claudecode_api/2026-09-04g_claude-opus-5-api-generic-v8_rep2/CM4AI_d4d.yaml,Base / root,conforms_to_class,populated
CM4AI,api,v8,3,data/d4d_concatenated/claudecode_api/2026-09-04g_claude-opus-5-api-generic-v8_rep3/CM4AI_d4d.yaml,Base / root,conforms_to_class,populated
CM4AI,agentic,v6,1,data/d4d_concatenated/claudecode_agent/2026-08-28_claude-opus-5-claudecode-generic-v6_rep1/CM4AI_d4d.yaml,Base / root,conforms_to_class,populated
CM4AI,agentic,v6,2,data/d4d_concatenated/claudecode_agent/2026-08-28_claude-opus-5-claudecode-generic-v6_rep2/CM4AI_d4d.yaml,Base / root,conforms_to_class,populated
CM4AI,agentic,v6,3,data/d4d_concatenated/claudecode_agent/2026-08-28_claude-opus-5-claudecode-generic-v6_rep3/CM4AI_d4d.yaml,Base / root,conforms_to_class,populated
CM4AI,direct,,,,Base / root,conforms_to_class,no_record
VOICE,api,v7,1,data/d4d_concatenated/claudecode_agent/2026-09-01_claude-opus-5-api-generic-v7_rep1/VOICE_d4d.yaml,Base / root,conforms_to_class,populated
VOICE,api,v7,2,data/d4d_concatenated/claudecode_agent/2026-09-01_claude-opus-5-api-generic-v7_rep2/VOICE_d4d.yaml,Base / root,conforms_to_class,populated
VOICE,api,v7,3,data/d4d_concatenated/claudecode_agent/2026-09-01_claude-opus-5-api-generic-v7_rep3/VOICE_d4d.yaml,Base / root,conforms_to_class,populated
VOICE,api,v8,1,data/d4d_concatenated/claudecode_api/2026-09-04f_claude-opus-5-api-generic-v8_rep1/VOICE_d4d.yaml,Base / root,conforms_to_class,populated
VOICE,api,v8,2,data/d4d_concatenated/claudecode_api/2026-09-04f_claude-opus-5-api-generic-v8_rep2/VOICE_d4d.yaml,Base / root,conforms_to_class,populated
VOICE,api,v8,3,data/d4d_concatenated/claudecode_api/2026-09-04f_claude-opus-5-api-generic-v8_rep3/VOICE_d4d.yaml,Base / root,conforms_to_class,populated
VOICE,agentic,v6,1,data/d4d_concatenated/claudecode_agent/2026-08-28_claude-opus-5-claudecode-generic-v6_rep1/VOICE_d4d.yaml,Base / root,conforms_to_class,empty
VOICE,agentic,v6,2,data/d4d_concatenated/claudecode_agent/2026-08-28_claude-opus-5-claudecode-generic-v6_rep2/VOICE_d4d.yaml,Base / root,conforms_to_class,populated
VOICE,agentic,v6,3,data/d4d_concatenated/claudecode_agent/2026-08-28_claude-opus-5-claudecode-generic-v6_rep3/VOICE_d4d.yaml,Base / root,conforms_to_class,populated
VOICE,direct,,,,Base / root,conforms_to_class,no_record
AI_READI,api,v7,1,data/d4d_concatenated/claudecode_agent/2026-09-01_claude-opus-5-api-generic-v7_rep1/AI_READI_d4d.yaml,Base / root,conforms_to_schema,populated
AI_READI,api,v7,2,data/d4d_concatenated/claudecode_agent/2026-09-01_claude-opus-5-api-generic-v7_rep2/AI_READI_d4d.yaml,Base / root,conforms_to_schema,populated
AI_READI,api,v7,3,data/d4d_concatenated/claudecode_agent/2026-09-01_claude-opus-5-api-generic-v7_rep3/AI_READI_d4d.yaml,Base / root,conforms_to_schema,populated
AI_READI,api,v8,1,data/d4d_concatenated/claudecode_api/2026-09-04g_claude-opus-5-api-generic-v8_rep1/AI_READI_d4d.yaml,Base / root,conforms_to_schema,populated
AI_READI,api,v8,2,data/d4d_concatenated/claudecode_api/2026-09-04g_claude-opus-5-api-generic-v8_rep2/AI_READI_d4d.yaml,Base / root,conforms_to_schema,populated
AI_READI,api,v8,3,data/d4d_concatenated/claudecode_api/2026-09-04g_claude-opus-5-api-generic-v8_rep3/AI_READI_d4d.yaml,Base / root,conforms_to_schema,populated
AI_READI,agentic,v6,1,data/d4d_concatenated/claudecode_agent/2026-08-28_claude-opus-5-claudecode-generic-v6_rep1/AI_READI_d4d.yaml,Base / root,conforms_to_schema,populated
AI_READI,agentic,v6,2,data/d4d_concatenated/claudecode_agent/2026-08-28_claude-opus-5-claudecode-generic-v6_rep2/AI_READI_d4d.yaml,Base / root,conforms_to_schema,populated
AI_READI,agentic,v6,3,data/d4d_concatenated/claudecode_agent/2026-08-28_claude-opus-5-claudecode-generic-v6_rep3/AI_READI_d4d.yaml,Base / root,conforms_to_schema,populated
AI_READI,direct,,,,Base / root,conforms_to_schema,no_record
CHORUS,api,v7,1,data/d4d_concatenated/claudecode_agent/2026-09-01_claude-opus-5-api-generic-v7_rep1/CHORUS_d4d.yaml,Base / root,conforms_to_schema,populated
CHORUS,api,v7,2,data/d4d_concatenated/claudecode_agent/2026-09-01_claude-opus-5-api-generic-v7_rep2/CHORUS_d4d.yaml,Base / root,conforms_to_schema,populated
CHORUS,api,v7,3,data/d4d_concatenated/claudecode_agent/2026-09-01_claude-opus-5-api-generic-v7_rep3/CHORUS_d4d.yaml,Base / root,conforms_to_schema,populated
CHORUS,api,v8,1,data/d4d_concatenated/claudecode_api/2026-09-04f_claude-opus-5-api-generic-v8_rep1/CHORUS_d4d.yaml,Base / root,conforms_to_schema,populated
CHORUS,api,v8,2,data/d4d_concatenated/claudecode_api/2026-09-04f_claude-opus-5-api-generic-v8_rep2/CHORUS_d4d.yaml,Base / root,conforms_to_schema,populated
CHORUS,api,v8,3,data/d4d_concatenated/claudecode_api/2026-09-04f_claude-opus-5-api-generic-v8_rep3/CHORUS_d4d.yaml,Base / root,conforms_to_schema,populated
CHORUS,agentic,v6,1,data/d4d_concatenated/claudecode_agent/2026-08-28_claude-opus-5-claudecode-generic-v6_rep1/CHORUS_d4d.yaml,Base / root,conforms_to_schema,empty
CHORUS,agentic,v6,2,data/d4d_concatenated/claudecode_agent/2026-08-28_claude-opus-5-claudecode-generic-v6_rep2/CHORUS_d4d.yaml,Base / root,conforms_to_schema,populated
CHORUS,agentic,v6,3,data/d4d_concatenated/claudecode_agent/2026-08-28_claude-opus-5-claudecode-generic-v6_rep3/CHORUS_d4d.yaml,Base / root,conforms_to_schema,populated
CHORUS,direct,,,,Base / root,conforms_to_schema,no_record
CM4AI,api,v7,1,data/d4d_concatenated/claudecode_agent/2026-09-01_claude-opus-5-api-generic-v7_rep1/CM4AI_d4d.yaml,Base / root,conforms_to_schema,populated
CM4AI,api,v7,2,data/d4d_concatenated/claudecode_agent/2026-09-01_claude-opus-5-api-generic-v7_rep2/CM4AI_d4d.yaml,Base / root,conforms_to_schema,populated
CM4AI,api,v7,3,data/d4d_concatenated/claudecode_agent/2026-09-01_claude-opus-5-api-generic-v7_rep3/CM4AI_d4d.yaml,Base / root,conforms_to_schema,populated
CM4AI,api,v8,1,data/d4d_concatenated/claudecode_api/2026-09-04g_claude-opus-5-api-generic-v8_rep1/CM4AI_d4d.yaml,Base / root,conforms_to_schema,populated
CM4AI,api,v8,2,data/d4d_concatenated/claudecode_api/2026-09-04g_claude-opus-5-api-generic-v8_rep2/CM4AI_d4d.yaml,Base / root,conforms_to_schema,populated
CM4AI,api,v8,3,data/d4d_concatenated/claudecode_api/2026-09-04g_claude-opus-5-api-generic-v8_rep3/CM4AI_d4d.yaml,Base / root,conforms_to_schema,populated
CM4AI,agentic,v6,1,data/d4d_concatenated/claudecode_agent/2026-08-28_claude-opus-5-claudecode-generic-v6_rep1/CM4AI_d4d.yaml,Base / root,conforms_to_schema,populated
CM4AI,agentic,v6,2,data/d4d_concatenated/claudecode_agent/2026-08-28_claude-opus-5-claudecode-generic-v6_rep2/CM4AI_d4d.yaml,Base / root,conforms_to_schema,populated
CM4AI,agentic,v6,3,data/d4d_concatenated/claudecode_agent/2026-08-28_claude-opus-5-claudecode-generic-v6_rep3/CM4AI_d4d.yaml,Base / root,conforms_to_schema,populated
CM4AI,direct,,,,Base / root,conforms_to_schema,no_record
VOICE,api,v7,1,data/d4d_concatenated/claudecode_agent/2026-09-01_claude-opus-5-api-generic-v7_rep1/VOICE_d4d.yaml,Base / root,conforms_to_schema,populated
VOICE,api,v7,2,data/d4d_concatenated/claudecode_agent/2026-09-01_claude-opus-5-api-generic-v7_rep2/VOICE_d4d.yaml,Base / root,conforms_to_schema,populated
VOICE,api,v7,3,data/d4d_concatenated/claudecode_agent/2026-09-01_claude-opus-5-api-generic-v7_rep3/VOICE_d4d.yaml,Base / root,conforms_to_schema,populated
VOICE,api,v8,1,data/d4d_concatenated/claudecode_api/2026-09-04f_claude-opus-5-api-generic-v8_rep1/VOICE_d4d.yaml,Base / root,conforms_to_schema,populated
VOICE,api,v8,2,data/d4d_concatenated/claudecode_api/2026-09-04f_claude-opus-5-api-generic-v8_rep2/VOICE_d4d.yaml,Base / root,conforms_to_schema,populated
VOICE,api,v8,3,data/d4d_concatenated/claudecode_api/2026-09-04f_claude-opus-5-api-generic-v8_rep3/VOICE_d4d.yaml,Base / root,conforms_to_schema,populated
VOICE,agentic,v6,1,data/d4d_concatenated/claudecode_agent/2026-08-28_claude-opus-5-claudecode-generic-v6_rep1/VOICE_d4d.yaml,Base / root,conforms_to_schema,empty
VOICE,agentic,v6,2,data/d4d_concatenated/claudecode_agent/2026-08-28_claude-opus-5-claudecode-generic-v6_rep2/VOICE_d4d.yaml,Base / root,conforms_to_schema,populated
VOICE,agentic,v6,3,data/d4d_concatenated/claudecode_agent/2026-08-28_claude-opus-5-claudecode-generic-v6_rep3/VOICE_d4d.yaml,Base / root,conforms_to_schema,populated
VOICE,direct,,,,Base / root,conforms_to_schema,no_record
AI_READI,api,v7,1,data/d4d_concatenated/claudecode_agent/2026-09-01_claude-opus-5-api-generic-v7_rep1/AI_READI_d4d.yaml,Base / root,conforms_to_standard,populated
AI_READI,api,v7,2,data/d4d_concatenated/claudecode_agent/2026-09-01_claude-opus-5-api-generic-v7_rep2/AI_READI_d4d.yaml,Base / root,conforms_to_standard,populated
AI_READI,api,v7,3,data/d4d_concatenated/claudecode_agent/2026-09-01_claude-opus-5-api-generic-v7_rep3/AI_READI_d4d.yaml,Base / root,conforms_to_standard,populated
AI_READI,api,v8,1,data/d4d_concatenated/claudecode_api/2026-09-04g_claude-opus-5-api-generic-v8_rep1/AI_READI_d4d.yaml,Base / root,conforms_to_standard,populated
AI_READI,api,v8,2,data/d4d_concatenated/claudecode_api/2026-09-04g_claude-opus-5-api-generic-v8_rep2/AI_READI_d4d.yaml,Base / root,conforms_to_standard,populated
AI_READI,api,v8,3,data/d4d_concatenated/claudecode_api/2026-09-04g_claude-opus-5-api-generic-v8_rep3/AI_READI_d4d.yaml,Base / root,conforms_to_standard,populated
AI_READI,agentic,v6,1,data/d4d_concatenated/claudecode_agent/2026-08-28_claude-opus-5-claudecode-generic-v6_rep1/AI_READI_d4d.yaml,Base / root,conforms_to_standard,populated
AI_READI,agentic,v6,2,data/d4d_concatenated/claudecode_agent/2026-08-28_claude-opus-5-claudecode-generic-v6_rep2/AI_READI_d4d.yaml,Base / root,conforms_to_standard,populated
AI_READI,agentic,v6,3,data/d4d_concatenated/claudecode_agent/2026-08-28_claude-opus-5-claudecode-generic-v6_rep3/AI_READI_d4d.yaml,Base / root,conforms_to_standard,populated
AI_READI,direct,,,,Base / root,conforms_to_standard,no_record
CHORUS,api,v7,1,data/d4d_concatenated/claudecode_agent/2026-09-01_claude-opus-5-api-generic-v7_rep1/CHORUS_d4d.yaml,Base / root,conforms_to_standard,populated
CHORUS,api,v7,2,data/d4d_concatenated/claudecode_agent/2026-09-01_claude-opus-5-api-generic-v7_rep2/CHORUS_d4d.yaml,Base / root,conforms_to_standard,populated
CHORUS,api,v7,3,data/d4d_concatenated/claudecode_agent/2026-09-01_claude-opus-5-api-generic-v7_rep3/CHORUS_d4d.yaml,Base / root,conforms_to_standard,populated
CHORUS,api,v8,1,data/d4d_concatenated/claudecode_api/2026-09-04f_claude-opus-5-api-generic-v8_rep1/CHORUS_d4d.yaml,Base / root,conforms_to_standard,populated
CHORUS,api,v8,2,data/d4d_concatenated/claudecode_api/2026-09-04f_claude-opus-5-api-generic-v8_rep2/CHORUS_d4d.yaml,Base / root,conforms_to_standard,populated
CHORUS,api,v8,3,data/d4d_concatenated/claudecode_api/2026-09-04f_claude-opus-5-api-generic-v8_rep3/CHORUS_d4d.yaml,Base / root,conforms_to_standard,populated
CHORUS,agentic,v6,1,data/d4d_concatenated/claudecode_agent/2026-08-28_claude-opus-5-claudecode-generic-v6_rep1/CHORUS_d4d.yaml,Base / root,conforms_to_standard,populated
CHORUS,agentic,v6,2,data/d4d_concatenated/claudecode_agent/2026-08-28_claude-opus-5-claudecode-generic-v6_rep2/CHORUS_d4d.yaml,Base / root,conforms_to_standard,populated
CHORUS,agentic,v6,3,data/d4d_concatenated/claudecode_agent/2026-08-28_claude-opus-5-claudecode-generic-v6_rep3/CHORUS_d4d.yaml,Base / root,conforms_to_standard,populated
CHORUS,direct,,,,Base / root,conforms_to_standard,no_record
CM4AI,api,v7,1,data/d4d_concatenated/claudecode_agent/2026-09-01_claude-opus-5-api-generic-v7_rep1/CM4AI_d4d.yaml,Base / root,conforms_to_standard,populated
CM4AI,api,v7,2,data/d4d_concatenated/claudecode_agent/2026-09-01_claude-opus-5-api-generic-v7_rep2/CM4AI_d4d.yaml,Base / root,conforms_to_standard,caveat_only
CM4AI,api,v7,3,data/d4d_concatenated/claudecode_agent/2026-09-01_claude-opus-5-api-generic-v7_rep3/CM4AI_d4d.yaml,Base / root,conforms_to_standard,populated
CM4AI,api,v8,1,data/d4d_concatenated/claudecode_api/2026-09-04g_claude-opus-5-api-generic-v8_rep1/CM4AI_d4d.yaml,Base / root,conforms_to_standard,populated
CM4AI,api,v8,2,data/d4d_concatenated/claudecode_api/2026-09-04g_claude-opus-5-api-generic-v8_rep2/CM4AI_d4d.yaml,Base / root,conforms_to_standard,populated
CM4AI,api,v8,3,data/d4d_concatenated/claudecode_api/2026-09-04g_claude-opus-5-api-generic-v8_rep3/CM4AI_d4d.yaml,Base / root,conforms_to_standard,populated
CM4AI,agentic,v6,1,data/d4d_concatenated/claudecode_agent/2026-08-28_claude-opus-5-claudecode-generic-v6_rep1/CM4AI_d4d.yaml,Base / root,conforms_to_standard,populated
CM4AI,agentic,v6,2,data/d4d_concatenated/claudecode_agent/2026-08-28_claude-opus-5-claudecode-generic-v6_rep2/CM4AI_d4d.yaml,Base / root,conforms_to_standard,populated
CM4AI,agentic,v6,3,data/d4d_concatenated/claudecode_agent/2026-08-28_claude-opus-5-claudecode-generic-v6_rep3/CM4AI_d4d.yaml,Base / root,conforms_to_standard,populated
CM4AI,direct,,,,Base / root,conforms_to_standard,no_record
VOICE,api,v7,1,data/d4d_concatenated/claudecode_agent/2026-09-01_claude-opus-5-api-generic-v7_rep1/VOICE_d4d.yaml,Base / root,conforms_to_standard,populated
VOICE,api,v7,2,data/d4d_concatenated/claudecode_agent/2026-09-01_claude-opus-5-api-generic-v7_rep2/VOICE_d4d.yaml,Base / root,conforms_to_standard,populated
VOICE,api,v7,3,data/d4d_concatenated/claudecode_agent/2026-09-01_claude-opus-5-api-generic-v7_rep3/VOICE_d4d.yaml,Base / root,conforms_to_standard,populated
VOICE,api,v8,1,data/d4d_concatenated/claudecode_api/2026-09-04f_claude-opus-5-api-generic-v8_rep1/VOICE_d4d.yaml,Base / root,conforms_to_standard,empty
VOICE,api,v8,2,data/d4d_concatenated/claudecode_api/2026-09-04f_claude-opus-5-api-generic-v8_rep2/VOICE_d4d.yaml,Base / root,conforms_to_standard,caveat_only
VOICE,api,v8,3,data/d4d_concatenated/claudecode_api/2026-09-04f_claude-opus-5-api-generic-v8_rep3/VOICE_d4d.yaml,Base / root,conforms_to_standard,empty
VOICE,agentic,v6,1,data/d4d_concatenated/claudecode_agent/2026-08-28_claude-opus-5-claudecode-generic-v6_rep1/VOICE_d4d.yaml,Base / root,conforms_to_standard,populated
VOICE,agentic,v6,2,data/d4d_concatenated/claudecode_agent/2026-08-28_claude-opus-5-claudecode-generic-v6_rep2/VOICE_d4d.yaml,Base / root,conforms_to_standard,populated
VOICE,agentic,v6,3,data/d4d_concatenated/claudecode_agent/2026-08-28_claude-opus-5-claudecode-generic-v6_rep3/VOICE_d4d.yaml,Base / root,conforms_to_standard,populated
VOICE,direct,,,,Base / root,conforms_to_standard,no_record
AI_READI,api,v7,1,data/d4d_concatenated/claudecode_agent/2026-09-01_claude-opus-5-api-generic-v7_rep1/AI_READI_d4d.yaml,Base / root,created_by,populated
AI_READI,api,v7,2,data/d4d_concatenated/claudecode_agent/2026-09-01_claude-opus-5-api-generic-v7_rep2/AI_READI_d4d.yaml,Base / root,created_by,populated
AI_READI,api,v7,3,data/d4d_concatenated/claudecode_agent/2026-09-01_claude-opus-5-api-generic-v7_rep3/AI_READI_d4d.yaml,Base / root,created_by,populated
AI_READI,api,v8,1,data/d4d_concatenated/claudecode_api/2026-09-04g_claude-opus-5-api-generic-v8_rep1/AI_READI_d4d.yaml,Base / root,created_by,populated
AI_READI,api,v8,2,data/d4d_concatenated/claudecode_api/2026-09-04g_claude-opus-5-api-generic-v8_rep2/AI_READI_d4d.yaml,Base / root,created_by,populated
AI_READI,api,v8,3,data/d4d_concatenated/claudecode_api/2026-09-04g_claude-opus-5-api-generic-v8_rep3/AI_READI_d4d.yaml,Base / root,created_by,populated
AI_READI,agentic,v6,1,data/d4d_concatenated/claudecode_agent/2026-08-28_claude-opus-5-claudecode-generic-v6_rep1/AI_READI_d4d.yaml,Base / root,created_by,populated
AI_READI,agentic,v6,2,data/d4d_concatenated/claudecode_agent/2026-08-28_claude-opus-5-claudecode-generic-v6_rep2/AI_READI_d4d.yaml,Base / root,created_by,populated
AI_READI,agentic,v6,3,data/d4d_concatenated/claudecode_agent/2026-08-28_claude-opus-5-claudecode-generic-v6_rep3/AI_READI_d4d.yaml,Base / root,created_by,empty
AI_READI,direct,,,,Base / root,created_by,no_record
CHORUS,api,v7,1,data/d4d_concatenated/claudecode_agent/2026-09-01_claude-opus-5-api-generic-v7_rep1/CHORUS_d4d.yaml,Base / root,created_by,populated
CHORUS,api,v7,2,data/d4d_concatenated/claudecode_agent/2026-09-01_claude-opus-5-api-generic-v7_rep2/CHORUS_d4d.yaml,Base / root,created_by,populated
CHORUS,api,v7,3,data/d4d_concatenated/claudecode_agent/2026-09-01_claude-opus-5-api-generic-v7_rep3/CHORUS_d4d.yaml,Base / root,created_by,populated
CHORUS,api,v8,1,data/d4d_concatenated/claudecode_api/2026-09-04f_claude-opus-5-api-generic-v8_rep1/CHORUS_d4d.yaml,Base / root,created_by,populated
CHORUS,api,v8,2,data/d4d_concatenated/claudecode_api/2026-09-04f_claude-opus-5-api-generic-v8_rep2/CHORUS_d4d.yaml,Base / root,created_by,populated
CHORUS,api,v8,3,data/d4d_concatenated/claudecode_api/2026-09-04f_claude-opus-5-api-generic-v8_rep3/CHORUS_d4d.yaml,Base / root,created_by,populated
CHORUS,agentic,v6,1,data/d4d_concatenated/claudecode_agent/2026-08-28_claude-opus-5-claudecode-generic-v6_rep1/CHORUS_d4d.yaml,Base / root,created_by,empty
CHORUS,agentic,v6,2,data/d4d_concatenated/claudecode_agent/2026-08-28_claude-opus-5-claudecode-generic-v6_rep2/CHORUS_d4d.yaml,Base / root,created_by,empty
CHORUS,agentic,v6,3,data/d4d_concatenated/claudecode_agent/2026-08-28_claude-opus-5-claudecode-generic-v6_rep3/CHORUS_d4d.yaml,Base / root,created_by,populated
CHORUS,direct,,,,Base / root,created_by,no_record
CM4AI,api,v7,1,data/d4d_concatenated/claudecode_agent/2026-09-01_claude-opus-5-api-generic-v7_rep1/CM4AI_d4d.yaml,Base / root,created_by,caveat_only
CM4AI,api,v7,2,data/d4d_concatenated/claudecode_agent/2026-09-01_claude-opus-5-api-generic-v7_rep2/CM4AI_d4d.yaml,Base / root,created_by,populated
CM4AI,api,v7,3,data/d4d_concatenated/claudecode_agent/2026-09-01_claude-opus-5-api-generic-v7_rep3/CM4AI_d4d.yaml,Base / root,created_by,empty
CM4AI,api,v8,1,data/d4d_concatenated/claudecode_api/2026-09-04g_claude-opus-5-api-generic-v8_rep1/CM4AI_d4d.yaml,Base / root,created_by,empty
CM4AI,api,v8,2,data/d4d_concatenated/claudecode_api/2026-09-04g_claude-opus-5-api-generic-v8_rep2/CM4AI_d4d.yaml,Base / root,created_by,empty
CM4AI,api,v8,3,data/d4d_concatenated/claudecode_api/2026-09-04g_claude-opus-5-api-generic-v8_rep3/CM4AI_d4d.yaml,Base / root,created_by,empty
CM4AI,agentic,v6,1,data/d4d_concatenated/claudecode_agent/2026-08-28_claude-opus-5-claudecode-generic-v6_rep1/CM4AI_d4d.yaml,Base / root,created_by,empty
CM4AI,agentic,v6,2,data/d4d_concatenated/claudecode_agent/2026-08-28_claude-opus-5-claudecode-generic-v6_rep2/CM4AI_d4d.yaml,Base / root,created_by,empty
CM4AI,agentic,v6,3,data/d4d_concatenated/claudecode_agent/2026-08-28_claude-opus-5-claudecode-generic-v6_rep3/CM4AI_d4d.yaml,Base / root,created_by,empty
CM4AI,direct,,,,Base / root,created_by,no_record
VOICE,api,v7,1,data/d4d_concatenated/claudecode_agent/2026-09-01_claude-opus-5-api-generic-v7_rep1/VOICE_d4d.yaml,Base / root,created_by,populated
VOICE,api,v7,2,data/d4d_concatenated/claudecode_agent/2026-09-01_claude-opus-5-api-generic-v7_rep2/VOICE_d4d.yaml,Base / root,created_by,populated
VOICE,api,v7,3,data/d4d_concatenated/claudecode_agent/2026-09-01_claude-opus-5-api-generic-v7_rep3/VOICE_d4d.yaml,Base / root,created_by,populated
VOICE,api,v8,1,data/d4d_concatenated/claudecode_api/2026-09-04f_claude-opus-5-api-generic-v8_rep1/VOICE_d4d.yaml,Base / root,created_by,populated
VOICE,api,v8,2,data/d4d_concatenated/claudecode_api/2026-09-04f_claude-opus-5-api-generic-v8_rep2/VOICE_d4d.yaml,Base / root,created_by,populated
VOICE,api,v8,3,data/d4d_concatenated/claudecode_api/2026-09-04f_claude-opus-5-api-generic-v8_rep3/VOICE_d4d.yaml,Base / root,created_by,populated
VOICE,agentic,v6,1,data/d4d_concatenated/claudecode_agent/2026-08-28_claude-opus-5-claudecode-generic-v6_rep1/VOICE_d4d.yaml,Base / root,created_by,empty
VOICE,agentic,v6,2,data/d4d_concatenated/claudecode_agent/2026-08-28_claude-opus-5-claudecode-generic-v6_rep2/VOICE_d4d.yaml,Base / root,created_by,empty
VOICE,agentic,v6,3,data/d4d_concatenated/claudecode_agent/2026-08-28_claude-opus-5-claudecode-generic-v6_rep3/VOICE_d4d.yaml,Base / root,created_by,empty
VOICE,direct,,,,Base / root,created_by,no_record
AI_READI,api,v7,1,data/d4d_concatenated/claudecode_agent/2026-09-01_claude-opus-5-api-generic-v7_rep1/AI_READI_d4d.yaml,Base / root,created_on,empty
AI_READI,api,v7,2,data/d4d_concatenated/claudecode_agent/2026-09-01_claude-opus-5-api-generic-v7_rep2/AI_READI_d4d.yaml,Base / root,created_on,empty
AI_READI,api,v7,3,data/d4d_concatenated/claudecode_agent/2026-09-01_claude-opus-5-api-generic-v7_rep3/AI_READI_d4d.yaml,Base / root,created_on,empty
AI_READI,api,v8,1,data/d4d_concatenated/claudecode_api/2026-09-04g_claude-opus-5-api-generic-v8_rep1/AI_READI_d4d.yaml,Base / root,created_on,empty
AI_READI,api,v8,2,data/d4d_concatenated/claudecode_api/2026-09-04g_claude-opus-5-api-generic-v8_rep2/AI_READI_d4d.yaml,Base / root,created_on,empty
AI_READI,api,v8,3,data/d4d_concatenated/claudecode_api/2026-09-04g_claude-opus-5-api-generic-v8_rep3/AI_READI_d4d.yaml,Base / root,created_on,empty
AI_READI,agentic,v6,1,data/d4d_concatenated/claudecode_agent/2026-08-28_claude-opus-5-claudecode-generic-v6_rep1/AI_READI_d4d.yaml,Base / root,created_on,empty
AI_READI,agentic,v6,2,data/d4d_concatenated/claudecode_agent/2026-08-28_claude-opus-5-claudecode-generic-v6_rep2/AI_READI_d4d.yaml,Base / root,created_on,empty
AI_READI,agentic,v6,3,data/d4d_concatenated/claudecode_agent/2026-08-28_claude-opus-5-claudecode-generic-v6_rep3/AI_READI_d4d.yaml,Base / root,created_on,empty
AI_READI,direct,,,,Base / root,created_on,no_record
CHORUS,api,v7,1,data/d4d_concatenated/claudecode_agent/2026-09-01_claude-opus-5-api-generic-v7_rep1/CHORUS_d4d.yaml,Base / root,created_on,empty
CHORUS,api,v7,2,data/d4d_concatenated/claudecode_agent/2026-09-01_claude-opus-5-api-generic-v7_rep2/CHORUS_d4d.yaml,Base / root,created_on,empty
CHORUS,api,v7,3,data/d4d_concatenated/claudecode_agent/2026-09-01_claude-opus-5-api-generic-v7_rep3/CHORUS_d4d.yaml,Base / root,created_on,empty
CHORUS,api,v8,1,data/d4d_concatenated/claudecode_api/2026-09-04f_claude-opus-5-api-generic-v8_rep1/CHORUS_d4d.yaml,Base / root,created_on,empty
CHORUS,api,v8,2,data/d4d_concatenated/claudecode_api/2026-09-04f_claude-opus-5-api-generic-v8_rep2/CHORUS_d4d.yaml,Base / root,created_on,empty
CHORUS,api,v8,3,data/d4d_concatenated/claudecode_api/2026-09-04f_claude-opus-5-api-generic-v8_rep3/CHORUS_d4d.yaml,Base / root,created_on,empty
CHORUS,agentic,v6,1,data/d4d_concatenated/claudecode_agent/2026-08-28_claude-opus-5-claudecode-generic-v6_rep1/CHORUS_d4d.yaml,Base / root,created_on,empty
CHORUS,agentic,v6,2,data/d4d_concatenated/claudecode_agent/2026-08-28_claude-opus-5-claudecode-generic-v6_rep2/CHORUS_d4d.yaml,Base / root,created_on,empty
CHORUS,agentic,v6,3,data/d4d_concatenated/claudecode_agent/2026-08-28_claude-opus-5-claudecode-generic-v6_rep3/CHORUS_d4d.yaml,Base / root,created_on,empty
CHORUS,direct,,,,Base / root,created_on,no_record
CM4AI,api,v7,1,data/d4d_concatenated/claudecode_agent/2026-09-01_claude-opus-5-api-generic-v7_rep1/CM4AI_d4d.yaml,Base / root,created_on,populated
CM4AI,api,v7,2,data/d4d_concatenated/claudecode_agent/2026-09-01_claude-opus-5-api-generic-v7_rep2/CM4AI_d4d.yaml,Base / root,created_on,populated
CM4AI,api,v7,3,data/d4d_concatenated/claudecode_agent/2026-09-01_claude-opus-5-api-generic-v7_rep3/CM4AI_d4d.yaml,Base / root,created_on,populated
CM4AI,api,v8,1,data/d4d_concatenated/claudecode_api/2026-09-04g_claude-opus-5-api-generic-v8_rep1/CM4AI_d4d.yaml,Base / root,created_on,populated
CM4AI,api,v8,2,data/d4d_concatenated/claudecode_api/2026-09-04g_claude-opus-5-api-generic-v8_rep2/CM4AI_d4d.yaml,Base / root,created_on,populated
CM4AI,api,v8,3,data/d4d_concatenated/claudecode_api/2026-09-04g_claude-opus-5-api-generic-v8_rep3/CM4AI_d4d.yaml,Base / root,created_on,populated
CM4AI,agentic,v6,1,data/d4d_concatenated/claudecode_agent/2026-08-28_claude-opus-5-claudecode-generic-v6_rep1/CM4AI_d4d.yaml,Base / root,created_on,empty
CM4AI,agentic,v6,2,data/d4d_concatenated/claudecode_agent/2026-08-28_claude-opus-5-claudecode-generic-v6_rep2/CM4AI_d4d.yaml,Base / root,created_on,empty
CM4AI,agentic,v6,3,data/d4d_concatenated/claudecode_agent/2026-08-28_claude-opus-5-claudecode-generic-v6_rep3/CM4AI_d4d.yaml,Base / root,created_on,empty
CM4AI,direct,,,,Base / root,created_on,no_record
VOICE,api,v7,1,data/d4d_concatenated/claudecode_agent/2026-09-01_claude-opus-5-api-generic-v7_rep1/VOICE_d4d.yaml,Base / root,created_on,empty
VOICE,api,v7,2,data/d4d_concatenated/claudecode_agent/2026-09-01_claude-opus-5-api-generic-v7_rep2/VOICE_d4d.yaml,Base / root,created_on,empty
VOICE,api,v7,3,data/d4d_concatenated/claudecode_agent/2026-09-01_claude-opus-5-api-generic-v7_rep3/VOICE_d4d.yaml,Base / root,created_on,empty
VOICE,api,v8,1,data/d4d_concatenated/claudecode_api/2026-09-04f_claude-opus-5-api-generic-v8_rep1/VOICE_d4d.yaml,Base / root,created_on,empty
VOICE,api,v8,2,data/d4d_concatenated/claudecode_api/2026-09-04f_claude-opus-5-api-generic-v8_rep2/VOICE_d4d.yaml,Base / root,created_on,empty
VOICE,api,v8,3,data/d4d_concatenated/claudecode_api/2026-09-04f_claude-opus-5-api-generic-v8_rep3/VOICE_d4d.yaml,Base / root,created_on,empty
VOICE,agentic,v6,1,data/d4d_concatenated/claudecode_agent/2026-08-28_claude-opus-5-claudecode-generic-v6_rep1/VOICE_d4d.yaml,Base / root,created_on,empty
VOICE,agentic,v6,2,data/d4d_concatenated/claudecode_agent/2026-08-28_claude-opus-5-claudecode-generic-v6_rep2/VOICE_d4d.yaml,Base / root,created_on,empty
VOICE,agentic,v6,3,data/d4d_concatenated/claudecode_agent/2026-08-28_claude-opus-5-claudecode-generic-v6_rep3/VOICE_d4d.yaml,Base / root,created_on,empty
VOICE,direct,,,,Base / root,created_on,no_record
AI_READI,api,v7,1,data/d4d_concatenated/claudecode_agent/2026-09-01_claude-opus-5-api-generic-v7_rep1/AI_READI_d4d.yaml,Base / root,doi,populated
AI_READI,api,v7,2,data/d4d_concatenated/claudecode_agent/2026-09-01_claude-opus-5-api-generic-v7_rep2/AI_READI_d4d.yaml,Base / root,doi,populated
AI_READI,api,v7,3,data/d4d_concatenated/claudecode_agent/2026-09-01_claude-opus-5-api-generic-v7_rep3/AI_READI_d4d.yaml,Base / root,doi,populated
AI_READI,api,v8,1,data/d4d_concatenated/claudecode_api/2026-09-04g_claude-opus-5-api-generic-v8_rep1/AI_READI_d4d.yaml,Base / root,doi,populated
AI_READI,api,v8,2,data/d4d_concatenated/claudecode_api/2026-09-04g_claude-opus-5-api-generic-v8_rep2/AI_READI_d4d.yaml,Base / root,doi,populated
AI_READI,api,v8,3,data/d4d_concatenated/claudecode_api/2026-09-04g_claude-opus-5-api-generic-v8_rep3/AI_READI_d4d.yaml,Base / root,doi,populated
AI_READI,agentic,v6,1,data/d4d_concatenated/claudecode_agent/2026-08-28_claude-opus-5-claudecode-generic-v6_rep1/AI_READI_d4d.yaml,Base / root,doi,populated
AI_READI,agentic,v6,2,data/d4d_concatenated/claudecode_agent/2026-08-28_claude-opus-5-claudecode-generic-v6_rep2/AI_READI_d4d.yaml,Base / root,doi,populated
AI_READI,agentic,v6,3,data/d4d_concatenated/claudecode_agent/2026-08-28_claude-opus-5-claudecode-generic-v6_rep3/AI_READI_d4d.yaml,Base / root,doi,populated
AI_READI,direct,,,,Base / root,doi,no_record
CHORUS,api,v7,1,data/d4d_concatenated/claudecode_agent/2026-09-01_claude-opus-5-api-generic-v7_rep1/CHORUS_d4d.yaml,Base / root,doi,empty
CHORUS,api,v7,2,data/d4d_concatenated/claudecode_agent/2026-09-01_claude-opus-5-api-generic-v7_rep2/CHORUS_d4d.yaml,Base / root,doi,empty
CHORUS,api,v7,3,data/d4d_concatenated/claudecode_agent/2026-09-01_claude-opus-5-api-generic-v7_rep3/CHORUS_d4d.yaml,Base / root,doi,empty
CHORUS,api,v8,1,data/d4d_concatenated/claudecode_api/2026-09-04f_claude-opus-5-api-generic-v8_rep1/CHORUS_d4d.yaml,Base / root,doi,empty
CHORUS,api,v8,2,data/d4d_concatenated/claudecode_api/2026-09-04f_claude-opus-5-api-generic-v8_rep2/CHORUS_d4d.yaml,Base / root,doi,empty
CHORUS,api,v8,3,data/d4d_concatenated/claudecode_api/2026-09-04f_claude-opus-5-api-generic-v8_rep3/CHORUS_d4d.yaml,Base / root,doi,empty
CHORUS,agentic,v6,1,data/d4d_concatenated/claudecode_agent/2026-08-28_claude-opus-5-claudecode-generic-v6_rep1/CHORUS_d4d.yaml,Base / root,doi,empty
CHORUS,agentic,v6,2,data/d4d_concatenated/claudecode_agent/2026-08-28_claude-opus-5-claudecode-generic-v6_rep2/CHORUS_d4d.yaml,Base / root,doi,empty
CHORUS,agentic,v6,3,data/d4d_concatenated/claudecode_agent/2026-08-28_claude-opus-5-claudecode-generic-v6_rep3/CHORUS_d4d.yaml,Base / root,doi,empty
CHORUS,direct,,,,Base / root,doi,no_record
CM4AI,api,v7,1,data/d4d_concatenated/claudecode_agent/2026-09-01_claude-opus-5-api-generic-v7_rep1/CM4AI_d4d.yaml,Base / root,doi,populated
CM4AI,api,v7,2,data/d4d_concatenated/claudecode_agent/2026-09-01_claude-opus-5-api-generic-v7_rep2/CM4AI_d4d.yaml,Base / root,doi,populated
CM4AI,api,v7,3,data/d4d_concatenated/claudecode_agent/2026-09-01_claude-opus-5-api-generic-v7_rep3/CM4AI_d4d.yaml,Base / root,doi,populated
CM4AI,api,v8,1,data/d4d_concatenated/claudecode_api/2026-09-04g_claude-opus-5-api-generic-v8_rep1/CM4AI_d4d.yaml,Base / root,doi,populated
CM4AI,api,v8,2,data/d4d_concatenated/claudecode_api/2026-09-04g_claude-opus-5-api-generic-v8_rep2/CM4AI_d4d.yaml,Base / root,doi,populated
CM4AI,api,v8,3,data/d4d_concatenated/claudecode_api/2026-09-04g_claude-opus-5-api-generic-v8_rep3/CM4AI_d4d.yaml,Base / root,doi,populated
CM4AI,agentic,v6,1,data/d4d_concatenated/claudecode_agent/2026-08-28_claude-opus-5-claudecode-generic-v6_rep1/CM4AI_d4d.yaml,Base / root,doi,empty
CM4AI,agentic,v6,2,data/d4d_concatenated/claudecode_agent/2026-08-28_claude-opus-5-claudecode-generic-v6_rep2/CM4AI_d4d.yaml,Base / root,doi,empty
CM4AI,agentic,v6,3,data/d4d_concatenated/claudecode_agent/2026-08-28_claude-opus-5-claudecode-generic-v6_rep3/CM4AI_d4d.yaml,Base / root,doi,empty
CM4AI,direct,,,,Base / root,doi,no_record
VOICE,api,v7,1,data/d4d_concatenated/claudecode_agent/2026-09-01_claude-opus-5-api-generic-v7_rep1/VOICE_d4d.yaml,Base / root,doi,populated
VOICE,api,v7,2,data/d4d_concatenated/claudecode_agent/2026-09-01_claude-opus-5-api-generic-v7_rep2/VOICE_d4d.yaml,Base / root,doi,populated
VOICE,api,v7,3,data/d4d_concatenated/claudecode_agent/2026-09-01_claude-opus-5-api-generic-v7_rep3/VOICE_d4d.yaml,Base / root,doi,populated
VOICE,api,v8,1,data/d4d_concatenated/claudecode_api/2026-09-04f_claude-opus-5-api-generic-v8_rep1/VOICE_d4d.yaml,Base / root,doi,populated
VOICE,api,v8,2,data/d4d_concatenated/claudecode_api/2026-09-04f_claude-opus-5-api-generic-v8_rep2/VOICE_d4d.yaml,Base / root,doi,populated
VOICE,api,v8,3,data/d4d_concatenated/claudecode_api/2026-09-04f_claude-opus-5-api-generic-v8_rep3/VOICE_d4d.yaml,Base / root,doi,populated
VOICE,agentic,v6,1,data/d4d_concatenated/claudecode_agent/2026-08-28_claude-opus-5-claudecode-generic-v6_rep1/VOICE_d4d.yaml,Base / root,doi,populated
VOICE,agentic,v6,2,data/d4d_concatenated/claudecode_agent/2026-08-28_claude-opus-5-claudecode-generic-v6_rep2/VOICE_d4d.yaml,Base / root,doi,populated
VOICE,agentic,v6,3,data/d4d_concatenated/claudecode_agent/2026-08-28_claude-opus-5-claudecode-generic-v6_rep3/VOICE_d4d.yaml,Base / root,doi,populated
VOICE,direct,,,,Base / root,doi,no_record
AI_READI,api,v7,1,data/d4d_concatenated/claudecode_agent/2026-09-01_claude-opus-5-api-generic-v7_rep1/AI_READI_d4d.yaml,Base / root,download_url,empty
AI_READI,api,v7,2,data/d4d_concatenated/claudecode_agent/2026-09-01_claude-opus-5-api-generic-v7_rep2/AI_READI_d4d.yaml,Base / root,download_url,empty
AI_READI,api,v7,3,data/d4d_concatenated/claudecode_agent/2026-09-01_claude-opus-5-api-generic-v7_rep3/AI_READI_d4d.yaml,Base / root,download_url,empty
AI_READI,api,v8,1,data/d4d_concatenated/claudecode_api/2026-09-04g_claude-opus-5-api-generic-v8_rep1/AI_READI_d4d.yaml,Base / root,download_url,empty
AI_READI,api,v8,2,data/d4d_concatenated/claudecode_api/2026-09-04g_claude-opus-5-api-generic-v8_rep2/AI_READI_d4d.yaml,Base / root,download_url,empty
AI_READI,api,v8,3,data/d4d_concatenated/claudecode_api/2026-09-04g_claude-opus-5-api-generic-v8_rep3/AI_READI_d4d.yaml,Base / root,download_url,empty
AI_READI,agentic,v6,1,data/d4d_concatenated/claudecode_agent/2026-08-28_claude-opus-5-claudecode-generic-v6_rep1/AI_READI_d4d.yaml,Base / root,download_url,empty
AI_READI,agentic,v6,2,data/d4d_concatenated/claudecode_agent/2026-08-28_claude-opus-5-claudecode-generic-v6_rep2/AI_READI_d4d.yaml,Base / root,download_url,empty
AI_READI,agentic,v6,3,data/d4d_concatenated/claudecode_agent/2026-08-28_claude-opus-5-claudecode-generic-v6_rep3/AI_READI_d4d.yaml,Base / root,download_url,empty
AI_READI,direct,,,,Base / root,download_url,no_record
CHORUS,api,v7,1,data/d4d_concatenated/claudecode_agent/2026-09-01_claude-opus-5-api-generic-v7_rep1/CHORUS_d4d.yaml,Base / root,download_url,empty
CHORUS,api,v7,2,data/d4d_concatenated/claudecode_agent/2026-09-01_claude-opus-5-api-generic-v7_rep2/CHORUS_d4d.yaml,Base / root,download_url,empty
CHORUS,api,v7,3,data/d4d_concatenated/claudecode_agent/2026-09-01_claude-opus-5-api-generic-v7_rep3/CHORUS_d4d.yaml,Base / root,download_url,empty
CHORUS,api,v8,1,data/d4d_concatenated/claudecode_api/2026-09-04f_claude-opus-5-api-generic-v8_rep1/CHORUS_d4d.yaml,Base / root,download_url,empty
CHORUS,api,v8,2,data/d4d_concatenated/claudecode_api/2026-09-04f_claude-opus-5-api-generic-v8_rep2/CHORUS_d4d.yaml,Base / root,download_url,empty
CHORUS,api,v8,3,data/d4d_concatenated/claudecode_api/2026-09-04f_claude-opus-5-api-generic-v8_rep3/CHORUS_d4d.yaml,Base / root,download_url,empty
CHORUS,agentic,v6,1,data/d4d_concatenated/claudecode_agent/2026-08-28_claude-opus-5-claudecode-generic-v6_rep1/CHORUS_d4d.yaml,Base / root,download_url,empty
CHORUS,agentic,v6,2,data/d4d_concatenated/claudecode_agent/2026-08-28_claude-opus-5-claudecode-generic-v6_rep2/CHORUS_d4d.yaml,Base / root,download_url,empty
CHORUS,agentic,v6,3,data/d4d_concatenated/claudecode_agent/2026-08-28_claude-opus-5-claudecode-generic-v6_rep3/CHORUS_d4d.yaml,Base / root,download_url,empty
CHORUS,direct,,,,Base / root,download_url,no_record
CM4AI,api,v7,1,data/d4d_concatenated/claudecode_agent/2026-09-01_claude-opus-5-api-generic-v7_rep1/CM4AI_d4d.yaml,Base / root,download_url,empty
CM4AI,api,v7,2,data/d4d_concatenated/claudecode_agent/2026-09-01_claude-opus-5-api-generic-v7_rep2/CM4AI_d4d.yaml,Base / root,download_url,empty
CM4AI,api,v7,3,data/d4d_concatenated/claudecode_agent/2026-09-01_claude-opus-5-api-generic-v7_rep3/CM4AI_d4d.yaml,Base / root,download_url,empty
CM4AI,api,v8,1,data/d4d_concatenated/claudecode_api/2026-09-04g_claude-opus-5-api-generic-v8_rep1/CM4AI_d4d.yaml,Base / root,download_url,empty
CM4AI,api,v8,2,data/d4d_concatenated/claudecode_api/2026-09-04g_claude-opus-5-api-generic-v8_rep2/CM4AI_d4d.yaml,Base / root,download_url,empty
CM4AI,api,v8,3,data/d4d_concatenated/claudecode_api/2026-09-04g_claude-opus-5-api-generic-v8_rep3/CM4AI_d4d.yaml,Base / root,download_url,empty
CM4AI,agentic,v6,1,data/d4d_concatenated/claudecode_agent/2026-08-28_claude-opus-5-claudecode-generic-v6_rep1/CM4AI_d4d.yaml,Base / root,download_url,empty
CM4AI,agentic,v6,2,data/d4d_concatenated/claudecode_agent/2026-08-28_claude-opus-5-claudecode-generic-v6_rep2/CM4AI_d4d.yaml,Base / root,download_url,empty
CM4AI,agentic,v6,3,data/d4d_concatenated/claudecode_agent/2026-08-28_claude-opus-5-claudecode-generic-v6_rep3/CM4AI_d4d.yaml,Base / root,download_url,empty
CM4AI,direct,,,,Base / root,download_url,no_record
VOICE,api,v7,1,data/d4d_concatenated/claudecode_agent/2026-09-01_claude-opus-5-api-generic-v7_rep1/VOICE_d4d.yaml,Base / root,download_url,empty
VOICE,api,v7,2,data/d4d_concatenated/claudecode_agent/2026-09-01_claude-opus-5-api-generic-v7_rep2/VOICE_d4d.yaml,Base / root,download_url,empty
VOICE,api,v7,3,data/d4d_concatenated/claudecode_agent/2026-09-01_claude-opus-5-api-generic-v7_rep3/VOICE_d4d.yaml,Base / root,download_url,empty
VOICE,api,v8,1,data/d4d_concatenated/claudecode_api/2026-09-04f_claude-opus-5-api-generic-v8_rep1/VOICE_d4d.yaml,Base / root,download_url,empty
VOICE,api,v8,2,data/d4d_concatenated/claudecode_api/2026-09-04f_claude-opus-5-api-generic-v8_rep2/VOICE_d4d.yaml,Base / root,download_url,empty
VOICE,api,v8,3,data/d4d_concatenated/claudecode_api/2026-09-04f_claude-opus-5-api-generic-v8_rep3/VOICE_d4d.yaml,Base / root,download_url,empty
VOICE,agentic,v6,1,data/d4d_concatenated/claudecode_agent/2026-08-28_claude-opus-5-claudecode-generic-v6_rep1/VOICE_d4d.yaml,Base / root,download_url,empty
VOICE,agentic,v6,2,data/d4d_concatenated/claudecode_agent/2026-08-28_claude-opus-5-claudecode-generic-v6_rep2/VOICE_d4d.yaml,Base / root,download_url,empty
VOICE,agentic,v6,3,data/d4d_concatenated/claudecode_agent/2026-08-28_claude-opus-5-claudecode-generic-v6_rep3/VOICE_d4d.yaml,Base / root,download_url,empty
VOICE,direct,,,,Base / root,download_url,no_record
AI_READI,api,v7,1,data/d4d_concatenated/claudecode_agent/2026-09-01_claude-opus-5-api-generic-v7_rep1/AI_READI_d4d.yaml,Base / root,issued,populated
AI_READI,api,v7,2,data/d4d_concatenated/claudecode_agent/2026-09-01_claude-opus-5-api-generic-v7_rep2/AI_READI_d4d.yaml,Base / root,issued,populated
AI_READI,api,v7,3,data/d4d_concatenated/claudecode_agent/2026-09-01_claude-opus-5-api-generic-v7_rep3/AI_READI_d4d.yaml,Base / root,issued,populated
AI_READI,api,v8,1,data/d4d_concatenated/claudecode_api/2026-09-04g_claude-opus-5-api-generic-v8_rep1/AI_READI_d4d.yaml,Base / root,issued,populated
AI_READI,api,v8,2,data/d4d_concatenated/claudecode_api/2026-09-04g_claude-opus-5-api-generic-v8_rep2/AI_READI_d4d.yaml,Base / root,issued,populated
AI_READI,api,v8,3,data/d4d_concatenated/claudecode_api/2026-09-04g_claude-opus-5-api-generic-v8_rep3/AI_READI_d4d.yaml,Base / root,issued,populated
AI_READI,agentic,v6,1,data/d4d_concatenated/claudecode_agent/2026-08-28_claude-opus-5-claudecode-generic-v6_rep1/AI_READI_d4d.yaml,Base / root,issued,populated
AI_READI,agentic,v6,2,data/d4d_concatenated/claudecode_agent/2026-08-28_claude-opus-5-claudecode-generic-v6_rep2/AI_READI_d4d.yaml,Base / root,issued,populated
AI_READI,agentic,v6,3,data/d4d_concatenated/claudecode_agent/2026-08-28_claude-opus-5-claudecode-generic-v6_rep3/AI_READI_d4d.yaml,Base / root,issued,populated
AI_READI,direct,,,,Base / root,issued,no_record
CHORUS,api,v7,1,data/d4d_concatenated/claudecode_agent/2026-09-01_claude-opus-5-api-generic-v7_rep1/CHORUS_d4d.yaml,Base / root,issued,empty
CHORUS,api,v7,2,data/d4d_concatenated/claudecode_agent/2026-09-01_claude-opus-5-api-generic-v7_rep2/CHORUS_d4d.yaml,Base / root,issued,empty
CHORUS,api,v7,3,data/d4d_concatenated/claudecode_agent/2026-09-01_claude-opus-5-api-generic-v7_rep3/CHORUS_d4d.yaml,Base / root,issued,empty
CHORUS,api,v8,1,data/d4d_concatenated/claudecode_api/2026-09-04f_claude-opus-5-api-generic-v8_rep1/CHORUS_d4d.yaml,Base / root,issued,empty
CHORUS,api,v8,2,data/d4d_concatenated/claudecode_api/2026-09-04f_claude-opus-5-api-generic-v8_rep2/CHORUS_d4d.yaml,Base / root,issued,empty
CHORUS,api,v8,3,data/d4d_concatenated/claudecode_api/2026-09-04f_claude-opus-5-api-generic-v8_rep3/CHORUS_d4d.yaml,Base / root,issued,empty
CHORUS,agentic,v6,1,data/d4d_concatenated/claudecode_agent/2026-08-28_claude-opus-5-claudecode-generic-v6_rep1/CHORUS_d4d.yaml,Base / root,issued,empty
CHORUS,agentic,v6,2,data/d4d_concatenated/claudecode_agent/2026-08-28_claude-opus-5-claudecode-generic-v6_rep2/CHORUS_d4d.yaml,Base / root,issued,empty
CHORUS,agentic,v6,3,data/d4d_concatenated/claudecode_agent/2026-08-28_claude-opus-5-claudecode-generic-v6_rep3/CHORUS_d4d.yaml,Base / root,issued,empty
CHORUS,direct,,,,Base / root,issued,no_record
CM4AI,api,v7,1,data/d4d_concatenated/claudecode_agent/2026-09-01_claude-opus-5-api-generic-v7_rep1/CM4AI_d4d.yaml,Base / root,issued,populated
CM4AI,api,v7,2,data/d4d_concatenated/claudecode_agent/2026-09-01_claude-opus-5-api-generic-v7_rep2/CM4AI_d4d.yaml,Base / root,issued,populated
CM4AI,api,v7,3,data/d4d_concatenated/claudecode_agent/2026-09-01_claude-opus-5-api-generic-v7_rep3/CM4AI_d4d.yaml,Base / root,issued,populated
CM4AI,api,v8,1,data/d4d_concatenated/claudecode_api/2026-09-04g_claude-opus-5-api-generic-v8_rep1/CM4AI_d4d.yaml,Base / root,issued,populated
CM4AI,api,v8,2,data/d4d_concatenated/claudecode_api/2026-09-04g_claude-opus-5-api-generic-v8_rep2/CM4AI_d4d.yaml,Base / root,issued,populated
CM4AI,api,v8,3,data/d4d_concatenated/claudecode_api/2026-09-04g_claude-opus-5-api-generic-v8_rep3/CM4AI_d4d.yaml,Base / root,issued,populated
CM4AI,agentic,v6,1,data/d4d_concatenated/claudecode_agent/2026-08-28_claude-opus-5-claudecode-generic-v6_rep1/CM4AI_d4d.yaml,Base / root,issued,empty
CM4AI,agentic,v6,2,data/d4d_concatenated/claudecode_agent/2026-08-28_claude-opus-5-claudecode-generic-v6_rep2/CM4AI_d4d.yaml,Base / root,issued,empty
CM4AI,agentic,v6,3,data/d4d_concatenated/claudecode_agent/2026-08-28_claude-opus-5-claudecode-generic-v6_rep3/CM4AI_d4d.yaml,Base / root,issued,empty
CM4AI,direct,,,,Base / root,issued,no_record
VOICE,api,v7,1,data/d4d_concatenated/claudecode_agent/2026-09-01_claude-opus-5-api-generic-v7_rep1/VOICE_d4d.yaml,Base / root,issued,populated
VOICE,api,v7,2,data/d4d_concatenated/claudecode_agent/2026-09-01_claude-opus-5-api-generic-v7_rep2/VOICE_d4d.yaml,Base / root,issued,populated
VOICE,api,v7,3,data/d4d_concatenated/claudecode_agent/2026-09-01_claude-opus-5-api-generic-v7_rep3/VOICE_d4d.yaml,Base / root,issued,populated
VOICE,api,v8,1,data/d4d_concatenated/claudecode_api/2026-09-04f_claude-opus-5-api-generic-v8_rep1/VOICE_d4d.yaml,Base / root,issued,populated
VOICE,api,v8,2,data/d4d_concatenated/claudecode_api/2026-09-04f_claude-opus-5-api-generic-v8_rep2/VOICE_d4d.yaml,Base / root,issued,populated
VOICE,api,v8,3,data/d4d_concatenated/claudecode_api/2026-09-04f_claude-opus-5-api-generic-v8_rep3/VOICE_d4d.yaml,Base / root,issued,populated
VOICE,agentic,v6,1,data/d4d_concatenated/claudecode_agent/2026-08-28_claude-opus-5-claudecode-generic-v6_rep1/VOICE_d4d.yaml,Base / root,issued,empty
VOICE,agentic,v6,2,data/d4d_concatenated/claudecode_agent/2026-08-28_claude-opus-5-claudecode-generic-v6_rep2/VOICE_d4d.yaml,Base / root,issued,empty
VOICE,agentic,v6,3,data/d4d_concatenated/claudecode_agent/2026-08-28_claude-opus-5-claudecode-generic-v6_rep3/VOICE_d4d.yaml,Base / root,issued,populated
VOICE,direct,,,,Base / root,issued,no_record
AI_READI,api,v7,1,data/d4d_concatenated/claudecode_agent/2026-09-01_claude-opus-5-api-generic-v7_rep1/AI_READI_d4d.yaml,Base / root,keywords,populated
AI_READI,api,v7,2,data/d4d_concatenated/claudecode_agent/2026-09-01_claude-opus-5-api-generic-v7_rep2/AI_READI_d4d.yaml,Base / root,keywords,populated
AI_READI,api,v7,3,data/d4d_concatenated/claudecode_agent/2026-09-01_claude-opus-5-api-generic-v7_rep3/AI_READI_d4d.yaml,Base / root,keywords,populated
AI_READI,api,v8,1,data/d4d_concatenated/claudecode_api/2026-09-04g_claude-opus-5-api-generic-v8_rep1/AI_READI_d4d.yaml,Base / root,keywords,populated
AI_READI,api,v8,2,data/d4d_concatenated/claudecode_api/2026-09-04g_claude-opus-5-api-generic-v8_rep2/AI_READI_d4d.yaml,Base / root,keywords,populated
AI_READI,api,v8,3,data/d4d_concatenated/claudecode_api/2026-09-04g_claude-opus-5-api-generic-v8_rep3/AI_READI_d4d.yaml,Base / root,keywords,populated
AI_READI,agentic,v6,1,data/d4d_concatenated/claudecode_agent/2026-08-28_claude-opus-5-claudecode-generic-v6_rep1/AI_READI_d4d.yaml,Base / root,keywords,populated
AI_READI,agentic,v6,2,data/d4d_concatenated/claudecode_agent/2026-08-28_claude-opus-5-claudecode-generic-v6_rep2/AI_READI_d4d.yaml,Base / root,keywords,populated
AI_READI,agentic,v6,3,data/d4d_concatenated/claudecode_agent/2026-08-28_claude-opus-5-claudecode-generic-v6_rep3/AI_READI_d4d.yaml,Base / root,keywords,populated
AI_READI,direct,,,,Base / root,keywords,no_record
CHORUS,api,v7,1,data/d4d_concatenated/claudecode_agent/2026-09-01_claude-opus-5-api-generic-v7_rep1/CHORUS_d4d.yaml,Base / root,keywords,populated
CHORUS,api,v7,2,data/d4d_concatenated/claudecode_agent/2026-09-01_claude-opus-5-api-generic-v7_rep2/CHORUS_d4d.yaml,Base / root,keywords,populated
CHORUS,api,v7,3,data/d4d_concatenated/claudecode_agent/2026-09-01_claude-opus-5-api-generic-v7_rep3/CHORUS_d4d.yaml,Base / root,keywords,populated
CHORUS,api,v8,1,data/d4d_concatenated/claudecode_api/2026-09-04f_claude-opus-5-api-generic-v8_rep1/CHORUS_d4d.yaml,Base / root,keywords,populated
CHORUS,api,v8,2,data/d4d_concatenated/claudecode_api/2026-09-04f_claude-opus-5-api-generic-v8_rep2/CHORUS_d4d.yaml,Base / root,keywords,populated
CHORUS,api,v8,3,data/d4d_concatenated/claudecode_api/2026-09-04f_claude-opus-5-api-generic-v8_rep3/CHORUS_d4d.yaml,Base / root,keywords,populated
CHORUS,agentic,v6,1,data/d4d_concatenated/claudecode_agent/2026-08-28_claude-opus-5-claudecode-generic-v6_rep1/CHORUS_d4d.yaml,Base / root,keywords,populated
CHORUS,agentic,v6,2,data/d4d_concatenated/claudecode_agent/2026-08-28_claude-opus-5-claudecode-generic-v6_rep2/CHORUS_d4d.yaml,Base / root,keywords,populated
CHORUS,agentic,v6,3,data/d4d_concatenated/claudecode_agent/2026-08-28_claude-opus-5-claudecode-generic-v6_rep3/CHORUS_d4d.yaml,Base / root,keywords,populated
CHORUS,direct,,,,Base / root,keywords,no_record
CM4AI,api,v7,1,data/d4d_concatenated/claudecode_agent/2026-09-01_claude-opus-5-api-generic-v7_rep1/CM4AI_d4d.yaml,Base / root,keywords,populated
CM4AI,api,v7,2,data/d4d_concatenated/claudecode_agent/2026-09-01_claude-opus-5-api-generic-v7_rep2/CM4AI_d4d.yaml,Base / root,keywords,populated
CM4AI,api,v7,3,data/d4d_concatenated/claudecode_agent/2026-09-01_claude-opus-5-api-generic-v7_rep3/CM4AI_d4d.yaml,Base / root,keywords,populated
CM4AI,api,v8,1,data/d4d_concatenated/claudecode_api/2026-09-04g_claude-opus-5-api-generic-v8_rep1/CM4AI_d4d.yaml,Base / root,keywords,populated
CM4AI,api,v8,2,data/d4d_concatenated/claudecode_api/2026-09-04g_claude-opus-5-api-generic-v8_rep2/CM4AI_d4d.yaml,Base / root,keywords,populated
CM4AI,api,v8,3,data/d4d_concatenated/claudecode_api/2026-09-04g_claude-opus-5-api-generic-v8_rep3/CM4AI_d4d.yaml,Base / root,keywords,populated
CM4AI,agentic,v6,1,data/d4d_concatenated/claudecode_agent/2026-08-28_claude-opus-5-claudecode-generic-v6_rep1/CM4AI_d4d.yaml,Base / root,keywords,populated
CM4AI,agentic,v6,2,data/d4d_concatenated/claudecode_agent/2026-08-28_claude-opus-5-claudecode-generic-v6_rep2/CM4AI_d4d.yaml,Base / root,keywords,populated
CM4AI,agentic,v6,3,data/d4d_concatenated/claudecode_agent/2026-08-28_claude-opus-5-claudecode-generic-v6_rep3/CM4AI_d4d.yaml,Base / root,keywords,populated
CM4AI,direct,,,,Base / root,keywords,no_record
VOICE,api,v7,1,data/d4d_concatenated/claudecode_agent/2026-09-01_claude-opus-5-api-generic-v7_rep1/VOICE_d4d.yaml,Base / root,keywords,populated
VOICE,api,v7,2,data/d4d_concatenated/claudecode_agent/2026-09-01_claude-opus-5-api-generic-v7_rep2/VOICE_d4d.yaml,Base / root,keywords,populated
VOICE,api,v7,3,data/d4d_concatenated/claudecode_agent/2026-09-01_claude-opus-5-api-generic-v7_rep3/VOICE_d4d.yaml,Base / root,keywords,populated
VOICE,api,v8,1,data/d4d_concatenated/claudecode_api/2026-09-04f_claude-opus-5-api-generic-v8_rep1/VOICE_d4d.yaml,Base / root,keywords,populated
VOICE,api,v8,2,data/d4d_concatenated/claudecode_api/2026-09-04f_claude-opus-5-api-generic-v8_rep2/VOICE_d4d.yaml,Base / root,keywords,populated
VOICE,api,v8,3,data/d4d_concatenated/claudecode_api/2026-09-04f_claude-opus-5-api-generic-v8_rep3/VOICE_d4d.yaml,Base / root,keywords,populated
VOICE,agentic,v6,1,data/d4d_concatenated/claudecode_agent/2026-08-28_claude-opus-5-claudecode-generic-v6_rep1/VOICE_d4d.yaml,Base / root,keywords,populated
VOICE,agentic,v6,2,data/d4d_concatenated/claudecode_agent/2026-08-28_claude-opus-5-claudecode-generic-v6_rep2/VOICE_d4d.yaml,Base / root,keywords,populated
VOICE,agentic,v6,3,data/d4d_concatenated/claudecode_agent/2026-08-28_claude-opus-5-claudecode-generic-v6_rep3/VOICE_d4d.yaml,Base / root,keywords,populated
VOICE,direct,,,,Base / root,keywords,no_record
AI_READI,api,v7,1,data/d4d_concatenated/claudecode_agent/2026-09-01_claude-opus-5-api-generic-v7_rep1/AI_READI_d4d.yaml,Base / root,language,populated
AI_READI,api,v7,2,data/d4d_concatenated/claudecode_agent/2026-09-01_claude-opus-5-api-generic-v7_rep2/AI_READI_d4d.yaml,Base / root,language,populated
AI_READI,api,v7,3,data/d4d_concatenated/claudecode_agent/2026-09-01_claude-opus-5-api-generic-v7_rep3/AI_READI_d4d.yaml,Base / root,language,populated
AI_READI,api,v8,1,data/d4d_concatenated/claudecode_api/2026-09-04g_claude-opus-5-api-generic-v8_rep1/AI_READI_d4d.yaml,Base / root,language,populated
AI_READI,api,v8,2,data/d4d_concatenated/claudecode_api/2026-09-04g_claude-opus-5-api-generic-v8_rep2/AI_READI_d4d.yaml,Base / root,language,populated
AI_READI,api,v8,3,data/d4d_concatenated/claudecode_api/2026-09-04g_claude-opus-5-api-generic-v8_rep3/AI_READI_d4d.yaml,Base / root,language,populated
AI_READI,agentic,v6,1,data/d4d_concatenated/claudecode_agent/2026-08-28_claude-opus-5-claudecode-generic-v6_rep1/AI_READI_d4d.yaml,Base / root,language,populated
AI_READI,agentic,v6,2,data/d4d_concatenated/claudecode_agent/2026-08-28_claude-opus-5-claudecode-generic-v6_rep2/AI_READI_d4d.yaml,Base / root,language,populated
AI_READI,agentic,v6,3,data/d4d_concatenated/claudecode_agent/2026-08-28_claude-opus-5-claudecode-generic-v6_rep3/AI_READI_d4d.yaml,Base / root,language,populated
AI_READI,direct,,,,Base / root,language,no_record
CHORUS,api,v7,1,data/d4d_concatenated/claudecode_agent/2026-09-01_claude-opus-5-api-generic-v7_rep1/CHORUS_d4d.yaml,Base / root,language,caveat_only
CHORUS,api,v7,2,data/d4d_concatenated/claudecode_agent/2026-09-01_claude-opus-5-api-generic-v7_rep2/CHORUS_d4d.yaml,Base / root,language,empty
CHORUS,api,v7,3,data/d4d_concatenated/claudecode_agent/2026-09-01_claude-opus-5-api-generic-v7_rep3/CHORUS_d4d.yaml,Base / root,language,empty
CHORUS,api,v8,1,data/d4d_concatenated/claudecode_api/2026-09-04f_claude-opus-5-api-generic-v8_rep1/CHORUS_d4d.yaml,Base / root,language,caveat_only
CHORUS,api,v8,2,data/d4d_concatenated/claudecode_api/2026-09-04f_claude-opus-5-api-generic-v8_rep2/CHORUS_d4d.yaml,Base / root,language,empty
CHORUS,api,v8,3,data/d4d_concatenated/claudecode_api/2026-09-04f_claude-opus-5-api-generic-v8_rep3/CHORUS_d4d.yaml,Base / root,language,empty
CHORUS,agentic,v6,1,data/d4d_concatenated/claudecode_agent/2026-08-28_claude-opus-5-claudecode-generic-v6_rep1/CHORUS_d4d.yaml,Base / root,language,empty
CHORUS,agentic,v6,2,data/d4d_concatenated/claudecode_agent/2026-08-28_claude-opus-5-claudecode-generic-v6_rep2/CHORUS_d4d.yaml,Base / root,language,empty
CHORUS,agentic,v6,3,data/d4d_concatenated/claudecode_agent/2026-08-28_claude-opus-5-claudecode-generic-v6_rep3/CHORUS_d4d.yaml,Base / root,language,empty
CHORUS,direct,,,,Base / root,language,no_record
CM4AI,api,v7,1,data/d4d_concatenated/claudecode_agent/2026-09-01_claude-opus-5-api-generic-v7_rep1/CM4AI_d4d.yaml,Base / root,language,populated
CM4AI,api,v7,2,data/d4d_concatenated/claudecode_agent/2026-09-01_claude-opus-5-api-generic-v7_rep2/CM4AI_d4d.yaml,Base / root,language,populated
CM4AI,api,v7,3,data/d4d_concatenated/claudecode_agent/2026-09-01_claude-opus-5-api-generic-v7_rep3/CM4AI_d4d.yaml,Base / root,language,empty
CM4AI,api,v8,1,data/d4d_concatenated/claudecode_api/2026-09-04g_claude-opus-5-api-generic-v8_rep1/CM4AI_d4d.yaml,Base / root,language,empty
CM4AI,api,v8,2,data/d4d_concatenated/claudecode_api/2026-09-04g_claude-opus-5-api-generic-v8_rep2/CM4AI_d4d.yaml,Base / root,language,populated
CM4AI,api,v8,3,data/d4d_concatenated/claudecode_api/2026-09-04g_claude-opus-5-api-generic-v8_rep3/CM4AI_d4d.yaml,Base / root,language,empty
CM4AI,agentic,v6,1,data/d4d_concatenated/claudecode_agent/2026-08-28_claude-opus-5-claudecode-generic-v6_rep1/CM4AI_d4d.yaml,Base / root,language,empty
CM4AI,agentic,v6,2,data/d4d_concatenated/claudecode_agent/2026-08-28_claude-opus-5-claudecode-generic-v6_rep2/CM4AI_d4d.yaml,Base / root,language,caveat_only
CM4AI,agentic,v6,3,data/d4d_concatenated/claudecode_agent/2026-08-28_claude-opus-5-claudecode-generic-v6_rep3/CM4AI_d4d.yaml,Base / root,language,empty
CM4AI,direct,,,,Base / root,language,no_record
VOICE,api,v7,1,data/d4d_concatenated/claudecode_agent/2026-09-01_claude-opus-5-api-generic-v7_rep1/VOICE_d4d.yaml,Base / root,language,populated
VOICE,api,v7,2,data/d4d_concatenated/claudecode_agent/2026-09-01_claude-opus-5-api-generic-v7_rep2/VOICE_d4d.yaml,Base / root,language,populated
VOICE,api,v7,3,data/d4d_concatenated/claudecode_agent/2026-09-01_claude-opus-5-api-generic-v7_rep3/VOICE_d4d.yaml,Base / root,language,populated
VOICE,api,v8,1,data/d4d_concatenated/claudecode_api/2026-09-04f_claude-opus-5-api-generic-v8_rep1/VOICE_d4d.yaml,Base / root,language,populated
VOICE,api,v8,2,data/d4d_concatenated/claudecode_api/2026-09-04f_claude-opus-5-api-generic-v8_rep2/VOICE_d4d.yaml,Base / root,language,populated
VOICE,api,v8,3,data/d4d_concatenated/claudecode_api/2026-09-04f_claude-opus-5-api-generic-v8_rep3/VOICE_d4d.yaml,Base / root,language,populated
VOICE,agentic,v6,1,data/d4d_concatenated/claudecode_agent/2026-08-28_claude-opus-5-claudecode-generic-v6_rep1/VOICE_d4d.yaml,Base / root,language,populated
VOICE,agentic,v6,2,data/d4d_concatenated/claudecode_agent/2026-08-28_claude-opus-5-claudecode-generic-v6_rep2/VOICE_d4d.yaml,Base / root,language,populated
VOICE,agentic,v6,3,data/d4d_concatenated/claudecode_agent/2026-08-28_claude-opus-5-claudecode-generic-v6_rep3/VOICE_d4d.yaml,Base / root,language,populated
VOICE,direct,,,,Base / root,language,no_record
AI_READI,api,v7,1,data/d4d_concatenated/claudecode_agent/2026-09-01_claude-opus-5-api-generic-v7_rep1/AI_READI_d4d.yaml,Base / root,last_updated_on,empty
AI_READI,api,v7,2,data/d4d_concatenated/claudecode_agent/2026-09-01_claude-opus-5-api-generic-v7_rep2/AI_READI_d4d.yaml,Base / root,last_updated_on,empty
AI_READI,api,v7,3,data/d4d_concatenated/claudecode_agent/2026-09-01_claude-opus-5-api-generic-v7_rep3/AI_READI_d4d.yaml,Base / root,last_updated_on,empty
AI_READI,api,v8,1,data/d4d_concatenated/claudecode_api/2026-09-04g_claude-opus-5-api-generic-v8_rep1/AI_READI_d4d.yaml,Base / root,last_updated_on,empty
AI_READI,api,v8,2,data/d4d_concatenated/claudecode_api/2026-09-04g_claude-opus-5-api-generic-v8_rep2/AI_READI_d4d.yaml,Base / root,last_updated_on,empty
AI_READI,api,v8,3,data/d4d_concatenated/claudecode_api/2026-09-04g_claude-opus-5-api-generic-v8_rep3/AI_READI_d4d.yaml,Base / root,last_updated_on,empty
AI_READI,agentic,v6,1,data/d4d_concatenated/claudecode_agent/2026-08-28_claude-opus-5-claudecode-generic-v6_rep1/AI_READI_d4d.yaml,Base / root,last_updated_on,empty
AI_READI,agentic,v6,2,data/d4d_concatenated/claudecode_agent/2026-08-28_claude-opus-5-claudecode-generic-v6_rep2/AI_READI_d4d.yaml,Base / root,last_updated_on,empty
AI_READI,agentic,v6,3,data/d4d_concatenated/claudecode_agent/2026-08-28_claude-opus-5-claudecode-generic-v6_rep3/AI_READI_d4d.yaml,Base / root,last_updated_on,empty
AI_READI,direct,,,,Base / root,last_updated_on,no_record
CHORUS,api,v7,1,data/d4d_concatenated/claudecode_agent/2026-09-01_claude-opus-5-api-generic-v7_rep1/CHORUS_d4d.yaml,Base / root,last_updated_on,empty
CHORUS,api,v7,2,data/d4d_concatenated/claudecode_agent/2026-09-01_claude-opus-5-api-generic-v7_rep2/CHORUS_d4d.yaml,Base / root,last_updated_on,empty
CHORUS,api,v7,3,data/d4d_concatenated/claudecode_agent/2026-09-01_claude-opus-5-api-generic-v7_rep3/CHORUS_d4d.yaml,Base / root,last_updated_on,empty
CHORUS,api,v8,1,data/d4d_concatenated/claudecode_api/2026-09-04f_claude-opus-5-api-generic-v8_rep1/CHORUS_d4d.yaml,Base / root,last_updated_on,empty
CHORUS,api,v8,2,data/d4d_concatenated/claudecode_api/2026-09-04f_claude-opus-5-api-generic-v8_rep2/CHORUS_d4d.yaml,Base / root,last_updated_on,empty
CHORUS,api,v8,3,data/d4d_concatenated/claudecode_api/2026-09-04f_claude-opus-5-api-generic-v8_rep3/CHORUS_d4d.yaml,Base / root,last_updated_on,empty
CHORUS,agentic,v6,1,data/d4d_concatenated/claudecode_agent/2026-08-28_claude-opus-5-claudecode-generic-v6_rep1/CHORUS_d4d.yaml,Base / root,last_updated_on,empty
CHORUS,agentic,v6,2,data/d4d_concatenated/claudecode_agent/2026-08-28_claude-opus-5-claudecode-generic-v6_rep2/CHORUS_d4d.yaml,Base / root,last_updated_on,empty
CHORUS,agentic,v6,3,data/d4d_concatenated/claudecode_agent/2026-08-28_claude-opus-5-claudecode-generic-v6_rep3/CHORUS_d4d.yaml,Base / root,last_updated_on,empty
CHORUS,direct,,,,Base / root,last_updated_on,no_record
CM4AI,api,v7,1,data/d4d_concatenated/claudecode_agent/2026-09-01_claude-opus-5-api-generic-v7_rep1/CM4AI_d4d.yaml,Base / root,last_updated_on,caveat_only
CM4AI,api,v7,2,data/d4d_concatenated/claudecode_agent/2026-09-01_claude-opus-5-api-generic-v7_rep2/CM4AI_d4d.yaml,Base / root,last_updated_on,populated
CM4AI,api,v7,3,data/d4d_concatenated/claudecode_agent/2026-09-01_claude-opus-5-api-generic-v7_rep3/CM4AI_d4d.yaml,Base / root,last_updated_on,caveat_only
CM4AI,api,v8,1,data/d4d_concatenated/claudecode_api/2026-09-04g_claude-opus-5-api-generic-v8_rep1/CM4AI_d4d.yaml,Base / root,last_updated_on,empty
CM4AI,api,v8,2,data/d4d_concatenated/claudecode_api/2026-09-04g_claude-opus-5-api-generic-v8_rep2/CM4AI_d4d.yaml,Base / root,last_updated_on,empty
CM4AI,api,v8,3,data/d4d_concatenated/claudecode_api/2026-09-04g_claude-opus-5-api-generic-v8_rep3/CM4AI_d4d.yaml,Base / root,last_updated_on,populated
CM4AI,agentic,v6,1,data/d4d_concatenated/claudecode_agent/2026-08-28_claude-opus-5-claudecode-generic-v6_rep1/CM4AI_d4d.yaml,Base / root,last_updated_on,empty
CM4AI,agentic,v6,2,data/d4d_concatenated/claudecode_agent/2026-08-28_claude-opus-5-claudecode-generic-v6_rep2/CM4AI_d4d.yaml,Base / root,last_updated_on,populated
CM4AI,agentic,v6,3,data/d4d_concatenated/claudecode_agent/2026-08-28_claude-opus-5-claudecode-generic-v6_rep3/CM4AI_d4d.yaml,Base / root,last_updated_on,empty
CM4AI,direct,,,,Base / root,last_updated_on,no_record
VOICE,api,v7,1,data/d4d_concatenated/claudecode_agent/2026-09-01_claude-opus-5-api-generic-v7_rep1/VOICE_d4d.yaml,Base / root,last_updated_on,empty
VOICE,api,v7,2,data/d4d_concatenated/claudecode_agent/2026-09-01_claude-opus-5-api-generic-v7_rep2/VOICE_d4d.yaml,Base / root,last_updated_on,empty
VOICE,api,v7,3,data/d4d_concatenated/claudecode_agent/2026-09-01_claude-opus-5-api-generic-v7_rep3/VOICE_d4d.yaml,Base / root,last_updated_on,empty
VOICE,api,v8,1,data/d4d_concatenated/claudecode_api/2026-09-04f_claude-opus-5-api-generic-v8_rep1/VOICE_d4d.yaml,Base / root,last_updated_on,empty
VOICE,api,v8,2,data/d4d_concatenated/claudecode_api/2026-09-04f_claude-opus-5-api-generic-v8_rep2/VOICE_d4d.yaml,Base / root,last_updated_on,populated
VOICE,api,v8,3,data/d4d_concatenated/claudecode_api/2026-09-04f_claude-opus-5-api-generic-v8_rep3/VOICE_d4d.yaml,Base / root,last_updated_on,empty
VOICE,agentic,v6,1,data/d4d_concatenated/claudecode_agent/2026-08-28_claude-opus-5-claudecode-generic-v6_rep1/VOICE_d4d.yaml,Base / root,last_updated_on,empty
VOICE,agentic,v6,2,data/d4d_concatenated/claudecode_agent/2026-08-28_claude-opus-5-claudecode-generic-v6_rep2/VOICE_d4d.yaml,Base / root,last_updated_on,populated
VOICE,agentic,v6,3,data/d4d_concatenated/claudecode_agent/2026-08-28_claude-opus-5-claudecode-generic-v6_rep3/VOICE_d4d.yaml,Base / root,last_updated_on,empty
VOICE,direct,,,,Base / root,last_updated_on,no_record
AI_READI,api,v7,1,data/d4d_concatenated/claudecode_agent/2026-09-01_claude-opus-5-api-generic-v7_rep1/AI_READI_d4d.yaml,Base / root,license,populated
AI_READI,api,v7,2,data/d4d_concatenated/claudecode_agent/2026-09-01_claude-opus-5-api-generic-v7_rep2/AI_READI_d4d.yaml,Base / root,license,populated
AI_READI,api,v7,3,data/d4d_concatenated/claudecode_agent/2026-09-01_claude-opus-5-api-generic-v7_rep3/AI_READI_d4d.yaml,Base / root,license,populated
AI_READI,api,v8,1,data/d4d_concatenated/claudecode_api/2026-09-04g_claude-opus-5-api-generic-v8_rep1/AI_READI_d4d.yaml,Base / root,license,populated
AI_READI,api,v8,2,data/d4d_concatenated/claudecode_api/2026-09-04g_claude-opus-5-api-generic-v8_rep2/AI_READI_d4d.yaml,Base / root,license,populated
AI_READI,api,v8,3,data/d4d_concatenated/claudecode_api/2026-09-04g_claude-opus-5-api-generic-v8_rep3/AI_READI_d4d.yaml,Base / root,license,populated
AI_READI,agentic,v6,1,data/d4d_concatenated/claudecode_agent/2026-08-28_claude-opus-5-claudecode-generic-v6_rep1/AI_READI_d4d.yaml,Base / root,license,populated
AI_READI,agentic,v6,2,data/d4d_concatenated/claudecode_agent/2026-08-28_claude-opus-5-claudecode-generic-v6_rep2/AI_READI_d4d.yaml,Base / root,license,populated
AI_READI,agentic,v6,3,data/d4d_concatenated/claudecode_agent/2026-08-28_claude-opus-5-claudecode-generic-v6_rep3/AI_READI_d4d.yaml,Base / root,license,populated
AI_READI,direct,,,,Base / root,license,no_record
CHORUS,api,v7,1,data/d4d_concatenated/claudecode_agent/2026-09-01_claude-opus-5-api-generic-v7_rep1/CHORUS_d4d.yaml,Base / root,license,empty
CHORUS,api,v7,2,data/d4d_concatenated/claudecode_agent/2026-09-01_claude-opus-5-api-generic-v7_rep2/CHORUS_d4d.yaml,Base / root,license,caveat_only
CHORUS,api,v7,3,data/d4d_concatenated/claudecode_agent/2026-09-01_claude-opus-5-api-generic-v7_rep3/CHORUS_d4d.yaml,Base / root,license,empty
CHORUS,api,v8,1,data/d4d_concatenated/claudecode_api/2026-09-04f_claude-opus-5-api-generic-v8_rep1/CHORUS_d4d.yaml,Base / root,license,caveat_only
CHORUS,api,v8,2,data/d4d_concatenated/claudecode_api/2026-09-04f_claude-opus-5-api-generic-v8_rep2/CHORUS_d4d.yaml,Base / root,license,empty
CHORUS,api,v8,3,data/d4d_concatenated/claudecode_api/2026-09-04f_claude-opus-5-api-generic-v8_rep3/CHORUS_d4d.yaml,Base / root,license,caveat_only
CHORUS,agentic,v6,1,data/d4d_concatenated/claudecode_agent/2026-08-28_claude-opus-5-claudecode-generic-v6_rep1/CHORUS_d4d.yaml,Base / root,license,caveat_only
CHORUS,agentic,v6,2,data/d4d_concatenated/claudecode_agent/2026-08-28_claude-opus-5-claudecode-generic-v6_rep2/CHORUS_d4d.yaml,Base / root,license,caveat_only
CHORUS,agentic,v6,3,data/d4d_concatenated/claudecode_agent/2026-08-28_claude-opus-5-claudecode-generic-v6_rep3/CHORUS_d4d.yaml,Base / root,license,caveat_only
CHORUS,direct,,,,Base / root,license,no_record
CM4AI,api,v7,1,data/d4d_concatenated/claudecode_agent/2026-09-01_claude-opus-5-api-generic-v7_rep1/CM4AI_d4d.yaml,Base / root,license,populated
CM4AI,api,v7,2,data/d4d_concatenated/claudecode_agent/2026-09-01_claude-opus-5-api-generic-v7_rep2/CM4AI_d4d.yaml,Base / root,license,populated
CM4AI,api,v7,3,data/d4d_concatenated/claudecode_agent/2026-09-01_claude-opus-5-api-generic-v7_rep3/CM4AI_d4d.yaml,Base / root,license,populated
CM4AI,api,v8,1,data/d4d_concatenated/claudecode_api/2026-09-04g_claude-opus-5-api-generic-v8_rep1/CM4AI_d4d.yaml,Base / root,license,populated
CM4AI,api,v8,2,data/d4d_concatenated/claudecode_api/2026-09-04g_claude-opus-5-api-generic-v8_rep2/CM4AI_d4d.yaml,Base / root,license,populated
CM4AI,api,v8,3,data/d4d_concatenated/claudecode_api/2026-09-04g_claude-opus-5-api-generic-v8_rep3/CM4AI_d4d.yaml,Base / root,license,populated
CM4AI,agentic,v6,1,data/d4d_concatenated/claudecode_agent/2026-08-28_claude-opus-5-claudecode-generic-v6_rep1/CM4AI_d4d.yaml,Base / root,license,populated
CM4AI,agentic,v6,2,data/d4d_concatenated/claudecode_agent/2026-08-28_claude-opus-5-claudecode-generic-v6_rep2/CM4AI_d4d.yaml,Base / root,license,populated
CM4AI,agentic,v6,3,data/d4d_concatenated/claudecode_agent/2026-08-28_claude-opus-5-claudecode-generic-v6_rep3/CM4AI_d4d.yaml,Base / root,license,populated
CM4AI,direct,,,,Base / root,license,no_record
VOICE,api,v7,1,data/d4d_concatenated/claudecode_agent/2026-09-01_claude-opus-5-api-generic-v7_rep1/VOICE_d4d.yaml,Base / root,license,populated
VOICE,api,v7,2,data/d4d_concatenated/claudecode_agent/2026-09-01_claude-opus-5-api-generic-v7_rep2/VOICE_d4d.yaml,Base / root,license,populated
VOICE,api,v7,3,data/d4d_concatenated/claudecode_agent/2026-09-01_claude-opus-5-api-generic-v7_rep3/VOICE_d4d.yaml,Base / root,license,populated
VOICE,api,v8,1,data/d4d_concatenated/claudecode_api/2026-09-04f_claude-opus-5-api-generic-v8_rep1/VOICE_d4d.yaml,Base / root,license,populated
VOICE,api,v8,2,data/d4d_concatenated/claudecode_api/2026-09-04f_claude-opus-5-api-generic-v8_rep2/VOICE_d4d.yaml,Base / root,license,populated
VOICE,api,v8,3,data/d4d_concatenated/claudecode_api/2026-09-04f_claude-opus-5-api-generic-v8_rep3/VOICE_d4d.yaml,Base / root,license,populated
VOICE,agentic,v6,1,data/d4d_concatenated/claudecode_agent/2026-08-28_claude-opus-5-claudecode-generic-v6_rep1/VOICE_d4d.yaml,Base / root,license,populated
VOICE,agentic,v6,2,data/d4d_concatenated/claudecode_agent/2026-08-28_claude-opus-5-claudecode-generic-v6_rep2/VOICE_d4d.yaml,Base / root,license,populated
VOICE,agentic,v6,3,data/d4d_concatenated/claudecode_agent/2026-08-28_claude-opus-5-claudecode-generic-v6_rep3/VOICE_d4d.yaml,Base / root,license,populated
VOICE,direct,,,,Base / root,license,no_record
AI_READI,api,v7,1,data/d4d_concatenated/claudecode_agent/2026-09-01_claude-opus-5-api-generic-v7_rep1/AI_READI_d4d.yaml,Base / root,modified_by,empty
AI_READI,api,v7,2,data/d4d_concatenated/claudecode_agent/2026-09-01_claude-opus-5-api-generic-v7_rep2/AI_READI_d4d.yaml,Base / root,modified_by,empty
AI_READI,api,v7,3,data/d4d_concatenated/claudecode_agent/2026-09-01_claude-opus-5-api-generic-v7_rep3/AI_READI_d4d.yaml,Base / root,modified_by,empty
AI_READI,api,v8,1,data/d4d_concatenated/claudecode_api/2026-09-04g_claude-opus-5-api-generic-v8_rep1/AI_READI_d4d.yaml,Base / root,modified_by,empty
AI_READI,api,v8,2,data/d4d_concatenated/claudecode_api/2026-09-04g_claude-opus-5-api-generic-v8_rep2/AI_READI_d4d.yaml,Base / root,modified_by,empty
AI_READI,api,v8,3,data/d4d_concatenated/claudecode_api/2026-09-04g_claude-opus-5-api-generic-v8_rep3/AI_READI_d4d.yaml,Base / root,modified_by,empty
AI_READI,agentic,v6,1,data/d4d_concatenated/claudecode_agent/2026-08-28_claude-opus-5-claudecode-generic-v6_rep1/AI_READI_d4d.yaml,Base / root,modified_by,empty
AI_READI,agentic,v6,2,data/d4d_concatenated/claudecode_agent/2026-08-28_claude-opus-5-claudecode-generic-v6_rep2/AI_READI_d4d.yaml,Base / root,modified_by,empty
AI_READI,agentic,v6,3,data/d4d_concatenated/claudecode_agent/2026-08-28_claude-opus-5-claudecode-generic-v6_rep3/AI_READI_d4d.yaml,Base / root,modified_by,empty
AI_READI,direct,,,,Base / root,modified_by,no_record
CHORUS,api,v7,1,data/d4d_concatenated/claudecode_agent/2026-09-01_claude-opus-5-api-generic-v7_rep1/CHORUS_d4d.yaml,Base / root,modified_by,empty
CHORUS,api,v7,2,data/d4d_concatenated/claudecode_agent/2026-09-01_claude-opus-5-api-generic-v7_rep2/CHORUS_d4d.yaml,Base / root,modified_by,empty
CHORUS,api,v7,3,data/d4d_concatenated/claudecode_agent/2026-09-01_claude-opus-5-api-generic-v7_rep3/CHORUS_d4d.yaml,Base / root,modified_by,empty
CHORUS,api,v8,1,data/d4d_concatenated/claudecode_api/2026-09-04f_claude-opus-5-api-generic-v8_rep1/CHORUS_d4d.yaml,Base / root,modified_by,empty
CHORUS,api,v8,2,data/d4d_concatenated/claudecode_api/2026-09-04f_claude-opus-5-api-generic-v8_rep2/CHORUS_d4d.yaml,Base / root,modified_by,empty
CHORUS,api,v8,3,data/d4d_concatenated/claudecode_api/2026-09-04f_claude-opus-5-api-generic-v8_rep3/CHORUS_d4d.yaml,Base / root,modified_by,empty
CHORUS,agentic,v6,1,data/d4d_concatenated/claudecode_agent/2026-08-28_claude-opus-5-claudecode-generic-v6_rep1/CHORUS_d4d.yaml,Base / root,modified_by,empty
CHORUS,agentic,v6,2,data/d4d_concatenated/claudecode_agent/2026-08-28_claude-opus-5-claudecode-generic-v6_rep2/CHORUS_d4d.yaml,Base / root,modified_by,empty
CHORUS,agentic,v6,3,data/d4d_concatenated/claudecode_agent/2026-08-28_claude-opus-5-claudecode-generic-v6_rep3/CHORUS_d4d.yaml,Base / root,modified_by,empty
CHORUS,direct,,,,Base / root,modified_by,no_record
CM4AI,api,v7,1,data/d4d_concatenated/claudecode_agent/2026-09-01_claude-opus-5-api-generic-v7_rep1/CM4AI_d4d.yaml,Base / root,modified_by,empty
CM4AI,api,v7,2,data/d4d_concatenated/claudecode_agent/2026-09-01_claude-opus-5-api-generic-v7_rep2/CM4AI_d4d.yaml,Base / root,modified_by,empty
CM4AI,api,v7,3,data/d4d_concatenated/claudecode_agent/2026-09-01_claude-opus-5-api-generic-v7_rep3/CM4AI_d4d.yaml,Base / root,modified_by,empty
CM4AI,api,v8,1,data/d4d_concatenated/claudecode_api/2026-09-04g_claude-opus-5-api-generic-v8_rep1/CM4AI_d4d.yaml,Base / root,modified_by,empty
CM4AI,api,v8,2,data/d4d_concatenated/claudecode_api/2026-09-04g_claude-opus-5-api-generic-v8_rep2/CM4AI_d4d.yaml,Base / root,modified_by,empty
CM4AI,api,v8,3,data/d4d_concatenated/claudecode_api/2026-09-04g_claude-opus-5-api-generic-v8_rep3/CM4AI_d4d.yaml,Base / root,modified_by,empty
CM4AI,agentic,v6,1,data/d4d_concatenated/claudecode_agent/2026-08-28_claude-opus-5-claudecode-generic-v6_rep1/CM4AI_d4d.yaml,Base / root,modified_by,empty
CM4AI,agentic,v6,2,data/d4d_concatenated/claudecode_agent/2026-08-28_claude-opus-5-claudecode-generic-v6_rep2/CM4AI_d4d.yaml,Base / root,modified_by,empty
CM4AI,agentic,v6,3,data/d4d_concatenated/claudecode_agent/2026-08-28_claude-opus-5-claudecode-generic-v6_rep3/CM4AI_d4d.yaml,Base / root,modified_by,empty
CM4AI,direct,,,,Base / root,modified_by,no_record
VOICE,api,v7,1,data/d4d_concatenated/claudecode_agent/2026-09-01_claude-opus-5-api-generic-v7_rep1/VOICE_d4d.yaml,Base / root,modified_by,empty
VOICE,api,v7,2,data/d4d_concatenated/claudecode_agent/2026-09-01_claude-opus-5-api-generic-v7_rep2/VOICE_d4d.yaml,Base / root,modified_by,empty
VOICE,api,v7,3,data/d4d_concatenated/claudecode_agent/2026-09-01_claude-opus-5-api-generic-v7_rep3/VOICE_d4d.yaml,Base / root,modified_by,empty
VOICE,api,v8,1,data/d4d_concatenated/claudecode_api/2026-09-04f_claude-opus-5-api-generic-v8_rep1/VOICE_d4d.yaml,Base / root,modified_by,empty
VOICE,api,v8,2,data/d4d_concatenated/claudecode_api/2026-09-04f_claude-opus-5-api-generic-v8_rep2/VOICE_d4d.yaml,Base / root,modified_by,empty
VOICE,api,v8,3,data/d4d_concatenated/claudecode_api/2026-09-04f_claude-opus-5-api-generic-v8_rep3/VOICE_d4d.yaml,Base / root,modified_by,empty
VOICE,agentic,v6,1,data/d4d_concatenated/claudecode_agent/2026-08-28_claude-opus-5-claudecode-generic-v6_rep1/VOICE_d4d.yaml,Base / root,modified_by,empty
VOICE,agentic,v6,2,data/d4d_concatenated/claudecode_agent/2026-08-28_claude-opus-5-claudecode-generic-v6_rep2/VOICE_d4d.yaml,Base / root,modified_by,empty
VOICE,agentic,v6,3,data/d4d_concatenated/claudecode_agent/2026-08-28_claude-opus-5-claudecode-generic-v6_rep3/VOICE_d4d.yaml,Base / root,modified_by,empty
VOICE,direct,,,,Base / root,modified_by,no_record
AI_READI,api,v7,1,data/d4d_concatenated/claudecode_agent/2026-09-01_claude-opus-5-api-generic-v7_rep1/AI_READI_d4d.yaml,Base / root,page,populated
AI_READI,api,v7,2,data/d4d_concatenated/claudecode_agent/2026-09-01_claude-opus-5-api-generic-v7_rep2/AI_READI_d4d.yaml,Base / root,page,populated
AI_READI,api,v7,3,data/d4d_concatenated/claudecode_agent/2026-09-01_claude-opus-5-api-generic-v7_rep3/AI_READI_d4d.yaml,Base / root,page,populated
AI_READI,api,v8,1,data/d4d_concatenated/claudecode_api/2026-09-04g_claude-opus-5-api-generic-v8_rep1/AI_READI_d4d.yaml,Base / root,page,populated
AI_READI,api,v8,2,data/d4d_concatenated/claudecode_api/2026-09-04g_claude-opus-5-api-generic-v8_rep2/AI_READI_d4d.yaml,Base / root,page,populated
AI_READI,api,v8,3,data/d4d_concatenated/claudecode_api/2026-09-04g_claude-opus-5-api-generic-v8_rep3/AI_READI_d4d.yaml,Base / root,page,populated
AI_READI,agentic,v6,1,data/d4d_concatenated/claudecode_agent/2026-08-28_claude-opus-5-claudecode-generic-v6_rep1/AI_READI_d4d.yaml,Base / root,page,populated
AI_READI,agentic,v6,2,data/d4d_concatenated/claudecode_agent/2026-08-28_claude-opus-5-claudecode-generic-v6_rep2/AI_READI_d4d.yaml,Base / root,page,populated
AI_READI,agentic,v6,3,data/d4d_concatenated/claudecode_agent/2026-08-28_claude-opus-5-claudecode-generic-v6_rep3/AI_READI_d4d.yaml,Base / root,page,populated
AI_READI,direct,,,,Base / root,page,no_record
CHORUS,api,v7,1,data/d4d_concatenated/claudecode_agent/2026-09-01_claude-opus-5-api-generic-v7_rep1/CHORUS_d4d.yaml,Base / root,page,populated
CHORUS,api,v7,2,data/d4d_concatenated/claudecode_agent/2026-09-01_claude-opus-5-api-generic-v7_rep2/CHORUS_d4d.yaml,Base / root,page,populated
CHORUS,api,v7,3,data/d4d_concatenated/claudecode_agent/2026-09-01_claude-opus-5-api-generic-v7_rep3/CHORUS_d4d.yaml,Base / root,page,populated
CHORUS,api,v8,1,data/d4d_concatenated/claudecode_api/2026-09-04f_claude-opus-5-api-generic-v8_rep1/CHORUS_d4d.yaml,Base / root,page,populated
CHORUS,api,v8,2,data/d4d_concatenated/claudecode_api/2026-09-04f_claude-opus-5-api-generic-v8_rep2/CHORUS_d4d.yaml,Base / root,page,populated
CHORUS,api,v8,3,data/d4d_concatenated/claudecode_api/2026-09-04f_claude-opus-5-api-generic-v8_rep3/CHORUS_d4d.yaml,Base / root,page,populated
CHORUS,agentic,v6,1,data/d4d_concatenated/claudecode_agent/2026-08-28_claude-opus-5-claudecode-generic-v6_rep1/CHORUS_d4d.yaml,Base / root,page,populated
CHORUS,agentic,v6,2,data/d4d_concatenated/claudecode_agent/2026-08-28_claude-opus-5-claudecode-generic-v6_rep2/CHORUS_d4d.yaml,Base / root,page,populated
CHORUS,agentic,v6,3,data/d4d_concatenated/claudecode_agent/2026-08-28_claude-opus-5-claudecode-generic-v6_rep3/CHORUS_d4d.yaml,Base / root,page,populated
CHORUS,direct,,,,Base / root,page,no_record
CM4AI,api,v7,1,data/d4d_concatenated/claudecode_agent/2026-09-01_claude-opus-5-api-generic-v7_rep1/CM4AI_d4d.yaml,Base / root,page,populated
CM4AI,api,v7,2,data/d4d_concatenated/claudecode_agent/2026-09-01_claude-opus-5-api-generic-v7_rep2/CM4AI_d4d.yaml,Base / root,page,populated
CM4AI,api,v7,3,data/d4d_concatenated/claudecode_agent/2026-09-01_claude-opus-5-api-generic-v7_rep3/CM4AI_d4d.yaml,Base / root,page,populated
CM4AI,api,v8,1,data/d4d_concatenated/claudecode_api/2026-09-04g_claude-opus-5-api-generic-v8_rep1/CM4AI_d4d.yaml,Base / root,page,populated
CM4AI,api,v8,2,data/d4d_concatenated/claudecode_api/2026-09-04g_claude-opus-5-api-generic-v8_rep2/CM4AI_d4d.yaml,Base / root,page,populated
CM4AI,api,v8,3,data/d4d_concatenated/claudecode_api/2026-09-04g_claude-opus-5-api-generic-v8_rep3/CM4AI_d4d.yaml,Base / root,page,populated
CM4AI,agentic,v6,1,data/d4d_concatenated/claudecode_agent/2026-08-28_claude-opus-5-claudecode-generic-v6_rep1/CM4AI_d4d.yaml,Base / root,page,populated
CM4AI,agentic,v6,2,data/d4d_concatenated/claudecode_agent/2026-08-28_claude-opus-5-claudecode-generic-v6_rep2/CM4AI_d4d.yaml,Base / root,page,populated
CM4AI,agentic,v6,3,data/d4d_concatenated/claudecode_agent/2026-08-28_claude-opus-5-claudecode-generic-v6_rep3/CM4AI_d4d.yaml,Base / root,page,populated
CM4AI,direct,,,,Base / root,page,no_record
VOICE,api,v7,1,data/d4d_concatenated/claudecode_agent/2026-09-01_claude-opus-5-api-generic-v7_rep1/VOICE_d4d.yaml,Base / root,page,populated
VOICE,api,v7,2,data/d4d_concatenated/claudecode_agent/2026-09-01_claude-opus-5-api-generic-v7_rep2/VOICE_d4d.yaml,Base / root,page,populated
VOICE,api,v7,3,data/d4d_concatenated/claudecode_agent/2026-09-01_claude-opus-5-api-generic-v7_rep3/VOICE_d4d.yaml,Base / root,page,populated
VOICE,api,v8,1,data/d4d_concatenated/claudecode_api/2026-09-04f_claude-opus-5-api-generic-v8_rep1/VOICE_d4d.yaml,Base / root,page,populated
VOICE,api,v8,2,data/d4d_concatenated/claudecode_api/2026-09-04f_claude-opus-5-api-generic-v8_rep2/VOICE_d4d.yaml,Base / root,page,populated
VOICE,api,v8,3,data/d4d_concatenated/claudecode_api/2026-09-04f_claude-opus-5-api-generic-v8_rep3/VOICE_d4d.yaml,Base / root,page,populated
VOICE,agentic,v6,1,data/d4d_concatenated/claudecode_agent/2026-08-28_claude-opus-5-claudecode-generic-v6_rep1/VOICE_d4d.yaml,Base / root,page,populated
VOICE,agentic,v6,2,data/d4d_concatenated/claudecode_agent/2026-08-28_claude-opus-5-claudecode-generic-v6_rep2/VOICE_d4d.yaml,Base / root,page,populated
VOICE,agentic,v6,3,data/d4d_concatenated/claudecode_agent/2026-08-28_claude-opus-5-claudecode-generic-v6_rep3/VOICE_d4d.yaml,Base / root,page,populated
VOICE,direct,,,,Base / root,page,no_record
AI_READI,api,v7,1,data/d4d_concatenated/claudecode_agent/2026-09-01_claude-opus-5-api-generic-v7_rep1/AI_READI_d4d.yaml,Base / root,publisher,populated
AI_READI,api,v7,2,data/d4d_concatenated/claudecode_agent/2026-09-01_claude-opus-5-api-generic-v7_rep2/AI_READI_d4d.yaml,Base / root,publisher,populated
AI_READI,api,v7,3,data/d4d_concatenated/claudecode_agent/2026-09-01_claude-opus-5-api-generic-v7_rep3/AI_READI_d4d.yaml,Base / root,publisher,populated
AI_READI,api,v8,1,data/d4d_concatenated/claudecode_api/2026-09-04g_claude-opus-5-api-generic-v8_rep1/AI_READI_d4d.yaml,Base / root,publisher,populated
AI_READI,api,v8,2,data/d4d_concatenated/claudecode_api/2026-09-04g_claude-opus-5-api-generic-v8_rep2/AI_READI_d4d.yaml,Base / root,publisher,populated
AI_READI,api,v8,3,data/d4d_concatenated/claudecode_api/2026-09-04g_claude-opus-5-api-generic-v8_rep3/AI_READI_d4d.yaml,Base / root,publisher,populated
AI_READI,agentic,v6,1,data/d4d_concatenated/claudecode_agent/2026-08-28_claude-opus-5-claudecode-generic-v6_rep1/AI_READI_d4d.yaml,Base / root,publisher,caveat_only
AI_READI,agentic,v6,2,data/d4d_concatenated/claudecode_agent/2026-08-28_claude-opus-5-claudecode-generic-v6_rep2/AI_READI_d4d.yaml,Base / root,publisher,caveat_only
AI_READI,agentic,v6,3,data/d4d_concatenated/claudecode_agent/2026-08-28_claude-opus-5-claudecode-generic-v6_rep3/AI_READI_d4d.yaml,Base / root,publisher,populated
AI_READI,direct,,,,Base / root,publisher,no_record
CHORUS,api,v7,1,data/d4d_concatenated/claudecode_agent/2026-09-01_claude-opus-5-api-generic-v7_rep1/CHORUS_d4d.yaml,Base / root,publisher,empty
CHORUS,api,v7,2,data/d4d_concatenated/claudecode_agent/2026-09-01_claude-opus-5-api-generic-v7_rep2/CHORUS_d4d.yaml,Base / root,publisher,empty
CHORUS,api,v7,3,data/d4d_concatenated/claudecode_agent/2026-09-01_claude-opus-5-api-generic-v7_rep3/CHORUS_d4d.yaml,Base / root,publisher,empty
CHORUS,api,v8,1,data/d4d_concatenated/claudecode_api/2026-09-04f_claude-opus-5-api-generic-v8_rep1/CHORUS_d4d.yaml,Base / root,publisher,empty
CHORUS,api,v8,2,data/d4d_concatenated/claudecode_api/2026-09-04f_claude-opus-5-api-generic-v8_rep2/CHORUS_d4d.yaml,Base / root,publisher,empty
CHORUS,api,v8,3,data/d4d_concatenated/claudecode_api/2026-09-04f_claude-opus-5-api-generic-v8_rep3/CHORUS_d4d.yaml,Base / root,publisher,empty
CHORUS,agentic,v6,1,data/d4d_concatenated/claudecode_agent/2026-08-28_claude-opus-5-claudecode-generic-v6_rep1/CHORUS_d4d.yaml,Base / root,publisher,empty
CHORUS,agentic,v6,2,data/d4d_concatenated/claudecode_agent/2026-08-28_claude-opus-5-claudecode-generic-v6_rep2/CHORUS_d4d.yaml,Base / root,publisher,empty
CHORUS,agentic,v6,3,data/d4d_concatenated/claudecode_agent/2026-08-28_claude-opus-5-claudecode-generic-v6_rep3/CHORUS_d4d.yaml,Base / root,publisher,empty
CHORUS,direct,,,,Base / root,publisher,no_record
CM4AI,api,v7,1,data/d4d_concatenated/claudecode_agent/2026-09-01_claude-opus-5-api-generic-v7_rep1/CM4AI_d4d.yaml,Base / root,publisher,populated
CM4AI,api,v7,2,data/d4d_concatenated/claudecode_agent/2026-09-01_claude-opus-5-api-generic-v7_rep2/CM4AI_d4d.yaml,Base / root,publisher,populated
CM4AI,api,v7,3,data/d4d_concatenated/claudecode_agent/2026-09-01_claude-opus-5-api-generic-v7_rep3/CM4AI_d4d.yaml,Base / root,publisher,caveat_only
CM4AI,api,v8,1,data/d4d_concatenated/claudecode_api/2026-09-04g_claude-opus-5-api-generic-v8_rep1/CM4AI_d4d.yaml,Base / root,publisher,empty
CM4AI,api,v8,2,data/d4d_concatenated/claudecode_api/2026-09-04g_claude-opus-5-api-generic-v8_rep2/CM4AI_d4d.yaml,Base / root,publisher,populated
CM4AI,api,v8,3,data/d4d_concatenated/claudecode_api/2026-09-04g_claude-opus-5-api-generic-v8_rep3/CM4AI_d4d.yaml,Base / root,publisher,populated
CM4AI,agentic,v6,1,data/d4d_concatenated/claudecode_agent/2026-08-28_claude-opus-5-claudecode-generic-v6_rep1/CM4AI_d4d.yaml,Base / root,publisher,populated
CM4AI,agentic,v6,2,data/d4d_concatenated/claudecode_agent/2026-08-28_claude-opus-5-claudecode-generic-v6_rep2/CM4AI_d4d.yaml,Base / root,publisher,populated
CM4AI,agentic,v6,3,data/d4d_concatenated/claudecode_agent/2026-08-28_claude-opus-5-claudecode-generic-v6_rep3/CM4AI_d4d.yaml,Base / root,publisher,populated
CM4AI,direct,,,,Base / root,publisher,no_record
VOICE,api,v7,1,data/d4d_concatenated/claudecode_agent/2026-09-01_claude-opus-5-api-generic-v7_rep1/VOICE_d4d.yaml,Base / root,publisher,empty
VOICE,api,v7,2,data/d4d_concatenated/claudecode_agent/2026-09-01_claude-opus-5-api-generic-v7_rep2/VOICE_d4d.yaml,Base / root,publisher,populated
VOICE,api,v7,3,data/d4d_concatenated/claudecode_agent/2026-09-01_claude-opus-5-api-generic-v7_rep3/VOICE_d4d.yaml,Base / root,publisher,populated
VOICE,api,v8,1,data/d4d_concatenated/claudecode_api/2026-09-04f_claude-opus-5-api-generic-v8_rep1/VOICE_d4d.yaml,Base / root,publisher,populated
VOICE,api,v8,2,data/d4d_concatenated/claudecode_api/2026-09-04f_claude-opus-5-api-generic-v8_rep2/VOICE_d4d.yaml,Base / root,publisher,populated
VOICE,api,v8,3,data/d4d_concatenated/claudecode_api/2026-09-04f_claude-opus-5-api-generic-v8_rep3/VOICE_d4d.yaml,Base / root,publisher,populated
VOICE,agentic,v6,1,data/d4d_concatenated/claudecode_agent/2026-08-28_claude-opus-5-claudecode-generic-v6_rep1/VOICE_d4d.yaml,Base / root,publisher,empty
VOICE,agentic,v6,2,data/d4d_concatenated/claudecode_agent/2026-08-28_claude-opus-5-claudecode-generic-v6_rep2/VOICE_d4d.yaml,Base / root,publisher,empty
VOICE,agentic,v6,3,data/d4d_concatenated/claudecode_agent/2026-08-28_claude-opus-5-claudecode-generic-v6_rep3/VOICE_d4d.yaml,Base / root,publisher,empty
VOICE,direct,,,,Base / root,publisher,no_record
AI_READI,api,v7,1,data/d4d_concatenated/claudecode_agent/2026-09-01_claude-opus-5-api-generic-v7_rep1/AI_READI_d4d.yaml,Base / root,status,populated
AI_READI,api,v7,2,data/d4d_concatenated/claudecode_agent/2026-09-01_claude-opus-5-api-generic-v7_rep2/AI_READI_d4d.yaml,Base / root,status,populated
AI_READI,api,v7,3,data/d4d_concatenated/claudecode_agent/2026-09-01_claude-opus-5-api-generic-v7_rep3/AI_READI_d4d.yaml,Base / root,status,populated
AI_READI,api,v8,1,data/d4d_concatenated/claudecode_api/2026-09-04g_claude-opus-5-api-generic-v8_rep1/AI_READI_d4d.yaml,Base / root,status,populated
AI_READI,api,v8,2,data/d4d_concatenated/claudecode_api/2026-09-04g_claude-opus-5-api-generic-v8_rep2/AI_READI_d4d.yaml,Base / root,status,populated
AI_READI,api,v8,3,data/d4d_concatenated/claudecode_api/2026-09-04g_claude-opus-5-api-generic-v8_rep3/AI_READI_d4d.yaml,Base / root,status,populated
AI_READI,agentic,v6,1,data/d4d_concatenated/claudecode_agent/2026-08-28_claude-opus-5-claudecode-generic-v6_rep1/AI_READI_d4d.yaml,Base / root,status,empty
AI_READI,agentic,v6,2,data/d4d_concatenated/claudecode_agent/2026-08-28_claude-opus-5-claudecode-generic-v6_rep2/AI_READI_d4d.yaml,Base / root,status,empty
AI_READI,agentic,v6,3,data/d4d_concatenated/claudecode_agent/2026-08-28_claude-opus-5-claudecode-generic-v6_rep3/AI_READI_d4d.yaml,Base / root,status,empty
AI_READI,direct,,,,Base / root,status,no_record
CHORUS,api,v7,1,data/d4d_concatenated/claudecode_agent/2026-09-01_claude-opus-5-api-generic-v7_rep1/CHORUS_d4d.yaml,Base / root,status,populated
CHORUS,api,v7,2,data/d4d_concatenated/claudecode_agent/2026-09-01_claude-opus-5-api-generic-v7_rep2/CHORUS_d4d.yaml,Base / root,status,populated
CHORUS,api,v7,3,data/d4d_concatenated/claudecode_agent/2026-09-01_claude-opus-5-api-generic-v7_rep3/CHORUS_d4d.yaml,Base / root,status,populated
CHORUS,api,v8,1,data/d4d_concatenated/claudecode_api/2026-09-04f_claude-opus-5-api-generic-v8_rep1/CHORUS_d4d.yaml,Base / root,status,populated
CHORUS,api,v8,2,data/d4d_concatenated/claudecode_api/2026-09-04f_claude-opus-5-api-generic-v8_rep2/CHORUS_d4d.yaml,Base / root,status,populated
CHORUS,api,v8,3,data/d4d_concatenated/claudecode_api/2026-09-04f_claude-opus-5-api-generic-v8_rep3/CHORUS_d4d.yaml,Base / root,status,populated
CHORUS,agentic,v6,1,data/d4d_concatenated/claudecode_agent/2026-08-28_claude-opus-5-claudecode-generic-v6_rep1/CHORUS_d4d.yaml,Base / root,status,populated
CHORUS,agentic,v6,2,data/d4d_concatenated/claudecode_agent/2026-08-28_claude-opus-5-claudecode-generic-v6_rep2/CHORUS_d4d.yaml,Base / root,status,empty
CHORUS,agentic,v6,3,data/d4d_concatenated/claudecode_agent/2026-08-28_claude-opus-5-claudecode-generic-v6_rep3/CHORUS_d4d.yaml,Base / root,status,populated
CHORUS,direct,,,,Base / root,status,no_record
CM4AI,api,v7,1,data/d4d_concatenated/claudecode_agent/2026-09-01_claude-opus-5-api-generic-v7_rep1/CM4AI_d4d.yaml,Base / root,status,populated
CM4AI,api,v7,2,data/d4d_concatenated/claudecode_agent/2026-09-01_claude-opus-5-api-generic-v7_rep2/CM4AI_d4d.yaml,Base / root,status,populated
CM4AI,api,v7,3,data/d4d_concatenated/claudecode_agent/2026-09-01_claude-opus-5-api-generic-v7_rep3/CM4AI_d4d.yaml,Base / root,status,populated
CM4AI,api,v8,1,data/d4d_concatenated/claudecode_api/2026-09-04g_claude-opus-5-api-generic-v8_rep1/CM4AI_d4d.yaml,Base / root,status,populated
CM4AI,api,v8,2,data/d4d_concatenated/claudecode_api/2026-09-04g_claude-opus-5-api-generic-v8_rep2/CM4AI_d4d.yaml,Base / root,status,populated
CM4AI,api,v8,3,data/d4d_concatenated/claudecode_api/2026-09-04g_claude-opus-5-api-generic-v8_rep3/CM4AI_d4d.yaml,Base / root,status,populated
CM4AI,agentic,v6,1,data/d4d_concatenated/claudecode_agent/2026-08-28_claude-opus-5-claudecode-generic-v6_rep1/CM4AI_d4d.yaml,Base / root,status,populated
CM4AI,agentic,v6,2,data/d4d_concatenated/claudecode_agent/2026-08-28_claude-opus-5-claudecode-generic-v6_rep2/CM4AI_d4d.yaml,Base / root,status,populated
CM4AI,agentic,v6,3,data/d4d_concatenated/claudecode_agent/2026-08-28_claude-opus-5-claudecode-generic-v6_rep3/CM4AI_d4d.yaml,Base / root,status,populated
CM4AI,direct,,,,Base / root,status,no_record
VOICE,api,v7,1,data/d4d_concatenated/claudecode_agent/2026-09-01_claude-opus-5-api-generic-v7_rep1/VOICE_d4d.yaml,Base / root,status,populated
VOICE,api,v7,2,data/d4d_concatenated/claudecode_agent/2026-09-01_claude-opus-5-api-generic-v7_rep2/VOICE_d4d.yaml,Base / root,status,populated
VOICE,api,v7,3,data/d4d_concatenated/claudecode_agent/2026-09-01_claude-opus-5-api-generic-v7_rep3/VOICE_d4d.yaml,Base / root,status,populated
VOICE,api,v8,1,data/d4d_concatenated/claudecode_api/2026-09-04f_claude-opus-5-api-generic-v8_rep1/VOICE_d4d.yaml,Base / root,status,populated
VOICE,api,v8,2,data/d4d_concatenated/claudecode_api/2026-09-04f_claude-opus-5-api-generic-v8_rep2/VOICE_d4d.yaml,Base / root,status,populated
VOICE,api,v8,3,data/d4d_concatenated/claudecode_api/2026-09-04f_claude-opus-5-api-generic-v8_rep3/VOICE_d4d.yaml,Base / root,status,populated
VOICE,agentic,v6,1,data/d4d_concatenated/claudecode_agent/2026-08-28_claude-opus-5-claudecode-generic-v6_rep1/VOICE_d4d.yaml,Base / root,status,populated
VOICE,agentic,v6,2,data/d4d_concatenated/claudecode_agent/2026-08-28_claude-opus-5-claudecode-generic-v6_rep2/VOICE_d4d.yaml,Base / root,status,empty
VOICE,agentic,v6,3,data/d4d_concatenated/claudecode_agent/2026-08-28_claude-opus-5-claudecode-generic-v6_rep3/VOICE_d4d.yaml,Base / root,status,populated
VOICE,direct,,,,Base / root,status,no_record
AI_READI,api,v7,1,data/d4d_concatenated/claudecode_agent/2026-09-01_claude-opus-5-api-generic-v7_rep1/AI_READI_d4d.yaml,Base / root,title,populated
AI_READI,api,v7,2,data/d4d_concatenated/claudecode_agent/2026-09-01_claude-opus-5-api-generic-v7_rep2/AI_READI_d4d.yaml,Base / root,title,populated
AI_READI,api,v7,3,data/d4d_concatenated/claudecode_agent/2026-09-01_claude-opus-5-api-generic-v7_rep3/AI_READI_d4d.yaml,Base / root,title,populated
AI_READI,api,v8,1,data/d4d_concatenated/claudecode_api/2026-09-04g_claude-opus-5-api-generic-v8_rep1/AI_READI_d4d.yaml,Base / root,title,populated
AI_READI,api,v8,2,data/d4d_concatenated/claudecode_api/2026-09-04g_claude-opus-5-api-generic-v8_rep2/AI_READI_d4d.yaml,Base / root,title,populated
AI_READI,api,v8,3,data/d4d_concatenated/claudecode_api/2026-09-04g_claude-opus-5-api-generic-v8_rep3/AI_READI_d4d.yaml,Base / root,title,populated
AI_READI,agentic,v6,1,data/d4d_concatenated/claudecode_agent/2026-08-28_claude-opus-5-claudecode-generic-v6_rep1/AI_READI_d4d.yaml,Base / root,title,populated
AI_READI,agentic,v6,2,data/d4d_concatenated/claudecode_agent/2026-08-28_claude-opus-5-claudecode-generic-v6_rep2/AI_READI_d4d.yaml,Base / root,title,populated
AI_READI,agentic,v6,3,data/d4d_concatenated/claudecode_agent/2026-08-28_claude-opus-5-claudecode-generic-v6_rep3/AI_READI_d4d.yaml,Base / root,title,populated
AI_READI,direct,,,,Base / root,title,no_record
CHORUS,api,v7,1,data/d4d_concatenated/claudecode_agent/2026-09-01_claude-opus-5-api-generic-v7_rep1/CHORUS_d4d.yaml,Base / root,title,populated
CHORUS,api,v7,2,data/d4d_concatenated/claudecode_agent/2026-09-01_claude-opus-5-api-generic-v7_rep2/CHORUS_d4d.yaml,Base / root,title,populated
CHORUS,api,v7,3,data/d4d_concatenated/claudecode_agent/2026-09-01_claude-opus-5-api-generic-v7_rep3/CHORUS_d4d.yaml,Base / root,title,populated
CHORUS,api,v8,1,data/d4d_concatenated/claudecode_api/2026-09-04f_claude-opus-5-api-generic-v8_rep1/CHORUS_d4d.yaml,Base / root,title,populated
CHORUS,api,v8,2,data/d4d_concatenated/claudecode_api/2026-09-04f_claude-opus-5-api-generic-v8_rep2/CHORUS_d4d.yaml,Base / root,title,populated
CHORUS,api,v8,3,data/d4d_concatenated/claudecode_api/2026-09-04f_claude-opus-5-api-generic-v8_rep3/CHORUS_d4d.yaml,Base / root,title,populated
CHORUS,agentic,v6,1,data/d4d_concatenated/claudecode_agent/2026-08-28_claude-opus-5-claudecode-generic-v6_rep1/CHORUS_d4d.yaml,Base / root,title,populated
CHORUS,agentic,v6,2,data/d4d_concatenated/claudecode_agent/2026-08-28_claude-opus-5-claudecode-generic-v6_rep2/CHORUS_d4d.yaml,Base / root,title,populated
CHORUS,agentic,v6,3,data/d4d_concatenated/claudecode_agent/2026-08-28_claude-opus-5-claudecode-generic-v6_rep3/CHORUS_d4d.yaml,Base / root,title,populated
CHORUS,direct,,,,Base / root,title,no_record
CM4AI,api,v7,1,data/d4d_concatenated/claudecode_agent/2026-09-01_claude-opus-5-api-generic-v7_rep1/CM4AI_d4d.yaml,Base / root,title,populated
CM4AI,api,v7,2,data/d4d_concatenated/claudecode_agent/2026-09-01_claude-opus-5-api-generic-v7_rep2/CM4AI_d4d.yaml,Base / root,title,populated
CM4AI,api,v7,3,data/d4d_concatenated/claudecode_agent/2026-09-01_claude-opus-5-api-generic-v7_rep3/CM4AI_d4d.yaml,Base / root,title,populated
CM4AI,api,v8,1,data/d4d_concatenated/claudecode_api/2026-09-04g_claude-opus-5-api-generic-v8_rep1/CM4AI_d4d.yaml,Base / root,title,populated
CM4AI,api,v8,2,data/d4d_concatenated/claudecode_api/2026-09-04g_claude-opus-5-api-generic-v8_rep2/CM4AI_d4d.yaml,Base / root,title,populated
CM4AI,api,v8,3,data/d4d_concatenated/claudecode_api/2026-09-04g_claude-opus-5-api-generic-v8_rep3/CM4AI_d4d.yaml,Base / root,title,populated
CM4AI,agentic,v6,1,data/d4d_concatenated/claudecode_agent/2026-08-28_claude-opus-5-claudecode-generic-v6_rep1/CM4AI_d4d.yaml,Base / root,title,populated
CM4AI,agentic,v6,2,data/d4d_concatenated/claudecode_agent/2026-08-28_claude-opus-5-claudecode-generic-v6_rep2/CM4AI_d4d.yaml,Base / root,title,populated
CM4AI,agentic,v6,3,data/d4d_concatenated/claudecode_agent/2026-08-28_claude-opus-5-claudecode-generic-v6_rep3/CM4AI_d4d.yaml,Base / root,title,populated
CM4AI,direct,,,,Base / root,title,no_record
VOICE,api,v7,1,data/d4d_concatenated/claudecode_agent/2026-09-01_claude-opus-5-api-generic-v7_rep1/VOICE_d4d.yaml,Base / root,title,populated
VOICE,api,v7,2,data/d4d_concatenated/claudecode_agent/2026-09-01_claude-opus-5-api-generic-v7_rep2/VOICE_d4d.yaml,Base / root,title,populated
VOICE,api,v7,3,data/d4d_concatenated/claudecode_agent/2026-09-01_claude-opus-5-api-generic-v7_rep3/VOICE_d4d.yaml,Base / root,title,populated
VOICE,api,v8,1,data/d4d_concatenated/claudecode_api/2026-09-04f_claude-opus-5-api-generic-v8_rep1/VOICE_d4d.yaml,Base / root,title,populated
VOICE,api,v8,2,data/d4d_concatenated/claudecode_api/2026-09-04f_claude-opus-5-api-generic-v8_rep2/VOICE_d4d.yaml,Base / root,title,populated
VOICE,api,v8,3,data/d4d_concatenated/claudecode_api/2026-09-04f_claude-opus-5-api-generic-v8_rep3/VOICE_d4d.yaml,Base / root,title,populated
VOICE,agentic,v6,1,data/d4d_concatenated/claudecode_agent/2026-08-28_claude-opus-5-claudecode-generic-v6_rep1/VOICE_d4d.yaml,Base / root,title,populated
VOICE,agentic,v6,2,data/d4d_concatenated/claudecode_agent/2026-08-28_claude-opus-5-claudecode-generic-v6_rep2/VOICE_d4d.yaml,Base / root,title,populated
VOICE,agentic,v6,3,data/d4d_concatenated/claudecode_agent/2026-08-28_claude-opus-5-claudecode-generic-v6_rep3/VOICE_d4d.yaml,Base / root,title,populated
VOICE,direct,,,,Base / root,title,no_record
AI_READI,api,v7,1,data/d4d_concatenated/claudecode_agent/2026-09-01_claude-opus-5-api-generic-v7_rep1/AI_READI_d4d.yaml,Base / root,version,populated
AI_READI,api,v7,2,data/d4d_concatenated/claudecode_agent/2026-09-01_claude-opus-5-api-generic-v7_rep2/AI_READI_d4d.yaml,Base / root,version,populated
AI_READI,api,v7,3,data/d4d_concatenated/claudecode_agent/2026-09-01_claude-opus-5-api-generic-v7_rep3/AI_READI_d4d.yaml,Base / root,version,populated
AI_READI,api,v8,1,data/d4d_concatenated/claudecode_api/2026-09-04g_claude-opus-5-api-generic-v8_rep1/AI_READI_d4d.yaml,Base / root,version,populated
AI_READI,api,v8,2,data/d4d_concatenated/claudecode_api/2026-09-04g_claude-opus-5-api-generic-v8_rep2/AI_READI_d4d.yaml,Base / root,version,populated
AI_READI,api,v8,3,data/d4d_concatenated/claudecode_api/2026-09-04g_claude-opus-5-api-generic-v8_rep3/AI_READI_d4d.yaml,Base / root,version,populated
AI_READI,agentic,v6,1,data/d4d_concatenated/claudecode_agent/2026-08-28_claude-opus-5-claudecode-generic-v6_rep1/AI_READI_d4d.yaml,Base / root,version,populated
AI_READI,agentic,v6,2,data/d4d_concatenated/claudecode_agent/2026-08-28_claude-opus-5-claudecode-generic-v6_rep2/AI_READI_d4d.yaml,Base / root,version,populated
AI_READI,agentic,v6,3,data/d4d_concatenated/claudecode_agent/2026-08-28_claude-opus-5-claudecode-generic-v6_rep3/AI_READI_d4d.yaml,Base / root,version,populated
AI_READI,direct,,,,Base / root,version,no_record
CHORUS,api,v7,1,data/d4d_concatenated/claudecode_agent/2026-09-01_claude-opus-5-api-generic-v7_rep1/CHORUS_d4d.yaml,Base / root,version,caveat_only
CHORUS,api,v7,2,data/d4d_concatenated/claudecode_agent/2026-09-01_claude-opus-5-api-generic-v7_rep2/CHORUS_d4d.yaml,Base / root,version,empty
CHORUS,api,v7,3,data/d4d_concatenated/claudecode_agent/2026-09-01_claude-opus-5-api-generic-v7_rep3/CHORUS_d4d.yaml,Base / root,version,caveat_only
CHORUS,api,v8,1,data/d4d_concatenated/claudecode_api/2026-09-04f_claude-opus-5-api-generic-v8_rep1/CHORUS_d4d.yaml,Base / root,version,empty
CHORUS,api,v8,2,data/d4d_concatenated/claudecode_api/2026-09-04f_claude-opus-5-api-generic-v8_rep2/CHORUS_d4d.yaml,Base / root,version,empty
CHORUS,api,v8,3,data/d4d_concatenated/claudecode_api/2026-09-04f_claude-opus-5-api-generic-v8_rep3/CHORUS_d4d.yaml,Base / root,version,empty
CHORUS,agentic,v6,1,data/d4d_concatenated/claudecode_agent/2026-08-28_claude-opus-5-claudecode-generic-v6_rep1/CHORUS_d4d.yaml,Base / root,version,empty
CHORUS,agentic,v6,2,data/d4d_concatenated/claudecode_agent/2026-08-28_claude-opus-5-claudecode-generic-v6_rep2/CHORUS_d4d.yaml,Base / root,version,caveat_only
CHORUS,agentic,v6,3,data/d4d_concatenated/claudecode_agent/2026-08-28_claude-opus-5-claudecode-generic-v6_rep3/CHORUS_d4d.yaml,Base / root,version,caveat_only
CHORUS,direct,,,,Base / root,version,no_record
CM4AI,api,v7,1,data/d4d_concatenated/claudecode_agent/2026-09-01_claude-opus-5-api-generic-v7_rep1/CM4AI_d4d.yaml,Base / root,version,populated
CM4AI,api,v7,2,data/d4d_concatenated/claudecode_agent/2026-09-01_claude-opus-5-api-generic-v7_rep2/CM4AI_d4d.yaml,Base / root,version,populated
CM4AI,api,v7,3,data/d4d_concatenated/claudecode_agent/2026-09-01_claude-opus-5-api-generic-v7_rep3/CM4AI_d4d.yaml,Base / root,version,populated
CM4AI,api,v8,1,data/d4d_concatenated/claudecode_api/2026-09-04g_claude-opus-5-api-generic-v8_rep1/CM4AI_d4d.yaml,Base / root,version,populated
CM4AI,api,v8,2,data/d4d_concatenated/claudecode_api/2026-09-04g_claude-opus-5-api-generic-v8_rep2/CM4AI_d4d.yaml,Base / root,version,populated
CM4AI,api,v8,3,data/d4d_concatenated/claudecode_api/2026-09-04g_claude-opus-5-api-generic-v8_rep3/CM4AI_d4d.yaml,Base / root,version,populated
CM4AI,agentic,v6,1,data/d4d_concatenated/claudecode_agent/2026-08-28_claude-opus-5-claudecode-generic-v6_rep1/CM4AI_d4d.yaml,Base / root,version,caveat_only
CM4AI,agentic,v6,2,data/d4d_concatenated/claudecode_agent/2026-08-28_claude-opus-5-claudecode-generic-v6_rep2/CM4AI_d4d.yaml,Base / root,version,caveat_only
CM4AI,agentic,v6,3,data/d4d_concatenated/claudecode_agent/2026-08-28_claude-opus-5-claudecode-generic-v6_rep3/CM4AI_d4d.yaml,Base / root,version,empty
CM4AI,direct,,,,Base / root,version,no_record
VOICE,api,v7,1,data/d4d_concatenated/claudecode_agent/2026-09-01_claude-opus-5-api-generic-v7_rep1/VOICE_d4d.yaml,Base / root,version,populated
VOICE,api,v7,2,data/d4d_concatenated/claudecode_agent/2026-09-01_claude-opus-5-api-generic-v7_rep2/VOICE_d4d.yaml,Base / root,version,populated
VOICE,api,v7,3,data/d4d_concatenated/claudecode_agent/2026-09-01_claude-opus-5-api-generic-v7_rep3/VOICE_d4d.yaml,Base / root,version,populated
VOICE,api,v8,1,data/d4d_concatenated/claudecode_api/2026-09-04f_claude-opus-5-api-generic-v8_rep1/VOICE_d4d.yaml,Base / root,version,populated
VOICE,api,v8,2,data/d4d_concatenated/claudecode_api/2026-09-04f_claude-opus-5-api-generic-v8_rep2/VOICE_d4d.yaml,Base / root,version,populated
VOICE,api,v8,3,data/d4d_concatenated/claudecode_api/2026-09-04f_claude-opus-5-api-generic-v8_rep3/VOICE_d4d.yaml,Base / root,version,populated
VOICE,agentic,v6,1,data/d4d_concatenated/claudecode_agent/2026-08-28_claude-opus-5-claudecode-generic-v6_rep1/VOICE_d4d.yaml,Base / root,version,populated
VOICE,agentic,v6,2,data/d4d_concatenated/claudecode_agent/2026-08-28_claude-opus-5-claudecode-generic-v6_rep2/VOICE_d4d.yaml,Base / root,version,populated
VOICE,agentic,v6,3,data/d4d_concatenated/claudecode_agent/2026-08-28_claude-opus-5-claudecode-generic-v6_rep3/VOICE_d4d.yaml,Base / root,version,populated
VOICE,direct,,,,Base / root,version,no_record
AI_READI,api,v7,1,data/d4d_concatenated/claudecode_agent/2026-09-01_claude-opus-5-api-generic-v7_rep1/AI_READI_d4d.yaml,Base / root,was_derived_from,empty
AI_READI,api,v7,2,data/d4d_concatenated/claudecode_agent/2026-09-01_claude-opus-5-api-generic-v7_rep2/AI_READI_d4d.yaml,Base / root,was_derived_from,empty
AI_READI,api,v7,3,data/d4d_concatenated/claudecode_agent/2026-09-01_claude-opus-5-api-generic-v7_rep3/AI_READI_d4d.yaml,Base / root,was_derived_from,empty
AI_READI,api,v8,1,data/d4d_concatenated/claudecode_api/2026-09-04g_claude-opus-5-api-generic-v8_rep1/AI_READI_d4d.yaml,Base / root,was_derived_from,empty
AI_READI,api,v8,2,data/d4d_concatenated/claudecode_api/2026-09-04g_claude-opus-5-api-generic-v8_rep2/AI_READI_d4d.yaml,Base / root,was_derived_from,populated
AI_READI,api,v8,3,data/d4d_concatenated/claudecode_api/2026-09-04g_claude-opus-5-api-generic-v8_rep3/AI_READI_d4d.yaml,Base / root,was_derived_from,empty
AI_READI,agentic,v6,1,data/d4d_concatenated/claudecode_agent/2026-08-28_claude-opus-5-claudecode-generic-v6_rep1/AI_READI_d4d.yaml,Base / root,was_derived_from,empty
AI_READI,agentic,v6,2,data/d4d_concatenated/claudecode_agent/2026-08-28_claude-opus-5-claudecode-generic-v6_rep2/AI_READI_d4d.yaml,Base / root,was_derived_from,empty
AI_READI,agentic,v6,3,data/d4d_concatenated/claudecode_agent/2026-08-28_claude-opus-5-claudecode-generic-v6_rep3/AI_READI_d4d.yaml,Base / root,was_derived_from,empty
AI_READI,direct,,,,Base / root,was_derived_from,no_record
CHORUS,api,v7,1,data/d4d_concatenated/claudecode_agent/2026-09-01_claude-opus-5-api-generic-v7_rep1/CHORUS_d4d.yaml,Base / root,was_derived_from,empty
CHORUS,api,v7,2,data/d4d_concatenated/claudecode_agent/2026-09-01_claude-opus-5-api-generic-v7_rep2/CHORUS_d4d.yaml,Base / root,was_derived_from,empty
CHORUS,api,v7,3,data/d4d_concatenated/claudecode_agent/2026-09-01_claude-opus-5-api-generic-v7_rep3/CHORUS_d4d.yaml,Base / root,was_derived_from,empty
CHORUS,api,v8,1,data/d4d_concatenated/claudecode_api/2026-09-04f_claude-opus-5-api-generic-v8_rep1/CHORUS_d4d.yaml,Base / root,was_derived_from,populated
CHORUS,api,v8,2,data/d4d_concatenated/claudecode_api/2026-09-04f_claude-opus-5-api-generic-v8_rep2/CHORUS_d4d.yaml,Base / root,was_derived_from,populated
CHORUS,api,v8,3,data/d4d_concatenated/claudecode_api/2026-09-04f_claude-opus-5-api-generic-v8_rep3/CHORUS_d4d.yaml,Base / root,was_derived_from,empty
CHORUS,agentic,v6,1,data/d4d_concatenated/claudecode_agent/2026-08-28_claude-opus-5-claudecode-generic-v6_rep1/CHORUS_d4d.yaml,Base / root,was_derived_from,empty
CHORUS,agentic,v6,2,data/d4d_concatenated/claudecode_agent/2026-08-28_claude-opus-5-claudecode-generic-v6_rep2/CHORUS_d4d.yaml,Base / root,was_derived_from,empty
CHORUS,agentic,v6,3,data/d4d_concatenated/claudecode_agent/2026-08-28_claude-opus-5-claudecode-generic-v6_rep3/CHORUS_d4d.yaml,Base / root,was_derived_from,empty
CHORUS,direct,,,,Base / root,was_derived_from,no_record
CM4AI,api,v7,1,data/d4d_concatenated/claudecode_agent/2026-09-01_claude-opus-5-api-generic-v7_rep1/CM4AI_d4d.yaml,Base / root,was_derived_from,empty
CM4AI,api,v7,2,data/d4d_concatenated/claudecode_agent/2026-09-01_claude-opus-5-api-generic-v7_rep2/CM4AI_d4d.yaml,Base / root,was_derived_from,populated
CM4AI,api,v7,3,data/d4d_concatenated/claudecode_agent/2026-09-01_claude-opus-5-api-generic-v7_rep3/CM4AI_d4d.yaml,Base / root,was_derived_from,empty
CM4AI,api,v8,1,data/d4d_concatenated/claudecode_api/2026-09-04g_claude-opus-5-api-generic-v8_rep1/CM4AI_d4d.yaml,Base / root,was_derived_from,empty
CM4AI,api,v8,2,data/d4d_concatenated/claudecode_api/2026-09-04g_claude-opus-5-api-generic-v8_rep2/CM4AI_d4d.yaml,Base / root,was_derived_from,empty
CM4AI,api,v8,3,data/d4d_concatenated/claudecode_api/2026-09-04g_claude-opus-5-api-generic-v8_rep3/CM4AI_d4d.yaml,Base / root,was_derived_from,empty
CM4AI,agentic,v6,1,data/d4d_concatenated/claudecode_agent/2026-08-28_claude-opus-5-claudecode-generic-v6_rep1/CM4AI_d4d.yaml,Base / root,was_derived_from,empty
CM4AI,agentic,v6,2,data/d4d_concatenated/claudecode_agent/2026-08-28_claude-opus-5-claudecode-generic-v6_rep2/CM4AI_d4d.yaml,Base / root,was_derived_from,empty
CM4AI,agentic,v6,3,data/d4d_concatenated/claudecode_agent/2026-08-28_claude-opus-5-claudecode-generic-v6_rep3/CM4AI_d4d.yaml,Base / root,was_derived_from,empty
CM4AI,direct,,,,Base / root,was_derived_from,no_record
VOICE,api,v7,1,data/d4d_concatenated/claudecode_agent/2026-09-01_claude-opus-5-api-generic-v7_rep1/VOICE_d4d.yaml,Base / root,was_derived_from,empty
VOICE,api,v7,2,data/d4d_concatenated/claudecode_agent/2026-09-01_claude-opus-5-api-generic-v7_rep2/VOICE_d4d.yaml,Base / root,was_derived_from,populated
VOICE,api,v7,3,data/d4d_concatenated/claudecode_agent/2026-09-01_claude-opus-5-api-generic-v7_rep3/VOICE_d4d.yaml,Base / root,was_derived_from,empty
VOICE,api,v8,1,data/d4d_concatenated/claudecode_api/2026-09-04f_claude-opus-5-api-generic-v8_rep1/VOICE_d4d.yaml,Base / root,was_derived_from,populated
VOICE,api,v8,2,data/d4d_concatenated/claudecode_api/2026-09-04f_claude-opus-5-api-generic-v8_rep2/VOICE_d4d.yaml,Base / root,was_derived_from,populated
VOICE,api,v8,3,data/d4d_concatenated/claudecode_api/2026-09-04f_claude-opus-5-api-generic-v8_rep3/VOICE_d4d.yaml,Base / root,was_derived_from,populated
VOICE,agentic,v6,1,data/d4d_concatenated/claudecode_agent/2026-08-28_claude-opus-5-claudecode-generic-v6_rep1/VOICE_d4d.yaml,Base / root,was_derived_from,empty
VOICE,agentic,v6,2,data/d4d_concatenated/claudecode_agent/2026-08-28_claude-opus-5-claudecode-generic-v6_rep2/VOICE_d4d.yaml,Base / root,was_derived_from,empty
VOICE,agentic,v6,3,data/d4d_concatenated/claudecode_agent/2026-08-28_claude-opus-5-claudecode-generic-v6_rep3/VOICE_d4d.yaml,Base / root,was_derived_from,empty
VOICE,direct,,,,Base / root,was_derived_from,no_record
AI_READI,api,v7,1,data/d4d_concatenated/claudecode_agent/2026-09-01_claude-opus-5-api-generic-v7_rep1/AI_READI_d4d.yaml,Base / root,id,populated
AI_READI,api,v7,2,data/d4d_concatenated/claudecode_agent/2026-09-01_claude-opus-5-api-generic-v7_rep2/AI_READI_d4d.yaml,Base / root,id,populated
AI_READI,api,v7,3,data/d4d_concatenated/claudecode_agent/2026-09-01_claude-opus-5-api-generic-v7_rep3/AI_READI_d4d.yaml,Base / root,id,populated
AI_READI,api,v8,1,data/d4d_concatenated/claudecode_api/2026-09-04g_claude-opus-5-api-generic-v8_rep1/AI_READI_d4d.yaml,Base / root,id,populated
AI_READI,api,v8,2,data/d4d_concatenated/claudecode_api/2026-09-04g_claude-opus-5-api-generic-v8_rep2/AI_READI_d4d.yaml,Base / root,id,populated
AI_READI,api,v8,3,data/d4d_concatenated/claudecode_api/2026-09-04g_claude-opus-5-api-generic-v8_rep3/AI_READI_d4d.yaml,Base / root,id,populated
AI_READI,agentic,v6,1,data/d4d_concatenated/claudecode_agent/2026-08-28_claude-opus-5-claudecode-generic-v6_rep1/AI_READI_d4d.yaml,Base / root,id,populated
AI_READI,agentic,v6,2,data/d4d_concatenated/claudecode_agent/2026-08-28_claude-opus-5-claudecode-generic-v6_rep2/AI_READI_d4d.yaml,Base / root,id,populated
AI_READI,agentic,v6,3,data/d4d_concatenated/claudecode_agent/2026-08-28_claude-opus-5-claudecode-generic-v6_rep3/AI_READI_d4d.yaml,Base / root,id,populated
AI_READI,direct,,,,Base / root,id,no_record
CHORUS,api,v7,1,data/d4d_concatenated/claudecode_agent/2026-09-01_claude-opus-5-api-generic-v7_rep1/CHORUS_d4d.yaml,Base / root,id,populated
CHORUS,api,v7,2,data/d4d_concatenated/claudecode_agent/2026-09-01_claude-opus-5-api-generic-v7_rep2/CHORUS_d4d.yaml,Base / root,id,populated
CHORUS,api,v7,3,data/d4d_concatenated/claudecode_agent/2026-09-01_claude-opus-5-api-generic-v7_rep3/CHORUS_d4d.yaml,Base / root,id,populated
CHORUS,api,v8,1,data/d4d_concatenated/claudecode_api/2026-09-04f_claude-opus-5-api-generic-v8_rep1/CHORUS_d4d.yaml,Base / root,id,populated
CHORUS,api,v8,2,data/d4d_concatenated/claudecode_api/2026-09-04f_claude-opus-5-api-generic-v8_rep2/CHORUS_d4d.yaml,Base / root,id,populated
CHORUS,api,v8,3,data/d4d_concatenated/claudecode_api/2026-09-04f_claude-opus-5-api-generic-v8_rep3/CHORUS_d4d.yaml,Base / root,id,populated
CHORUS,agentic,v6,1,data/d4d_concatenated/claudecode_agent/2026-08-28_claude-opus-5-claudecode-generic-v6_rep1/CHORUS_d4d.yaml,Base / root,id,populated
CHORUS,agentic,v6,2,data/d4d_concatenated/claudecode_agent/2026-08-28_claude-opus-5-claudecode-generic-v6_rep2/CHORUS_d4d.yaml,Base / root,id,populated
CHORUS,agentic,v6,3,data/d4d_concatenated/claudecode_agent/2026-08-28_claude-opus-5-claudecode-generic-v6_rep3/CHORUS_d4d.yaml,Base / root,id,populated
CHORUS,direct,,,,Base / root,id,no_record
CM4AI,api,v7,1,data/d4d_concatenated/claudecode_agent/2026-09-01_claude-opus-5-api-generic-v7_rep1/CM4AI_d4d.yaml,Base / root,id,populated
CM4AI,api,v7,2,data/d4d_concatenated/claudecode_agent/2026-09-01_claude-opus-5-api-generic-v7_rep2/CM4AI_d4d.yaml,Base / root,id,populated
CM4AI,api,v7,3,data/d4d_concatenated/claudecode_agent/2026-09-01_claude-opus-5-api-generic-v7_rep3/CM4AI_d4d.yaml,Base / root,id,populated
CM4AI,api,v8,1,data/d4d_concatenated/claudecode_api/2026-09-04g_claude-opus-5-api-generic-v8_rep1/CM4AI_d4d.yaml,Base / root,id,populated
CM4AI,api,v8,2,data/d4d_concatenated/claudecode_api/2026-09-04g_claude-opus-5-api-generic-v8_rep2/CM4AI_d4d.yaml,Base / root,id,populated
CM4AI,api,v8,3,data/d4d_concatenated/claudecode_api/2026-09-04g_claude-opus-5-api-generic-v8_rep3/CM4AI_d4d.yaml,Base / root,id,populated
CM4AI,agentic,v6,1,data/d4d_concatenated/claudecode_agent/2026-08-28_claude-opus-5-claudecode-generic-v6_rep1/CM4AI_d4d.yaml,Base / root,id,populated
CM4AI,agentic,v6,2,data/d4d_concatenated/claudecode_agent/2026-08-28_claude-opus-5-claudecode-generic-v6_rep2/CM4AI_d4d.yaml,Base / root,id,populated
CM4AI,agentic,v6,3,data/d4d_concatenated/claudecode_agent/2026-08-28_claude-opus-5-claudecode-generic-v6_rep3/CM4AI_d4d.yaml,Base / root,id,populated
CM4AI,direct,,,,Base / root,id,no_record
VOICE,api,v7,1,data/d4d_concatenated/claudecode_agent/2026-09-01_claude-opus-5-api-generic-v7_rep1/VOICE_d4d.yaml,Base / root,id,populated
VOICE,api,v7,2,data/d4d_concatenated/claudecode_agent/2026-09-01_claude-opus-5-api-generic-v7_rep2/VOICE_d4d.yaml,Base / root,id,populated
VOICE,api,v7,3,data/d4d_concatenated/claudecode_agent/2026-09-01_claude-opus-5-api-generic-v7_rep3/VOICE_d4d.yaml,Base / root,id,populated
VOICE,api,v8,1,data/d4d_concatenated/claudecode_api/2026-09-04f_claude-opus-5-api-generic-v8_rep1/VOICE_d4d.yaml,Base / root,id,populated
VOICE,api,v8,2,data/d4d_concatenated/claudecode_api/2026-09-04f_claude-opus-5-api-generic-v8_rep2/VOICE_d4d.yaml,Base / root,id,populated
VOICE,api,v8,3,data/d4d_concatenated/claudecode_api/2026-09-04f_claude-opus-5-api-generic-v8_rep3/VOICE_d4d.yaml,Base / root,id,populated
VOICE,agentic,v6,1,data/d4d_concatenated/claudecode_agent/2026-08-28_claude-opus-5-claudecode-generic-v6_rep1/VOICE_d4d.yaml,Base / root,id,populated
VOICE,agentic,v6,2,data/d4d_concatenated/claudecode_agent/2026-08-28_claude-opus-5-claudecode-generic-v6_rep2/VOICE_d4d.yaml,Base / root,id,populated
VOICE,agentic,v6,3,data/d4d_concatenated/claudecode_agent/2026-08-28_claude-opus-5-claudecode-generic-v6_rep3/VOICE_d4d.yaml,Base / root,id,populated
VOICE,direct,,,,Base / root,id,no_record
AI_READI,api,v7,1,data/d4d_concatenated/claudecode_agent/2026-09-01_claude-opus-5-api-generic-v7_rep1/AI_READI_d4d.yaml,Base / root,name,populated
AI_READI,api,v7,2,data/d4d_concatenated/claudecode_agent/2026-09-01_claude-opus-5-api-generic-v7_rep2/AI_READI_d4d.yaml,Base / root,name,populated
AI_READI,api,v7,3,data/d4d_concatenated/claudecode_agent/2026-09-01_claude-opus-5-api-generic-v7_rep3/AI_READI_d4d.yaml,Base / root,name,populated
AI_READI,api,v8,1,data/d4d_concatenated/claudecode_api/2026-09-04g_claude-opus-5-api-generic-v8_rep1/AI_READI_d4d.yaml,Base / root,name,populated
AI_READI,api,v8,2,data/d4d_concatenated/claudecode_api/2026-09-04g_claude-opus-5-api-generic-v8_rep2/AI_READI_d4d.yaml,Base / root,name,populated
AI_READI,api,v8,3,data/d4d_concatenated/claudecode_api/2026-09-04g_claude-opus-5-api-generic-v8_rep3/AI_READI_d4d.yaml,Base / root,name,populated
AI_READI,agentic,v6,1,data/d4d_concatenated/claudecode_agent/2026-08-28_claude-opus-5-claudecode-generic-v6_rep1/AI_READI_d4d.yaml,Base / root,name,populated
AI_READI,agentic,v6,2,data/d4d_concatenated/claudecode_agent/2026-08-28_claude-opus-5-claudecode-generic-v6_rep2/AI_READI_d4d.yaml,Base / root,name,populated
AI_READI,agentic,v6,3,data/d4d_concatenated/claudecode_agent/2026-08-28_claude-opus-5-claudecode-generic-v6_rep3/AI_READI_d4d.yaml,Base / root,name,populated
AI_READI,direct,,,,Base / root,name,no_record
CHORUS,api,v7,1,data/d4d_concatenated/claudecode_agent/2026-09-01_claude-opus-5-api-generic-v7_rep1/CHORUS_d4d.yaml,Base / root,name,populated
CHORUS,api,v7,2,data/d4d_concatenated/claudecode_agent/2026-09-01_claude-opus-5-api-generic-v7_rep2/CHORUS_d4d.yaml,Base / root,name,populated
CHORUS,api,v7,3,data/d4d_concatenated/claudecode_agent/2026-09-01_claude-opus-5-api-generic-v7_rep3/CHORUS_d4d.yaml,Base / root,name,populated
CHORUS,api,v8,1,data/d4d_concatenated/claudecode_api/2026-09-04f_claude-opus-5-api-generic-v8_rep1/CHORUS_d4d.yaml,Base / root,name,populated
CHORUS,api,v8,2,data/d4d_concatenated/claudecode_api/2026-09-04f_claude-opus-5-api-generic-v8_rep2/CHORUS_d4d.yaml,Base / root,name,populated
CHORUS,api,v8,3,data/d4d_concatenated/claudecode_api/2026-09-04f_claude-opus-5-api-generic-v8_rep3/CHORUS_d4d.yaml,Base / root,name,populated
CHORUS,agentic,v6,1,data/d4d_concatenated/claudecode_agent/2026-08-28_claude-opus-5-claudecode-generic-v6_rep1/CHORUS_d4d.yaml,Base / root,name,populated
CHORUS,agentic,v6,2,data/d4d_concatenated/claudecode_agent/2026-08-28_claude-opus-5-claudecode-generic-v6_rep2/CHORUS_d4d.yaml,Base / root,name,populated
CHORUS,agentic,v6,3,data/d4d_concatenated/claudecode_agent/2026-08-28_claude-opus-5-claudecode-generic-v6_rep3/CHORUS_d4d.yaml,Base / root,name,populated
CHORUS,direct,,,,Base / root,name,no_record
CM4AI,api,v7,1,data/d4d_concatenated/claudecode_agent/2026-09-01_claude-opus-5-api-generic-v7_rep1/CM4AI_d4d.yaml,Base / root,name,populated
CM4AI,api,v7,2,data/d4d_concatenated/claudecode_agent/2026-09-01_claude-opus-5-api-generic-v7_rep2/CM4AI_d4d.yaml,Base / root,name,populated
CM4AI,api,v7,3,data/d4d_concatenated/claudecode_agent/2026-09-01_claude-opus-5-api-generic-v7_rep3/CM4AI_d4d.yaml,Base / root,name,populated
CM4AI,api,v8,1,data/d4d_concatenated/claudecode_api/2026-09-04g_claude-opus-5-api-generic-v8_rep1/CM4AI_d4d.yaml,Base / root,name,populated
CM4AI,api,v8,2,data/d4d_concatenated/claudecode_api/2026-09-04g_claude-opus-5-api-generic-v8_rep2/CM4AI_d4d.yaml,Base / root,name,populated
CM4AI,api,v8,3,data/d4d_concatenated/claudecode_api/2026-09-04g_claude-opus-5-api-generic-v8_rep3/CM4AI_d4d.yaml,Base / root,name,populated
CM4AI,agentic,v6,1,data/d4d_concatenated/claudecode_agent/2026-08-28_claude-opus-5-claudecode-generic-v6_rep1/CM4AI_d4d.yaml,Base / root,name,populated
CM4AI,agentic,v6,2,data/d4d_concatenated/claudecode_agent/2026-08-28_claude-opus-5-claudecode-generic-v6_rep2/CM4AI_d4d.yaml,Base / root,name,populated
CM4AI,agentic,v6,3,data/d4d_concatenated/claudecode_agent/2026-08-28_claude-opus-5-claudecode-generic-v6_rep3/CM4AI_d4d.yaml,Base / root,name,populated
CM4AI,direct,,,,Base / root,name,no_record
VOICE,api,v7,1,data/d4d_concatenated/claudecode_agent/2026-09-01_claude-opus-5-api-generic-v7_rep1/VOICE_d4d.yaml,Base / root,name,populated
VOICE,api,v7,2,data/d4d_concatenated/claudecode_agent/2026-09-01_claude-opus-5-api-generic-v7_rep2/VOICE_d4d.yaml,Base / root,name,populated
VOICE,api,v7,3,data/d4d_concatenated/claudecode_agent/2026-09-01_claude-opus-5-api-generic-v7_rep3/VOICE_d4d.yaml,Base / root,name,populated
VOICE,api,v8,1,data/d4d_concatenated/claudecode_api/2026-09-04f_claude-opus-5-api-generic-v8_rep1/VOICE_d4d.yaml,Base / root,name,populated
VOICE,api,v8,2,data/d4d_concatenated/claudecode_api/2026-09-04f_claude-opus-5-api-generic-v8_rep2/VOICE_d4d.yaml,Base / root,name,populated
VOICE,api,v8,3,data/d4d_concatenated/claudecode_api/2026-09-04f_claude-opus-5-api-generic-v8_rep3/VOICE_d4d.yaml,Base / root,name,populated
VOICE,agentic,v6,1,data/d4d_concatenated/claudecode_agent/2026-08-28_claude-opus-5-claudecode-generic-v6_rep1/VOICE_d4d.yaml,Base / root,name,populated
VOICE,agentic,v6,2,data/d4d_concatenated/claudecode_agent/2026-08-28_claude-opus-5-claudecode-generic-v6_rep2/VOICE_d4d.yaml,Base / root,name,populated
VOICE,agentic,v6,3,data/d4d_concatenated/claudecode_agent/2026-08-28_claude-opus-5-claudecode-generic-v6_rep3/VOICE_d4d.yaml,Base / root,name,populated
VOICE,direct,,,,Base / root,name,no_record
AI_READI,api,v7,1,data/d4d_concatenated/claudecode_agent/2026-09-01_claude-opus-5-api-generic-v7_rep1/AI_READI_d4d.yaml,Base / root,description,populated
AI_READI,api,v7,2,data/d4d_concatenated/claudecode_agent/2026-09-01_claude-opus-5-api-generic-v7_rep2/AI_READI_d4d.yaml,Base / root,description,populated
AI_READI,api,v7,3,data/d4d_concatenated/claudecode_agent/2026-09-01_claude-opus-5-api-generic-v7_rep3/AI_READI_d4d.yaml,Base / root,description,populated
AI_READI,api,v8,1,data/d4d_concatenated/claudecode_api/2026-09-04g_claude-opus-5-api-generic-v8_rep1/AI_READI_d4d.yaml,Base / root,description,populated
AI_READI,api,v8,2,data/d4d_concatenated/claudecode_api/2026-09-04g_claude-opus-5-api-generic-v8_rep2/AI_READI_d4d.yaml,Base / root,description,populated
AI_READI,api,v8,3,data/d4d_concatenated/claudecode_api/2026-09-04g_claude-opus-5-api-generic-v8_rep3/AI_READI_d4d.yaml,Base / root,description,populated
AI_READI,agentic,v6,1,data/d4d_concatenated/claudecode_agent/2026-08-28_claude-opus-5-claudecode-generic-v6_rep1/AI_READI_d4d.yaml,Base / root,description,populated
AI_READI,agentic,v6,2,data/d4d_concatenated/claudecode_agent/2026-08-28_claude-opus-5-claudecode-generic-v6_rep2/AI_READI_d4d.yaml,Base / root,description,populated
AI_READI,agentic,v6,3,data/d4d_concatenated/claudecode_agent/2026-08-28_claude-opus-5-claudecode-generic-v6_rep3/AI_READI_d4d.yaml,Base / root,description,populated
AI_READI,direct,,,,Base / root,description,no_record
CHORUS,api,v7,1,data/d4d_concatenated/claudecode_agent/2026-09-01_claude-opus-5-api-generic-v7_rep1/CHORUS_d4d.yaml,Base / root,description,populated
CHORUS,api,v7,2,data/d4d_concatenated/claudecode_agent/2026-09-01_claude-opus-5-api-generic-v7_rep2/CHORUS_d4d.yaml,Base / root,description,populated
CHORUS,api,v7,3,data/d4d_concatenated/claudecode_agent/2026-09-01_claude-opus-5-api-generic-v7_rep3/CHORUS_d4d.yaml,Base / root,description,populated
CHORUS,api,v8,1,data/d4d_concatenated/claudecode_api/2026-09-04f_claude-opus-5-api-generic-v8_rep1/CHORUS_d4d.yaml,Base / root,description,populated
CHORUS,api,v8,2,data/d4d_concatenated/claudecode_api/2026-09-04f_claude-opus-5-api-generic-v8_rep2/CHORUS_d4d.yaml,Base / root,description,populated
CHORUS,api,v8,3,data/d4d_concatenated/claudecode_api/2026-09-04f_claude-opus-5-api-generic-v8_rep3/CHORUS_d4d.yaml,Base / root,description,populated
CHORUS,agentic,v6,1,data/d4d_concatenated/claudecode_agent/2026-08-28_claude-opus-5-claudecode-generic-v6_rep1/CHORUS_d4d.yaml,Base / root,description,populated
CHORUS,agentic,v6,2,data/d4d_concatenated/claudecode_agent/2026-08-28_claude-opus-5-claudecode-generic-v6_rep2/CHORUS_d4d.yaml,Base / root,description,populated
CHORUS,agentic,v6,3,data/d4d_concatenated/claudecode_agent/2026-08-28_claude-opus-5-claudecode-generic-v6_rep3/CHORUS_d4d.yaml,Base / root,description,populated
CHORUS,direct,,,,Base / root,description,no_record
CM4AI,api,v7,1,data/d4d_concatenated/claudecode_agent/2026-09-01_claude-opus-5-api-generic-v7_rep1/CM4AI_d4d.yaml,Base / root,description,populated
CM4AI,api,v7,2,data/d4d_concatenated/claudecode_agent/2026-09-01_claude-opus-5-api-generic-v7_rep2/CM4AI_d4d.yaml,Base / root,description,populated
CM4AI,api,v7,3,data/d4d_concatenated/claudecode_agent/2026-09-01_claude-opus-5-api-generic-v7_rep3/CM4AI_d4d.yaml,Base / root,description,populated
CM4AI,api,v8,1,data/d4d_concatenated/claudecode_api/2026-09-04g_claude-opus-5-api-generic-v8_rep1/CM4AI_d4d.yaml,Base / root,description,populated
CM4AI,api,v8,2,data/d4d_concatenated/claudecode_api/2026-09-04g_claude-opus-5-api-generic-v8_rep2/CM4AI_d4d.yaml,Base / root,description,populated
CM4AI,api,v8,3,data/d4d_concatenated/claudecode_api/2026-09-04g_claude-opus-5-api-generic-v8_rep3/CM4AI_d4d.yaml,Base / root,description,populated
CM4AI,agentic,v6,1,data/d4d_concatenated/claudecode_agent/2026-08-28_claude-opus-5-claudecode-generic-v6_rep1/CM4AI_d4d.yaml,Base / root,description,populated
CM4AI,agentic,v6,2,data/d4d_concatenated/claudecode_agent/2026-08-28_claude-opus-5-claudecode-generic-v6_rep2/CM4AI_d4d.yaml,Base / root,description,populated
CM4AI,agentic,v6,3,data/d4d_concatenated/claudecode_agent/2026-08-28_claude-opus-5-claudecode-generic-v6_rep3/CM4AI_d4d.yaml,Base / root,description,populated
CM4AI,direct,,,,Base / root,description,no_record
VOICE,api,v7,1,data/d4d_concatenated/claudecode_agent/2026-09-01_claude-opus-5-api-generic-v7_rep1/VOICE_d4d.yaml,Base / root,description,populated
VOICE,api,v7,2,data/d4d_concatenated/claudecode_agent/2026-09-01_claude-opus-5-api-generic-v7_rep2/VOICE_d4d.yaml,Base / root,description,populated
VOICE,api,v7,3,data/d4d_concatenated/claudecode_agent/2026-09-01_claude-opus-5-api-generic-v7_rep3/VOICE_d4d.yaml,Base / root,description,populated
VOICE,api,v8,1,data/d4d_concatenated/claudecode_api/2026-09-04f_claude-opus-5-api-generic-v8_rep1/VOICE_d4d.yaml,Base / root,description,populated
VOICE,api,v8,2,data/d4d_concatenated/claudecode_api/2026-09-04f_claude-opus-5-api-generic-v8_rep2/VOICE_d4d.yaml,Base / root,description,populated
VOICE,api,v8,3,data/d4d_concatenated/claudecode_api/2026-09-04f_claude-opus-5-api-generic-v8_rep3/VOICE_d4d.yaml,Base / root,description,populated
VOICE,agentic,v6,1,data/d4d_concatenated/claudecode_agent/2026-08-28_claude-opus-5-claudecode-generic-v6_rep1/VOICE_d4d.yaml,Base / root,description,populated
VOICE,agentic,v6,2,data/d4d_concatenated/claudecode_agent/2026-08-28_claude-opus-5-claudecode-generic-v6_rep2/VOICE_d4d.yaml,Base / root,description,populated
VOICE,agentic,v6,3,data/d4d_concatenated/claudecode_agent/2026-08-28_claude-opus-5-claudecode-generic-v6_rep3/VOICE_d4d.yaml,Base / root,description,populated
VOICE,direct,,,,Base / root,description,no_record
AI_READI,api,v7,1,data/d4d_concatenated/claudecode_agent/2026-09-01_claude-opus-5-api-generic-v7_rep1/AI_READI_d4d.yaml,Base / root,notes,populated
AI_READI,api,v7,2,data/d4d_concatenated/claudecode_agent/2026-09-01_claude-opus-5-api-generic-v7_rep2/AI_READI_d4d.yaml,Base / root,notes,populated
AI_READI,api,v7,3,data/d4d_concatenated/claudecode_agent/2026-09-01_claude-opus-5-api-generic-v7_rep3/AI_READI_d4d.yaml,Base / root,notes,populated
AI_READI,api,v8,1,data/d4d_concatenated/claudecode_api/2026-09-04g_claude-opus-5-api-generic-v8_rep1/AI_READI_d4d.yaml,Base / root,notes,populated
AI_READI,api,v8,2,data/d4d_concatenated/claudecode_api/2026-09-04g_claude-opus-5-api-generic-v8_rep2/AI_READI_d4d.yaml,Base / root,notes,populated
AI_READI,api,v8,3,data/d4d_concatenated/claudecode_api/2026-09-04g_claude-opus-5-api-generic-v8_rep3/AI_READI_d4d.yaml,Base / root,notes,populated
AI_READI,agentic,v6,1,data/d4d_concatenated/claudecode_agent/2026-08-28_claude-opus-5-claudecode-generic-v6_rep1/AI_READI_d4d.yaml,Base / root,notes,populated
AI_READI,agentic,v6,2,data/d4d_concatenated/claudecode_agent/2026-08-28_claude-opus-5-claudecode-generic-v6_rep2/AI_READI_d4d.yaml,Base / root,notes,empty
AI_READI,agentic,v6,3,data/d4d_concatenated/claudecode_agent/2026-08-28_claude-opus-5-claudecode-generic-v6_rep3/AI_READI_d4d.yaml,Base / root,notes,populated
AI_READI,direct,,,,Base / root,notes,no_record
CHORUS,api,v7,1,data/d4d_concatenated/claudecode_agent/2026-09-01_claude-opus-5-api-generic-v7_rep1/CHORUS_d4d.yaml,Base / root,notes,populated
CHORUS,api,v7,2,data/d4d_concatenated/claudecode_agent/2026-09-01_claude-opus-5-api-generic-v7_rep2/CHORUS_d4d.yaml,Base / root,notes,empty
CHORUS,api,v7,3,data/d4d_concatenated/claudecode_agent/2026-09-01_claude-opus-5-api-generic-v7_rep3/CHORUS_d4d.yaml,Base / root,notes,populated
CHORUS,api,v8,1,data/d4d_concatenated/claudecode_api/2026-09-04f_claude-opus-5-api-generic-v8_rep1/CHORUS_d4d.yaml,Base / root,notes,populated
CHORUS,api,v8,2,data/d4d_concatenated/claudecode_api/2026-09-04f_claude-opus-5-api-generic-v8_rep2/CHORUS_d4d.yaml,Base / root,notes,caveat_only
CHORUS,api,v8,3,data/d4d_concatenated/claudecode_api/2026-09-04f_claude-opus-5-api-generic-v8_rep3/CHORUS_d4d.yaml,Base / root,notes,populated
CHORUS,agentic,v6,1,data/d4d_concatenated/claudecode_agent/2026-08-28_claude-opus-5-claudecode-generic-v6_rep1/CHORUS_d4d.yaml,Base / root,notes,empty
CHORUS,agentic,v6,2,data/d4d_concatenated/claudecode_agent/2026-08-28_claude-opus-5-claudecode-generic-v6_rep2/CHORUS_d4d.yaml,Base / root,notes,empty
CHORUS,agentic,v6,3,data/d4d_concatenated/claudecode_agent/2026-08-28_claude-opus-5-claudecode-generic-v6_rep3/CHORUS_d4d.yaml,Base / root,notes,empty
CHORUS,direct,,,,Base / root,notes,no_record
CM4AI,api,v7,1,data/d4d_concatenated/claudecode_agent/2026-09-01_claude-opus-5-api-generic-v7_rep1/CM4AI_d4d.yaml,Base / root,notes,empty
CM4AI,api,v7,2,data/d4d_concatenated/claudecode_agent/2026-09-01_claude-opus-5-api-generic-v7_rep2/CM4AI_d4d.yaml,Base / root,notes,populated
CM4AI,api,v7,3,data/d4d_concatenated/claudecode_agent/2026-09-01_claude-opus-5-api-generic-v7_rep3/CM4AI_d4d.yaml,Base / root,notes,populated
CM4AI,api,v8,1,data/d4d_concatenated/claudecode_api/2026-09-04g_claude-opus-5-api-generic-v8_rep1/CM4AI_d4d.yaml,Base / root,notes,populated
CM4AI,api,v8,2,data/d4d_concatenated/claudecode_api/2026-09-04g_claude-opus-5-api-generic-v8_rep2/CM4AI_d4d.yaml,Base / root,notes,populated
CM4AI,api,v8,3,data/d4d_concatenated/claudecode_api/2026-09-04g_claude-opus-5-api-generic-v8_rep3/CM4AI_d4d.yaml,Base / root,notes,populated
CM4AI,agentic,v6,1,data/d4d_concatenated/claudecode_agent/2026-08-28_claude-opus-5-claudecode-generic-v6_rep1/CM4AI_d4d.yaml,Base / root,notes,empty
CM4AI,agentic,v6,2,data/d4d_concatenated/claudecode_agent/2026-08-28_claude-opus-5-claudecode-generic-v6_rep2/CM4AI_d4d.yaml,Base / root,notes,populated
CM4AI,agentic,v6,3,data/d4d_concatenated/claudecode_agent/2026-08-28_claude-opus-5-claudecode-generic-v6_rep3/CM4AI_d4d.yaml,Base / root,notes,empty
CM4AI,direct,,,,Base / root,notes,no_record
VOICE,api,v7,1,data/d4d_concatenated/claudecode_agent/2026-09-01_claude-opus-5-api-generic-v7_rep1/VOICE_d4d.yaml,Base / root,notes,empty
VOICE,api,v7,2,data/d4d_concatenated/claudecode_agent/2026-09-01_claude-opus-5-api-generic-v7_rep2/VOICE_d4d.yaml,Base / root,notes,populated
VOICE,api,v7,3,data/d4d_concatenated/claudecode_agent/2026-09-01_claude-opus-5-api-generic-v7_rep3/VOICE_d4d.yaml,Base / root,notes,populated
VOICE,api,v8,1,data/d4d_concatenated/claudecode_api/2026-09-04f_claude-opus-5-api-generic-v8_rep1/VOICE_d4d.yaml,Base / root,notes,caveat_only
VOICE,api,v8,2,data/d4d_concatenated/claudecode_api/2026-09-04f_claude-opus-5-api-generic-v8_rep2/VOICE_d4d.yaml,Base / root,notes,populated
VOICE,api,v8,3,data/d4d_concatenated/claudecode_api/2026-09-04f_claude-opus-5-api-generic-v8_rep3/VOICE_d4d.yaml,Base / root,notes,populated
VOICE,agentic,v6,1,data/d4d_concatenated/claudecode_agent/2026-08-28_claude-opus-5-claudecode-generic-v6_rep1/VOICE_d4d.yaml,Base / root,notes,caveat_only
VOICE,agentic,v6,2,data/d4d_concatenated/claudecode_agent/2026-08-28_claude-opus-5-claudecode-generic-v6_rep2/VOICE_d4d.yaml,Base / root,notes,caveat_only
VOICE,agentic,v6,3,data/d4d_concatenated/claudecode_agent/2026-08-28_claude-opus-5-claudecode-generic-v6_rep3/VOICE_d4d.yaml,Base / root,notes,populated
VOICE,direct,,,,Base / root,notes,no_record
