rubric,item_id,group,item,project,cohort,generation_rep,rating,score,item_max,score_type,state,repeat_ratings_disagree
rubric10-semantic,E1.1,Dataset Discovery and Identification,"Persistent Identifier (DOI, RRID, or URI)",AI_READI,v7,1,1,1,1,binary,scored,no
rubric10-semantic,E1.1,Dataset Discovery and Identification,"Persistent Identifier (DOI, RRID, or URI)",AI_READI,v7,2,1,1,1,binary,scored,
rubric10-semantic,E1.1,Dataset Discovery and Identification,"Persistent Identifier (DOI, RRID, or URI)",AI_READI,v7,3,1,1,1,binary,scored,
rubric10-semantic,E1.1,Dataset Discovery and Identification,"Persistent Identifier (DOI, RRID, or URI)",AI_READI,v8,1,1,1,1,binary,scored,
rubric10-semantic,E1.1,Dataset Discovery and Identification,"Persistent Identifier (DOI, RRID, or URI)",AI_READI,v8,2,1,1,1,binary,scored,
rubric10-semantic,E1.1,Dataset Discovery and Identification,"Persistent Identifier (DOI, RRID, or URI)",AI_READI,v8,3,1,1,1,binary,scored,
rubric10-semantic,E1.1,Dataset Discovery and Identification,"Persistent Identifier (DOI, RRID, or URI)",CHORUS,v7,1,1,0,1,binary,scored,no
rubric10-semantic,E1.1,Dataset Discovery and Identification,"Persistent Identifier (DOI, RRID, or URI)",CHORUS,v7,2,1,0,1,binary,scored,
rubric10-semantic,E1.1,Dataset Discovery and Identification,"Persistent Identifier (DOI, RRID, or URI)",CHORUS,v7,3,1,0,1,binary,scored,
rubric10-semantic,E1.1,Dataset Discovery and Identification,"Persistent Identifier (DOI, RRID, or URI)",CHORUS,v8,1,1,0,1,binary,scored,
rubric10-semantic,E1.1,Dataset Discovery and Identification,"Persistent Identifier (DOI, RRID, or URI)",CHORUS,v8,2,1,0,1,binary,scored,
rubric10-semantic,E1.1,Dataset Discovery and Identification,"Persistent Identifier (DOI, RRID, or URI)",CHORUS,v8,3,1,0,1,binary,scored,
rubric10-semantic,E1.1,Dataset Discovery and Identification,"Persistent Identifier (DOI, RRID, or URI)",CM4AI,v7,1,1,1,1,binary,scored,no
rubric10-semantic,E1.1,Dataset Discovery and Identification,"Persistent Identifier (DOI, RRID, or URI)",CM4AI,v7,2,1,1,1,binary,scored,
rubric10-semantic,E1.1,Dataset Discovery and Identification,"Persistent Identifier (DOI, RRID, or URI)",CM4AI,v7,3,1,1,1,binary,scored,
rubric10-semantic,E1.1,Dataset Discovery and Identification,"Persistent Identifier (DOI, RRID, or URI)",CM4AI,v8,1,1,1,1,binary,scored,
rubric10-semantic,E1.1,Dataset Discovery and Identification,"Persistent Identifier (DOI, RRID, or URI)",CM4AI,v8,2,1,1,1,binary,scored,
rubric10-semantic,E1.1,Dataset Discovery and Identification,"Persistent Identifier (DOI, RRID, or URI)",CM4AI,v8,3,1,1,1,binary,scored,
rubric10-semantic,E1.1,Dataset Discovery and Identification,"Persistent Identifier (DOI, RRID, or URI)",VOICE,v7,1,1,1,1,binary,scored,no
rubric10-semantic,E1.1,Dataset Discovery and Identification,"Persistent Identifier (DOI, RRID, or URI)",VOICE,v7,2,1,1,1,binary,scored,
rubric10-semantic,E1.1,Dataset Discovery and Identification,"Persistent Identifier (DOI, RRID, or URI)",VOICE,v7,3,1,1,1,binary,scored,
rubric10-semantic,E1.1,Dataset Discovery and Identification,"Persistent Identifier (DOI, RRID, or URI)",VOICE,v8,1,1,1,1,binary,scored,
rubric10-semantic,E1.1,Dataset Discovery and Identification,"Persistent Identifier (DOI, RRID, or URI)",VOICE,v8,2,1,1,1,binary,scored,
rubric10-semantic,E1.1,Dataset Discovery and Identification,"Persistent Identifier (DOI, RRID, or URI)",VOICE,v8,3,1,1,1,binary,scored,
rubric10-semantic,E1.2,Dataset Discovery and Identification,Dataset Title and Description Completeness,AI_READI,v7,1,1,1,1,binary,scored,no
rubric10-semantic,E1.2,Dataset Discovery and Identification,Dataset Title and Description Completeness,AI_READI,v7,2,1,1,1,binary,scored,
rubric10-semantic,E1.2,Dataset Discovery and Identification,Dataset Title and Description Completeness,AI_READI,v7,3,1,1,1,binary,scored,
rubric10-semantic,E1.2,Dataset Discovery and Identification,Dataset Title and Description Completeness,AI_READI,v8,1,1,1,1,binary,scored,
rubric10-semantic,E1.2,Dataset Discovery and Identification,Dataset Title and Description Completeness,AI_READI,v8,2,1,1,1,binary,scored,
rubric10-semantic,E1.2,Dataset Discovery and Identification,Dataset Title and Description Completeness,AI_READI,v8,3,1,1,1,binary,scored,
rubric10-semantic,E1.2,Dataset Discovery and Identification,Dataset Title and Description Completeness,CHORUS,v7,1,1,1,1,binary,scored,no
rubric10-semantic,E1.2,Dataset Discovery and Identification,Dataset Title and Description Completeness,CHORUS,v7,2,1,1,1,binary,scored,
rubric10-semantic,E1.2,Dataset Discovery and Identification,Dataset Title and Description Completeness,CHORUS,v7,3,1,1,1,binary,scored,
rubric10-semantic,E1.2,Dataset Discovery and Identification,Dataset Title and Description Completeness,CHORUS,v8,1,1,1,1,binary,scored,
rubric10-semantic,E1.2,Dataset Discovery and Identification,Dataset Title and Description Completeness,CHORUS,v8,2,1,1,1,binary,scored,
rubric10-semantic,E1.2,Dataset Discovery and Identification,Dataset Title and Description Completeness,CHORUS,v8,3,1,1,1,binary,scored,
rubric10-semantic,E1.2,Dataset Discovery and Identification,Dataset Title and Description Completeness,CM4AI,v7,1,1,1,1,binary,scored,no
rubric10-semantic,E1.2,Dataset Discovery and Identification,Dataset Title and Description Completeness,CM4AI,v7,2,1,1,1,binary,scored,
rubric10-semantic,E1.2,Dataset Discovery and Identification,Dataset Title and Description Completeness,CM4AI,v7,3,1,1,1,binary,scored,
rubric10-semantic,E1.2,Dataset Discovery and Identification,Dataset Title and Description Completeness,CM4AI,v8,1,1,1,1,binary,scored,
rubric10-semantic,E1.2,Dataset Discovery and Identification,Dataset Title and Description Completeness,CM4AI,v8,2,1,1,1,binary,scored,
rubric10-semantic,E1.2,Dataset Discovery and Identification,Dataset Title and Description Completeness,CM4AI,v8,3,1,1,1,binary,scored,
rubric10-semantic,E1.2,Dataset Discovery and Identification,Dataset Title and Description Completeness,VOICE,v7,1,1,1,1,binary,scored,no
rubric10-semantic,E1.2,Dataset Discovery and Identification,Dataset Title and Description Completeness,VOICE,v7,2,1,1,1,binary,scored,
rubric10-semantic,E1.2,Dataset Discovery and Identification,Dataset Title and Description Completeness,VOICE,v7,3,1,1,1,binary,scored,
rubric10-semantic,E1.2,Dataset Discovery and Identification,Dataset Title and Description Completeness,VOICE,v8,1,1,1,1,binary,scored,
rubric10-semantic,E1.2,Dataset Discovery and Identification,Dataset Title and Description Completeness,VOICE,v8,2,1,1,1,binary,scored,
rubric10-semantic,E1.2,Dataset Discovery and Identification,Dataset Title and Description Completeness,VOICE,v8,3,1,1,1,binary,scored,
rubric10-semantic,E1.3,Dataset Discovery and Identification,Keywords or Tags for Searchability,AI_READI,v7,1,1,1,1,binary,scored,no
rubric10-semantic,E1.3,Dataset Discovery and Identification,Keywords or Tags for Searchability,AI_READI,v7,2,1,1,1,binary,scored,
rubric10-semantic,E1.3,Dataset Discovery and Identification,Keywords or Tags for Searchability,AI_READI,v7,3,1,1,1,binary,scored,
rubric10-semantic,E1.3,Dataset Discovery and Identification,Keywords or Tags for Searchability,AI_READI,v8,1,1,1,1,binary,scored,
rubric10-semantic,E1.3,Dataset Discovery and Identification,Keywords or Tags for Searchability,AI_READI,v8,2,1,1,1,binary,scored,
rubric10-semantic,E1.3,Dataset Discovery and Identification,Keywords or Tags for Searchability,AI_READI,v8,3,1,1,1,binary,scored,
rubric10-semantic,E1.3,Dataset Discovery and Identification,Keywords or Tags for Searchability,CHORUS,v7,1,1,1,1,binary,scored,no
rubric10-semantic,E1.3,Dataset Discovery and Identification,Keywords or Tags for Searchability,CHORUS,v7,2,1,1,1,binary,scored,
rubric10-semantic,E1.3,Dataset Discovery and Identification,Keywords or Tags for Searchability,CHORUS,v7,3,1,1,1,binary,scored,
rubric10-semantic,E1.3,Dataset Discovery and Identification,Keywords or Tags for Searchability,CHORUS,v8,1,1,1,1,binary,scored,
rubric10-semantic,E1.3,Dataset Discovery and Identification,Keywords or Tags for Searchability,CHORUS,v8,2,1,1,1,binary,scored,
rubric10-semantic,E1.3,Dataset Discovery and Identification,Keywords or Tags for Searchability,CHORUS,v8,3,1,1,1,binary,scored,
rubric10-semantic,E1.3,Dataset Discovery and Identification,Keywords or Tags for Searchability,CM4AI,v7,1,1,1,1,binary,scored,no
rubric10-semantic,E1.3,Dataset Discovery and Identification,Keywords or Tags for Searchability,CM4AI,v7,2,1,1,1,binary,scored,
rubric10-semantic,E1.3,Dataset Discovery and Identification,Keywords or Tags for Searchability,CM4AI,v7,3,1,1,1,binary,scored,
rubric10-semantic,E1.3,Dataset Discovery and Identification,Keywords or Tags for Searchability,CM4AI,v8,1,1,1,1,binary,scored,
rubric10-semantic,E1.3,Dataset Discovery and Identification,Keywords or Tags for Searchability,CM4AI,v8,2,1,1,1,binary,scored,
rubric10-semantic,E1.3,Dataset Discovery and Identification,Keywords or Tags for Searchability,CM4AI,v8,3,1,1,1,binary,scored,
rubric10-semantic,E1.3,Dataset Discovery and Identification,Keywords or Tags for Searchability,VOICE,v7,1,1,0,1,binary,scored,no
rubric10-semantic,E1.3,Dataset Discovery and Identification,Keywords or Tags for Searchability,VOICE,v7,2,1,0,1,binary,scored,
rubric10-semantic,E1.3,Dataset Discovery and Identification,Keywords or Tags for Searchability,VOICE,v7,3,1,0,1,binary,scored,
rubric10-semantic,E1.3,Dataset Discovery and Identification,Keywords or Tags for Searchability,VOICE,v8,1,1,0,1,binary,scored,
rubric10-semantic,E1.3,Dataset Discovery and Identification,Keywords or Tags for Searchability,VOICE,v8,2,1,0,1,binary,scored,
rubric10-semantic,E1.3,Dataset Discovery and Identification,Keywords or Tags for Searchability,VOICE,v8,3,1,0,1,binary,scored,
rubric10-semantic,E1.4,Dataset Discovery and Identification,"Landing Page and Resources (page, hierarchical resources)",AI_READI,v7,1,1,1,1,binary,scored,no
rubric10-semantic,E1.4,Dataset Discovery and Identification,"Landing Page and Resources (page, hierarchical resources)",AI_READI,v7,2,1,1,1,binary,scored,
rubric10-semantic,E1.4,Dataset Discovery and Identification,"Landing Page and Resources (page, hierarchical resources)",AI_READI,v7,3,1,1,1,binary,scored,
rubric10-semantic,E1.4,Dataset Discovery and Identification,"Landing Page and Resources (page, hierarchical resources)",AI_READI,v8,1,1,1,1,binary,scored,
rubric10-semantic,E1.4,Dataset Discovery and Identification,"Landing Page and Resources (page, hierarchical resources)",AI_READI,v8,2,1,1,1,binary,scored,
rubric10-semantic,E1.4,Dataset Discovery and Identification,"Landing Page and Resources (page, hierarchical resources)",AI_READI,v8,3,1,1,1,binary,scored,
rubric10-semantic,E1.4,Dataset Discovery and Identification,"Landing Page and Resources (page, hierarchical resources)",CHORUS,v7,1,1,1,1,binary,scored,no
rubric10-semantic,E1.4,Dataset Discovery and Identification,"Landing Page and Resources (page, hierarchical resources)",CHORUS,v7,2,1,1,1,binary,scored,
rubric10-semantic,E1.4,Dataset Discovery and Identification,"Landing Page and Resources (page, hierarchical resources)",CHORUS,v7,3,1,1,1,binary,scored,
rubric10-semantic,E1.4,Dataset Discovery and Identification,"Landing Page and Resources (page, hierarchical resources)",CHORUS,v8,1,1,1,1,binary,scored,
rubric10-semantic,E1.4,Dataset Discovery and Identification,"Landing Page and Resources (page, hierarchical resources)",CHORUS,v8,2,1,1,1,binary,scored,
rubric10-semantic,E1.4,Dataset Discovery and Identification,"Landing Page and Resources (page, hierarchical resources)",CHORUS,v8,3,1,1,1,binary,scored,
rubric10-semantic,E1.4,Dataset Discovery and Identification,"Landing Page and Resources (page, hierarchical resources)",CM4AI,v7,1,1,1,1,binary,scored,no
rubric10-semantic,E1.4,Dataset Discovery and Identification,"Landing Page and Resources (page, hierarchical resources)",CM4AI,v7,2,1,1,1,binary,scored,
rubric10-semantic,E1.4,Dataset Discovery and Identification,"Landing Page and Resources (page, hierarchical resources)",CM4AI,v7,3,1,1,1,binary,scored,
rubric10-semantic,E1.4,Dataset Discovery and Identification,"Landing Page and Resources (page, hierarchical resources)",CM4AI,v8,1,1,1,1,binary,scored,
rubric10-semantic,E1.4,Dataset Discovery and Identification,"Landing Page and Resources (page, hierarchical resources)",CM4AI,v8,2,1,1,1,binary,scored,
rubric10-semantic,E1.4,Dataset Discovery and Identification,"Landing Page and Resources (page, hierarchical resources)",CM4AI,v8,3,1,1,1,binary,scored,
rubric10-semantic,E1.4,Dataset Discovery and Identification,"Landing Page and Resources (page, hierarchical resources)",VOICE,v7,1,1,1,1,binary,scored,no
rubric10-semantic,E1.4,Dataset Discovery and Identification,"Landing Page and Resources (page, hierarchical resources)",VOICE,v7,2,1,1,1,binary,scored,
rubric10-semantic,E1.4,Dataset Discovery and Identification,"Landing Page and Resources (page, hierarchical resources)",VOICE,v7,3,1,1,1,binary,scored,
rubric10-semantic,E1.4,Dataset Discovery and Identification,"Landing Page and Resources (page, hierarchical resources)",VOICE,v8,1,1,1,1,binary,scored,
rubric10-semantic,E1.4,Dataset Discovery and Identification,"Landing Page and Resources (page, hierarchical resources)",VOICE,v8,2,1,1,1,binary,scored,
rubric10-semantic,E1.4,Dataset Discovery and Identification,"Landing Page and Resources (page, hierarchical resources)",VOICE,v8,3,1,1,1,binary,scored,
rubric10-semantic,E1.5,Dataset Discovery and Identification,"Hierarchical Structure (parent datasets, relationships)",AI_READI,v7,1,1,1,1,binary,scored,no
rubric10-semantic,E1.5,Dataset Discovery and Identification,"Hierarchical Structure (parent datasets, relationships)",AI_READI,v7,2,1,1,1,binary,scored,
rubric10-semantic,E1.5,Dataset Discovery and Identification,"Hierarchical Structure (parent datasets, relationships)",AI_READI,v7,3,1,1,1,binary,scored,
rubric10-semantic,E1.5,Dataset Discovery and Identification,"Hierarchical Structure (parent datasets, relationships)",AI_READI,v8,1,1,1,1,binary,scored,
rubric10-semantic,E1.5,Dataset Discovery and Identification,"Hierarchical Structure (parent datasets, relationships)",AI_READI,v8,2,1,1,1,binary,scored,
rubric10-semantic,E1.5,Dataset Discovery and Identification,"Hierarchical Structure (parent datasets, relationships)",AI_READI,v8,3,1,1,1,binary,scored,
rubric10-semantic,E1.5,Dataset Discovery and Identification,"Hierarchical Structure (parent datasets, relationships)",CHORUS,v7,1,1,0,1,binary,scored,no
rubric10-semantic,E1.5,Dataset Discovery and Identification,"Hierarchical Structure (parent datasets, relationships)",CHORUS,v7,2,1,0,1,binary,scored,
rubric10-semantic,E1.5,Dataset Discovery and Identification,"Hierarchical Structure (parent datasets, relationships)",CHORUS,v7,3,1,0,1,binary,scored,
rubric10-semantic,E1.5,Dataset Discovery and Identification,"Hierarchical Structure (parent datasets, relationships)",CHORUS,v8,1,1,0,1,binary,scored,
rubric10-semantic,E1.5,Dataset Discovery and Identification,"Hierarchical Structure (parent datasets, relationships)",CHORUS,v8,2,1,0,1,binary,scored,
rubric10-semantic,E1.5,Dataset Discovery and Identification,"Hierarchical Structure (parent datasets, relationships)",CHORUS,v8,3,1,0,1,binary,scored,
rubric10-semantic,E1.5,Dataset Discovery and Identification,"Hierarchical Structure (parent datasets, relationships)",CM4AI,v7,1,1,1,1,binary,scored,no
rubric10-semantic,E1.5,Dataset Discovery and Identification,"Hierarchical Structure (parent datasets, relationships)",CM4AI,v7,2,1,1,1,binary,scored,
rubric10-semantic,E1.5,Dataset Discovery and Identification,"Hierarchical Structure (parent datasets, relationships)",CM4AI,v7,3,1,1,1,binary,scored,
rubric10-semantic,E1.5,Dataset Discovery and Identification,"Hierarchical Structure (parent datasets, relationships)",CM4AI,v8,1,1,1,1,binary,scored,
rubric10-semantic,E1.5,Dataset Discovery and Identification,"Hierarchical Structure (parent datasets, relationships)",CM4AI,v8,2,1,1,1,binary,scored,
rubric10-semantic,E1.5,Dataset Discovery and Identification,"Hierarchical Structure (parent datasets, relationships)",CM4AI,v8,3,1,1,1,binary,scored,
rubric10-semantic,E1.5,Dataset Discovery and Identification,"Hierarchical Structure (parent datasets, relationships)",VOICE,v7,1,1,1,1,binary,scored,no
rubric10-semantic,E1.5,Dataset Discovery and Identification,"Hierarchical Structure (parent datasets, relationships)",VOICE,v7,2,1,1,1,binary,scored,
rubric10-semantic,E1.5,Dataset Discovery and Identification,"Hierarchical Structure (parent datasets, relationships)",VOICE,v7,3,1,1,1,binary,scored,
rubric10-semantic,E1.5,Dataset Discovery and Identification,"Hierarchical Structure (parent datasets, relationships)",VOICE,v8,1,1,1,1,binary,scored,
rubric10-semantic,E1.5,Dataset Discovery and Identification,"Hierarchical Structure (parent datasets, relationships)",VOICE,v8,2,1,1,1,binary,scored,
rubric10-semantic,E1.5,Dataset Discovery and Identification,"Hierarchical Structure (parent datasets, relationships)",VOICE,v8,3,1,1,1,binary,scored,
rubric10-semantic,E2.1,Dataset Access and Retrieval,Access Policy and IP Restrictions Defined,AI_READI,v7,1,1,1,1,binary,scored,no
rubric10-semantic,E2.1,Dataset Access and Retrieval,Access Policy and IP Restrictions Defined,AI_READI,v7,2,1,1,1,binary,scored,
rubric10-semantic,E2.1,Dataset Access and Retrieval,Access Policy and IP Restrictions Defined,AI_READI,v7,3,1,1,1,binary,scored,
rubric10-semantic,E2.1,Dataset Access and Retrieval,Access Policy and IP Restrictions Defined,AI_READI,v8,1,1,1,1,binary,scored,
rubric10-semantic,E2.1,Dataset Access and Retrieval,Access Policy and IP Restrictions Defined,AI_READI,v8,2,1,1,1,binary,scored,
rubric10-semantic,E2.1,Dataset Access and Retrieval,Access Policy and IP Restrictions Defined,AI_READI,v8,3,1,1,1,binary,scored,
rubric10-semantic,E2.1,Dataset Access and Retrieval,Access Policy and IP Restrictions Defined,CHORUS,v7,1,1,1,1,binary,scored,no
rubric10-semantic,E2.1,Dataset Access and Retrieval,Access Policy and IP Restrictions Defined,CHORUS,v7,2,1,1,1,binary,scored,
rubric10-semantic,E2.1,Dataset Access and Retrieval,Access Policy and IP Restrictions Defined,CHORUS,v7,3,1,1,1,binary,scored,
rubric10-semantic,E2.1,Dataset Access and Retrieval,Access Policy and IP Restrictions Defined,CHORUS,v8,1,1,1,1,binary,scored,
rubric10-semantic,E2.1,Dataset Access and Retrieval,Access Policy and IP Restrictions Defined,CHORUS,v8,2,1,1,1,binary,scored,
rubric10-semantic,E2.1,Dataset Access and Retrieval,Access Policy and IP Restrictions Defined,CHORUS,v8,3,1,1,1,binary,scored,
rubric10-semantic,E2.1,Dataset Access and Retrieval,Access Policy and IP Restrictions Defined,CM4AI,v7,1,1,1,1,binary,scored,no
rubric10-semantic,E2.1,Dataset Access and Retrieval,Access Policy and IP Restrictions Defined,CM4AI,v7,2,1,1,1,binary,scored,
rubric10-semantic,E2.1,Dataset Access and Retrieval,Access Policy and IP Restrictions Defined,CM4AI,v7,3,1,1,1,binary,scored,
rubric10-semantic,E2.1,Dataset Access and Retrieval,Access Policy and IP Restrictions Defined,CM4AI,v8,1,1,1,1,binary,scored,
rubric10-semantic,E2.1,Dataset Access and Retrieval,Access Policy and IP Restrictions Defined,CM4AI,v8,2,1,1,1,binary,scored,
rubric10-semantic,E2.1,Dataset Access and Retrieval,Access Policy and IP Restrictions Defined,CM4AI,v8,3,1,1,1,binary,scored,
rubric10-semantic,E2.1,Dataset Access and Retrieval,Access Policy and IP Restrictions Defined,VOICE,v7,1,1,1,1,binary,scored,no
rubric10-semantic,E2.1,Dataset Access and Retrieval,Access Policy and IP Restrictions Defined,VOICE,v7,2,1,1,1,binary,scored,
rubric10-semantic,E2.1,Dataset Access and Retrieval,Access Policy and IP Restrictions Defined,VOICE,v7,3,1,1,1,binary,scored,
rubric10-semantic,E2.1,Dataset Access and Retrieval,Access Policy and IP Restrictions Defined,VOICE,v8,1,1,1,1,binary,scored,
rubric10-semantic,E2.1,Dataset Access and Retrieval,Access Policy and IP Restrictions Defined,VOICE,v8,2,1,1,1,binary,scored,
rubric10-semantic,E2.1,Dataset Access and Retrieval,Access Policy and IP Restrictions Defined,VOICE,v8,3,1,1,1,binary,scored,
rubric10-semantic,E2.2,Dataset Access and Retrieval,Regulatory Compliance and Confidentiality Classification,AI_READI,v7,1,1,1,1,binary,scored,no
rubric10-semantic,E2.2,Dataset Access and Retrieval,Regulatory Compliance and Confidentiality Classification,AI_READI,v7,2,1,1,1,binary,scored,
rubric10-semantic,E2.2,Dataset Access and Retrieval,Regulatory Compliance and Confidentiality Classification,AI_READI,v7,3,1,1,1,binary,scored,
rubric10-semantic,E2.2,Dataset Access and Retrieval,Regulatory Compliance and Confidentiality Classification,AI_READI,v8,1,1,1,1,binary,scored,
rubric10-semantic,E2.2,Dataset Access and Retrieval,Regulatory Compliance and Confidentiality Classification,AI_READI,v8,2,1,1,1,binary,scored,
rubric10-semantic,E2.2,Dataset Access and Retrieval,Regulatory Compliance and Confidentiality Classification,AI_READI,v8,3,1,1,1,binary,scored,
rubric10-semantic,E2.2,Dataset Access and Retrieval,Regulatory Compliance and Confidentiality Classification,CHORUS,v7,1,1,1,1,binary,scored,no
rubric10-semantic,E2.2,Dataset Access and Retrieval,Regulatory Compliance and Confidentiality Classification,CHORUS,v7,2,1,1,1,binary,scored,
rubric10-semantic,E2.2,Dataset Access and Retrieval,Regulatory Compliance and Confidentiality Classification,CHORUS,v7,3,1,1,1,binary,scored,
rubric10-semantic,E2.2,Dataset Access and Retrieval,Regulatory Compliance and Confidentiality Classification,CHORUS,v8,1,1,1,1,binary,scored,
rubric10-semantic,E2.2,Dataset Access and Retrieval,Regulatory Compliance and Confidentiality Classification,CHORUS,v8,2,1,1,1,binary,scored,
rubric10-semantic,E2.2,Dataset Access and Retrieval,Regulatory Compliance and Confidentiality Classification,CHORUS,v8,3,1,1,1,binary,scored,
rubric10-semantic,E2.2,Dataset Access and Retrieval,Regulatory Compliance and Confidentiality Classification,CM4AI,v7,1,1,1,1,binary,scored,no
rubric10-semantic,E2.2,Dataset Access and Retrieval,Regulatory Compliance and Confidentiality Classification,CM4AI,v7,2,1,1,1,binary,scored,
rubric10-semantic,E2.2,Dataset Access and Retrieval,Regulatory Compliance and Confidentiality Classification,CM4AI,v7,3,1,1,1,binary,scored,
rubric10-semantic,E2.2,Dataset Access and Retrieval,Regulatory Compliance and Confidentiality Classification,CM4AI,v8,1,1,1,1,binary,scored,
rubric10-semantic,E2.2,Dataset Access and Retrieval,Regulatory Compliance and Confidentiality Classification,CM4AI,v8,2,1,1,1,binary,scored,
rubric10-semantic,E2.2,Dataset Access and Retrieval,Regulatory Compliance and Confidentiality Classification,CM4AI,v8,3,1,1,1,binary,scored,
rubric10-semantic,E2.2,Dataset Access and Retrieval,Regulatory Compliance and Confidentiality Classification,VOICE,v7,1,1,1,1,binary,scored,no
rubric10-semantic,E2.2,Dataset Access and Retrieval,Regulatory Compliance and Confidentiality Classification,VOICE,v7,2,1,1,1,binary,scored,
rubric10-semantic,E2.2,Dataset Access and Retrieval,Regulatory Compliance and Confidentiality Classification,VOICE,v7,3,1,1,1,binary,scored,
rubric10-semantic,E2.2,Dataset Access and Retrieval,Regulatory Compliance and Confidentiality Classification,VOICE,v8,1,1,1,1,binary,scored,
rubric10-semantic,E2.2,Dataset Access and Retrieval,Regulatory Compliance and Confidentiality Classification,VOICE,v8,2,1,1,1,binary,scored,
rubric10-semantic,E2.2,Dataset Access and Retrieval,Regulatory Compliance and Confidentiality Classification,VOICE,v8,3,1,1,1,binary,scored,
rubric10-semantic,E2.3,Dataset Access and Retrieval,Download URL or Platform Link Available,AI_READI,v7,1,1,1,1,binary,scored,no
rubric10-semantic,E2.3,Dataset Access and Retrieval,Download URL or Platform Link Available,AI_READI,v7,2,1,1,1,binary,scored,
rubric10-semantic,E2.3,Dataset Access and Retrieval,Download URL or Platform Link Available,AI_READI,v7,3,1,1,1,binary,scored,
rubric10-semantic,E2.3,Dataset Access and Retrieval,Download URL or Platform Link Available,AI_READI,v8,1,1,1,1,binary,scored,
rubric10-semantic,E2.3,Dataset Access and Retrieval,Download URL or Platform Link Available,AI_READI,v8,2,1,1,1,binary,scored,
rubric10-semantic,E2.3,Dataset Access and Retrieval,Download URL or Platform Link Available,AI_READI,v8,3,1,1,1,binary,scored,
rubric10-semantic,E2.3,Dataset Access and Retrieval,Download URL or Platform Link Available,CHORUS,v7,1,1,0,1,binary,scored,yes
rubric10-semantic,E2.3,Dataset Access and Retrieval,Download URL or Platform Link Available,CHORUS,v7,2,1,0,1,binary,scored,
rubric10-semantic,E2.3,Dataset Access and Retrieval,Download URL or Platform Link Available,CHORUS,v7,3,1,0,1,binary,scored,
rubric10-semantic,E2.3,Dataset Access and Retrieval,Download URL or Platform Link Available,CHORUS,v8,1,1,0,1,binary,scored,
rubric10-semantic,E2.3,Dataset Access and Retrieval,Download URL or Platform Link Available,CHORUS,v8,2,1,0,1,binary,scored,
rubric10-semantic,E2.3,Dataset Access and Retrieval,Download URL or Platform Link Available,CHORUS,v8,3,1,0,1,binary,scored,
rubric10-semantic,E2.3,Dataset Access and Retrieval,Download URL or Platform Link Available,CM4AI,v7,1,1,1,1,binary,scored,no
rubric10-semantic,E2.3,Dataset Access and Retrieval,Download URL or Platform Link Available,CM4AI,v7,2,1,1,1,binary,scored,
rubric10-semantic,E2.3,Dataset Access and Retrieval,Download URL or Platform Link Available,CM4AI,v7,3,1,1,1,binary,scored,
rubric10-semantic,E2.3,Dataset Access and Retrieval,Download URL or Platform Link Available,CM4AI,v8,1,1,1,1,binary,scored,
rubric10-semantic,E2.3,Dataset Access and Retrieval,Download URL or Platform Link Available,CM4AI,v8,2,1,1,1,binary,scored,
rubric10-semantic,E2.3,Dataset Access and Retrieval,Download URL or Platform Link Available,CM4AI,v8,3,1,1,1,binary,scored,
rubric10-semantic,E2.3,Dataset Access and Retrieval,Download URL or Platform Link Available,VOICE,v7,1,1,1,1,binary,scored,no
rubric10-semantic,E2.3,Dataset Access and Retrieval,Download URL or Platform Link Available,VOICE,v7,2,1,1,1,binary,scored,
rubric10-semantic,E2.3,Dataset Access and Retrieval,Download URL or Platform Link Available,VOICE,v7,3,1,1,1,binary,scored,
rubric10-semantic,E2.3,Dataset Access and Retrieval,Download URL or Platform Link Available,VOICE,v8,1,1,1,1,binary,scored,
rubric10-semantic,E2.3,Dataset Access and Retrieval,Download URL or Platform Link Available,VOICE,v8,2,1,1,1,binary,scored,
rubric10-semantic,E2.3,Dataset Access and Retrieval,Download URL or Platform Link Available,VOICE,v8,3,1,1,1,binary,scored,
rubric10-semantic,E2.4,Dataset Access and Retrieval,Distribution Formats and File Types Specified,AI_READI,v7,1,1,1,1,binary,scored,no
rubric10-semantic,E2.4,Dataset Access and Retrieval,Distribution Formats and File Types Specified,AI_READI,v7,2,1,1,1,binary,scored,
rubric10-semantic,E2.4,Dataset Access and Retrieval,Distribution Formats and File Types Specified,AI_READI,v7,3,1,1,1,binary,scored,
rubric10-semantic,E2.4,Dataset Access and Retrieval,Distribution Formats and File Types Specified,AI_READI,v8,1,1,1,1,binary,scored,
rubric10-semantic,E2.4,Dataset Access and Retrieval,Distribution Formats and File Types Specified,AI_READI,v8,2,1,1,1,binary,scored,
rubric10-semantic,E2.4,Dataset Access and Retrieval,Distribution Formats and File Types Specified,AI_READI,v8,3,1,1,1,binary,scored,
rubric10-semantic,E2.4,Dataset Access and Retrieval,Distribution Formats and File Types Specified,CHORUS,v7,1,1,1,1,binary,scored,no
rubric10-semantic,E2.4,Dataset Access and Retrieval,Distribution Formats and File Types Specified,CHORUS,v7,2,1,1,1,binary,scored,
rubric10-semantic,E2.4,Dataset Access and Retrieval,Distribution Formats and File Types Specified,CHORUS,v7,3,1,1,1,binary,scored,
rubric10-semantic,E2.4,Dataset Access and Retrieval,Distribution Formats and File Types Specified,CHORUS,v8,1,1,1,1,binary,scored,
rubric10-semantic,E2.4,Dataset Access and Retrieval,Distribution Formats and File Types Specified,CHORUS,v8,2,1,1,1,binary,scored,
rubric10-semantic,E2.4,Dataset Access and Retrieval,Distribution Formats and File Types Specified,CHORUS,v8,3,1,1,1,binary,scored,
rubric10-semantic,E2.4,Dataset Access and Retrieval,Distribution Formats and File Types Specified,CM4AI,v7,1,1,1,1,binary,scored,no
rubric10-semantic,E2.4,Dataset Access and Retrieval,Distribution Formats and File Types Specified,CM4AI,v7,2,1,1,1,binary,scored,
rubric10-semantic,E2.4,Dataset Access and Retrieval,Distribution Formats and File Types Specified,CM4AI,v7,3,1,1,1,binary,scored,
rubric10-semantic,E2.4,Dataset Access and Retrieval,Distribution Formats and File Types Specified,CM4AI,v8,1,1,1,1,binary,scored,
rubric10-semantic,E2.4,Dataset Access and Retrieval,Distribution Formats and File Types Specified,CM4AI,v8,2,1,1,1,binary,scored,
rubric10-semantic,E2.4,Dataset Access and Retrieval,Distribution Formats and File Types Specified,CM4AI,v8,3,1,1,1,binary,scored,
rubric10-semantic,E2.4,Dataset Access and Retrieval,Distribution Formats and File Types Specified,VOICE,v7,1,1,1,1,binary,scored,no
rubric10-semantic,E2.4,Dataset Access and Retrieval,Distribution Formats and File Types Specified,VOICE,v7,2,1,1,1,binary,scored,
rubric10-semantic,E2.4,Dataset Access and Retrieval,Distribution Formats and File Types Specified,VOICE,v7,3,1,1,1,binary,scored,
rubric10-semantic,E2.4,Dataset Access and Retrieval,Distribution Formats and File Types Specified,VOICE,v8,1,1,1,1,binary,scored,
rubric10-semantic,E2.4,Dataset Access and Retrieval,Distribution Formats and File Types Specified,VOICE,v8,2,1,1,1,binary,scored,
rubric10-semantic,E2.4,Dataset Access and Retrieval,Distribution Formats and File Types Specified,VOICE,v8,3,1,1,1,binary,scored,
rubric10-semantic,E2.5,Dataset Access and Retrieval,Related Datasets and External Resources Linked,AI_READI,v7,1,1,1,1,binary,scored,no
rubric10-semantic,E2.5,Dataset Access and Retrieval,Related Datasets and External Resources Linked,AI_READI,v7,2,1,1,1,binary,scored,
rubric10-semantic,E2.5,Dataset Access and Retrieval,Related Datasets and External Resources Linked,AI_READI,v7,3,1,1,1,binary,scored,
rubric10-semantic,E2.5,Dataset Access and Retrieval,Related Datasets and External Resources Linked,AI_READI,v8,1,1,1,1,binary,scored,
rubric10-semantic,E2.5,Dataset Access and Retrieval,Related Datasets and External Resources Linked,AI_READI,v8,2,1,1,1,binary,scored,
rubric10-semantic,E2.5,Dataset Access and Retrieval,Related Datasets and External Resources Linked,AI_READI,v8,3,1,1,1,binary,scored,
rubric10-semantic,E2.5,Dataset Access and Retrieval,Related Datasets and External Resources Linked,CHORUS,v7,1,1,1,1,binary,scored,no
rubric10-semantic,E2.5,Dataset Access and Retrieval,Related Datasets and External Resources Linked,CHORUS,v7,2,1,1,1,binary,scored,
rubric10-semantic,E2.5,Dataset Access and Retrieval,Related Datasets and External Resources Linked,CHORUS,v7,3,1,1,1,binary,scored,
rubric10-semantic,E2.5,Dataset Access and Retrieval,Related Datasets and External Resources Linked,CHORUS,v8,1,1,1,1,binary,scored,
rubric10-semantic,E2.5,Dataset Access and Retrieval,Related Datasets and External Resources Linked,CHORUS,v8,2,1,1,1,binary,scored,
rubric10-semantic,E2.5,Dataset Access and Retrieval,Related Datasets and External Resources Linked,CHORUS,v8,3,1,1,1,binary,scored,
rubric10-semantic,E2.5,Dataset Access and Retrieval,Related Datasets and External Resources Linked,CM4AI,v7,1,1,1,1,binary,scored,no
rubric10-semantic,E2.5,Dataset Access and Retrieval,Related Datasets and External Resources Linked,CM4AI,v7,2,1,1,1,binary,scored,
rubric10-semantic,E2.5,Dataset Access and Retrieval,Related Datasets and External Resources Linked,CM4AI,v7,3,1,1,1,binary,scored,
rubric10-semantic,E2.5,Dataset Access and Retrieval,Related Datasets and External Resources Linked,CM4AI,v8,1,1,1,1,binary,scored,
rubric10-semantic,E2.5,Dataset Access and Retrieval,Related Datasets and External Resources Linked,CM4AI,v8,2,1,1,1,binary,scored,
rubric10-semantic,E2.5,Dataset Access and Retrieval,Related Datasets and External Resources Linked,CM4AI,v8,3,1,1,1,binary,scored,
rubric10-semantic,E2.5,Dataset Access and Retrieval,Related Datasets and External Resources Linked,VOICE,v7,1,1,1,1,binary,scored,no
rubric10-semantic,E2.5,Dataset Access and Retrieval,Related Datasets and External Resources Linked,VOICE,v7,2,1,1,1,binary,scored,
rubric10-semantic,E2.5,Dataset Access and Retrieval,Related Datasets and External Resources Linked,VOICE,v7,3,1,1,1,binary,scored,
rubric10-semantic,E2.5,Dataset Access and Retrieval,Related Datasets and External Resources Linked,VOICE,v8,1,1,1,1,binary,scored,
rubric10-semantic,E2.5,Dataset Access and Retrieval,Related Datasets and External Resources Linked,VOICE,v8,2,1,1,1,binary,scored,
rubric10-semantic,E2.5,Dataset Access and Retrieval,Related Datasets and External Resources Linked,VOICE,v8,3,1,1,1,binary,scored,
rubric10-semantic,E3.1,Data Reuse and Interoperability,License Terms Allow Reuse,AI_READI,v7,1,1,1,1,binary,scored,no
rubric10-semantic,E3.1,Data Reuse and Interoperability,License Terms Allow Reuse,AI_READI,v7,2,1,1,1,binary,scored,
rubric10-semantic,E3.1,Data Reuse and Interoperability,License Terms Allow Reuse,AI_READI,v7,3,1,1,1,binary,scored,
rubric10-semantic,E3.1,Data Reuse and Interoperability,License Terms Allow Reuse,AI_READI,v8,1,1,1,1,binary,scored,
rubric10-semantic,E3.1,Data Reuse and Interoperability,License Terms Allow Reuse,AI_READI,v8,2,1,1,1,binary,scored,
rubric10-semantic,E3.1,Data Reuse and Interoperability,License Terms Allow Reuse,AI_READI,v8,3,1,1,1,binary,scored,
rubric10-semantic,E3.1,Data Reuse and Interoperability,License Terms Allow Reuse,CHORUS,v7,1,1,1,1,binary,scored,yes
rubric10-semantic,E3.1,Data Reuse and Interoperability,License Terms Allow Reuse,CHORUS,v7,2,1,0,1,binary,scored,
rubric10-semantic,E3.1,Data Reuse and Interoperability,License Terms Allow Reuse,CHORUS,v7,3,1,0,1,binary,scored,
rubric10-semantic,E3.1,Data Reuse and Interoperability,License Terms Allow Reuse,CHORUS,v8,1,1,0,1,binary,scored,
rubric10-semantic,E3.1,Data Reuse and Interoperability,License Terms Allow Reuse,CHORUS,v8,2,1,1,1,binary,scored,
rubric10-semantic,E3.1,Data Reuse and Interoperability,License Terms Allow Reuse,CHORUS,v8,3,1,0,1,binary,scored,
rubric10-semantic,E3.1,Data Reuse and Interoperability,License Terms Allow Reuse,CM4AI,v7,1,1,1,1,binary,scored,no
rubric10-semantic,E3.1,Data Reuse and Interoperability,License Terms Allow Reuse,CM4AI,v7,2,1,1,1,binary,scored,
rubric10-semantic,E3.1,Data Reuse and Interoperability,License Terms Allow Reuse,CM4AI,v7,3,1,1,1,binary,scored,
rubric10-semantic,E3.1,Data Reuse and Interoperability,License Terms Allow Reuse,CM4AI,v8,1,1,1,1,binary,scored,
rubric10-semantic,E3.1,Data Reuse and Interoperability,License Terms Allow Reuse,CM4AI,v8,2,1,1,1,binary,scored,
rubric10-semantic,E3.1,Data Reuse and Interoperability,License Terms Allow Reuse,CM4AI,v8,3,1,1,1,binary,scored,
rubric10-semantic,E3.1,Data Reuse and Interoperability,License Terms Allow Reuse,VOICE,v7,1,1,1,1,binary,scored,no
rubric10-semantic,E3.1,Data Reuse and Interoperability,License Terms Allow Reuse,VOICE,v7,2,1,1,1,binary,scored,
rubric10-semantic,E3.1,Data Reuse and Interoperability,License Terms Allow Reuse,VOICE,v7,3,1,1,1,binary,scored,
rubric10-semantic,E3.1,Data Reuse and Interoperability,License Terms Allow Reuse,VOICE,v8,1,1,1,1,binary,scored,
rubric10-semantic,E3.1,Data Reuse and Interoperability,License Terms Allow Reuse,VOICE,v8,2,1,1,1,binary,scored,
rubric10-semantic,E3.1,Data Reuse and Interoperability,License Terms Allow Reuse,VOICE,v8,3,1,1,1,binary,scored,
rubric10-semantic,E3.2,Data Reuse and Interoperability,"Data Formats Are Standardized (encoding, format)",AI_READI,v7,1,1,1,1,binary,scored,no
rubric10-semantic,E3.2,Data Reuse and Interoperability,"Data Formats Are Standardized (encoding, format)",AI_READI,v7,2,1,1,1,binary,scored,
rubric10-semantic,E3.2,Data Reuse and Interoperability,"Data Formats Are Standardized (encoding, format)",AI_READI,v7,3,1,1,1,binary,scored,
rubric10-semantic,E3.2,Data Reuse and Interoperability,"Data Formats Are Standardized (encoding, format)",AI_READI,v8,1,1,1,1,binary,scored,
rubric10-semantic,E3.2,Data Reuse and Interoperability,"Data Formats Are Standardized (encoding, format)",AI_READI,v8,2,1,1,1,binary,scored,
rubric10-semantic,E3.2,Data Reuse and Interoperability,"Data Formats Are Standardized (encoding, format)",AI_READI,v8,3,1,1,1,binary,scored,
rubric10-semantic,E3.2,Data Reuse and Interoperability,"Data Formats Are Standardized (encoding, format)",CHORUS,v7,1,1,1,1,binary,scored,no
rubric10-semantic,E3.2,Data Reuse and Interoperability,"Data Formats Are Standardized (encoding, format)",CHORUS,v7,2,1,1,1,binary,scored,
rubric10-semantic,E3.2,Data Reuse and Interoperability,"Data Formats Are Standardized (encoding, format)",CHORUS,v7,3,1,1,1,binary,scored,
rubric10-semantic,E3.2,Data Reuse and Interoperability,"Data Formats Are Standardized (encoding, format)",CHORUS,v8,1,1,1,1,binary,scored,
rubric10-semantic,E3.2,Data Reuse and Interoperability,"Data Formats Are Standardized (encoding, format)",CHORUS,v8,2,1,1,1,binary,scored,
rubric10-semantic,E3.2,Data Reuse and Interoperability,"Data Formats Are Standardized (encoding, format)",CHORUS,v8,3,1,1,1,binary,scored,
rubric10-semantic,E3.2,Data Reuse and Interoperability,"Data Formats Are Standardized (encoding, format)",CM4AI,v7,1,1,1,1,binary,scored,no
rubric10-semantic,E3.2,Data Reuse and Interoperability,"Data Formats Are Standardized (encoding, format)",CM4AI,v7,2,1,1,1,binary,scored,
rubric10-semantic,E3.2,Data Reuse and Interoperability,"Data Formats Are Standardized (encoding, format)",CM4AI,v7,3,1,1,1,binary,scored,
rubric10-semantic,E3.2,Data Reuse and Interoperability,"Data Formats Are Standardized (encoding, format)",CM4AI,v8,1,1,0,1,binary,scored,
rubric10-semantic,E3.2,Data Reuse and Interoperability,"Data Formats Are Standardized (encoding, format)",CM4AI,v8,2,1,0,1,binary,scored,
rubric10-semantic,E3.2,Data Reuse and Interoperability,"Data Formats Are Standardized (encoding, format)",CM4AI,v8,3,1,0,1,binary,scored,
rubric10-semantic,E3.2,Data Reuse and Interoperability,"Data Formats Are Standardized (encoding, format)",VOICE,v7,1,1,1,1,binary,scored,no
rubric10-semantic,E3.2,Data Reuse and Interoperability,"Data Formats Are Standardized (encoding, format)",VOICE,v7,2,1,1,1,binary,scored,
rubric10-semantic,E3.2,Data Reuse and Interoperability,"Data Formats Are Standardized (encoding, format)",VOICE,v7,3,1,1,1,binary,scored,
rubric10-semantic,E3.2,Data Reuse and Interoperability,"Data Formats Are Standardized (encoding, format)",VOICE,v8,1,1,1,1,binary,scored,
rubric10-semantic,E3.2,Data Reuse and Interoperability,"Data Formats Are Standardized (encoding, format)",VOICE,v8,2,1,1,1,binary,scored,
rubric10-semantic,E3.2,Data Reuse and Interoperability,"Data Formats Are Standardized (encoding, format)",VOICE,v8,3,1,1,1,binary,scored,
rubric10-semantic,E3.3,Data Reuse and Interoperability,Schema or Ontology Conformance Stated,AI_READI,v7,1,1,1,1,binary,scored,no
rubric10-semantic,E3.3,Data Reuse and Interoperability,Schema or Ontology Conformance Stated,AI_READI,v7,2,1,1,1,binary,scored,
rubric10-semantic,E3.3,Data Reuse and Interoperability,Schema or Ontology Conformance Stated,AI_READI,v7,3,1,1,1,binary,scored,
rubric10-semantic,E3.3,Data Reuse and Interoperability,Schema or Ontology Conformance Stated,AI_READI,v8,1,1,1,1,binary,scored,
rubric10-semantic,E3.3,Data Reuse and Interoperability,Schema or Ontology Conformance Stated,AI_READI,v8,2,1,1,1,binary,scored,
rubric10-semantic,E3.3,Data Reuse and Interoperability,Schema or Ontology Conformance Stated,AI_READI,v8,3,1,1,1,binary,scored,
rubric10-semantic,E3.3,Data Reuse and Interoperability,Schema or Ontology Conformance Stated,CHORUS,v7,1,1,1,1,binary,scored,no
rubric10-semantic,E3.3,Data Reuse and Interoperability,Schema or Ontology Conformance Stated,CHORUS,v7,2,1,1,1,binary,scored,
rubric10-semantic,E3.3,Data Reuse and Interoperability,Schema or Ontology Conformance Stated,CHORUS,v7,3,1,1,1,binary,scored,
rubric10-semantic,E3.3,Data Reuse and Interoperability,Schema or Ontology Conformance Stated,CHORUS,v8,1,1,1,1,binary,scored,
rubric10-semantic,E3.3,Data Reuse and Interoperability,Schema or Ontology Conformance Stated,CHORUS,v8,2,1,1,1,binary,scored,
rubric10-semantic,E3.3,Data Reuse and Interoperability,Schema or Ontology Conformance Stated,CHORUS,v8,3,1,1,1,binary,scored,
rubric10-semantic,E3.3,Data Reuse and Interoperability,Schema or Ontology Conformance Stated,CM4AI,v7,1,1,1,1,binary,scored,no
rubric10-semantic,E3.3,Data Reuse and Interoperability,Schema or Ontology Conformance Stated,CM4AI,v7,2,1,1,1,binary,scored,
rubric10-semantic,E3.3,Data Reuse and Interoperability,Schema or Ontology Conformance Stated,CM4AI,v7,3,1,1,1,binary,scored,
rubric10-semantic,E3.3,Data Reuse and Interoperability,Schema or Ontology Conformance Stated,CM4AI,v8,1,1,1,1,binary,scored,
rubric10-semantic,E3.3,Data Reuse and Interoperability,Schema or Ontology Conformance Stated,CM4AI,v8,2,1,1,1,binary,scored,
rubric10-semantic,E3.3,Data Reuse and Interoperability,Schema or Ontology Conformance Stated,CM4AI,v8,3,1,1,1,binary,scored,
rubric10-semantic,E3.3,Data Reuse and Interoperability,Schema or Ontology Conformance Stated,VOICE,v7,1,1,1,1,binary,scored,no
rubric10-semantic,E3.3,Data Reuse and Interoperability,Schema or Ontology Conformance Stated,VOICE,v7,2,1,1,1,binary,scored,
rubric10-semantic,E3.3,Data Reuse and Interoperability,Schema or Ontology Conformance Stated,VOICE,v7,3,1,1,1,binary,scored,
rubric10-semantic,E3.3,Data Reuse and Interoperability,Schema or Ontology Conformance Stated,VOICE,v8,1,1,1,1,binary,scored,
rubric10-semantic,E3.3,Data Reuse and Interoperability,Schema or Ontology Conformance Stated,VOICE,v8,2,1,1,1,binary,scored,
rubric10-semantic,E3.3,Data Reuse and Interoperability,Schema or Ontology Conformance Stated,VOICE,v8,3,1,1,1,binary,scored,
rubric10-semantic,E3.4,Data Reuse and Interoperability,Variable Metadata with Identifiers Defined,AI_READI,v7,1,1,1,1,binary,scored,no
rubric10-semantic,E3.4,Data Reuse and Interoperability,Variable Metadata with Identifiers Defined,AI_READI,v7,2,1,1,1,binary,scored,
rubric10-semantic,E3.4,Data Reuse and Interoperability,Variable Metadata with Identifiers Defined,AI_READI,v7,3,1,1,1,binary,scored,
rubric10-semantic,E3.4,Data Reuse and Interoperability,Variable Metadata with Identifiers Defined,AI_READI,v8,1,1,1,1,binary,scored,
rubric10-semantic,E3.4,Data Reuse and Interoperability,Variable Metadata with Identifiers Defined,AI_READI,v8,2,1,1,1,binary,scored,
rubric10-semantic,E3.4,Data Reuse and Interoperability,Variable Metadata with Identifiers Defined,AI_READI,v8,3,1,1,1,binary,scored,
rubric10-semantic,E3.4,Data Reuse and Interoperability,Variable Metadata with Identifiers Defined,CHORUS,v7,1,1,0,1,binary,scored,no
rubric10-semantic,E3.4,Data Reuse and Interoperability,Variable Metadata with Identifiers Defined,CHORUS,v7,2,1,0,1,binary,scored,
rubric10-semantic,E3.4,Data Reuse and Interoperability,Variable Metadata with Identifiers Defined,CHORUS,v7,3,1,0,1,binary,scored,
rubric10-semantic,E3.4,Data Reuse and Interoperability,Variable Metadata with Identifiers Defined,CHORUS,v8,1,1,0,1,binary,scored,
rubric10-semantic,E3.4,Data Reuse and Interoperability,Variable Metadata with Identifiers Defined,CHORUS,v8,2,1,0,1,binary,scored,
rubric10-semantic,E3.4,Data Reuse and Interoperability,Variable Metadata with Identifiers Defined,CHORUS,v8,3,1,0,1,binary,scored,
rubric10-semantic,E3.4,Data Reuse and Interoperability,Variable Metadata with Identifiers Defined,CM4AI,v7,1,1,0,1,binary,scored,no
rubric10-semantic,E3.4,Data Reuse and Interoperability,Variable Metadata with Identifiers Defined,CM4AI,v7,2,1,0,1,binary,scored,
rubric10-semantic,E3.4,Data Reuse and Interoperability,Variable Metadata with Identifiers Defined,CM4AI,v7,3,1,0,1,binary,scored,
rubric10-semantic,E3.4,Data Reuse and Interoperability,Variable Metadata with Identifiers Defined,CM4AI,v8,1,1,0,1,binary,scored,
rubric10-semantic,E3.4,Data Reuse and Interoperability,Variable Metadata with Identifiers Defined,CM4AI,v8,2,1,0,1,binary,scored,
rubric10-semantic,E3.4,Data Reuse and Interoperability,Variable Metadata with Identifiers Defined,CM4AI,v8,3,1,0,1,binary,scored,
rubric10-semantic,E3.4,Data Reuse and Interoperability,Variable Metadata with Identifiers Defined,VOICE,v7,1,1,1,1,binary,scored,no
rubric10-semantic,E3.4,Data Reuse and Interoperability,Variable Metadata with Identifiers Defined,VOICE,v7,2,1,1,1,binary,scored,
rubric10-semantic,E3.4,Data Reuse and Interoperability,Variable Metadata with Identifiers Defined,VOICE,v7,3,1,0,1,binary,scored,
rubric10-semantic,E3.4,Data Reuse and Interoperability,Variable Metadata with Identifiers Defined,VOICE,v8,1,1,1,1,binary,scored,
rubric10-semantic,E3.4,Data Reuse and Interoperability,Variable Metadata with Identifiers Defined,VOICE,v8,2,1,1,1,binary,scored,
rubric10-semantic,E3.4,Data Reuse and Interoperability,Variable Metadata with Identifiers Defined,VOICE,v8,3,1,1,1,binary,scored,
rubric10-semantic,E3.5,Data Reuse and Interoperability,"Use Guidance Provided (intended, prohibited uses)",AI_READI,v7,1,1,1,1,binary,scored,no
rubric10-semantic,E3.5,Data Reuse and Interoperability,"Use Guidance Provided (intended, prohibited uses)",AI_READI,v7,2,1,1,1,binary,scored,
rubric10-semantic,E3.5,Data Reuse and Interoperability,"Use Guidance Provided (intended, prohibited uses)",AI_READI,v7,3,1,1,1,binary,scored,
rubric10-semantic,E3.5,Data Reuse and Interoperability,"Use Guidance Provided (intended, prohibited uses)",AI_READI,v8,1,1,1,1,binary,scored,
rubric10-semantic,E3.5,Data Reuse and Interoperability,"Use Guidance Provided (intended, prohibited uses)",AI_READI,v8,2,1,1,1,binary,scored,
rubric10-semantic,E3.5,Data Reuse and Interoperability,"Use Guidance Provided (intended, prohibited uses)",AI_READI,v8,3,1,1,1,binary,scored,
rubric10-semantic,E3.5,Data Reuse and Interoperability,"Use Guidance Provided (intended, prohibited uses)",CHORUS,v7,1,1,1,1,binary,scored,no
rubric10-semantic,E3.5,Data Reuse and Interoperability,"Use Guidance Provided (intended, prohibited uses)",CHORUS,v7,2,1,1,1,binary,scored,
rubric10-semantic,E3.5,Data Reuse and Interoperability,"Use Guidance Provided (intended, prohibited uses)",CHORUS,v7,3,1,1,1,binary,scored,
rubric10-semantic,E3.5,Data Reuse and Interoperability,"Use Guidance Provided (intended, prohibited uses)",CHORUS,v8,1,1,1,1,binary,scored,
rubric10-semantic,E3.5,Data Reuse and Interoperability,"Use Guidance Provided (intended, prohibited uses)",CHORUS,v8,2,1,1,1,binary,scored,
rubric10-semantic,E3.5,Data Reuse and Interoperability,"Use Guidance Provided (intended, prohibited uses)",CHORUS,v8,3,1,1,1,binary,scored,
rubric10-semantic,E3.5,Data Reuse and Interoperability,"Use Guidance Provided (intended, prohibited uses)",CM4AI,v7,1,1,1,1,binary,scored,no
rubric10-semantic,E3.5,Data Reuse and Interoperability,"Use Guidance Provided (intended, prohibited uses)",CM4AI,v7,2,1,1,1,binary,scored,
rubric10-semantic,E3.5,Data Reuse and Interoperability,"Use Guidance Provided (intended, prohibited uses)",CM4AI,v7,3,1,1,1,binary,scored,
rubric10-semantic,E3.5,Data Reuse and Interoperability,"Use Guidance Provided (intended, prohibited uses)",CM4AI,v8,1,1,1,1,binary,scored,
rubric10-semantic,E3.5,Data Reuse and Interoperability,"Use Guidance Provided (intended, prohibited uses)",CM4AI,v8,2,1,1,1,binary,scored,
rubric10-semantic,E3.5,Data Reuse and Interoperability,"Use Guidance Provided (intended, prohibited uses)",CM4AI,v8,3,1,1,1,binary,scored,
rubric10-semantic,E3.5,Data Reuse and Interoperability,"Use Guidance Provided (intended, prohibited uses)",VOICE,v7,1,1,1,1,binary,scored,no
rubric10-semantic,E3.5,Data Reuse and Interoperability,"Use Guidance Provided (intended, prohibited uses)",VOICE,v7,2,1,1,1,binary,scored,
rubric10-semantic,E3.5,Data Reuse and Interoperability,"Use Guidance Provided (intended, prohibited uses)",VOICE,v7,3,1,1,1,binary,scored,
rubric10-semantic,E3.5,Data Reuse and Interoperability,"Use Guidance Provided (intended, prohibited uses)",VOICE,v8,1,1,1,1,binary,scored,
rubric10-semantic,E3.5,Data Reuse and Interoperability,"Use Guidance Provided (intended, prohibited uses)",VOICE,v8,2,1,1,1,binary,scored,
rubric10-semantic,E3.5,Data Reuse and Interoperability,"Use Guidance Provided (intended, prohibited uses)",VOICE,v8,3,1,1,1,binary,scored,
rubric10-semantic,E4.1,Ethical Use and Privacy Safeguards,IRB or Ethics Review and Data Protection Impact,AI_READI,v7,1,1,1,1,binary,scored,no
rubric10-semantic,E4.1,Ethical Use and Privacy Safeguards,IRB or Ethics Review and Data Protection Impact,AI_READI,v7,2,1,1,1,binary,scored,
rubric10-semantic,E4.1,Ethical Use and Privacy Safeguards,IRB or Ethics Review and Data Protection Impact,AI_READI,v7,3,1,1,1,binary,scored,
rubric10-semantic,E4.1,Ethical Use and Privacy Safeguards,IRB or Ethics Review and Data Protection Impact,AI_READI,v8,1,1,1,1,binary,scored,
rubric10-semantic,E4.1,Ethical Use and Privacy Safeguards,IRB or Ethics Review and Data Protection Impact,AI_READI,v8,2,1,1,1,binary,scored,
rubric10-semantic,E4.1,Ethical Use and Privacy Safeguards,IRB or Ethics Review and Data Protection Impact,AI_READI,v8,3,1,1,1,binary,scored,
rubric10-semantic,E4.1,Ethical Use and Privacy Safeguards,IRB or Ethics Review and Data Protection Impact,CHORUS,v7,1,1,0,1,binary,scored,no
rubric10-semantic,E4.1,Ethical Use and Privacy Safeguards,IRB or Ethics Review and Data Protection Impact,CHORUS,v7,2,1,0,1,binary,scored,
rubric10-semantic,E4.1,Ethical Use and Privacy Safeguards,IRB or Ethics Review and Data Protection Impact,CHORUS,v7,3,1,0,1,binary,scored,
rubric10-semantic,E4.1,Ethical Use and Privacy Safeguards,IRB or Ethics Review and Data Protection Impact,CHORUS,v8,1,1,0,1,binary,scored,
rubric10-semantic,E4.1,Ethical Use and Privacy Safeguards,IRB or Ethics Review and Data Protection Impact,CHORUS,v8,2,1,1,1,binary,scored,
rubric10-semantic,E4.1,Ethical Use and Privacy Safeguards,IRB or Ethics Review and Data Protection Impact,CHORUS,v8,3,1,0,1,binary,scored,
rubric10-semantic,E4.1,Ethical Use and Privacy Safeguards,IRB or Ethics Review and Data Protection Impact,CM4AI,v7,1,1,1,1,binary,scored,no
rubric10-semantic,E4.1,Ethical Use and Privacy Safeguards,IRB or Ethics Review and Data Protection Impact,CM4AI,v7,2,1,1,1,binary,scored,
rubric10-semantic,E4.1,Ethical Use and Privacy Safeguards,IRB or Ethics Review and Data Protection Impact,CM4AI,v7,3,1,1,1,binary,scored,
rubric10-semantic,E4.1,Ethical Use and Privacy Safeguards,IRB or Ethics Review and Data Protection Impact,CM4AI,v8,1,1,1,1,binary,scored,
rubric10-semantic,E4.1,Ethical Use and Privacy Safeguards,IRB or Ethics Review and Data Protection Impact,CM4AI,v8,2,1,1,1,binary,scored,
rubric10-semantic,E4.1,Ethical Use and Privacy Safeguards,IRB or Ethics Review and Data Protection Impact,CM4AI,v8,3,1,1,1,binary,scored,
rubric10-semantic,E4.1,Ethical Use and Privacy Safeguards,IRB or Ethics Review and Data Protection Impact,VOICE,v7,1,1,1,1,binary,scored,no
rubric10-semantic,E4.1,Ethical Use and Privacy Safeguards,IRB or Ethics Review and Data Protection Impact,VOICE,v7,2,1,1,1,binary,scored,
rubric10-semantic,E4.1,Ethical Use and Privacy Safeguards,IRB or Ethics Review and Data Protection Impact,VOICE,v7,3,1,1,1,binary,scored,
rubric10-semantic,E4.1,Ethical Use and Privacy Safeguards,IRB or Ethics Review and Data Protection Impact,VOICE,v8,1,1,1,1,binary,scored,
rubric10-semantic,E4.1,Ethical Use and Privacy Safeguards,IRB or Ethics Review and Data Protection Impact,VOICE,v8,2,1,1,1,binary,scored,
rubric10-semantic,E4.1,Ethical Use and Privacy Safeguards,IRB or Ethics Review and Data Protection Impact,VOICE,v8,3,1,1,1,binary,scored,
rubric10-semantic,E4.2,Ethical Use and Privacy Safeguards,Deidentification Method Described,AI_READI,v7,1,1,1,1,binary,scored,no
rubric10-semantic,E4.2,Ethical Use and Privacy Safeguards,Deidentification Method Described,AI_READI,v7,2,1,1,1,binary,scored,
rubric10-semantic,E4.2,Ethical Use and Privacy Safeguards,Deidentification Method Described,AI_READI,v7,3,1,1,1,binary,scored,
rubric10-semantic,E4.2,Ethical Use and Privacy Safeguards,Deidentification Method Described,AI_READI,v8,1,1,1,1,binary,scored,
rubric10-semantic,E4.2,Ethical Use and Privacy Safeguards,Deidentification Method Described,AI_READI,v8,2,1,1,1,binary,scored,
rubric10-semantic,E4.2,Ethical Use and Privacy Safeguards,Deidentification Method Described,AI_READI,v8,3,1,1,1,binary,scored,
rubric10-semantic,E4.2,Ethical Use and Privacy Safeguards,Deidentification Method Described,CHORUS,v7,1,1,1,1,binary,scored,no
rubric10-semantic,E4.2,Ethical Use and Privacy Safeguards,Deidentification Method Described,CHORUS,v7,2,1,1,1,binary,scored,
rubric10-semantic,E4.2,Ethical Use and Privacy Safeguards,Deidentification Method Described,CHORUS,v7,3,1,1,1,binary,scored,
rubric10-semantic,E4.2,Ethical Use and Privacy Safeguards,Deidentification Method Described,CHORUS,v8,1,1,1,1,binary,scored,
rubric10-semantic,E4.2,Ethical Use and Privacy Safeguards,Deidentification Method Described,CHORUS,v8,2,1,1,1,binary,scored,
rubric10-semantic,E4.2,Ethical Use and Privacy Safeguards,Deidentification Method Described,CHORUS,v8,3,1,1,1,binary,scored,
rubric10-semantic,E4.2,Ethical Use and Privacy Safeguards,Deidentification Method Described,CM4AI,v7,1,1,1,1,binary,scored,no
rubric10-semantic,E4.2,Ethical Use and Privacy Safeguards,Deidentification Method Described,CM4AI,v7,2,1,1,1,binary,scored,
rubric10-semantic,E4.2,Ethical Use and Privacy Safeguards,Deidentification Method Described,CM4AI,v7,3,1,1,1,binary,scored,
rubric10-semantic,E4.2,Ethical Use and Privacy Safeguards,Deidentification Method Described,CM4AI,v8,1,1,1,1,binary,scored,
rubric10-semantic,E4.2,Ethical Use and Privacy Safeguards,Deidentification Method Described,CM4AI,v8,2,1,1,1,binary,scored,
rubric10-semantic,E4.2,Ethical Use and Privacy Safeguards,Deidentification Method Described,CM4AI,v8,3,1,1,1,binary,scored,
rubric10-semantic,E4.2,Ethical Use and Privacy Safeguards,Deidentification Method Described,VOICE,v7,1,1,1,1,binary,scored,no
rubric10-semantic,E4.2,Ethical Use and Privacy Safeguards,Deidentification Method Described,VOICE,v7,2,1,1,1,binary,scored,
rubric10-semantic,E4.2,Ethical Use and Privacy Safeguards,Deidentification Method Described,VOICE,v7,3,1,1,1,binary,scored,
rubric10-semantic,E4.2,Ethical Use and Privacy Safeguards,Deidentification Method Described,VOICE,v8,1,1,1,1,binary,scored,
rubric10-semantic,E4.2,Ethical Use and Privacy Safeguards,Deidentification Method Described,VOICE,v8,2,1,1,1,binary,scored,
rubric10-semantic,E4.2,Ethical Use and Privacy Safeguards,Deidentification Method Described,VOICE,v8,3,1,1,1,binary,scored,
rubric10-semantic,E4.3,Ethical Use and Privacy Safeguards,Privacy Protections and Re-identification Risk Assessment,AI_READI,v7,1,1,1,1,binary,scored,no
rubric10-semantic,E4.3,Ethical Use and Privacy Safeguards,Privacy Protections and Re-identification Risk Assessment,AI_READI,v7,2,1,1,1,binary,scored,
rubric10-semantic,E4.3,Ethical Use and Privacy Safeguards,Privacy Protections and Re-identification Risk Assessment,AI_READI,v7,3,1,1,1,binary,scored,
rubric10-semantic,E4.3,Ethical Use and Privacy Safeguards,Privacy Protections and Re-identification Risk Assessment,AI_READI,v8,1,1,1,1,binary,scored,
rubric10-semantic,E4.3,Ethical Use and Privacy Safeguards,Privacy Protections and Re-identification Risk Assessment,AI_READI,v8,2,1,1,1,binary,scored,
rubric10-semantic,E4.3,Ethical Use and Privacy Safeguards,Privacy Protections and Re-identification Risk Assessment,AI_READI,v8,3,1,1,1,binary,scored,
rubric10-semantic,E4.3,Ethical Use and Privacy Safeguards,Privacy Protections and Re-identification Risk Assessment,CHORUS,v7,1,1,1,1,binary,scored,no
rubric10-semantic,E4.3,Ethical Use and Privacy Safeguards,Privacy Protections and Re-identification Risk Assessment,CHORUS,v7,2,1,0,1,binary,scored,
rubric10-semantic,E4.3,Ethical Use and Privacy Safeguards,Privacy Protections and Re-identification Risk Assessment,CHORUS,v7,3,1,1,1,binary,scored,
rubric10-semantic,E4.3,Ethical Use and Privacy Safeguards,Privacy Protections and Re-identification Risk Assessment,CHORUS,v8,1,1,1,1,binary,scored,
rubric10-semantic,E4.3,Ethical Use and Privacy Safeguards,Privacy Protections and Re-identification Risk Assessment,CHORUS,v8,2,1,1,1,binary,scored,
rubric10-semantic,E4.3,Ethical Use and Privacy Safeguards,Privacy Protections and Re-identification Risk Assessment,CHORUS,v8,3,1,1,1,binary,scored,
rubric10-semantic,E4.3,Ethical Use and Privacy Safeguards,Privacy Protections and Re-identification Risk Assessment,CM4AI,v7,1,1,,1,binary,not_applicable,no
rubric10-semantic,E4.3,Ethical Use and Privacy Safeguards,Privacy Protections and Re-identification Risk Assessment,CM4AI,v7,2,1,,1,binary,not_applicable,
rubric10-semantic,E4.3,Ethical Use and Privacy Safeguards,Privacy Protections and Re-identification Risk Assessment,CM4AI,v7,3,1,,1,binary,not_applicable,
rubric10-semantic,E4.3,Ethical Use and Privacy Safeguards,Privacy Protections and Re-identification Risk Assessment,CM4AI,v8,1,1,,1,binary,not_applicable,
rubric10-semantic,E4.3,Ethical Use and Privacy Safeguards,Privacy Protections and Re-identification Risk Assessment,CM4AI,v8,2,1,,1,binary,not_applicable,
rubric10-semantic,E4.3,Ethical Use and Privacy Safeguards,Privacy Protections and Re-identification Risk Assessment,CM4AI,v8,3,1,,1,binary,not_applicable,
rubric10-semantic,E4.3,Ethical Use and Privacy Safeguards,Privacy Protections and Re-identification Risk Assessment,VOICE,v7,1,1,1,1,binary,scored,no
rubric10-semantic,E4.3,Ethical Use and Privacy Safeguards,Privacy Protections and Re-identification Risk Assessment,VOICE,v7,2,1,1,1,binary,scored,
rubric10-semantic,E4.3,Ethical Use and Privacy Safeguards,Privacy Protections and Re-identification Risk Assessment,VOICE,v7,3,1,1,1,binary,scored,
rubric10-semantic,E4.3,Ethical Use and Privacy Safeguards,Privacy Protections and Re-identification Risk Assessment,VOICE,v8,1,1,1,1,binary,scored,
rubric10-semantic,E4.3,Ethical Use and Privacy Safeguards,Privacy Protections and Re-identification Risk Assessment,VOICE,v8,2,1,1,1,binary,scored,
rubric10-semantic,E4.3,Ethical Use and Privacy Safeguards,Privacy Protections and Re-identification Risk Assessment,VOICE,v8,3,1,1,1,binary,scored,
rubric10-semantic,E4.4,Ethical Use and Privacy Safeguards,Informed Consent Obtained from Participants,AI_READI,v7,1,1,1,1,binary,scored,no
rubric10-semantic,E4.4,Ethical Use and Privacy Safeguards,Informed Consent Obtained from Participants,AI_READI,v7,2,1,1,1,binary,scored,
rubric10-semantic,E4.4,Ethical Use and Privacy Safeguards,Informed Consent Obtained from Participants,AI_READI,v7,3,1,1,1,binary,scored,
rubric10-semantic,E4.4,Ethical Use and Privacy Safeguards,Informed Consent Obtained from Participants,AI_READI,v8,1,1,1,1,binary,scored,
rubric10-semantic,E4.4,Ethical Use and Privacy Safeguards,Informed Consent Obtained from Participants,AI_READI,v8,2,1,1,1,binary,scored,
rubric10-semantic,E4.4,Ethical Use and Privacy Safeguards,Informed Consent Obtained from Participants,AI_READI,v8,3,1,1,1,binary,scored,
rubric10-semantic,E4.4,Ethical Use and Privacy Safeguards,Informed Consent Obtained from Participants,CHORUS,v7,1,1,0,1,binary,scored,no
rubric10-semantic,E4.4,Ethical Use and Privacy Safeguards,Informed Consent Obtained from Participants,CHORUS,v7,2,1,0,1,binary,scored,
rubric10-semantic,E4.4,Ethical Use and Privacy Safeguards,Informed Consent Obtained from Participants,CHORUS,v7,3,1,0,1,binary,scored,
rubric10-semantic,E4.4,Ethical Use and Privacy Safeguards,Informed Consent Obtained from Participants,CHORUS,v8,1,1,0,1,binary,scored,
rubric10-semantic,E4.4,Ethical Use and Privacy Safeguards,Informed Consent Obtained from Participants,CHORUS,v8,2,1,0,1,binary,scored,
rubric10-semantic,E4.4,Ethical Use and Privacy Safeguards,Informed Consent Obtained from Participants,CHORUS,v8,3,1,0,1,binary,scored,
rubric10-semantic,E4.4,Ethical Use and Privacy Safeguards,Informed Consent Obtained from Participants,CM4AI,v7,1,1,,1,binary,not_applicable,no
rubric10-semantic,E4.4,Ethical Use and Privacy Safeguards,Informed Consent Obtained from Participants,CM4AI,v7,2,1,,1,binary,not_applicable,
rubric10-semantic,E4.4,Ethical Use and Privacy Safeguards,Informed Consent Obtained from Participants,CM4AI,v7,3,1,,1,binary,not_applicable,
rubric10-semantic,E4.4,Ethical Use and Privacy Safeguards,Informed Consent Obtained from Participants,CM4AI,v8,1,1,,1,binary,not_applicable,
rubric10-semantic,E4.4,Ethical Use and Privacy Safeguards,Informed Consent Obtained from Participants,CM4AI,v8,2,1,,1,binary,not_applicable,
rubric10-semantic,E4.4,Ethical Use and Privacy Safeguards,Informed Consent Obtained from Participants,CM4AI,v8,3,1,,1,binary,not_applicable,
rubric10-semantic,E4.4,Ethical Use and Privacy Safeguards,Informed Consent Obtained from Participants,VOICE,v7,1,1,1,1,binary,scored,no
rubric10-semantic,E4.4,Ethical Use and Privacy Safeguards,Informed Consent Obtained from Participants,VOICE,v7,2,1,1,1,binary,scored,
rubric10-semantic,E4.4,Ethical Use and Privacy Safeguards,Informed Consent Obtained from Participants,VOICE,v7,3,1,1,1,binary,scored,
rubric10-semantic,E4.4,Ethical Use and Privacy Safeguards,Informed Consent Obtained from Participants,VOICE,v8,1,1,1,1,binary,scored,
rubric10-semantic,E4.4,Ethical Use and Privacy Safeguards,Informed Consent Obtained from Participants,VOICE,v8,2,1,1,1,binary,scored,
rubric10-semantic,E4.4,Ethical Use and Privacy Safeguards,Informed Consent Obtained from Participants,VOICE,v8,3,1,1,1,binary,scored,
rubric10-semantic,E4.5,Ethical Use and Privacy Safeguards,Vulnerable Populations and Compensation Documented,AI_READI,v7,1,1,1,1,binary,scored,no
rubric10-semantic,E4.5,Ethical Use and Privacy Safeguards,Vulnerable Populations and Compensation Documented,AI_READI,v7,2,1,1,1,binary,scored,
rubric10-semantic,E4.5,Ethical Use and Privacy Safeguards,Vulnerable Populations and Compensation Documented,AI_READI,v7,3,1,1,1,binary,scored,
rubric10-semantic,E4.5,Ethical Use and Privacy Safeguards,Vulnerable Populations and Compensation Documented,AI_READI,v8,1,1,1,1,binary,scored,
rubric10-semantic,E4.5,Ethical Use and Privacy Safeguards,Vulnerable Populations and Compensation Documented,AI_READI,v8,2,1,1,1,binary,scored,
rubric10-semantic,E4.5,Ethical Use and Privacy Safeguards,Vulnerable Populations and Compensation Documented,AI_READI,v8,3,1,1,1,binary,scored,
rubric10-semantic,E4.5,Ethical Use and Privacy Safeguards,Vulnerable Populations and Compensation Documented,CHORUS,v7,1,1,0,1,binary,scored,no
rubric10-semantic,E4.5,Ethical Use and Privacy Safeguards,Vulnerable Populations and Compensation Documented,CHORUS,v7,2,1,0,1,binary,scored,
rubric10-semantic,E4.5,Ethical Use and Privacy Safeguards,Vulnerable Populations and Compensation Documented,CHORUS,v7,3,1,0,1,binary,scored,
rubric10-semantic,E4.5,Ethical Use and Privacy Safeguards,Vulnerable Populations and Compensation Documented,CHORUS,v8,1,1,1,1,binary,scored,
rubric10-semantic,E4.5,Ethical Use and Privacy Safeguards,Vulnerable Populations and Compensation Documented,CHORUS,v8,2,1,1,1,binary,scored,
rubric10-semantic,E4.5,Ethical Use and Privacy Safeguards,Vulnerable Populations and Compensation Documented,CHORUS,v8,3,1,0,1,binary,scored,
rubric10-semantic,E4.5,Ethical Use and Privacy Safeguards,Vulnerable Populations and Compensation Documented,CM4AI,v7,1,1,,1,binary,not_applicable,no
rubric10-semantic,E4.5,Ethical Use and Privacy Safeguards,Vulnerable Populations and Compensation Documented,CM4AI,v7,2,1,,1,binary,not_applicable,
rubric10-semantic,E4.5,Ethical Use and Privacy Safeguards,Vulnerable Populations and Compensation Documented,CM4AI,v7,3,1,,1,binary,not_applicable,
rubric10-semantic,E4.5,Ethical Use and Privacy Safeguards,Vulnerable Populations and Compensation Documented,CM4AI,v8,1,1,,1,binary,not_applicable,
rubric10-semantic,E4.5,Ethical Use and Privacy Safeguards,Vulnerable Populations and Compensation Documented,CM4AI,v8,2,1,,1,binary,not_applicable,
rubric10-semantic,E4.5,Ethical Use and Privacy Safeguards,Vulnerable Populations and Compensation Documented,CM4AI,v8,3,1,,1,binary,not_applicable,
rubric10-semantic,E4.5,Ethical Use and Privacy Safeguards,Vulnerable Populations and Compensation Documented,VOICE,v7,1,1,1,1,binary,scored,no
rubric10-semantic,E4.5,Ethical Use and Privacy Safeguards,Vulnerable Populations and Compensation Documented,VOICE,v7,2,1,1,1,binary,scored,
rubric10-semantic,E4.5,Ethical Use and Privacy Safeguards,Vulnerable Populations and Compensation Documented,VOICE,v7,3,1,1,1,binary,scored,
rubric10-semantic,E4.5,Ethical Use and Privacy Safeguards,Vulnerable Populations and Compensation Documented,VOICE,v8,1,1,1,1,binary,scored,
rubric10-semantic,E4.5,Ethical Use and Privacy Safeguards,Vulnerable Populations and Compensation Documented,VOICE,v8,2,1,1,1,binary,scored,
rubric10-semantic,E4.5,Ethical Use and Privacy Safeguards,Vulnerable Populations and Compensation Documented,VOICE,v8,3,1,1,1,binary,scored,
rubric10-semantic,E5.1,Data Composition and Structure,Cohort or Subpopulations Characteristics Described,AI_READI,v7,1,1,1,1,binary,scored,no
rubric10-semantic,E5.1,Data Composition and Structure,Cohort or Subpopulations Characteristics Described,AI_READI,v7,2,1,1,1,binary,scored,
rubric10-semantic,E5.1,Data Composition and Structure,Cohort or Subpopulations Characteristics Described,AI_READI,v7,3,1,1,1,binary,scored,
rubric10-semantic,E5.1,Data Composition and Structure,Cohort or Subpopulations Characteristics Described,AI_READI,v8,1,1,1,1,binary,scored,
rubric10-semantic,E5.1,Data Composition and Structure,Cohort or Subpopulations Characteristics Described,AI_READI,v8,2,1,1,1,binary,scored,
rubric10-semantic,E5.1,Data Composition and Structure,Cohort or Subpopulations Characteristics Described,AI_READI,v8,3,1,1,1,binary,scored,
rubric10-semantic,E5.1,Data Composition and Structure,Cohort or Subpopulations Characteristics Described,CHORUS,v7,1,1,1,1,binary,scored,no
rubric10-semantic,E5.1,Data Composition and Structure,Cohort or Subpopulations Characteristics Described,CHORUS,v7,2,1,0,1,binary,scored,
rubric10-semantic,E5.1,Data Composition and Structure,Cohort or Subpopulations Characteristics Described,CHORUS,v7,3,1,1,1,binary,scored,
rubric10-semantic,E5.1,Data Composition and Structure,Cohort or Subpopulations Characteristics Described,CHORUS,v8,1,1,1,1,binary,scored,
rubric10-semantic,E5.1,Data Composition and Structure,Cohort or Subpopulations Characteristics Described,CHORUS,v8,2,1,1,1,binary,scored,
rubric10-semantic,E5.1,Data Composition and Structure,Cohort or Subpopulations Characteristics Described,CHORUS,v8,3,1,1,1,binary,scored,
rubric10-semantic,E5.1,Data Composition and Structure,Cohort or Subpopulations Characteristics Described,CM4AI,v7,1,1,1,1,binary,scored,no
rubric10-semantic,E5.1,Data Composition and Structure,Cohort or Subpopulations Characteristics Described,CM4AI,v7,2,1,1,1,binary,scored,
rubric10-semantic,E5.1,Data Composition and Structure,Cohort or Subpopulations Characteristics Described,CM4AI,v7,3,1,1,1,binary,scored,
rubric10-semantic,E5.1,Data Composition and Structure,Cohort or Subpopulations Characteristics Described,CM4AI,v8,1,1,1,1,binary,scored,
rubric10-semantic,E5.1,Data Composition and Structure,Cohort or Subpopulations Characteristics Described,CM4AI,v8,2,1,1,1,binary,scored,
rubric10-semantic,E5.1,Data Composition and Structure,Cohort or Subpopulations Characteristics Described,CM4AI,v8,3,1,1,1,binary,scored,
rubric10-semantic,E5.1,Data Composition and Structure,Cohort or Subpopulations Characteristics Described,VOICE,v7,1,1,1,1,binary,scored,no
rubric10-semantic,E5.1,Data Composition and Structure,Cohort or Subpopulations Characteristics Described,VOICE,v7,2,1,1,1,binary,scored,
rubric10-semantic,E5.1,Data Composition and Structure,Cohort or Subpopulations Characteristics Described,VOICE,v7,3,1,1,1,binary,scored,
rubric10-semantic,E5.1,Data Composition and Structure,Cohort or Subpopulations Characteristics Described,VOICE,v8,1,1,1,1,binary,scored,
rubric10-semantic,E5.1,Data Composition and Structure,Cohort or Subpopulations Characteristics Described,VOICE,v8,2,1,1,1,binary,scored,
rubric10-semantic,E5.1,Data Composition and Structure,Cohort or Subpopulations Characteristics Described,VOICE,v8,3,1,1,1,binary,scored,
rubric10-semantic,E5.2,Data Composition and Structure,Number of Instances or Samples Reported,AI_READI,v7,1,1,1,1,binary,scored,no
rubric10-semantic,E5.2,Data Composition and Structure,Number of Instances or Samples Reported,AI_READI,v7,2,1,1,1,binary,scored,
rubric10-semantic,E5.2,Data Composition and Structure,Number of Instances or Samples Reported,AI_READI,v7,3,1,1,1,binary,scored,
rubric10-semantic,E5.2,Data Composition and Structure,Number of Instances or Samples Reported,AI_READI,v8,1,1,1,1,binary,scored,
rubric10-semantic,E5.2,Data Composition and Structure,Number of Instances or Samples Reported,AI_READI,v8,2,1,1,1,binary,scored,
rubric10-semantic,E5.2,Data Composition and Structure,Number of Instances or Samples Reported,AI_READI,v8,3,1,1,1,binary,scored,
rubric10-semantic,E5.2,Data Composition and Structure,Number of Instances or Samples Reported,CHORUS,v7,1,1,1,1,binary,scored,no
rubric10-semantic,E5.2,Data Composition and Structure,Number of Instances or Samples Reported,CHORUS,v7,2,1,1,1,binary,scored,
rubric10-semantic,E5.2,Data Composition and Structure,Number of Instances or Samples Reported,CHORUS,v7,3,1,1,1,binary,scored,
rubric10-semantic,E5.2,Data Composition and Structure,Number of Instances or Samples Reported,CHORUS,v8,1,1,1,1,binary,scored,
rubric10-semantic,E5.2,Data Composition and Structure,Number of Instances or Samples Reported,CHORUS,v8,2,1,1,1,binary,scored,
rubric10-semantic,E5.2,Data Composition and Structure,Number of Instances or Samples Reported,CHORUS,v8,3,1,1,1,binary,scored,
rubric10-semantic,E5.2,Data Composition and Structure,Number of Instances or Samples Reported,CM4AI,v7,1,1,1,1,binary,scored,no
rubric10-semantic,E5.2,Data Composition and Structure,Number of Instances or Samples Reported,CM4AI,v7,2,1,1,1,binary,scored,
rubric10-semantic,E5.2,Data Composition and Structure,Number of Instances or Samples Reported,CM4AI,v7,3,1,1,1,binary,scored,
rubric10-semantic,E5.2,Data Composition and Structure,Number of Instances or Samples Reported,CM4AI,v8,1,1,0,1,binary,scored,
rubric10-semantic,E5.2,Data Composition and Structure,Number of Instances or Samples Reported,CM4AI,v8,2,1,1,1,binary,scored,
rubric10-semantic,E5.2,Data Composition and Structure,Number of Instances or Samples Reported,CM4AI,v8,3,1,0,1,binary,scored,
rubric10-semantic,E5.2,Data Composition and Structure,Number of Instances or Samples Reported,VOICE,v7,1,1,1,1,binary,scored,no
rubric10-semantic,E5.2,Data Composition and Structure,Number of Instances or Samples Reported,VOICE,v7,2,1,1,1,binary,scored,
rubric10-semantic,E5.2,Data Composition and Structure,Number of Instances or Samples Reported,VOICE,v7,3,1,1,1,binary,scored,
rubric10-semantic,E5.2,Data Composition and Structure,Number of Instances or Samples Reported,VOICE,v8,1,1,1,1,binary,scored,
rubric10-semantic,E5.2,Data Composition and Structure,Number of Instances or Samples Reported,VOICE,v8,2,1,1,1,binary,scored,
rubric10-semantic,E5.2,Data Composition and Structure,Number of Instances or Samples Reported,VOICE,v8,3,1,1,1,binary,scored,
rubric10-semantic,E5.3,Data Composition and Structure,"Variable-Level Metadata, Tabular Flag, and Data Splits",AI_READI,v7,1,1,1,1,binary,scored,no
rubric10-semantic,E5.3,Data Composition and Structure,"Variable-Level Metadata, Tabular Flag, and Data Splits",AI_READI,v7,2,1,1,1,binary,scored,
rubric10-semantic,E5.3,Data Composition and Structure,"Variable-Level Metadata, Tabular Flag, and Data Splits",AI_READI,v7,3,1,1,1,binary,scored,
rubric10-semantic,E5.3,Data Composition and Structure,"Variable-Level Metadata, Tabular Flag, and Data Splits",AI_READI,v8,1,1,1,1,binary,scored,
rubric10-semantic,E5.3,Data Composition and Structure,"Variable-Level Metadata, Tabular Flag, and Data Splits",AI_READI,v8,2,1,1,1,binary,scored,
rubric10-semantic,E5.3,Data Composition and Structure,"Variable-Level Metadata, Tabular Flag, and Data Splits",AI_READI,v8,3,1,1,1,binary,scored,
rubric10-semantic,E5.3,Data Composition and Structure,"Variable-Level Metadata, Tabular Flag, and Data Splits",CHORUS,v7,1,1,0,1,binary,scored,yes
rubric10-semantic,E5.3,Data Composition and Structure,"Variable-Level Metadata, Tabular Flag, and Data Splits",CHORUS,v7,2,1,0,1,binary,scored,
rubric10-semantic,E5.3,Data Composition and Structure,"Variable-Level Metadata, Tabular Flag, and Data Splits",CHORUS,v7,3,1,1,1,binary,scored,
rubric10-semantic,E5.3,Data Composition and Structure,"Variable-Level Metadata, Tabular Flag, and Data Splits",CHORUS,v8,1,1,0,1,binary,scored,
rubric10-semantic,E5.3,Data Composition and Structure,"Variable-Level Metadata, Tabular Flag, and Data Splits",CHORUS,v8,2,1,0,1,binary,scored,
rubric10-semantic,E5.3,Data Composition and Structure,"Variable-Level Metadata, Tabular Flag, and Data Splits",CHORUS,v8,3,1,0,1,binary,scored,
rubric10-semantic,E5.3,Data Composition and Structure,"Variable-Level Metadata, Tabular Flag, and Data Splits",CM4AI,v7,1,1,1,1,binary,scored,no
rubric10-semantic,E5.3,Data Composition and Structure,"Variable-Level Metadata, Tabular Flag, and Data Splits",CM4AI,v7,2,1,0,1,binary,scored,
rubric10-semantic,E5.3,Data Composition and Structure,"Variable-Level Metadata, Tabular Flag, and Data Splits",CM4AI,v7,3,1,0,1,binary,scored,
rubric10-semantic,E5.3,Data Composition and Structure,"Variable-Level Metadata, Tabular Flag, and Data Splits",CM4AI,v8,1,1,0,1,binary,scored,
rubric10-semantic,E5.3,Data Composition and Structure,"Variable-Level Metadata, Tabular Flag, and Data Splits",CM4AI,v8,2,1,1,1,binary,scored,
rubric10-semantic,E5.3,Data Composition and Structure,"Variable-Level Metadata, Tabular Flag, and Data Splits",CM4AI,v8,3,1,1,1,binary,scored,
rubric10-semantic,E5.3,Data Composition and Structure,"Variable-Level Metadata, Tabular Flag, and Data Splits",VOICE,v7,1,1,1,1,binary,scored,yes
rubric10-semantic,E5.3,Data Composition and Structure,"Variable-Level Metadata, Tabular Flag, and Data Splits",VOICE,v7,2,1,1,1,binary,scored,
rubric10-semantic,E5.3,Data Composition and Structure,"Variable-Level Metadata, Tabular Flag, and Data Splits",VOICE,v7,3,1,1,1,binary,scored,
rubric10-semantic,E5.3,Data Composition and Structure,"Variable-Level Metadata, Tabular Flag, and Data Splits",VOICE,v8,1,1,1,1,binary,scored,
rubric10-semantic,E5.3,Data Composition and Structure,"Variable-Level Metadata, Tabular Flag, and Data Splits",VOICE,v8,2,1,1,1,binary,scored,
rubric10-semantic,E5.3,Data Composition and Structure,"Variable-Level Metadata, Tabular Flag, and Data Splits",VOICE,v8,3,1,1,1,binary,scored,
rubric10-semantic,E5.4,Data Composition and Structure,Data Topics or Conditions Represented,AI_READI,v7,1,1,1,1,binary,scored,no
rubric10-semantic,E5.4,Data Composition and Structure,Data Topics or Conditions Represented,AI_READI,v7,2,1,1,1,binary,scored,
rubric10-semantic,E5.4,Data Composition and Structure,Data Topics or Conditions Represented,AI_READI,v7,3,1,1,1,binary,scored,
rubric10-semantic,E5.4,Data Composition and Structure,Data Topics or Conditions Represented,AI_READI,v8,1,1,1,1,binary,scored,
rubric10-semantic,E5.4,Data Composition and Structure,Data Topics or Conditions Represented,AI_READI,v8,2,1,1,1,binary,scored,
rubric10-semantic,E5.4,Data Composition and Structure,Data Topics or Conditions Represented,AI_READI,v8,3,1,1,1,binary,scored,
rubric10-semantic,E5.4,Data Composition and Structure,Data Topics or Conditions Represented,CHORUS,v7,1,1,1,1,binary,scored,no
rubric10-semantic,E5.4,Data Composition and Structure,Data Topics or Conditions Represented,CHORUS,v7,2,1,1,1,binary,scored,
rubric10-semantic,E5.4,Data Composition and Structure,Data Topics or Conditions Represented,CHORUS,v7,3,1,1,1,binary,scored,
rubric10-semantic,E5.4,Data Composition and Structure,Data Topics or Conditions Represented,CHORUS,v8,1,1,1,1,binary,scored,
rubric10-semantic,E5.4,Data Composition and Structure,Data Topics or Conditions Represented,CHORUS,v8,2,1,1,1,binary,scored,
rubric10-semantic,E5.4,Data Composition and Structure,Data Topics or Conditions Represented,CHORUS,v8,3,1,1,1,binary,scored,
rubric10-semantic,E5.4,Data Composition and Structure,Data Topics or Conditions Represented,CM4AI,v7,1,1,1,1,binary,scored,no
rubric10-semantic,E5.4,Data Composition and Structure,Data Topics or Conditions Represented,CM4AI,v7,2,1,1,1,binary,scored,
rubric10-semantic,E5.4,Data Composition and Structure,Data Topics or Conditions Represented,CM4AI,v7,3,1,1,1,binary,scored,
rubric10-semantic,E5.4,Data Composition and Structure,Data Topics or Conditions Represented,CM4AI,v8,1,1,1,1,binary,scored,
rubric10-semantic,E5.4,Data Composition and Structure,Data Topics or Conditions Represented,CM4AI,v8,2,1,1,1,binary,scored,
rubric10-semantic,E5.4,Data Composition and Structure,Data Topics or Conditions Represented,CM4AI,v8,3,1,1,1,binary,scored,
rubric10-semantic,E5.4,Data Composition and Structure,Data Topics or Conditions Represented,VOICE,v7,1,1,1,1,binary,scored,no
rubric10-semantic,E5.4,Data Composition and Structure,Data Topics or Conditions Represented,VOICE,v7,2,1,1,1,binary,scored,
rubric10-semantic,E5.4,Data Composition and Structure,Data Topics or Conditions Represented,VOICE,v7,3,1,1,1,binary,scored,
rubric10-semantic,E5.4,Data Composition and Structure,Data Topics or Conditions Represented,VOICE,v8,1,1,1,1,binary,scored,
rubric10-semantic,E5.4,Data Composition and Structure,Data Topics or Conditions Represented,VOICE,v8,2,1,1,1,binary,scored,
rubric10-semantic,E5.4,Data Composition and Structure,Data Topics or Conditions Represented,VOICE,v8,3,1,1,1,binary,scored,
rubric10-semantic,E5.5,Data Composition and Structure,"Data Quality, Anomalies, and Missing Data Documented",AI_READI,v7,1,1,1,1,binary,scored,no
rubric10-semantic,E5.5,Data Composition and Structure,"Data Quality, Anomalies, and Missing Data Documented",AI_READI,v7,2,1,1,1,binary,scored,
rubric10-semantic,E5.5,Data Composition and Structure,"Data Quality, Anomalies, and Missing Data Documented",AI_READI,v7,3,1,1,1,binary,scored,
rubric10-semantic,E5.5,Data Composition and Structure,"Data Quality, Anomalies, and Missing Data Documented",AI_READI,v8,1,1,1,1,binary,scored,
rubric10-semantic,E5.5,Data Composition and Structure,"Data Quality, Anomalies, and Missing Data Documented",AI_READI,v8,2,1,1,1,binary,scored,
rubric10-semantic,E5.5,Data Composition and Structure,"Data Quality, Anomalies, and Missing Data Documented",AI_READI,v8,3,1,1,1,binary,scored,
rubric10-semantic,E5.5,Data Composition and Structure,"Data Quality, Anomalies, and Missing Data Documented",CHORUS,v7,1,1,0,1,binary,scored,no
rubric10-semantic,E5.5,Data Composition and Structure,"Data Quality, Anomalies, and Missing Data Documented",CHORUS,v7,2,1,0,1,binary,scored,
rubric10-semantic,E5.5,Data Composition and Structure,"Data Quality, Anomalies, and Missing Data Documented",CHORUS,v7,3,1,0,1,binary,scored,
rubric10-semantic,E5.5,Data Composition and Structure,"Data Quality, Anomalies, and Missing Data Documented",CHORUS,v8,1,1,1,1,binary,scored,
rubric10-semantic,E5.5,Data Composition and Structure,"Data Quality, Anomalies, and Missing Data Documented",CHORUS,v8,2,1,0,1,binary,scored,
rubric10-semantic,E5.5,Data Composition and Structure,"Data Quality, Anomalies, and Missing Data Documented",CHORUS,v8,3,1,1,1,binary,scored,
rubric10-semantic,E5.5,Data Composition and Structure,"Data Quality, Anomalies, and Missing Data Documented",CM4AI,v7,1,1,1,1,binary,scored,no
rubric10-semantic,E5.5,Data Composition and Structure,"Data Quality, Anomalies, and Missing Data Documented",CM4AI,v7,2,1,1,1,binary,scored,
rubric10-semantic,E5.5,Data Composition and Structure,"Data Quality, Anomalies, and Missing Data Documented",CM4AI,v7,3,1,1,1,binary,scored,
rubric10-semantic,E5.5,Data Composition and Structure,"Data Quality, Anomalies, and Missing Data Documented",CM4AI,v8,1,1,1,1,binary,scored,
rubric10-semantic,E5.5,Data Composition and Structure,"Data Quality, Anomalies, and Missing Data Documented",CM4AI,v8,2,1,0,1,binary,scored,
rubric10-semantic,E5.5,Data Composition and Structure,"Data Quality, Anomalies, and Missing Data Documented",CM4AI,v8,3,1,1,1,binary,scored,
rubric10-semantic,E5.5,Data Composition and Structure,"Data Quality, Anomalies, and Missing Data Documented",VOICE,v7,1,1,1,1,binary,scored,no
rubric10-semantic,E5.5,Data Composition and Structure,"Data Quality, Anomalies, and Missing Data Documented",VOICE,v7,2,1,1,1,binary,scored,
rubric10-semantic,E5.5,Data Composition and Structure,"Data Quality, Anomalies, and Missing Data Documented",VOICE,v7,3,1,1,1,binary,scored,
rubric10-semantic,E5.5,Data Composition and Structure,"Data Quality, Anomalies, and Missing Data Documented",VOICE,v8,1,1,1,1,binary,scored,
rubric10-semantic,E5.5,Data Composition and Structure,"Data Quality, Anomalies, and Missing Data Documented",VOICE,v8,2,1,1,1,binary,scored,
rubric10-semantic,E5.5,Data Composition and Structure,"Data Quality, Anomalies, and Missing Data Documented",VOICE,v8,3,1,1,1,binary,scored,
rubric10-semantic,E6.1,Data Provenance and Version Tracking,Dataset Version Number Provided,AI_READI,v7,1,1,1,1,binary,scored,no
rubric10-semantic,E6.1,Data Provenance and Version Tracking,Dataset Version Number Provided,AI_READI,v7,2,1,1,1,binary,scored,
rubric10-semantic,E6.1,Data Provenance and Version Tracking,Dataset Version Number Provided,AI_READI,v7,3,1,1,1,binary,scored,
rubric10-semantic,E6.1,Data Provenance and Version Tracking,Dataset Version Number Provided,AI_READI,v8,1,1,1,1,binary,scored,
rubric10-semantic,E6.1,Data Provenance and Version Tracking,Dataset Version Number Provided,AI_READI,v8,2,1,1,1,binary,scored,
rubric10-semantic,E6.1,Data Provenance and Version Tracking,Dataset Version Number Provided,AI_READI,v8,3,1,1,1,binary,scored,
rubric10-semantic,E6.1,Data Provenance and Version Tracking,Dataset Version Number Provided,CHORUS,v7,1,1,0,1,binary,scored,no
rubric10-semantic,E6.1,Data Provenance and Version Tracking,Dataset Version Number Provided,CHORUS,v7,2,1,0,1,binary,scored,
rubric10-semantic,E6.1,Data Provenance and Version Tracking,Dataset Version Number Provided,CHORUS,v7,3,1,0,1,binary,scored,
rubric10-semantic,E6.1,Data Provenance and Version Tracking,Dataset Version Number Provided,CHORUS,v8,1,1,0,1,binary,scored,
rubric10-semantic,E6.1,Data Provenance and Version Tracking,Dataset Version Number Provided,CHORUS,v8,2,1,0,1,binary,scored,
rubric10-semantic,E6.1,Data Provenance and Version Tracking,Dataset Version Number Provided,CHORUS,v8,3,1,0,1,binary,scored,
rubric10-semantic,E6.1,Data Provenance and Version Tracking,Dataset Version Number Provided,CM4AI,v7,1,1,1,1,binary,scored,no
rubric10-semantic,E6.1,Data Provenance and Version Tracking,Dataset Version Number Provided,CM4AI,v7,2,1,1,1,binary,scored,
rubric10-semantic,E6.1,Data Provenance and Version Tracking,Dataset Version Number Provided,CM4AI,v7,3,1,1,1,binary,scored,
rubric10-semantic,E6.1,Data Provenance and Version Tracking,Dataset Version Number Provided,CM4AI,v8,1,1,1,1,binary,scored,
rubric10-semantic,E6.1,Data Provenance and Version Tracking,Dataset Version Number Provided,CM4AI,v8,2,1,1,1,binary,scored,
rubric10-semantic,E6.1,Data Provenance and Version Tracking,Dataset Version Number Provided,CM4AI,v8,3,1,1,1,binary,scored,
rubric10-semantic,E6.1,Data Provenance and Version Tracking,Dataset Version Number Provided,VOICE,v7,1,1,1,1,binary,scored,no
rubric10-semantic,E6.1,Data Provenance and Version Tracking,Dataset Version Number Provided,VOICE,v7,2,1,1,1,binary,scored,
rubric10-semantic,E6.1,Data Provenance and Version Tracking,Dataset Version Number Provided,VOICE,v7,3,1,1,1,binary,scored,
rubric10-semantic,E6.1,Data Provenance and Version Tracking,Dataset Version Number Provided,VOICE,v8,1,1,1,1,binary,scored,
rubric10-semantic,E6.1,Data Provenance and Version Tracking,Dataset Version Number Provided,VOICE,v8,2,1,1,1,binary,scored,
rubric10-semantic,E6.1,Data Provenance and Version Tracking,Dataset Version Number Provided,VOICE,v8,3,1,1,1,binary,scored,
rubric10-semantic,E6.2,Data Provenance and Version Tracking,Version Access Methods Documented,AI_READI,v7,1,1,1,1,binary,scored,no
rubric10-semantic,E6.2,Data Provenance and Version Tracking,Version Access Methods Documented,AI_READI,v7,2,1,1,1,binary,scored,
rubric10-semantic,E6.2,Data Provenance and Version Tracking,Version Access Methods Documented,AI_READI,v7,3,1,1,1,binary,scored,
rubric10-semantic,E6.2,Data Provenance and Version Tracking,Version Access Methods Documented,AI_READI,v8,1,1,1,1,binary,scored,
rubric10-semantic,E6.2,Data Provenance and Version Tracking,Version Access Methods Documented,AI_READI,v8,2,1,1,1,binary,scored,
rubric10-semantic,E6.2,Data Provenance and Version Tracking,Version Access Methods Documented,AI_READI,v8,3,1,1,1,binary,scored,
rubric10-semantic,E6.2,Data Provenance and Version Tracking,Version Access Methods Documented,CHORUS,v7,1,1,0,1,binary,scored,no
rubric10-semantic,E6.2,Data Provenance and Version Tracking,Version Access Methods Documented,CHORUS,v7,2,1,0,1,binary,scored,
rubric10-semantic,E6.2,Data Provenance and Version Tracking,Version Access Methods Documented,CHORUS,v7,3,1,0,1,binary,scored,
rubric10-semantic,E6.2,Data Provenance and Version Tracking,Version Access Methods Documented,CHORUS,v8,1,1,0,1,binary,scored,
rubric10-semantic,E6.2,Data Provenance and Version Tracking,Version Access Methods Documented,CHORUS,v8,2,1,0,1,binary,scored,
rubric10-semantic,E6.2,Data Provenance and Version Tracking,Version Access Methods Documented,CHORUS,v8,3,1,0,1,binary,scored,
rubric10-semantic,E6.2,Data Provenance and Version Tracking,Version Access Methods Documented,CM4AI,v7,1,1,1,1,binary,scored,no
rubric10-semantic,E6.2,Data Provenance and Version Tracking,Version Access Methods Documented,CM4AI,v7,2,1,1,1,binary,scored,
rubric10-semantic,E6.2,Data Provenance and Version Tracking,Version Access Methods Documented,CM4AI,v7,3,1,1,1,binary,scored,
rubric10-semantic,E6.2,Data Provenance and Version Tracking,Version Access Methods Documented,CM4AI,v8,1,1,1,1,binary,scored,
rubric10-semantic,E6.2,Data Provenance and Version Tracking,Version Access Methods Documented,CM4AI,v8,2,1,1,1,binary,scored,
rubric10-semantic,E6.2,Data Provenance and Version Tracking,Version Access Methods Documented,CM4AI,v8,3,1,1,1,binary,scored,
rubric10-semantic,E6.2,Data Provenance and Version Tracking,Version Access Methods Documented,VOICE,v7,1,1,1,1,binary,scored,no
rubric10-semantic,E6.2,Data Provenance and Version Tracking,Version Access Methods Documented,VOICE,v7,2,1,1,1,binary,scored,
rubric10-semantic,E6.2,Data Provenance and Version Tracking,Version Access Methods Documented,VOICE,v7,3,1,1,1,binary,scored,
rubric10-semantic,E6.2,Data Provenance and Version Tracking,Version Access Methods Documented,VOICE,v8,1,1,1,1,binary,scored,
rubric10-semantic,E6.2,Data Provenance and Version Tracking,Version Access Methods Documented,VOICE,v8,2,1,1,1,binary,scored,
rubric10-semantic,E6.2,Data Provenance and Version Tracking,Version Access Methods Documented,VOICE,v8,3,1,1,1,binary,scored,
rubric10-semantic,E6.3,Data Provenance and Version Tracking,Change Descriptions and Errata Provided,AI_READI,v7,1,1,1,1,binary,scored,no
rubric10-semantic,E6.3,Data Provenance and Version Tracking,Change Descriptions and Errata Provided,AI_READI,v7,2,1,1,1,binary,scored,
rubric10-semantic,E6.3,Data Provenance and Version Tracking,Change Descriptions and Errata Provided,AI_READI,v7,3,1,1,1,binary,scored,
rubric10-semantic,E6.3,Data Provenance and Version Tracking,Change Descriptions and Errata Provided,AI_READI,v8,1,1,1,1,binary,scored,
rubric10-semantic,E6.3,Data Provenance and Version Tracking,Change Descriptions and Errata Provided,AI_READI,v8,2,1,1,1,binary,scored,
rubric10-semantic,E6.3,Data Provenance and Version Tracking,Change Descriptions and Errata Provided,AI_READI,v8,3,1,1,1,binary,scored,
rubric10-semantic,E6.3,Data Provenance and Version Tracking,Change Descriptions and Errata Provided,CHORUS,v7,1,1,0,1,binary,scored,no
rubric10-semantic,E6.3,Data Provenance and Version Tracking,Change Descriptions and Errata Provided,CHORUS,v7,2,1,0,1,binary,scored,
rubric10-semantic,E6.3,Data Provenance and Version Tracking,Change Descriptions and Errata Provided,CHORUS,v7,3,1,0,1,binary,scored,
rubric10-semantic,E6.3,Data Provenance and Version Tracking,Change Descriptions and Errata Provided,CHORUS,v8,1,1,1,1,binary,scored,
rubric10-semantic,E6.3,Data Provenance and Version Tracking,Change Descriptions and Errata Provided,CHORUS,v8,2,1,0,1,binary,scored,
rubric10-semantic,E6.3,Data Provenance and Version Tracking,Change Descriptions and Errata Provided,CHORUS,v8,3,1,0,1,binary,scored,
rubric10-semantic,E6.3,Data Provenance and Version Tracking,Change Descriptions and Errata Provided,CM4AI,v7,1,1,0,1,binary,scored,no
rubric10-semantic,E6.3,Data Provenance and Version Tracking,Change Descriptions and Errata Provided,CM4AI,v7,2,1,0,1,binary,scored,
rubric10-semantic,E6.3,Data Provenance and Version Tracking,Change Descriptions and Errata Provided,CM4AI,v7,3,1,1,1,binary,scored,
rubric10-semantic,E6.3,Data Provenance and Version Tracking,Change Descriptions and Errata Provided,CM4AI,v8,1,1,0,1,binary,scored,
rubric10-semantic,E6.3,Data Provenance and Version Tracking,Change Descriptions and Errata Provided,CM4AI,v8,2,1,1,1,binary,scored,
rubric10-semantic,E6.3,Data Provenance and Version Tracking,Change Descriptions and Errata Provided,CM4AI,v8,3,1,0,1,binary,scored,
rubric10-semantic,E6.3,Data Provenance and Version Tracking,Change Descriptions and Errata Provided,VOICE,v7,1,1,1,1,binary,scored,no
rubric10-semantic,E6.3,Data Provenance and Version Tracking,Change Descriptions and Errata Provided,VOICE,v7,2,1,1,1,binary,scored,
rubric10-semantic,E6.3,Data Provenance and Version Tracking,Change Descriptions and Errata Provided,VOICE,v7,3,1,1,1,binary,scored,
rubric10-semantic,E6.3,Data Provenance and Version Tracking,Change Descriptions and Errata Provided,VOICE,v8,1,1,1,1,binary,scored,
rubric10-semantic,E6.3,Data Provenance and Version Tracking,Change Descriptions and Errata Provided,VOICE,v8,2,1,1,1,binary,scored,
rubric10-semantic,E6.3,Data Provenance and Version Tracking,Change Descriptions and Errata Provided,VOICE,v8,3,1,1,1,binary,scored,
rubric10-semantic,E6.4,Data Provenance and Version Tracking,Update Schedule or Frequency Indicated,AI_READI,v7,1,1,1,1,binary,scored,no
rubric10-semantic,E6.4,Data Provenance and Version Tracking,Update Schedule or Frequency Indicated,AI_READI,v7,2,1,1,1,binary,scored,
rubric10-semantic,E6.4,Data Provenance and Version Tracking,Update Schedule or Frequency Indicated,AI_READI,v7,3,1,1,1,binary,scored,
rubric10-semantic,E6.4,Data Provenance and Version Tracking,Update Schedule or Frequency Indicated,AI_READI,v8,1,1,1,1,binary,scored,
rubric10-semantic,E6.4,Data Provenance and Version Tracking,Update Schedule or Frequency Indicated,AI_READI,v8,2,1,1,1,binary,scored,
rubric10-semantic,E6.4,Data Provenance and Version Tracking,Update Schedule or Frequency Indicated,AI_READI,v8,3,1,1,1,binary,scored,
rubric10-semantic,E6.4,Data Provenance and Version Tracking,Update Schedule or Frequency Indicated,CHORUS,v7,1,1,1,1,binary,scored,yes
rubric10-semantic,E6.4,Data Provenance and Version Tracking,Update Schedule or Frequency Indicated,CHORUS,v7,2,1,1,1,binary,scored,
rubric10-semantic,E6.4,Data Provenance and Version Tracking,Update Schedule or Frequency Indicated,CHORUS,v7,3,1,1,1,binary,scored,
rubric10-semantic,E6.4,Data Provenance and Version Tracking,Update Schedule or Frequency Indicated,CHORUS,v8,1,1,0,1,binary,scored,
rubric10-semantic,E6.4,Data Provenance and Version Tracking,Update Schedule or Frequency Indicated,CHORUS,v8,2,1,1,1,binary,scored,
rubric10-semantic,E6.4,Data Provenance and Version Tracking,Update Schedule or Frequency Indicated,CHORUS,v8,3,1,1,1,binary,scored,
rubric10-semantic,E6.4,Data Provenance and Version Tracking,Update Schedule or Frequency Indicated,CM4AI,v7,1,1,1,1,binary,scored,no
rubric10-semantic,E6.4,Data Provenance and Version Tracking,Update Schedule or Frequency Indicated,CM4AI,v7,2,1,1,1,binary,scored,
rubric10-semantic,E6.4,Data Provenance and Version Tracking,Update Schedule or Frequency Indicated,CM4AI,v7,3,1,1,1,binary,scored,
rubric10-semantic,E6.4,Data Provenance and Version Tracking,Update Schedule or Frequency Indicated,CM4AI,v8,1,1,1,1,binary,scored,
rubric10-semantic,E6.4,Data Provenance and Version Tracking,Update Schedule or Frequency Indicated,CM4AI,v8,2,1,1,1,binary,scored,
rubric10-semantic,E6.4,Data Provenance and Version Tracking,Update Schedule or Frequency Indicated,CM4AI,v8,3,1,1,1,binary,scored,
rubric10-semantic,E6.4,Data Provenance and Version Tracking,Update Schedule or Frequency Indicated,VOICE,v7,1,1,1,1,binary,scored,no
rubric10-semantic,E6.4,Data Provenance and Version Tracking,Update Schedule or Frequency Indicated,VOICE,v7,2,1,1,1,binary,scored,
rubric10-semantic,E6.4,Data Provenance and Version Tracking,Update Schedule or Frequency Indicated,VOICE,v7,3,1,1,1,binary,scored,
rubric10-semantic,E6.4,Data Provenance and Version Tracking,Update Schedule or Frequency Indicated,VOICE,v8,1,1,1,1,binary,scored,
rubric10-semantic,E6.4,Data Provenance and Version Tracking,Update Schedule or Frequency Indicated,VOICE,v8,2,1,1,1,binary,scored,
rubric10-semantic,E6.4,Data Provenance and Version Tracking,Update Schedule or Frequency Indicated,VOICE,v8,3,1,1,1,binary,scored,
rubric10-semantic,E6.5,Data Provenance and Version Tracking,"Provenance, Source Derivation, and Raw Data Sources",AI_READI,v7,1,1,1,1,binary,scored,no
rubric10-semantic,E6.5,Data Provenance and Version Tracking,"Provenance, Source Derivation, and Raw Data Sources",AI_READI,v7,2,1,1,1,binary,scored,
rubric10-semantic,E6.5,Data Provenance and Version Tracking,"Provenance, Source Derivation, and Raw Data Sources",AI_READI,v7,3,1,1,1,binary,scored,
rubric10-semantic,E6.5,Data Provenance and Version Tracking,"Provenance, Source Derivation, and Raw Data Sources",AI_READI,v8,1,1,1,1,binary,scored,
rubric10-semantic,E6.5,Data Provenance and Version Tracking,"Provenance, Source Derivation, and Raw Data Sources",AI_READI,v8,2,1,1,1,binary,scored,
rubric10-semantic,E6.5,Data Provenance and Version Tracking,"Provenance, Source Derivation, and Raw Data Sources",AI_READI,v8,3,1,1,1,binary,scored,
rubric10-semantic,E6.5,Data Provenance and Version Tracking,"Provenance, Source Derivation, and Raw Data Sources",CHORUS,v7,1,1,1,1,binary,scored,no
rubric10-semantic,E6.5,Data Provenance and Version Tracking,"Provenance, Source Derivation, and Raw Data Sources",CHORUS,v7,2,1,1,1,binary,scored,
rubric10-semantic,E6.5,Data Provenance and Version Tracking,"Provenance, Source Derivation, and Raw Data Sources",CHORUS,v7,3,1,1,1,binary,scored,
rubric10-semantic,E6.5,Data Provenance and Version Tracking,"Provenance, Source Derivation, and Raw Data Sources",CHORUS,v8,1,1,1,1,binary,scored,
rubric10-semantic,E6.5,Data Provenance and Version Tracking,"Provenance, Source Derivation, and Raw Data Sources",CHORUS,v8,2,1,1,1,binary,scored,
rubric10-semantic,E6.5,Data Provenance and Version Tracking,"Provenance, Source Derivation, and Raw Data Sources",CHORUS,v8,3,1,1,1,binary,scored,
rubric10-semantic,E6.5,Data Provenance and Version Tracking,"Provenance, Source Derivation, and Raw Data Sources",CM4AI,v7,1,1,1,1,binary,scored,no
rubric10-semantic,E6.5,Data Provenance and Version Tracking,"Provenance, Source Derivation, and Raw Data Sources",CM4AI,v7,2,1,1,1,binary,scored,
rubric10-semantic,E6.5,Data Provenance and Version Tracking,"Provenance, Source Derivation, and Raw Data Sources",CM4AI,v7,3,1,1,1,binary,scored,
rubric10-semantic,E6.5,Data Provenance and Version Tracking,"Provenance, Source Derivation, and Raw Data Sources",CM4AI,v8,1,1,1,1,binary,scored,
rubric10-semantic,E6.5,Data Provenance and Version Tracking,"Provenance, Source Derivation, and Raw Data Sources",CM4AI,v8,2,1,1,1,binary,scored,
rubric10-semantic,E6.5,Data Provenance and Version Tracking,"Provenance, Source Derivation, and Raw Data Sources",CM4AI,v8,3,1,1,1,binary,scored,
rubric10-semantic,E6.5,Data Provenance and Version Tracking,"Provenance, Source Derivation, and Raw Data Sources",VOICE,v7,1,1,1,1,binary,scored,no
rubric10-semantic,E6.5,Data Provenance and Version Tracking,"Provenance, Source Derivation, and Raw Data Sources",VOICE,v7,2,1,1,1,binary,scored,
rubric10-semantic,E6.5,Data Provenance and Version Tracking,"Provenance, Source Derivation, and Raw Data Sources",VOICE,v7,3,1,1,1,binary,scored,
rubric10-semantic,E6.5,Data Provenance and Version Tracking,"Provenance, Source Derivation, and Raw Data Sources",VOICE,v8,1,1,1,1,binary,scored,
rubric10-semantic,E6.5,Data Provenance and Version Tracking,"Provenance, Source Derivation, and Raw Data Sources",VOICE,v8,2,1,1,1,binary,scored,
rubric10-semantic,E6.5,Data Provenance and Version Tracking,"Provenance, Source Derivation, and Raw Data Sources",VOICE,v8,3,1,1,1,binary,scored,
rubric10-semantic,E7.1,Scientific Motivation and Funding Transparency,Motivation or Purpose for Dataset Creation,AI_READI,v7,1,1,1,1,binary,scored,no
rubric10-semantic,E7.1,Scientific Motivation and Funding Transparency,Motivation or Purpose for Dataset Creation,AI_READI,v7,2,1,1,1,binary,scored,
rubric10-semantic,E7.1,Scientific Motivation and Funding Transparency,Motivation or Purpose for Dataset Creation,AI_READI,v7,3,1,1,1,binary,scored,
rubric10-semantic,E7.1,Scientific Motivation and Funding Transparency,Motivation or Purpose for Dataset Creation,AI_READI,v8,1,1,1,1,binary,scored,
rubric10-semantic,E7.1,Scientific Motivation and Funding Transparency,Motivation or Purpose for Dataset Creation,AI_READI,v8,2,1,1,1,binary,scored,
rubric10-semantic,E7.1,Scientific Motivation and Funding Transparency,Motivation or Purpose for Dataset Creation,AI_READI,v8,3,1,1,1,binary,scored,
rubric10-semantic,E7.1,Scientific Motivation and Funding Transparency,Motivation or Purpose for Dataset Creation,CHORUS,v7,1,1,1,1,binary,scored,no
rubric10-semantic,E7.1,Scientific Motivation and Funding Transparency,Motivation or Purpose for Dataset Creation,CHORUS,v7,2,1,1,1,binary,scored,
rubric10-semantic,E7.1,Scientific Motivation and Funding Transparency,Motivation or Purpose for Dataset Creation,CHORUS,v7,3,1,1,1,binary,scored,
rubric10-semantic,E7.1,Scientific Motivation and Funding Transparency,Motivation or Purpose for Dataset Creation,CHORUS,v8,1,1,1,1,binary,scored,
rubric10-semantic,E7.1,Scientific Motivation and Funding Transparency,Motivation or Purpose for Dataset Creation,CHORUS,v8,2,1,1,1,binary,scored,
rubric10-semantic,E7.1,Scientific Motivation and Funding Transparency,Motivation or Purpose for Dataset Creation,CHORUS,v8,3,1,1,1,binary,scored,
rubric10-semantic,E7.1,Scientific Motivation and Funding Transparency,Motivation or Purpose for Dataset Creation,CM4AI,v7,1,1,1,1,binary,scored,no
rubric10-semantic,E7.1,Scientific Motivation and Funding Transparency,Motivation or Purpose for Dataset Creation,CM4AI,v7,2,1,1,1,binary,scored,
rubric10-semantic,E7.1,Scientific Motivation and Funding Transparency,Motivation or Purpose for Dataset Creation,CM4AI,v7,3,1,1,1,binary,scored,
rubric10-semantic,E7.1,Scientific Motivation and Funding Transparency,Motivation or Purpose for Dataset Creation,CM4AI,v8,1,1,1,1,binary,scored,
rubric10-semantic,E7.1,Scientific Motivation and Funding Transparency,Motivation or Purpose for Dataset Creation,CM4AI,v8,2,1,1,1,binary,scored,
rubric10-semantic,E7.1,Scientific Motivation and Funding Transparency,Motivation or Purpose for Dataset Creation,CM4AI,v8,3,1,1,1,binary,scored,
rubric10-semantic,E7.1,Scientific Motivation and Funding Transparency,Motivation or Purpose for Dataset Creation,VOICE,v7,1,1,1,1,binary,scored,no
rubric10-semantic,E7.1,Scientific Motivation and Funding Transparency,Motivation or Purpose for Dataset Creation,VOICE,v7,2,1,1,1,binary,scored,
rubric10-semantic,E7.1,Scientific Motivation and Funding Transparency,Motivation or Purpose for Dataset Creation,VOICE,v7,3,1,1,1,binary,scored,
rubric10-semantic,E7.1,Scientific Motivation and Funding Transparency,Motivation or Purpose for Dataset Creation,VOICE,v8,1,1,1,1,binary,scored,
rubric10-semantic,E7.1,Scientific Motivation and Funding Transparency,Motivation or Purpose for Dataset Creation,VOICE,v8,2,1,1,1,binary,scored,
rubric10-semantic,E7.1,Scientific Motivation and Funding Transparency,Motivation or Purpose for Dataset Creation,VOICE,v8,3,1,1,1,binary,scored,
rubric10-semantic,E7.2,Scientific Motivation and Funding Transparency,Primary Research Objectives or Tasks,AI_READI,v7,1,1,1,1,binary,scored,no
rubric10-semantic,E7.2,Scientific Motivation and Funding Transparency,Primary Research Objectives or Tasks,AI_READI,v7,2,1,1,1,binary,scored,
rubric10-semantic,E7.2,Scientific Motivation and Funding Transparency,Primary Research Objectives or Tasks,AI_READI,v7,3,1,1,1,binary,scored,
rubric10-semantic,E7.2,Scientific Motivation and Funding Transparency,Primary Research Objectives or Tasks,AI_READI,v8,1,1,1,1,binary,scored,
rubric10-semantic,E7.2,Scientific Motivation and Funding Transparency,Primary Research Objectives or Tasks,AI_READI,v8,2,1,1,1,binary,scored,
rubric10-semantic,E7.2,Scientific Motivation and Funding Transparency,Primary Research Objectives or Tasks,AI_READI,v8,3,1,1,1,binary,scored,
rubric10-semantic,E7.2,Scientific Motivation and Funding Transparency,Primary Research Objectives or Tasks,CHORUS,v7,1,1,1,1,binary,scored,no
rubric10-semantic,E7.2,Scientific Motivation and Funding Transparency,Primary Research Objectives or Tasks,CHORUS,v7,2,1,1,1,binary,scored,
rubric10-semantic,E7.2,Scientific Motivation and Funding Transparency,Primary Research Objectives or Tasks,CHORUS,v7,3,1,1,1,binary,scored,
rubric10-semantic,E7.2,Scientific Motivation and Funding Transparency,Primary Research Objectives or Tasks,CHORUS,v8,1,1,1,1,binary,scored,
rubric10-semantic,E7.2,Scientific Motivation and Funding Transparency,Primary Research Objectives or Tasks,CHORUS,v8,2,1,1,1,binary,scored,
rubric10-semantic,E7.2,Scientific Motivation and Funding Transparency,Primary Research Objectives or Tasks,CHORUS,v8,3,1,1,1,binary,scored,
rubric10-semantic,E7.2,Scientific Motivation and Funding Transparency,Primary Research Objectives or Tasks,CM4AI,v7,1,1,1,1,binary,scored,no
rubric10-semantic,E7.2,Scientific Motivation and Funding Transparency,Primary Research Objectives or Tasks,CM4AI,v7,2,1,1,1,binary,scored,
rubric10-semantic,E7.2,Scientific Motivation and Funding Transparency,Primary Research Objectives or Tasks,CM4AI,v7,3,1,1,1,binary,scored,
rubric10-semantic,E7.2,Scientific Motivation and Funding Transparency,Primary Research Objectives or Tasks,CM4AI,v8,1,1,1,1,binary,scored,
rubric10-semantic,E7.2,Scientific Motivation and Funding Transparency,Primary Research Objectives or Tasks,CM4AI,v8,2,1,1,1,binary,scored,
rubric10-semantic,E7.2,Scientific Motivation and Funding Transparency,Primary Research Objectives or Tasks,CM4AI,v8,3,1,1,1,binary,scored,
rubric10-semantic,E7.2,Scientific Motivation and Funding Transparency,Primary Research Objectives or Tasks,VOICE,v7,1,1,1,1,binary,scored,no
rubric10-semantic,E7.2,Scientific Motivation and Funding Transparency,Primary Research Objectives or Tasks,VOICE,v7,2,1,1,1,binary,scored,
rubric10-semantic,E7.2,Scientific Motivation and Funding Transparency,Primary Research Objectives or Tasks,VOICE,v7,3,1,1,1,binary,scored,
rubric10-semantic,E7.2,Scientific Motivation and Funding Transparency,Primary Research Objectives or Tasks,VOICE,v8,1,1,1,1,binary,scored,
rubric10-semantic,E7.2,Scientific Motivation and Funding Transparency,Primary Research Objectives or Tasks,VOICE,v8,2,1,1,1,binary,scored,
rubric10-semantic,E7.2,Scientific Motivation and Funding Transparency,Primary Research Objectives or Tasks,VOICE,v8,3,1,1,1,binary,scored,
rubric10-semantic,E7.3,Scientific Motivation and Funding Transparency,Funding Sources and Mechanisms Listed,AI_READI,v7,1,1,1,1,binary,scored,no
rubric10-semantic,E7.3,Scientific Motivation and Funding Transparency,Funding Sources and Mechanisms Listed,AI_READI,v7,2,1,1,1,binary,scored,
rubric10-semantic,E7.3,Scientific Motivation and Funding Transparency,Funding Sources and Mechanisms Listed,AI_READI,v7,3,1,1,1,binary,scored,
rubric10-semantic,E7.3,Scientific Motivation and Funding Transparency,Funding Sources and Mechanisms Listed,AI_READI,v8,1,1,1,1,binary,scored,
rubric10-semantic,E7.3,Scientific Motivation and Funding Transparency,Funding Sources and Mechanisms Listed,AI_READI,v8,2,1,1,1,binary,scored,
rubric10-semantic,E7.3,Scientific Motivation and Funding Transparency,Funding Sources and Mechanisms Listed,AI_READI,v8,3,1,1,1,binary,scored,
rubric10-semantic,E7.3,Scientific Motivation and Funding Transparency,Funding Sources and Mechanisms Listed,CHORUS,v7,1,1,1,1,binary,scored,no
rubric10-semantic,E7.3,Scientific Motivation and Funding Transparency,Funding Sources and Mechanisms Listed,CHORUS,v7,2,1,1,1,binary,scored,
rubric10-semantic,E7.3,Scientific Motivation and Funding Transparency,Funding Sources and Mechanisms Listed,CHORUS,v7,3,1,1,1,binary,scored,
rubric10-semantic,E7.3,Scientific Motivation and Funding Transparency,Funding Sources and Mechanisms Listed,CHORUS,v8,1,1,1,1,binary,scored,
rubric10-semantic,E7.3,Scientific Motivation and Funding Transparency,Funding Sources and Mechanisms Listed,CHORUS,v8,2,1,1,1,binary,scored,
rubric10-semantic,E7.3,Scientific Motivation and Funding Transparency,Funding Sources and Mechanisms Listed,CHORUS,v8,3,1,1,1,binary,scored,
rubric10-semantic,E7.3,Scientific Motivation and Funding Transparency,Funding Sources and Mechanisms Listed,CM4AI,v7,1,1,1,1,binary,scored,no
rubric10-semantic,E7.3,Scientific Motivation and Funding Transparency,Funding Sources and Mechanisms Listed,CM4AI,v7,2,1,1,1,binary,scored,
rubric10-semantic,E7.3,Scientific Motivation and Funding Transparency,Funding Sources and Mechanisms Listed,CM4AI,v7,3,1,1,1,binary,scored,
rubric10-semantic,E7.3,Scientific Motivation and Funding Transparency,Funding Sources and Mechanisms Listed,CM4AI,v8,1,1,1,1,binary,scored,
rubric10-semantic,E7.3,Scientific Motivation and Funding Transparency,Funding Sources and Mechanisms Listed,CM4AI,v8,2,1,1,1,binary,scored,
rubric10-semantic,E7.3,Scientific Motivation and Funding Transparency,Funding Sources and Mechanisms Listed,CM4AI,v8,3,1,1,1,binary,scored,
rubric10-semantic,E7.3,Scientific Motivation and Funding Transparency,Funding Sources and Mechanisms Listed,VOICE,v7,1,1,1,1,binary,scored,no
rubric10-semantic,E7.3,Scientific Motivation and Funding Transparency,Funding Sources and Mechanisms Listed,VOICE,v7,2,1,1,1,binary,scored,
rubric10-semantic,E7.3,Scientific Motivation and Funding Transparency,Funding Sources and Mechanisms Listed,VOICE,v7,3,1,1,1,binary,scored,
rubric10-semantic,E7.3,Scientific Motivation and Funding Transparency,Funding Sources and Mechanisms Listed,VOICE,v8,1,1,1,1,binary,scored,
rubric10-semantic,E7.3,Scientific Motivation and Funding Transparency,Funding Sources and Mechanisms Listed,VOICE,v8,2,1,1,1,binary,scored,
rubric10-semantic,E7.3,Scientific Motivation and Funding Transparency,Funding Sources and Mechanisms Listed,VOICE,v8,3,1,1,1,binary,scored,
rubric10-semantic,E7.4,Scientific Motivation and Funding Transparency,Grant IDs or Award Numbers Present,AI_READI,v7,1,1,1,1,binary,scored,no
rubric10-semantic,E7.4,Scientific Motivation and Funding Transparency,Grant IDs or Award Numbers Present,AI_READI,v7,2,1,1,1,binary,scored,
rubric10-semantic,E7.4,Scientific Motivation and Funding Transparency,Grant IDs or Award Numbers Present,AI_READI,v7,3,1,1,1,binary,scored,
rubric10-semantic,E7.4,Scientific Motivation and Funding Transparency,Grant IDs or Award Numbers Present,AI_READI,v8,1,1,1,1,binary,scored,
rubric10-semantic,E7.4,Scientific Motivation and Funding Transparency,Grant IDs or Award Numbers Present,AI_READI,v8,2,1,1,1,binary,scored,
rubric10-semantic,E7.4,Scientific Motivation and Funding Transparency,Grant IDs or Award Numbers Present,AI_READI,v8,3,1,1,1,binary,scored,
rubric10-semantic,E7.4,Scientific Motivation and Funding Transparency,Grant IDs or Award Numbers Present,CHORUS,v7,1,1,1,1,binary,scored,no
rubric10-semantic,E7.4,Scientific Motivation and Funding Transparency,Grant IDs or Award Numbers Present,CHORUS,v7,2,1,1,1,binary,scored,
rubric10-semantic,E7.4,Scientific Motivation and Funding Transparency,Grant IDs or Award Numbers Present,CHORUS,v7,3,1,1,1,binary,scored,
rubric10-semantic,E7.4,Scientific Motivation and Funding Transparency,Grant IDs or Award Numbers Present,CHORUS,v8,1,1,1,1,binary,scored,
rubric10-semantic,E7.4,Scientific Motivation and Funding Transparency,Grant IDs or Award Numbers Present,CHORUS,v8,2,1,1,1,binary,scored,
rubric10-semantic,E7.4,Scientific Motivation and Funding Transparency,Grant IDs or Award Numbers Present,CHORUS,v8,3,1,1,1,binary,scored,
rubric10-semantic,E7.4,Scientific Motivation and Funding Transparency,Grant IDs or Award Numbers Present,CM4AI,v7,1,1,1,1,binary,scored,no
rubric10-semantic,E7.4,Scientific Motivation and Funding Transparency,Grant IDs or Award Numbers Present,CM4AI,v7,2,1,1,1,binary,scored,
rubric10-semantic,E7.4,Scientific Motivation and Funding Transparency,Grant IDs or Award Numbers Present,CM4AI,v7,3,1,1,1,binary,scored,
rubric10-semantic,E7.4,Scientific Motivation and Funding Transparency,Grant IDs or Award Numbers Present,CM4AI,v8,1,1,1,1,binary,scored,
rubric10-semantic,E7.4,Scientific Motivation and Funding Transparency,Grant IDs or Award Numbers Present,CM4AI,v8,2,1,1,1,binary,scored,
rubric10-semantic,E7.4,Scientific Motivation and Funding Transparency,Grant IDs or Award Numbers Present,CM4AI,v8,3,1,1,1,binary,scored,
rubric10-semantic,E7.4,Scientific Motivation and Funding Transparency,Grant IDs or Award Numbers Present,VOICE,v7,1,1,1,1,binary,scored,no
rubric10-semantic,E7.4,Scientific Motivation and Funding Transparency,Grant IDs or Award Numbers Present,VOICE,v7,2,1,1,1,binary,scored,
rubric10-semantic,E7.4,Scientific Motivation and Funding Transparency,Grant IDs or Award Numbers Present,VOICE,v7,3,1,1,1,binary,scored,
rubric10-semantic,E7.4,Scientific Motivation and Funding Transparency,Grant IDs or Award Numbers Present,VOICE,v8,1,1,1,1,binary,scored,
rubric10-semantic,E7.4,Scientific Motivation and Funding Transparency,Grant IDs or Award Numbers Present,VOICE,v8,2,1,1,1,binary,scored,
rubric10-semantic,E7.4,Scientific Motivation and Funding Transparency,Grant IDs or Award Numbers Present,VOICE,v8,3,1,1,1,binary,scored,
rubric10-semantic,E7.5,Scientific Motivation and Funding Transparency,Creators and Acknowledgements Documented,AI_READI,v7,1,1,1,1,binary,scored,no
rubric10-semantic,E7.5,Scientific Motivation and Funding Transparency,Creators and Acknowledgements Documented,AI_READI,v7,2,1,1,1,binary,scored,
rubric10-semantic,E7.5,Scientific Motivation and Funding Transparency,Creators and Acknowledgements Documented,AI_READI,v7,3,1,1,1,binary,scored,
rubric10-semantic,E7.5,Scientific Motivation and Funding Transparency,Creators and Acknowledgements Documented,AI_READI,v8,1,1,1,1,binary,scored,
rubric10-semantic,E7.5,Scientific Motivation and Funding Transparency,Creators and Acknowledgements Documented,AI_READI,v8,2,1,1,1,binary,scored,
rubric10-semantic,E7.5,Scientific Motivation and Funding Transparency,Creators and Acknowledgements Documented,AI_READI,v8,3,1,1,1,binary,scored,
rubric10-semantic,E7.5,Scientific Motivation and Funding Transparency,Creators and Acknowledgements Documented,CHORUS,v7,1,1,1,1,binary,scored,no
rubric10-semantic,E7.5,Scientific Motivation and Funding Transparency,Creators and Acknowledgements Documented,CHORUS,v7,2,1,1,1,binary,scored,
rubric10-semantic,E7.5,Scientific Motivation and Funding Transparency,Creators and Acknowledgements Documented,CHORUS,v7,3,1,1,1,binary,scored,
rubric10-semantic,E7.5,Scientific Motivation and Funding Transparency,Creators and Acknowledgements Documented,CHORUS,v8,1,1,1,1,binary,scored,
rubric10-semantic,E7.5,Scientific Motivation and Funding Transparency,Creators and Acknowledgements Documented,CHORUS,v8,2,1,1,1,binary,scored,
rubric10-semantic,E7.5,Scientific Motivation and Funding Transparency,Creators and Acknowledgements Documented,CHORUS,v8,3,1,1,1,binary,scored,
rubric10-semantic,E7.5,Scientific Motivation and Funding Transparency,Creators and Acknowledgements Documented,CM4AI,v7,1,1,1,1,binary,scored,no
rubric10-semantic,E7.5,Scientific Motivation and Funding Transparency,Creators and Acknowledgements Documented,CM4AI,v7,2,1,1,1,binary,scored,
rubric10-semantic,E7.5,Scientific Motivation and Funding Transparency,Creators and Acknowledgements Documented,CM4AI,v7,3,1,1,1,binary,scored,
rubric10-semantic,E7.5,Scientific Motivation and Funding Transparency,Creators and Acknowledgements Documented,CM4AI,v8,1,1,1,1,binary,scored,
rubric10-semantic,E7.5,Scientific Motivation and Funding Transparency,Creators and Acknowledgements Documented,CM4AI,v8,2,1,1,1,binary,scored,
rubric10-semantic,E7.5,Scientific Motivation and Funding Transparency,Creators and Acknowledgements Documented,CM4AI,v8,3,1,1,1,binary,scored,
rubric10-semantic,E7.5,Scientific Motivation and Funding Transparency,Creators and Acknowledgements Documented,VOICE,v7,1,1,1,1,binary,scored,no
rubric10-semantic,E7.5,Scientific Motivation and Funding Transparency,Creators and Acknowledgements Documented,VOICE,v7,2,1,1,1,binary,scored,
rubric10-semantic,E7.5,Scientific Motivation and Funding Transparency,Creators and Acknowledgements Documented,VOICE,v7,3,1,1,1,binary,scored,
rubric10-semantic,E7.5,Scientific Motivation and Funding Transparency,Creators and Acknowledgements Documented,VOICE,v8,1,1,1,1,binary,scored,
rubric10-semantic,E7.5,Scientific Motivation and Funding Transparency,Creators and Acknowledgements Documented,VOICE,v8,2,1,1,1,binary,scored,
rubric10-semantic,E7.5,Scientific Motivation and Funding Transparency,Creators and Acknowledgements Documented,VOICE,v8,3,1,1,1,binary,scored,
rubric10-semantic,E8.1,Technical Transparency (Data Collection and Processing),Collection Mechanisms and Settings Described,AI_READI,v7,1,1,1,1,binary,scored,no
rubric10-semantic,E8.1,Technical Transparency (Data Collection and Processing),Collection Mechanisms and Settings Described,AI_READI,v7,2,1,1,1,binary,scored,
rubric10-semantic,E8.1,Technical Transparency (Data Collection and Processing),Collection Mechanisms and Settings Described,AI_READI,v7,3,1,1,1,binary,scored,
rubric10-semantic,E8.1,Technical Transparency (Data Collection and Processing),Collection Mechanisms and Settings Described,AI_READI,v8,1,1,1,1,binary,scored,
rubric10-semantic,E8.1,Technical Transparency (Data Collection and Processing),Collection Mechanisms and Settings Described,AI_READI,v8,2,1,1,1,binary,scored,
rubric10-semantic,E8.1,Technical Transparency (Data Collection and Processing),Collection Mechanisms and Settings Described,AI_READI,v8,3,1,1,1,binary,scored,
rubric10-semantic,E8.1,Technical Transparency (Data Collection and Processing),Collection Mechanisms and Settings Described,CHORUS,v7,1,1,1,1,binary,scored,no
rubric10-semantic,E8.1,Technical Transparency (Data Collection and Processing),Collection Mechanisms and Settings Described,CHORUS,v7,2,1,1,1,binary,scored,
rubric10-semantic,E8.1,Technical Transparency (Data Collection and Processing),Collection Mechanisms and Settings Described,CHORUS,v7,3,1,1,1,binary,scored,
rubric10-semantic,E8.1,Technical Transparency (Data Collection and Processing),Collection Mechanisms and Settings Described,CHORUS,v8,1,1,1,1,binary,scored,
rubric10-semantic,E8.1,Technical Transparency (Data Collection and Processing),Collection Mechanisms and Settings Described,CHORUS,v8,2,1,1,1,binary,scored,
rubric10-semantic,E8.1,Technical Transparency (Data Collection and Processing),Collection Mechanisms and Settings Described,CHORUS,v8,3,1,1,1,binary,scored,
rubric10-semantic,E8.1,Technical Transparency (Data Collection and Processing),Collection Mechanisms and Settings Described,CM4AI,v7,1,1,1,1,binary,scored,no
rubric10-semantic,E8.1,Technical Transparency (Data Collection and Processing),Collection Mechanisms and Settings Described,CM4AI,v7,2,1,1,1,binary,scored,
rubric10-semantic,E8.1,Technical Transparency (Data Collection and Processing),Collection Mechanisms and Settings Described,CM4AI,v7,3,1,1,1,binary,scored,
rubric10-semantic,E8.1,Technical Transparency (Data Collection and Processing),Collection Mechanisms and Settings Described,CM4AI,v8,1,1,1,1,binary,scored,
rubric10-semantic,E8.1,Technical Transparency (Data Collection and Processing),Collection Mechanisms and Settings Described,CM4AI,v8,2,1,1,1,binary,scored,
rubric10-semantic,E8.1,Technical Transparency (Data Collection and Processing),Collection Mechanisms and Settings Described,CM4AI,v8,3,1,1,1,binary,scored,
rubric10-semantic,E8.1,Technical Transparency (Data Collection and Processing),Collection Mechanisms and Settings Described,VOICE,v7,1,1,1,1,binary,scored,no
rubric10-semantic,E8.1,Technical Transparency (Data Collection and Processing),Collection Mechanisms and Settings Described,VOICE,v7,2,1,1,1,binary,scored,
rubric10-semantic,E8.1,Technical Transparency (Data Collection and Processing),Collection Mechanisms and Settings Described,VOICE,v7,3,1,1,1,binary,scored,
rubric10-semantic,E8.1,Technical Transparency (Data Collection and Processing),Collection Mechanisms and Settings Described,VOICE,v8,1,1,1,1,binary,scored,
rubric10-semantic,E8.1,Technical Transparency (Data Collection and Processing),Collection Mechanisms and Settings Described,VOICE,v8,2,1,1,1,binary,scored,
rubric10-semantic,E8.1,Technical Transparency (Data Collection and Processing),Collection Mechanisms and Settings Described,VOICE,v8,3,1,1,1,binary,scored,
rubric10-semantic,E8.2,Technical Transparency (Data Collection and Processing),Data Acquisition Methods Listed,AI_READI,v7,1,1,1,1,binary,scored,no
rubric10-semantic,E8.2,Technical Transparency (Data Collection and Processing),Data Acquisition Methods Listed,AI_READI,v7,2,1,1,1,binary,scored,
rubric10-semantic,E8.2,Technical Transparency (Data Collection and Processing),Data Acquisition Methods Listed,AI_READI,v7,3,1,1,1,binary,scored,
rubric10-semantic,E8.2,Technical Transparency (Data Collection and Processing),Data Acquisition Methods Listed,AI_READI,v8,1,1,1,1,binary,scored,
rubric10-semantic,E8.2,Technical Transparency (Data Collection and Processing),Data Acquisition Methods Listed,AI_READI,v8,2,1,1,1,binary,scored,
rubric10-semantic,E8.2,Technical Transparency (Data Collection and Processing),Data Acquisition Methods Listed,AI_READI,v8,3,1,1,1,binary,scored,
rubric10-semantic,E8.2,Technical Transparency (Data Collection and Processing),Data Acquisition Methods Listed,CHORUS,v7,1,1,1,1,binary,scored,no
rubric10-semantic,E8.2,Technical Transparency (Data Collection and Processing),Data Acquisition Methods Listed,CHORUS,v7,2,1,1,1,binary,scored,
rubric10-semantic,E8.2,Technical Transparency (Data Collection and Processing),Data Acquisition Methods Listed,CHORUS,v7,3,1,1,1,binary,scored,
rubric10-semantic,E8.2,Technical Transparency (Data Collection and Processing),Data Acquisition Methods Listed,CHORUS,v8,1,1,1,1,binary,scored,
rubric10-semantic,E8.2,Technical Transparency (Data Collection and Processing),Data Acquisition Methods Listed,CHORUS,v8,2,1,1,1,binary,scored,
rubric10-semantic,E8.2,Technical Transparency (Data Collection and Processing),Data Acquisition Methods Listed,CHORUS,v8,3,1,1,1,binary,scored,
rubric10-semantic,E8.2,Technical Transparency (Data Collection and Processing),Data Acquisition Methods Listed,CM4AI,v7,1,1,1,1,binary,scored,no
rubric10-semantic,E8.2,Technical Transparency (Data Collection and Processing),Data Acquisition Methods Listed,CM4AI,v7,2,1,1,1,binary,scored,
rubric10-semantic,E8.2,Technical Transparency (Data Collection and Processing),Data Acquisition Methods Listed,CM4AI,v7,3,1,1,1,binary,scored,
rubric10-semantic,E8.2,Technical Transparency (Data Collection and Processing),Data Acquisition Methods Listed,CM4AI,v8,1,1,1,1,binary,scored,
rubric10-semantic,E8.2,Technical Transparency (Data Collection and Processing),Data Acquisition Methods Listed,CM4AI,v8,2,1,1,1,binary,scored,
rubric10-semantic,E8.2,Technical Transparency (Data Collection and Processing),Data Acquisition Methods Listed,CM4AI,v8,3,1,1,1,binary,scored,
rubric10-semantic,E8.2,Technical Transparency (Data Collection and Processing),Data Acquisition Methods Listed,VOICE,v7,1,1,1,1,binary,scored,no
rubric10-semantic,E8.2,Technical Transparency (Data Collection and Processing),Data Acquisition Methods Listed,VOICE,v7,2,1,1,1,binary,scored,
rubric10-semantic,E8.2,Technical Transparency (Data Collection and Processing),Data Acquisition Methods Listed,VOICE,v7,3,1,1,1,binary,scored,
rubric10-semantic,E8.2,Technical Transparency (Data Collection and Processing),Data Acquisition Methods Listed,VOICE,v8,1,1,1,1,binary,scored,
rubric10-semantic,E8.2,Technical Transparency (Data Collection and Processing),Data Acquisition Methods Listed,VOICE,v8,2,1,1,1,binary,scored,
rubric10-semantic,E8.2,Technical Transparency (Data Collection and Processing),Data Acquisition Methods Listed,VOICE,v8,3,1,1,1,binary,scored,
rubric10-semantic,E8.3,Technical Transparency (Data Collection and Processing),"Preprocessing, Cleaning, Labeling, and Annotation Quality",AI_READI,v7,1,1,1,1,binary,scored,no
rubric10-semantic,E8.3,Technical Transparency (Data Collection and Processing),"Preprocessing, Cleaning, Labeling, and Annotation Quality",AI_READI,v7,2,1,1,1,binary,scored,
rubric10-semantic,E8.3,Technical Transparency (Data Collection and Processing),"Preprocessing, Cleaning, Labeling, and Annotation Quality",AI_READI,v7,3,1,1,1,binary,scored,
rubric10-semantic,E8.3,Technical Transparency (Data Collection and Processing),"Preprocessing, Cleaning, Labeling, and Annotation Quality",AI_READI,v8,1,1,1,1,binary,scored,
rubric10-semantic,E8.3,Technical Transparency (Data Collection and Processing),"Preprocessing, Cleaning, Labeling, and Annotation Quality",AI_READI,v8,2,1,1,1,binary,scored,
rubric10-semantic,E8.3,Technical Transparency (Data Collection and Processing),"Preprocessing, Cleaning, Labeling, and Annotation Quality",AI_READI,v8,3,1,1,1,binary,scored,
rubric10-semantic,E8.3,Technical Transparency (Data Collection and Processing),"Preprocessing, Cleaning, Labeling, and Annotation Quality",CHORUS,v7,1,1,1,1,binary,scored,no
rubric10-semantic,E8.3,Technical Transparency (Data Collection and Processing),"Preprocessing, Cleaning, Labeling, and Annotation Quality",CHORUS,v7,2,1,1,1,binary,scored,
rubric10-semantic,E8.3,Technical Transparency (Data Collection and Processing),"Preprocessing, Cleaning, Labeling, and Annotation Quality",CHORUS,v7,3,1,1,1,binary,scored,
rubric10-semantic,E8.3,Technical Transparency (Data Collection and Processing),"Preprocessing, Cleaning, Labeling, and Annotation Quality",CHORUS,v8,1,1,1,1,binary,scored,
rubric10-semantic,E8.3,Technical Transparency (Data Collection and Processing),"Preprocessing, Cleaning, Labeling, and Annotation Quality",CHORUS,v8,2,1,1,1,binary,scored,
rubric10-semantic,E8.3,Technical Transparency (Data Collection and Processing),"Preprocessing, Cleaning, Labeling, and Annotation Quality",CHORUS,v8,3,1,1,1,binary,scored,
rubric10-semantic,E8.3,Technical Transparency (Data Collection and Processing),"Preprocessing, Cleaning, Labeling, and Annotation Quality",CM4AI,v7,1,1,1,1,binary,scored,no
rubric10-semantic,E8.3,Technical Transparency (Data Collection and Processing),"Preprocessing, Cleaning, Labeling, and Annotation Quality",CM4AI,v7,2,1,1,1,binary,scored,
rubric10-semantic,E8.3,Technical Transparency (Data Collection and Processing),"Preprocessing, Cleaning, Labeling, and Annotation Quality",CM4AI,v7,3,1,0,1,binary,scored,
rubric10-semantic,E8.3,Technical Transparency (Data Collection and Processing),"Preprocessing, Cleaning, Labeling, and Annotation Quality",CM4AI,v8,1,1,0,1,binary,scored,
rubric10-semantic,E8.3,Technical Transparency (Data Collection and Processing),"Preprocessing, Cleaning, Labeling, and Annotation Quality",CM4AI,v8,2,1,0,1,binary,scored,
rubric10-semantic,E8.3,Technical Transparency (Data Collection and Processing),"Preprocessing, Cleaning, Labeling, and Annotation Quality",CM4AI,v8,3,1,0,1,binary,scored,
rubric10-semantic,E8.3,Technical Transparency (Data Collection and Processing),"Preprocessing, Cleaning, Labeling, and Annotation Quality",VOICE,v7,1,1,1,1,binary,scored,no
rubric10-semantic,E8.3,Technical Transparency (Data Collection and Processing),"Preprocessing, Cleaning, Labeling, and Annotation Quality",VOICE,v7,2,1,1,1,binary,scored,
rubric10-semantic,E8.3,Technical Transparency (Data Collection and Processing),"Preprocessing, Cleaning, Labeling, and Annotation Quality",VOICE,v7,3,1,1,1,binary,scored,
rubric10-semantic,E8.3,Technical Transparency (Data Collection and Processing),"Preprocessing, Cleaning, Labeling, and Annotation Quality",VOICE,v8,1,1,1,1,binary,scored,
rubric10-semantic,E8.3,Technical Transparency (Data Collection and Processing),"Preprocessing, Cleaning, Labeling, and Annotation Quality",VOICE,v8,2,1,1,1,binary,scored,
rubric10-semantic,E8.3,Technical Transparency (Data Collection and Processing),"Preprocessing, Cleaning, Labeling, and Annotation Quality",VOICE,v8,3,1,1,1,binary,scored,
rubric10-semantic,E8.4,Technical Transparency (Data Collection and Processing),Software and Tools Documented,AI_READI,v7,1,1,0,1,binary,scored,no
rubric10-semantic,E8.4,Technical Transparency (Data Collection and Processing),Software and Tools Documented,AI_READI,v7,2,1,0,1,binary,scored,
rubric10-semantic,E8.4,Technical Transparency (Data Collection and Processing),Software and Tools Documented,AI_READI,v7,3,1,0,1,binary,scored,
rubric10-semantic,E8.4,Technical Transparency (Data Collection and Processing),Software and Tools Documented,AI_READI,v8,1,1,0,1,binary,scored,
rubric10-semantic,E8.4,Technical Transparency (Data Collection and Processing),Software and Tools Documented,AI_READI,v8,2,1,0,1,binary,scored,
rubric10-semantic,E8.4,Technical Transparency (Data Collection and Processing),Software and Tools Documented,AI_READI,v8,3,1,0,1,binary,scored,
rubric10-semantic,E8.4,Technical Transparency (Data Collection and Processing),Software and Tools Documented,CHORUS,v7,1,1,1,1,binary,scored,no
rubric10-semantic,E8.4,Technical Transparency (Data Collection and Processing),Software and Tools Documented,CHORUS,v7,2,1,1,1,binary,scored,
rubric10-semantic,E8.4,Technical Transparency (Data Collection and Processing),Software and Tools Documented,CHORUS,v7,3,1,1,1,binary,scored,
rubric10-semantic,E8.4,Technical Transparency (Data Collection and Processing),Software and Tools Documented,CHORUS,v8,1,1,1,1,binary,scored,
rubric10-semantic,E8.4,Technical Transparency (Data Collection and Processing),Software and Tools Documented,CHORUS,v8,2,1,1,1,binary,scored,
rubric10-semantic,E8.4,Technical Transparency (Data Collection and Processing),Software and Tools Documented,CHORUS,v8,3,1,1,1,binary,scored,
rubric10-semantic,E8.4,Technical Transparency (Data Collection and Processing),Software and Tools Documented,CM4AI,v7,1,1,0,1,binary,scored,no
rubric10-semantic,E8.4,Technical Transparency (Data Collection and Processing),Software and Tools Documented,CM4AI,v7,2,1,0,1,binary,scored,
rubric10-semantic,E8.4,Technical Transparency (Data Collection and Processing),Software and Tools Documented,CM4AI,v7,3,1,0,1,binary,scored,
rubric10-semantic,E8.4,Technical Transparency (Data Collection and Processing),Software and Tools Documented,CM4AI,v8,1,1,0,1,binary,scored,
rubric10-semantic,E8.4,Technical Transparency (Data Collection and Processing),Software and Tools Documented,CM4AI,v8,2,1,0,1,binary,scored,
rubric10-semantic,E8.4,Technical Transparency (Data Collection and Processing),Software and Tools Documented,CM4AI,v8,3,1,0,1,binary,scored,
rubric10-semantic,E8.4,Technical Transparency (Data Collection and Processing),Software and Tools Documented,VOICE,v7,1,1,1,1,binary,scored,no
rubric10-semantic,E8.4,Technical Transparency (Data Collection and Processing),Software and Tools Documented,VOICE,v7,2,1,1,1,binary,scored,
rubric10-semantic,E8.4,Technical Transparency (Data Collection and Processing),Software and Tools Documented,VOICE,v7,3,1,1,1,binary,scored,
rubric10-semantic,E8.4,Technical Transparency (Data Collection and Processing),Software and Tools Documented,VOICE,v8,1,1,1,1,binary,scored,
rubric10-semantic,E8.4,Technical Transparency (Data Collection and Processing),Software and Tools Documented,VOICE,v8,2,1,1,1,binary,scored,
rubric10-semantic,E8.4,Technical Transparency (Data Collection and Processing),Software and Tools Documented,VOICE,v8,3,1,1,1,binary,scored,
rubric10-semantic,E8.5,Technical Transparency (Data Collection and Processing),"External Standards, Resources, and Imputation Protocols",AI_READI,v7,1,1,1,1,binary,scored,no
rubric10-semantic,E8.5,Technical Transparency (Data Collection and Processing),"External Standards, Resources, and Imputation Protocols",AI_READI,v7,2,1,1,1,binary,scored,
rubric10-semantic,E8.5,Technical Transparency (Data Collection and Processing),"External Standards, Resources, and Imputation Protocols",AI_READI,v7,3,1,1,1,binary,scored,
rubric10-semantic,E8.5,Technical Transparency (Data Collection and Processing),"External Standards, Resources, and Imputation Protocols",AI_READI,v8,1,1,1,1,binary,scored,
rubric10-semantic,E8.5,Technical Transparency (Data Collection and Processing),"External Standards, Resources, and Imputation Protocols",AI_READI,v8,2,1,1,1,binary,scored,
rubric10-semantic,E8.5,Technical Transparency (Data Collection and Processing),"External Standards, Resources, and Imputation Protocols",AI_READI,v8,3,1,1,1,binary,scored,
rubric10-semantic,E8.5,Technical Transparency (Data Collection and Processing),"External Standards, Resources, and Imputation Protocols",CHORUS,v7,1,1,1,1,binary,scored,no
rubric10-semantic,E8.5,Technical Transparency (Data Collection and Processing),"External Standards, Resources, and Imputation Protocols",CHORUS,v7,2,1,1,1,binary,scored,
rubric10-semantic,E8.5,Technical Transparency (Data Collection and Processing),"External Standards, Resources, and Imputation Protocols",CHORUS,v7,3,1,1,1,binary,scored,
rubric10-semantic,E8.5,Technical Transparency (Data Collection and Processing),"External Standards, Resources, and Imputation Protocols",CHORUS,v8,1,1,1,1,binary,scored,
rubric10-semantic,E8.5,Technical Transparency (Data Collection and Processing),"External Standards, Resources, and Imputation Protocols",CHORUS,v8,2,1,1,1,binary,scored,
rubric10-semantic,E8.5,Technical Transparency (Data Collection and Processing),"External Standards, Resources, and Imputation Protocols",CHORUS,v8,3,1,1,1,binary,scored,
rubric10-semantic,E8.5,Technical Transparency (Data Collection and Processing),"External Standards, Resources, and Imputation Protocols",CM4AI,v7,1,1,1,1,binary,scored,no
rubric10-semantic,E8.5,Technical Transparency (Data Collection and Processing),"External Standards, Resources, and Imputation Protocols",CM4AI,v7,2,1,1,1,binary,scored,
rubric10-semantic,E8.5,Technical Transparency (Data Collection and Processing),"External Standards, Resources, and Imputation Protocols",CM4AI,v7,3,1,1,1,binary,scored,
rubric10-semantic,E8.5,Technical Transparency (Data Collection and Processing),"External Standards, Resources, and Imputation Protocols",CM4AI,v8,1,1,1,1,binary,scored,
rubric10-semantic,E8.5,Technical Transparency (Data Collection and Processing),"External Standards, Resources, and Imputation Protocols",CM4AI,v8,2,1,1,1,binary,scored,
rubric10-semantic,E8.5,Technical Transparency (Data Collection and Processing),"External Standards, Resources, and Imputation Protocols",CM4AI,v8,3,1,1,1,binary,scored,
rubric10-semantic,E8.5,Technical Transparency (Data Collection and Processing),"External Standards, Resources, and Imputation Protocols",VOICE,v7,1,1,1,1,binary,scored,no
rubric10-semantic,E8.5,Technical Transparency (Data Collection and Processing),"External Standards, Resources, and Imputation Protocols",VOICE,v7,2,1,1,1,binary,scored,
rubric10-semantic,E8.5,Technical Transparency (Data Collection and Processing),"External Standards, Resources, and Imputation Protocols",VOICE,v7,3,1,1,1,binary,scored,
rubric10-semantic,E8.5,Technical Transparency (Data Collection and Processing),"External Standards, Resources, and Imputation Protocols",VOICE,v8,1,1,1,1,binary,scored,
rubric10-semantic,E8.5,Technical Transparency (Data Collection and Processing),"External Standards, Resources, and Imputation Protocols",VOICE,v8,2,1,1,1,binary,scored,
rubric10-semantic,E8.5,Technical Transparency (Data Collection and Processing),"External Standards, Resources, and Imputation Protocols",VOICE,v8,3,1,1,1,binary,scored,
rubric10-semantic,E9.1,Dataset Evaluation and Limitations Disclosure,Known Limitations Documented,AI_READI,v7,1,1,1,1,binary,scored,no
rubric10-semantic,E9.1,Dataset Evaluation and Limitations Disclosure,Known Limitations Documented,AI_READI,v7,2,1,1,1,binary,scored,
rubric10-semantic,E9.1,Dataset Evaluation and Limitations Disclosure,Known Limitations Documented,AI_READI,v7,3,1,1,1,binary,scored,
rubric10-semantic,E9.1,Dataset Evaluation and Limitations Disclosure,Known Limitations Documented,AI_READI,v8,1,1,1,1,binary,scored,
rubric10-semantic,E9.1,Dataset Evaluation and Limitations Disclosure,Known Limitations Documented,AI_READI,v8,2,1,1,1,binary,scored,
rubric10-semantic,E9.1,Dataset Evaluation and Limitations Disclosure,Known Limitations Documented,AI_READI,v8,3,1,1,1,binary,scored,
rubric10-semantic,E9.1,Dataset Evaluation and Limitations Disclosure,Known Limitations Documented,CHORUS,v7,1,1,1,1,binary,scored,no
rubric10-semantic,E9.1,Dataset Evaluation and Limitations Disclosure,Known Limitations Documented,CHORUS,v7,2,1,1,1,binary,scored,
rubric10-semantic,E9.1,Dataset Evaluation and Limitations Disclosure,Known Limitations Documented,CHORUS,v7,3,1,1,1,binary,scored,
rubric10-semantic,E9.1,Dataset Evaluation and Limitations Disclosure,Known Limitations Documented,CHORUS,v8,1,1,1,1,binary,scored,
rubric10-semantic,E9.1,Dataset Evaluation and Limitations Disclosure,Known Limitations Documented,CHORUS,v8,2,1,1,1,binary,scored,
rubric10-semantic,E9.1,Dataset Evaluation and Limitations Disclosure,Known Limitations Documented,CHORUS,v8,3,1,1,1,binary,scored,
rubric10-semantic,E9.1,Dataset Evaluation and Limitations Disclosure,Known Limitations Documented,CM4AI,v7,1,1,1,1,binary,scored,no
rubric10-semantic,E9.1,Dataset Evaluation and Limitations Disclosure,Known Limitations Documented,CM4AI,v7,2,1,1,1,binary,scored,
rubric10-semantic,E9.1,Dataset Evaluation and Limitations Disclosure,Known Limitations Documented,CM4AI,v7,3,1,1,1,binary,scored,
rubric10-semantic,E9.1,Dataset Evaluation and Limitations Disclosure,Known Limitations Documented,CM4AI,v8,1,1,1,1,binary,scored,
rubric10-semantic,E9.1,Dataset Evaluation and Limitations Disclosure,Known Limitations Documented,CM4AI,v8,2,1,1,1,binary,scored,
rubric10-semantic,E9.1,Dataset Evaluation and Limitations Disclosure,Known Limitations Documented,CM4AI,v8,3,1,1,1,binary,scored,
rubric10-semantic,E9.1,Dataset Evaluation and Limitations Disclosure,Known Limitations Documented,VOICE,v7,1,1,1,1,binary,scored,no
rubric10-semantic,E9.1,Dataset Evaluation and Limitations Disclosure,Known Limitations Documented,VOICE,v7,2,1,1,1,binary,scored,
rubric10-semantic,E9.1,Dataset Evaluation and Limitations Disclosure,Known Limitations Documented,VOICE,v7,3,1,1,1,binary,scored,
rubric10-semantic,E9.1,Dataset Evaluation and Limitations Disclosure,Known Limitations Documented,VOICE,v8,1,1,1,1,binary,scored,
rubric10-semantic,E9.1,Dataset Evaluation and Limitations Disclosure,Known Limitations Documented,VOICE,v8,2,1,1,1,binary,scored,
rubric10-semantic,E9.1,Dataset Evaluation and Limitations Disclosure,Known Limitations Documented,VOICE,v8,3,1,1,1,binary,scored,
rubric10-semantic,E9.2,Dataset Evaluation and Limitations Disclosure,Biases Categorized Using Standard Taxonomy (RAI-aligned),AI_READI,v7,1,1,1,1,binary,scored,no
rubric10-semantic,E9.2,Dataset Evaluation and Limitations Disclosure,Biases Categorized Using Standard Taxonomy (RAI-aligned),AI_READI,v7,2,1,1,1,binary,scored,
rubric10-semantic,E9.2,Dataset Evaluation and Limitations Disclosure,Biases Categorized Using Standard Taxonomy (RAI-aligned),AI_READI,v7,3,1,1,1,binary,scored,
rubric10-semantic,E9.2,Dataset Evaluation and Limitations Disclosure,Biases Categorized Using Standard Taxonomy (RAI-aligned),AI_READI,v8,1,1,1,1,binary,scored,
rubric10-semantic,E9.2,Dataset Evaluation and Limitations Disclosure,Biases Categorized Using Standard Taxonomy (RAI-aligned),AI_READI,v8,2,1,1,1,binary,scored,
rubric10-semantic,E9.2,Dataset Evaluation and Limitations Disclosure,Biases Categorized Using Standard Taxonomy (RAI-aligned),AI_READI,v8,3,1,1,1,binary,scored,
rubric10-semantic,E9.2,Dataset Evaluation and Limitations Disclosure,Biases Categorized Using Standard Taxonomy (RAI-aligned),CHORUS,v7,1,1,1,1,binary,scored,no
rubric10-semantic,E9.2,Dataset Evaluation and Limitations Disclosure,Biases Categorized Using Standard Taxonomy (RAI-aligned),CHORUS,v7,2,1,0,1,binary,scored,
rubric10-semantic,E9.2,Dataset Evaluation and Limitations Disclosure,Biases Categorized Using Standard Taxonomy (RAI-aligned),CHORUS,v7,3,1,0,1,binary,scored,
rubric10-semantic,E9.2,Dataset Evaluation and Limitations Disclosure,Biases Categorized Using Standard Taxonomy (RAI-aligned),CHORUS,v8,1,1,0,1,binary,scored,
rubric10-semantic,E9.2,Dataset Evaluation and Limitations Disclosure,Biases Categorized Using Standard Taxonomy (RAI-aligned),CHORUS,v8,2,1,1,1,binary,scored,
rubric10-semantic,E9.2,Dataset Evaluation and Limitations Disclosure,Biases Categorized Using Standard Taxonomy (RAI-aligned),CHORUS,v8,3,1,0,1,binary,scored,
rubric10-semantic,E9.2,Dataset Evaluation and Limitations Disclosure,Biases Categorized Using Standard Taxonomy (RAI-aligned),CM4AI,v7,1,1,1,1,binary,scored,no
rubric10-semantic,E9.2,Dataset Evaluation and Limitations Disclosure,Biases Categorized Using Standard Taxonomy (RAI-aligned),CM4AI,v7,2,1,1,1,binary,scored,
rubric10-semantic,E9.2,Dataset Evaluation and Limitations Disclosure,Biases Categorized Using Standard Taxonomy (RAI-aligned),CM4AI,v7,3,1,1,1,binary,scored,
rubric10-semantic,E9.2,Dataset Evaluation and Limitations Disclosure,Biases Categorized Using Standard Taxonomy (RAI-aligned),CM4AI,v8,1,1,1,1,binary,scored,
rubric10-semantic,E9.2,Dataset Evaluation and Limitations Disclosure,Biases Categorized Using Standard Taxonomy (RAI-aligned),CM4AI,v8,2,1,1,1,binary,scored,
rubric10-semantic,E9.2,Dataset Evaluation and Limitations Disclosure,Biases Categorized Using Standard Taxonomy (RAI-aligned),CM4AI,v8,3,1,1,1,binary,scored,
rubric10-semantic,E9.2,Dataset Evaluation and Limitations Disclosure,Biases Categorized Using Standard Taxonomy (RAI-aligned),VOICE,v7,1,1,1,1,binary,scored,no
rubric10-semantic,E9.2,Dataset Evaluation and Limitations Disclosure,Biases Categorized Using Standard Taxonomy (RAI-aligned),VOICE,v7,2,1,1,1,binary,scored,
rubric10-semantic,E9.2,Dataset Evaluation and Limitations Disclosure,Biases Categorized Using Standard Taxonomy (RAI-aligned),VOICE,v7,3,1,1,1,binary,scored,
rubric10-semantic,E9.2,Dataset Evaluation and Limitations Disclosure,Biases Categorized Using Standard Taxonomy (RAI-aligned),VOICE,v8,1,1,1,1,binary,scored,
rubric10-semantic,E9.2,Dataset Evaluation and Limitations Disclosure,Biases Categorized Using Standard Taxonomy (RAI-aligned),VOICE,v8,2,1,1,1,binary,scored,
rubric10-semantic,E9.2,Dataset Evaluation and Limitations Disclosure,Biases Categorized Using Standard Taxonomy (RAI-aligned),VOICE,v8,3,1,1,1,binary,scored,
rubric10-semantic,E9.3,Dataset Evaluation and Limitations Disclosure,Data Anomalies and Quality Issues Noted,AI_READI,v7,1,1,1,1,binary,scored,no
rubric10-semantic,E9.3,Dataset Evaluation and Limitations Disclosure,Data Anomalies and Quality Issues Noted,AI_READI,v7,2,1,1,1,binary,scored,
rubric10-semantic,E9.3,Dataset Evaluation and Limitations Disclosure,Data Anomalies and Quality Issues Noted,AI_READI,v7,3,1,1,1,binary,scored,
rubric10-semantic,E9.3,Dataset Evaluation and Limitations Disclosure,Data Anomalies and Quality Issues Noted,AI_READI,v8,1,1,1,1,binary,scored,
rubric10-semantic,E9.3,Dataset Evaluation and Limitations Disclosure,Data Anomalies and Quality Issues Noted,AI_READI,v8,2,1,1,1,binary,scored,
rubric10-semantic,E9.3,Dataset Evaluation and Limitations Disclosure,Data Anomalies and Quality Issues Noted,AI_READI,v8,3,1,1,1,binary,scored,
rubric10-semantic,E9.3,Dataset Evaluation and Limitations Disclosure,Data Anomalies and Quality Issues Noted,CHORUS,v7,1,1,0,1,binary,scored,no
rubric10-semantic,E9.3,Dataset Evaluation and Limitations Disclosure,Data Anomalies and Quality Issues Noted,CHORUS,v7,2,1,0,1,binary,scored,
rubric10-semantic,E9.3,Dataset Evaluation and Limitations Disclosure,Data Anomalies and Quality Issues Noted,CHORUS,v7,3,1,0,1,binary,scored,
rubric10-semantic,E9.3,Dataset Evaluation and Limitations Disclosure,Data Anomalies and Quality Issues Noted,CHORUS,v8,1,1,0,1,binary,scored,
rubric10-semantic,E9.3,Dataset Evaluation and Limitations Disclosure,Data Anomalies and Quality Issues Noted,CHORUS,v8,2,1,0,1,binary,scored,
rubric10-semantic,E9.3,Dataset Evaluation and Limitations Disclosure,Data Anomalies and Quality Issues Noted,CHORUS,v8,3,1,0,1,binary,scored,
rubric10-semantic,E9.3,Dataset Evaluation and Limitations Disclosure,Data Anomalies and Quality Issues Noted,CM4AI,v7,1,1,0,1,binary,scored,no
rubric10-semantic,E9.3,Dataset Evaluation and Limitations Disclosure,Data Anomalies and Quality Issues Noted,CM4AI,v7,2,1,1,1,binary,scored,
rubric10-semantic,E9.3,Dataset Evaluation and Limitations Disclosure,Data Anomalies and Quality Issues Noted,CM4AI,v7,3,1,0,1,binary,scored,
rubric10-semantic,E9.3,Dataset Evaluation and Limitations Disclosure,Data Anomalies and Quality Issues Noted,CM4AI,v8,1,1,1,1,binary,scored,
rubric10-semantic,E9.3,Dataset Evaluation and Limitations Disclosure,Data Anomalies and Quality Issues Noted,CM4AI,v8,2,1,0,1,binary,scored,
rubric10-semantic,E9.3,Dataset Evaluation and Limitations Disclosure,Data Anomalies and Quality Issues Noted,CM4AI,v8,3,1,0,1,binary,scored,
rubric10-semantic,E9.3,Dataset Evaluation and Limitations Disclosure,Data Anomalies and Quality Issues Noted,VOICE,v7,1,1,1,1,binary,scored,no
rubric10-semantic,E9.3,Dataset Evaluation and Limitations Disclosure,Data Anomalies and Quality Issues Noted,VOICE,v7,2,1,1,1,binary,scored,
rubric10-semantic,E9.3,Dataset Evaluation and Limitations Disclosure,Data Anomalies and Quality Issues Noted,VOICE,v7,3,1,1,1,binary,scored,
rubric10-semantic,E9.3,Dataset Evaluation and Limitations Disclosure,Data Anomalies and Quality Issues Noted,VOICE,v8,1,1,1,1,binary,scored,
rubric10-semantic,E9.3,Dataset Evaluation and Limitations Disclosure,Data Anomalies and Quality Issues Noted,VOICE,v8,2,1,1,1,binary,scored,
rubric10-semantic,E9.3,Dataset Evaluation and Limitations Disclosure,Data Anomalies and Quality Issues Noted,VOICE,v8,3,1,1,1,binary,scored,
rubric10-semantic,E9.4,Dataset Evaluation and Limitations Disclosure,Sensitive Content and Warnings Provided,AI_READI,v7,1,1,1,1,binary,scored,no
rubric10-semantic,E9.4,Dataset Evaluation and Limitations Disclosure,Sensitive Content and Warnings Provided,AI_READI,v7,2,1,1,1,binary,scored,
rubric10-semantic,E9.4,Dataset Evaluation and Limitations Disclosure,Sensitive Content and Warnings Provided,AI_READI,v7,3,1,1,1,binary,scored,
rubric10-semantic,E9.4,Dataset Evaluation and Limitations Disclosure,Sensitive Content and Warnings Provided,AI_READI,v8,1,1,1,1,binary,scored,
rubric10-semantic,E9.4,Dataset Evaluation and Limitations Disclosure,Sensitive Content and Warnings Provided,AI_READI,v8,2,1,1,1,binary,scored,
rubric10-semantic,E9.4,Dataset Evaluation and Limitations Disclosure,Sensitive Content and Warnings Provided,AI_READI,v8,3,1,1,1,binary,scored,
rubric10-semantic,E9.4,Dataset Evaluation and Limitations Disclosure,Sensitive Content and Warnings Provided,CHORUS,v7,1,1,1,1,binary,scored,no
rubric10-semantic,E9.4,Dataset Evaluation and Limitations Disclosure,Sensitive Content and Warnings Provided,CHORUS,v7,2,1,1,1,binary,scored,
rubric10-semantic,E9.4,Dataset Evaluation and Limitations Disclosure,Sensitive Content and Warnings Provided,CHORUS,v7,3,1,1,1,binary,scored,
rubric10-semantic,E9.4,Dataset Evaluation and Limitations Disclosure,Sensitive Content and Warnings Provided,CHORUS,v8,1,1,1,1,binary,scored,
rubric10-semantic,E9.4,Dataset Evaluation and Limitations Disclosure,Sensitive Content and Warnings Provided,CHORUS,v8,2,1,1,1,binary,scored,
rubric10-semantic,E9.4,Dataset Evaluation and Limitations Disclosure,Sensitive Content and Warnings Provided,CHORUS,v8,3,1,1,1,binary,scored,
rubric10-semantic,E9.4,Dataset Evaluation and Limitations Disclosure,Sensitive Content and Warnings Provided,CM4AI,v7,1,1,1,1,binary,scored,no
rubric10-semantic,E9.4,Dataset Evaluation and Limitations Disclosure,Sensitive Content and Warnings Provided,CM4AI,v7,2,1,1,1,binary,scored,
rubric10-semantic,E9.4,Dataset Evaluation and Limitations Disclosure,Sensitive Content and Warnings Provided,CM4AI,v7,3,1,1,1,binary,scored,
rubric10-semantic,E9.4,Dataset Evaluation and Limitations Disclosure,Sensitive Content and Warnings Provided,CM4AI,v8,1,1,1,1,binary,scored,
rubric10-semantic,E9.4,Dataset Evaluation and Limitations Disclosure,Sensitive Content and Warnings Provided,CM4AI,v8,2,1,1,1,binary,scored,
rubric10-semantic,E9.4,Dataset Evaluation and Limitations Disclosure,Sensitive Content and Warnings Provided,CM4AI,v8,3,1,1,1,binary,scored,
rubric10-semantic,E9.4,Dataset Evaluation and Limitations Disclosure,Sensitive Content and Warnings Provided,VOICE,v7,1,1,1,1,binary,scored,no
rubric10-semantic,E9.4,Dataset Evaluation and Limitations Disclosure,Sensitive Content and Warnings Provided,VOICE,v7,2,1,1,1,binary,scored,
rubric10-semantic,E9.4,Dataset Evaluation and Limitations Disclosure,Sensitive Content and Warnings Provided,VOICE,v7,3,1,1,1,binary,scored,
rubric10-semantic,E9.4,Dataset Evaluation and Limitations Disclosure,Sensitive Content and Warnings Provided,VOICE,v8,1,1,1,1,binary,scored,
rubric10-semantic,E9.4,Dataset Evaluation and Limitations Disclosure,Sensitive Content and Warnings Provided,VOICE,v8,2,1,1,1,binary,scored,
rubric10-semantic,E9.4,Dataset Evaluation and Limitations Disclosure,Sensitive Content and Warnings Provided,VOICE,v8,3,1,1,1,binary,scored,
rubric10-semantic,E9.5,Dataset Evaluation and Limitations Disclosure,Ethical Review and Social Impact Analysis,AI_READI,v7,1,1,1,1,binary,scored,no
rubric10-semantic,E9.5,Dataset Evaluation and Limitations Disclosure,Ethical Review and Social Impact Analysis,AI_READI,v7,2,1,1,1,binary,scored,
rubric10-semantic,E9.5,Dataset Evaluation and Limitations Disclosure,Ethical Review and Social Impact Analysis,AI_READI,v7,3,1,1,1,binary,scored,
rubric10-semantic,E9.5,Dataset Evaluation and Limitations Disclosure,Ethical Review and Social Impact Analysis,AI_READI,v8,1,1,1,1,binary,scored,
rubric10-semantic,E9.5,Dataset Evaluation and Limitations Disclosure,Ethical Review and Social Impact Analysis,AI_READI,v8,2,1,1,1,binary,scored,
rubric10-semantic,E9.5,Dataset Evaluation and Limitations Disclosure,Ethical Review and Social Impact Analysis,AI_READI,v8,3,1,1,1,binary,scored,
rubric10-semantic,E9.5,Dataset Evaluation and Limitations Disclosure,Ethical Review and Social Impact Analysis,CHORUS,v7,1,1,1,1,binary,scored,no
rubric10-semantic,E9.5,Dataset Evaluation and Limitations Disclosure,Ethical Review and Social Impact Analysis,CHORUS,v7,2,1,1,1,binary,scored,
rubric10-semantic,E9.5,Dataset Evaluation and Limitations Disclosure,Ethical Review and Social Impact Analysis,CHORUS,v7,3,1,1,1,binary,scored,
rubric10-semantic,E9.5,Dataset Evaluation and Limitations Disclosure,Ethical Review and Social Impact Analysis,CHORUS,v8,1,1,1,1,binary,scored,
rubric10-semantic,E9.5,Dataset Evaluation and Limitations Disclosure,Ethical Review and Social Impact Analysis,CHORUS,v8,2,1,1,1,binary,scored,
rubric10-semantic,E9.5,Dataset Evaluation and Limitations Disclosure,Ethical Review and Social Impact Analysis,CHORUS,v8,3,1,1,1,binary,scored,
rubric10-semantic,E9.5,Dataset Evaluation and Limitations Disclosure,Ethical Review and Social Impact Analysis,CM4AI,v7,1,1,1,1,binary,scored,no
rubric10-semantic,E9.5,Dataset Evaluation and Limitations Disclosure,Ethical Review and Social Impact Analysis,CM4AI,v7,2,1,1,1,binary,scored,
rubric10-semantic,E9.5,Dataset Evaluation and Limitations Disclosure,Ethical Review and Social Impact Analysis,CM4AI,v7,3,1,1,1,binary,scored,
rubric10-semantic,E9.5,Dataset Evaluation and Limitations Disclosure,Ethical Review and Social Impact Analysis,CM4AI,v8,1,1,0,1,binary,scored,
rubric10-semantic,E9.5,Dataset Evaluation and Limitations Disclosure,Ethical Review and Social Impact Analysis,CM4AI,v8,2,1,1,1,binary,scored,
rubric10-semantic,E9.5,Dataset Evaluation and Limitations Disclosure,Ethical Review and Social Impact Analysis,CM4AI,v8,3,1,1,1,binary,scored,
rubric10-semantic,E9.5,Dataset Evaluation and Limitations Disclosure,Ethical Review and Social Impact Analysis,VOICE,v7,1,1,1,1,binary,scored,no
rubric10-semantic,E9.5,Dataset Evaluation and Limitations Disclosure,Ethical Review and Social Impact Analysis,VOICE,v7,2,1,1,1,binary,scored,
rubric10-semantic,E9.5,Dataset Evaluation and Limitations Disclosure,Ethical Review and Social Impact Analysis,VOICE,v7,3,1,1,1,binary,scored,
rubric10-semantic,E9.5,Dataset Evaluation and Limitations Disclosure,Ethical Review and Social Impact Analysis,VOICE,v8,1,1,1,1,binary,scored,
rubric10-semantic,E9.5,Dataset Evaluation and Limitations Disclosure,Ethical Review and Social Impact Analysis,VOICE,v8,2,1,1,1,binary,scored,
rubric10-semantic,E9.5,Dataset Evaluation and Limitations Disclosure,Ethical Review and Social Impact Analysis,VOICE,v8,3,1,1,1,binary,scored,
rubric10-semantic,E10.1,Cross-Platform and Community Integration,Dataset Published on a Recognized Platform,AI_READI,v7,1,1,1,1,binary,scored,no
rubric10-semantic,E10.1,Cross-Platform and Community Integration,Dataset Published on a Recognized Platform,AI_READI,v7,2,1,1,1,binary,scored,
rubric10-semantic,E10.1,Cross-Platform and Community Integration,Dataset Published on a Recognized Platform,AI_READI,v7,3,1,1,1,binary,scored,
rubric10-semantic,E10.1,Cross-Platform and Community Integration,Dataset Published on a Recognized Platform,AI_READI,v8,1,1,1,1,binary,scored,
rubric10-semantic,E10.1,Cross-Platform and Community Integration,Dataset Published on a Recognized Platform,AI_READI,v8,2,1,1,1,binary,scored,
rubric10-semantic,E10.1,Cross-Platform and Community Integration,Dataset Published on a Recognized Platform,AI_READI,v8,3,1,1,1,binary,scored,
rubric10-semantic,E10.1,Cross-Platform and Community Integration,Dataset Published on a Recognized Platform,CHORUS,v7,1,1,0,1,binary,scored,no
rubric10-semantic,E10.1,Cross-Platform and Community Integration,Dataset Published on a Recognized Platform,CHORUS,v7,2,1,0,1,binary,scored,
rubric10-semantic,E10.1,Cross-Platform and Community Integration,Dataset Published on a Recognized Platform,CHORUS,v7,3,1,0,1,binary,scored,
rubric10-semantic,E10.1,Cross-Platform and Community Integration,Dataset Published on a Recognized Platform,CHORUS,v8,1,1,0,1,binary,scored,
rubric10-semantic,E10.1,Cross-Platform and Community Integration,Dataset Published on a Recognized Platform,CHORUS,v8,2,1,0,1,binary,scored,
rubric10-semantic,E10.1,Cross-Platform and Community Integration,Dataset Published on a Recognized Platform,CHORUS,v8,3,1,0,1,binary,scored,
rubric10-semantic,E10.1,Cross-Platform and Community Integration,Dataset Published on a Recognized Platform,CM4AI,v7,1,1,1,1,binary,scored,no
rubric10-semantic,E10.1,Cross-Platform and Community Integration,Dataset Published on a Recognized Platform,CM4AI,v7,2,1,1,1,binary,scored,
rubric10-semantic,E10.1,Cross-Platform and Community Integration,Dataset Published on a Recognized Platform,CM4AI,v7,3,1,1,1,binary,scored,
rubric10-semantic,E10.1,Cross-Platform and Community Integration,Dataset Published on a Recognized Platform,CM4AI,v8,1,1,1,1,binary,scored,
rubric10-semantic,E10.1,Cross-Platform and Community Integration,Dataset Published on a Recognized Platform,CM4AI,v8,2,1,1,1,binary,scored,
rubric10-semantic,E10.1,Cross-Platform and Community Integration,Dataset Published on a Recognized Platform,CM4AI,v8,3,1,1,1,binary,scored,
rubric10-semantic,E10.1,Cross-Platform and Community Integration,Dataset Published on a Recognized Platform,VOICE,v7,1,1,1,1,binary,scored,no
rubric10-semantic,E10.1,Cross-Platform and Community Integration,Dataset Published on a Recognized Platform,VOICE,v7,2,1,1,1,binary,scored,
rubric10-semantic,E10.1,Cross-Platform and Community Integration,Dataset Published on a Recognized Platform,VOICE,v7,3,1,1,1,binary,scored,
rubric10-semantic,E10.1,Cross-Platform and Community Integration,Dataset Published on a Recognized Platform,VOICE,v8,1,1,1,1,binary,scored,
rubric10-semantic,E10.1,Cross-Platform and Community Integration,Dataset Published on a Recognized Platform,VOICE,v8,2,1,1,1,binary,scored,
rubric10-semantic,E10.1,Cross-Platform and Community Integration,Dataset Published on a Recognized Platform,VOICE,v8,3,1,1,1,binary,scored,
rubric10-semantic,E10.2,Cross-Platform and Community Integration,Citation and DOI for Cross-referencing,AI_READI,v7,1,1,1,1,binary,scored,no
rubric10-semantic,E10.2,Cross-Platform and Community Integration,Citation and DOI for Cross-referencing,AI_READI,v7,2,1,1,1,binary,scored,
rubric10-semantic,E10.2,Cross-Platform and Community Integration,Citation and DOI for Cross-referencing,AI_READI,v7,3,1,1,1,binary,scored,
rubric10-semantic,E10.2,Cross-Platform and Community Integration,Citation and DOI for Cross-referencing,AI_READI,v8,1,1,1,1,binary,scored,
rubric10-semantic,E10.2,Cross-Platform and Community Integration,Citation and DOI for Cross-referencing,AI_READI,v8,2,1,1,1,binary,scored,
rubric10-semantic,E10.2,Cross-Platform and Community Integration,Citation and DOI for Cross-referencing,AI_READI,v8,3,1,1,1,binary,scored,
rubric10-semantic,E10.2,Cross-Platform and Community Integration,Citation and DOI for Cross-referencing,CHORUS,v7,1,1,0,1,binary,scored,no
rubric10-semantic,E10.2,Cross-Platform and Community Integration,Citation and DOI for Cross-referencing,CHORUS,v7,2,1,0,1,binary,scored,
rubric10-semantic,E10.2,Cross-Platform and Community Integration,Citation and DOI for Cross-referencing,CHORUS,v7,3,1,0,1,binary,scored,
rubric10-semantic,E10.2,Cross-Platform and Community Integration,Citation and DOI for Cross-referencing,CHORUS,v8,1,1,0,1,binary,scored,
rubric10-semantic,E10.2,Cross-Platform and Community Integration,Citation and DOI for Cross-referencing,CHORUS,v8,2,1,0,1,binary,scored,
rubric10-semantic,E10.2,Cross-Platform and Community Integration,Citation and DOI for Cross-referencing,CHORUS,v8,3,1,0,1,binary,scored,
rubric10-semantic,E10.2,Cross-Platform and Community Integration,Citation and DOI for Cross-referencing,CM4AI,v7,1,1,1,1,binary,scored,no
rubric10-semantic,E10.2,Cross-Platform and Community Integration,Citation and DOI for Cross-referencing,CM4AI,v7,2,1,1,1,binary,scored,
rubric10-semantic,E10.2,Cross-Platform and Community Integration,Citation and DOI for Cross-referencing,CM4AI,v7,3,1,1,1,binary,scored,
rubric10-semantic,E10.2,Cross-Platform and Community Integration,Citation and DOI for Cross-referencing,CM4AI,v8,1,1,1,1,binary,scored,
rubric10-semantic,E10.2,Cross-Platform and Community Integration,Citation and DOI for Cross-referencing,CM4AI,v8,2,1,1,1,binary,scored,
rubric10-semantic,E10.2,Cross-Platform and Community Integration,Citation and DOI for Cross-referencing,CM4AI,v8,3,1,1,1,binary,scored,
rubric10-semantic,E10.2,Cross-Platform and Community Integration,Citation and DOI for Cross-referencing,VOICE,v7,1,1,1,1,binary,scored,no
rubric10-semantic,E10.2,Cross-Platform and Community Integration,Citation and DOI for Cross-referencing,VOICE,v7,2,1,1,1,binary,scored,
rubric10-semantic,E10.2,Cross-Platform and Community Integration,Citation and DOI for Cross-referencing,VOICE,v7,3,1,1,1,binary,scored,
rubric10-semantic,E10.2,Cross-Platform and Community Integration,Citation and DOI for Cross-referencing,VOICE,v8,1,1,1,1,binary,scored,
rubric10-semantic,E10.2,Cross-Platform and Community Integration,Citation and DOI for Cross-referencing,VOICE,v8,2,1,1,1,binary,scored,
rubric10-semantic,E10.2,Cross-Platform and Community Integration,Citation and DOI for Cross-referencing,VOICE,v8,3,1,1,1,binary,scored,
rubric10-semantic,E10.3,Cross-Platform and Community Integration,Community Standards or Schema Conformance,AI_READI,v7,1,1,1,1,binary,scored,no
rubric10-semantic,E10.3,Cross-Platform and Community Integration,Community Standards or Schema Conformance,AI_READI,v7,2,1,1,1,binary,scored,
rubric10-semantic,E10.3,Cross-Platform and Community Integration,Community Standards or Schema Conformance,AI_READI,v7,3,1,1,1,binary,scored,
rubric10-semantic,E10.3,Cross-Platform and Community Integration,Community Standards or Schema Conformance,AI_READI,v8,1,1,1,1,binary,scored,
rubric10-semantic,E10.3,Cross-Platform and Community Integration,Community Standards or Schema Conformance,AI_READI,v8,2,1,1,1,binary,scored,
rubric10-semantic,E10.3,Cross-Platform and Community Integration,Community Standards or Schema Conformance,AI_READI,v8,3,1,1,1,binary,scored,
rubric10-semantic,E10.3,Cross-Platform and Community Integration,Community Standards or Schema Conformance,CHORUS,v7,1,1,1,1,binary,scored,no
rubric10-semantic,E10.3,Cross-Platform and Community Integration,Community Standards or Schema Conformance,CHORUS,v7,2,1,1,1,binary,scored,
rubric10-semantic,E10.3,Cross-Platform and Community Integration,Community Standards or Schema Conformance,CHORUS,v7,3,1,1,1,binary,scored,
rubric10-semantic,E10.3,Cross-Platform and Community Integration,Community Standards or Schema Conformance,CHORUS,v8,1,1,1,1,binary,scored,
rubric10-semantic,E10.3,Cross-Platform and Community Integration,Community Standards or Schema Conformance,CHORUS,v8,2,1,1,1,binary,scored,
rubric10-semantic,E10.3,Cross-Platform and Community Integration,Community Standards or Schema Conformance,CHORUS,v8,3,1,1,1,binary,scored,
rubric10-semantic,E10.3,Cross-Platform and Community Integration,Community Standards or Schema Conformance,CM4AI,v7,1,1,1,1,binary,scored,no
rubric10-semantic,E10.3,Cross-Platform and Community Integration,Community Standards or Schema Conformance,CM4AI,v7,2,1,1,1,binary,scored,
rubric10-semantic,E10.3,Cross-Platform and Community Integration,Community Standards or Schema Conformance,CM4AI,v7,3,1,1,1,binary,scored,
rubric10-semantic,E10.3,Cross-Platform and Community Integration,Community Standards or Schema Conformance,CM4AI,v8,1,1,1,1,binary,scored,
rubric10-semantic,E10.3,Cross-Platform and Community Integration,Community Standards or Schema Conformance,CM4AI,v8,2,1,1,1,binary,scored,
rubric10-semantic,E10.3,Cross-Platform and Community Integration,Community Standards or Schema Conformance,CM4AI,v8,3,1,1,1,binary,scored,
rubric10-semantic,E10.3,Cross-Platform and Community Integration,Community Standards or Schema Conformance,VOICE,v7,1,1,1,1,binary,scored,no
rubric10-semantic,E10.3,Cross-Platform and Community Integration,Community Standards or Schema Conformance,VOICE,v7,2,1,1,1,binary,scored,
rubric10-semantic,E10.3,Cross-Platform and Community Integration,Community Standards or Schema Conformance,VOICE,v7,3,1,1,1,binary,scored,
rubric10-semantic,E10.3,Cross-Platform and Community Integration,Community Standards or Schema Conformance,VOICE,v8,1,1,1,1,binary,scored,
rubric10-semantic,E10.3,Cross-Platform and Community Integration,Community Standards or Schema Conformance,VOICE,v8,2,1,0,1,binary,scored,
rubric10-semantic,E10.3,Cross-Platform and Community Integration,Community Standards or Schema Conformance,VOICE,v8,3,1,0,1,binary,scored,
rubric10-semantic,E10.4,Cross-Platform and Community Integration,Outreach Materials and Documentation Links,AI_READI,v7,1,1,1,1,binary,scored,no
rubric10-semantic,E10.4,Cross-Platform and Community Integration,Outreach Materials and Documentation Links,AI_READI,v7,2,1,1,1,binary,scored,
rubric10-semantic,E10.4,Cross-Platform and Community Integration,Outreach Materials and Documentation Links,AI_READI,v7,3,1,1,1,binary,scored,
rubric10-semantic,E10.4,Cross-Platform and Community Integration,Outreach Materials and Documentation Links,AI_READI,v8,1,1,1,1,binary,scored,
rubric10-semantic,E10.4,Cross-Platform and Community Integration,Outreach Materials and Documentation Links,AI_READI,v8,2,1,1,1,binary,scored,
rubric10-semantic,E10.4,Cross-Platform and Community Integration,Outreach Materials and Documentation Links,AI_READI,v8,3,1,1,1,binary,scored,
rubric10-semantic,E10.4,Cross-Platform and Community Integration,Outreach Materials and Documentation Links,CHORUS,v7,1,1,1,1,binary,scored,no
rubric10-semantic,E10.4,Cross-Platform and Community Integration,Outreach Materials and Documentation Links,CHORUS,v7,2,1,1,1,binary,scored,
rubric10-semantic,E10.4,Cross-Platform and Community Integration,Outreach Materials and Documentation Links,CHORUS,v7,3,1,1,1,binary,scored,
rubric10-semantic,E10.4,Cross-Platform and Community Integration,Outreach Materials and Documentation Links,CHORUS,v8,1,1,1,1,binary,scored,
rubric10-semantic,E10.4,Cross-Platform and Community Integration,Outreach Materials and Documentation Links,CHORUS,v8,2,1,1,1,binary,scored,
rubric10-semantic,E10.4,Cross-Platform and Community Integration,Outreach Materials and Documentation Links,CHORUS,v8,3,1,1,1,binary,scored,
rubric10-semantic,E10.4,Cross-Platform and Community Integration,Outreach Materials and Documentation Links,CM4AI,v7,1,1,1,1,binary,scored,no
rubric10-semantic,E10.4,Cross-Platform and Community Integration,Outreach Materials and Documentation Links,CM4AI,v7,2,1,1,1,binary,scored,
rubric10-semantic,E10.4,Cross-Platform and Community Integration,Outreach Materials and Documentation Links,CM4AI,v7,3,1,1,1,binary,scored,
rubric10-semantic,E10.4,Cross-Platform and Community Integration,Outreach Materials and Documentation Links,CM4AI,v8,1,1,1,1,binary,scored,
rubric10-semantic,E10.4,Cross-Platform and Community Integration,Outreach Materials and Documentation Links,CM4AI,v8,2,1,1,1,binary,scored,
rubric10-semantic,E10.4,Cross-Platform and Community Integration,Outreach Materials and Documentation Links,CM4AI,v8,3,1,1,1,binary,scored,
rubric10-semantic,E10.4,Cross-Platform and Community Integration,Outreach Materials and Documentation Links,VOICE,v7,1,1,1,1,binary,scored,no
rubric10-semantic,E10.4,Cross-Platform and Community Integration,Outreach Materials and Documentation Links,VOICE,v7,2,1,1,1,binary,scored,
rubric10-semantic,E10.4,Cross-Platform and Community Integration,Outreach Materials and Documentation Links,VOICE,v7,3,1,1,1,binary,scored,
rubric10-semantic,E10.4,Cross-Platform and Community Integration,Outreach Materials and Documentation Links,VOICE,v8,1,1,1,1,binary,scored,
rubric10-semantic,E10.4,Cross-Platform and Community Integration,Outreach Materials and Documentation Links,VOICE,v8,2,1,1,1,binary,scored,
rubric10-semantic,E10.4,Cross-Platform and Community Integration,Outreach Materials and Documentation Links,VOICE,v8,3,1,1,1,binary,scored,
rubric10-semantic,E10.5,Cross-Platform and Community Integration,Related Datasets with Typed Relationships,AI_READI,v7,1,1,1,1,binary,scored,no
rubric10-semantic,E10.5,Cross-Platform and Community Integration,Related Datasets with Typed Relationships,AI_READI,v7,2,1,1,1,binary,scored,
rubric10-semantic,E10.5,Cross-Platform and Community Integration,Related Datasets with Typed Relationships,AI_READI,v7,3,1,1,1,binary,scored,
rubric10-semantic,E10.5,Cross-Platform and Community Integration,Related Datasets with Typed Relationships,AI_READI,v8,1,1,1,1,binary,scored,
rubric10-semantic,E10.5,Cross-Platform and Community Integration,Related Datasets with Typed Relationships,AI_READI,v8,2,1,1,1,binary,scored,
rubric10-semantic,E10.5,Cross-Platform and Community Integration,Related Datasets with Typed Relationships,AI_READI,v8,3,1,1,1,binary,scored,
rubric10-semantic,E10.5,Cross-Platform and Community Integration,Related Datasets with Typed Relationships,CHORUS,v7,1,1,0,1,binary,scored,no
rubric10-semantic,E10.5,Cross-Platform and Community Integration,Related Datasets with Typed Relationships,CHORUS,v7,2,1,0,1,binary,scored,
rubric10-semantic,E10.5,Cross-Platform and Community Integration,Related Datasets with Typed Relationships,CHORUS,v7,3,1,0,1,binary,scored,
rubric10-semantic,E10.5,Cross-Platform and Community Integration,Related Datasets with Typed Relationships,CHORUS,v8,1,1,0,1,binary,scored,
rubric10-semantic,E10.5,Cross-Platform and Community Integration,Related Datasets with Typed Relationships,CHORUS,v8,2,1,0,1,binary,scored,
rubric10-semantic,E10.5,Cross-Platform and Community Integration,Related Datasets with Typed Relationships,CHORUS,v8,3,1,0,1,binary,scored,
rubric10-semantic,E10.5,Cross-Platform and Community Integration,Related Datasets with Typed Relationships,CM4AI,v7,1,1,1,1,binary,scored,no
rubric10-semantic,E10.5,Cross-Platform and Community Integration,Related Datasets with Typed Relationships,CM4AI,v7,2,1,1,1,binary,scored,
rubric10-semantic,E10.5,Cross-Platform and Community Integration,Related Datasets with Typed Relationships,CM4AI,v7,3,1,1,1,binary,scored,
rubric10-semantic,E10.5,Cross-Platform and Community Integration,Related Datasets with Typed Relationships,CM4AI,v8,1,1,1,1,binary,scored,
rubric10-semantic,E10.5,Cross-Platform and Community Integration,Related Datasets with Typed Relationships,CM4AI,v8,2,1,1,1,binary,scored,
rubric10-semantic,E10.5,Cross-Platform and Community Integration,Related Datasets with Typed Relationships,CM4AI,v8,3,1,1,1,binary,scored,
rubric10-semantic,E10.5,Cross-Platform and Community Integration,Related Datasets with Typed Relationships,VOICE,v7,1,1,1,1,binary,scored,no
rubric10-semantic,E10.5,Cross-Platform and Community Integration,Related Datasets with Typed Relationships,VOICE,v7,2,1,1,1,binary,scored,
rubric10-semantic,E10.5,Cross-Platform and Community Integration,Related Datasets with Typed Relationships,VOICE,v7,3,1,1,1,binary,scored,
rubric10-semantic,E10.5,Cross-Platform and Community Integration,Related Datasets with Typed Relationships,VOICE,v8,1,1,1,1,binary,scored,
rubric10-semantic,E10.5,Cross-Platform and Community Integration,Related Datasets with Typed Relationships,VOICE,v8,2,1,1,1,binary,scored,
rubric10-semantic,E10.5,Cross-Platform and Community Integration,Related Datasets with Typed Relationships,VOICE,v8,3,1,1,1,binary,scored,
rubric20-semantic,Q1,,Field Completeness,AI_READI,v7,1,1,4,5,numeric,scored,
rubric20-semantic,Q1,,Field Completeness,AI_READI,v7,2,1,4,5,numeric,scored,
rubric20-semantic,Q1,,Field Completeness,AI_READI,v7,3,1,4,5,numeric,scored,
rubric20-semantic,Q1,,Field Completeness,AI_READI,v8,1,1,5,5,numeric,scored,
rubric20-semantic,Q1,,Field Completeness,AI_READI,v8,2,1,5,5,numeric,scored,
rubric20-semantic,Q1,,Field Completeness,AI_READI,v8,3,1,4,5,numeric,scored,
rubric20-semantic,Q1,,Field Completeness,CHORUS,v7,1,1,3,5,numeric,scored,
rubric20-semantic,Q1,,Field Completeness,CHORUS,v7,2,1,3,5,numeric,scored,
rubric20-semantic,Q1,,Field Completeness,CHORUS,v7,3,1,3,5,numeric,scored,
rubric20-semantic,Q1,,Field Completeness,CHORUS,v8,1,1,3,5,numeric,scored,
rubric20-semantic,Q1,,Field Completeness,CHORUS,v8,2,1,3,5,numeric,scored,
rubric20-semantic,Q1,,Field Completeness,CHORUS,v8,3,1,3,5,numeric,scored,
rubric20-semantic,Q1,,Field Completeness,CM4AI,v7,1,1,4,5,numeric,scored,
rubric20-semantic,Q1,,Field Completeness,CM4AI,v7,2,1,3,5,numeric,scored,
rubric20-semantic,Q1,,Field Completeness,CM4AI,v7,3,1,4,5,numeric,scored,
rubric20-semantic,Q1,,Field Completeness,CM4AI,v8,1,1,4,5,numeric,scored,
rubric20-semantic,Q1,,Field Completeness,CM4AI,v8,2,1,4,5,numeric,scored,
rubric20-semantic,Q1,,Field Completeness,CM4AI,v8,3,1,3,5,numeric,scored,
rubric20-semantic,Q1,,Field Completeness,VOICE,v7,1,1,4,5,numeric,scored,
rubric20-semantic,Q1,,Field Completeness,VOICE,v7,2,1,4,5,numeric,scored,
rubric20-semantic,Q1,,Field Completeness,VOICE,v7,3,1,4,5,numeric,scored,
rubric20-semantic,Q1,,Field Completeness,VOICE,v8,1,1,5,5,numeric,scored,
rubric20-semantic,Q1,,Field Completeness,VOICE,v8,2,1,5,5,numeric,scored,
rubric20-semantic,Q1,,Field Completeness,VOICE,v8,3,1,4,5,numeric,scored,
rubric20-semantic,Q2,,Entry Length Adequacy,AI_READI,v7,1,1,5,5,numeric,scored,
rubric20-semantic,Q2,,Entry Length Adequacy,AI_READI,v7,2,1,5,5,numeric,scored,
rubric20-semantic,Q2,,Entry Length Adequacy,AI_READI,v7,3,1,5,5,numeric,scored,
rubric20-semantic,Q2,,Entry Length Adequacy,AI_READI,v8,1,1,5,5,numeric,scored,
rubric20-semantic,Q2,,Entry Length Adequacy,AI_READI,v8,2,1,5,5,numeric,scored,
rubric20-semantic,Q2,,Entry Length Adequacy,AI_READI,v8,3,1,5,5,numeric,scored,
rubric20-semantic,Q2,,Entry Length Adequacy,CHORUS,v7,1,1,5,5,numeric,scored,
rubric20-semantic,Q2,,Entry Length Adequacy,CHORUS,v7,2,1,5,5,numeric,scored,
rubric20-semantic,Q2,,Entry Length Adequacy,CHORUS,v7,3,1,5,5,numeric,scored,
rubric20-semantic,Q2,,Entry Length Adequacy,CHORUS,v8,1,1,5,5,numeric,scored,
rubric20-semantic,Q2,,Entry Length Adequacy,CHORUS,v8,2,1,5,5,numeric,scored,
rubric20-semantic,Q2,,Entry Length Adequacy,CHORUS,v8,3,1,5,5,numeric,scored,
rubric20-semantic,Q2,,Entry Length Adequacy,CM4AI,v7,1,1,5,5,numeric,scored,
rubric20-semantic,Q2,,Entry Length Adequacy,CM4AI,v7,2,1,5,5,numeric,scored,
rubric20-semantic,Q2,,Entry Length Adequacy,CM4AI,v7,3,1,5,5,numeric,scored,
rubric20-semantic,Q2,,Entry Length Adequacy,CM4AI,v8,1,1,5,5,numeric,scored,
rubric20-semantic,Q2,,Entry Length Adequacy,CM4AI,v8,2,1,5,5,numeric,scored,
rubric20-semantic,Q2,,Entry Length Adequacy,CM4AI,v8,3,1,5,5,numeric,scored,
rubric20-semantic,Q2,,Entry Length Adequacy,VOICE,v7,1,1,5,5,numeric,scored,
rubric20-semantic,Q2,,Entry Length Adequacy,VOICE,v7,2,1,5,5,numeric,scored,
rubric20-semantic,Q2,,Entry Length Adequacy,VOICE,v7,3,1,5,5,numeric,scored,
rubric20-semantic,Q2,,Entry Length Adequacy,VOICE,v8,1,1,5,5,numeric,scored,
rubric20-semantic,Q2,,Entry Length Adequacy,VOICE,v8,2,1,5,5,numeric,scored,
rubric20-semantic,Q2,,Entry Length Adequacy,VOICE,v8,3,1,5,5,numeric,scored,
rubric20-semantic,Q3,,Keyword Diversity,AI_READI,v7,1,1,5,5,numeric,scored,
rubric20-semantic,Q3,,Keyword Diversity,AI_READI,v7,2,1,5,5,numeric,scored,
rubric20-semantic,Q3,,Keyword Diversity,AI_READI,v7,3,1,5,5,numeric,scored,
rubric20-semantic,Q3,,Keyword Diversity,AI_READI,v8,1,1,4,5,numeric,scored,
rubric20-semantic,Q3,,Keyword Diversity,AI_READI,v8,2,1,3,5,numeric,scored,
rubric20-semantic,Q3,,Keyword Diversity,AI_READI,v8,3,1,3,5,numeric,scored,
rubric20-semantic,Q3,,Keyword Diversity,CHORUS,v7,1,1,5,5,numeric,scored,
rubric20-semantic,Q3,,Keyword Diversity,CHORUS,v7,2,1,5,5,numeric,scored,
rubric20-semantic,Q3,,Keyword Diversity,CHORUS,v7,3,1,5,5,numeric,scored,
rubric20-semantic,Q3,,Keyword Diversity,CHORUS,v8,1,1,5,5,numeric,scored,
rubric20-semantic,Q3,,Keyword Diversity,CHORUS,v8,2,1,5,5,numeric,scored,
rubric20-semantic,Q3,,Keyword Diversity,CHORUS,v8,3,1,5,5,numeric,scored,
rubric20-semantic,Q3,,Keyword Diversity,CM4AI,v7,1,1,5,5,numeric,scored,
rubric20-semantic,Q3,,Keyword Diversity,CM4AI,v7,2,1,5,5,numeric,scored,
rubric20-semantic,Q3,,Keyword Diversity,CM4AI,v7,3,1,5,5,numeric,scored,
rubric20-semantic,Q3,,Keyword Diversity,CM4AI,v8,1,1,5,5,numeric,scored,
rubric20-semantic,Q3,,Keyword Diversity,CM4AI,v8,2,1,5,5,numeric,scored,
rubric20-semantic,Q3,,Keyword Diversity,CM4AI,v8,3,1,5,5,numeric,scored,
rubric20-semantic,Q3,,Keyword Diversity,VOICE,v7,1,1,3,5,numeric,scored,
rubric20-semantic,Q3,,Keyword Diversity,VOICE,v7,2,1,3,5,numeric,scored,
rubric20-semantic,Q3,,Keyword Diversity,VOICE,v7,3,1,3,5,numeric,scored,
rubric20-semantic,Q3,,Keyword Diversity,VOICE,v8,1,1,3,5,numeric,scored,
rubric20-semantic,Q3,,Keyword Diversity,VOICE,v8,2,1,3,5,numeric,scored,
rubric20-semantic,Q3,,Keyword Diversity,VOICE,v8,3,1,3,5,numeric,scored,
rubric20-semantic,Q4,,File Enumeration and Type Variety,AI_READI,v7,1,1,5,5,numeric,scored,
rubric20-semantic,Q4,,File Enumeration and Type Variety,AI_READI,v7,2,1,5,5,numeric,scored,
rubric20-semantic,Q4,,File Enumeration and Type Variety,AI_READI,v7,3,1,5,5,numeric,scored,
rubric20-semantic,Q4,,File Enumeration and Type Variety,AI_READI,v8,1,1,5,5,numeric,scored,
rubric20-semantic,Q4,,File Enumeration and Type Variety,AI_READI,v8,2,1,5,5,numeric,scored,
rubric20-semantic,Q4,,File Enumeration and Type Variety,AI_READI,v8,3,1,5,5,numeric,scored,
rubric20-semantic,Q4,,File Enumeration and Type Variety,CHORUS,v7,1,1,4,5,numeric,scored,
rubric20-semantic,Q4,,File Enumeration and Type Variety,CHORUS,v7,2,1,5,5,numeric,scored,
rubric20-semantic,Q4,,File Enumeration and Type Variety,CHORUS,v7,3,1,5,5,numeric,scored,
rubric20-semantic,Q4,,File Enumeration and Type Variety,CHORUS,v8,1,1,5,5,numeric,scored,
rubric20-semantic,Q4,,File Enumeration and Type Variety,CHORUS,v8,2,1,5,5,numeric,scored,
rubric20-semantic,Q4,,File Enumeration and Type Variety,CHORUS,v8,3,1,5,5,numeric,scored,
rubric20-semantic,Q4,,File Enumeration and Type Variety,CM4AI,v7,1,1,3,5,numeric,scored,
rubric20-semantic,Q4,,File Enumeration and Type Variety,CM4AI,v7,2,1,3,5,numeric,scored,
rubric20-semantic,Q4,,File Enumeration and Type Variety,CM4AI,v7,3,1,3,5,numeric,scored,
rubric20-semantic,Q4,,File Enumeration and Type Variety,CM4AI,v8,1,1,1,5,numeric,scored,
rubric20-semantic,Q4,,File Enumeration and Type Variety,CM4AI,v8,2,1,3,5,numeric,scored,
rubric20-semantic,Q4,,File Enumeration and Type Variety,CM4AI,v8,3,1,2,5,numeric,scored,
rubric20-semantic,Q4,,File Enumeration and Type Variety,VOICE,v7,1,1,5,5,numeric,scored,
rubric20-semantic,Q4,,File Enumeration and Type Variety,VOICE,v7,2,1,3,5,numeric,scored,
rubric20-semantic,Q4,,File Enumeration and Type Variety,VOICE,v7,3,1,5,5,numeric,scored,
rubric20-semantic,Q4,,File Enumeration and Type Variety,VOICE,v8,1,1,4,5,numeric,scored,
rubric20-semantic,Q4,,File Enumeration and Type Variety,VOICE,v8,2,1,3,5,numeric,scored,
rubric20-semantic,Q4,,File Enumeration and Type Variety,VOICE,v8,3,1,4,5,numeric,scored,
rubric20-semantic,Q5,,Data File Size Availability,AI_READI,v7,1,1,1,1,pass_fail,scored,
rubric20-semantic,Q5,,Data File Size Availability,AI_READI,v7,2,1,1,1,pass_fail,scored,
rubric20-semantic,Q5,,Data File Size Availability,AI_READI,v7,3,1,1,1,pass_fail,scored,
rubric20-semantic,Q5,,Data File Size Availability,AI_READI,v8,1,1,1,1,pass_fail,scored,
rubric20-semantic,Q5,,Data File Size Availability,AI_READI,v8,2,1,1,1,pass_fail,scored,
rubric20-semantic,Q5,,Data File Size Availability,AI_READI,v8,3,1,1,1,pass_fail,scored,
rubric20-semantic,Q5,,Data File Size Availability,CHORUS,v7,1,1,1,1,pass_fail,scored,
rubric20-semantic,Q5,,Data File Size Availability,CHORUS,v7,2,1,1,1,pass_fail,scored,
rubric20-semantic,Q5,,Data File Size Availability,CHORUS,v7,3,1,1,1,pass_fail,scored,
rubric20-semantic,Q5,,Data File Size Availability,CHORUS,v8,1,1,1,1,pass_fail,scored,
rubric20-semantic,Q5,,Data File Size Availability,CHORUS,v8,2,1,1,1,pass_fail,scored,
rubric20-semantic,Q5,,Data File Size Availability,CHORUS,v8,3,1,1,1,pass_fail,scored,
rubric20-semantic,Q5,,Data File Size Availability,CM4AI,v7,1,1,1,1,pass_fail,scored,
rubric20-semantic,Q5,,Data File Size Availability,CM4AI,v7,2,1,1,1,pass_fail,scored,
rubric20-semantic,Q5,,Data File Size Availability,CM4AI,v7,3,1,1,1,pass_fail,scored,
rubric20-semantic,Q5,,Data File Size Availability,CM4AI,v8,1,1,1,1,pass_fail,scored,
rubric20-semantic,Q5,,Data File Size Availability,CM4AI,v8,2,1,1,1,pass_fail,scored,
rubric20-semantic,Q5,,Data File Size Availability,CM4AI,v8,3,1,1,1,pass_fail,scored,
rubric20-semantic,Q5,,Data File Size Availability,VOICE,v7,1,1,1,1,pass_fail,scored,
rubric20-semantic,Q5,,Data File Size Availability,VOICE,v7,2,1,1,1,pass_fail,scored,
rubric20-semantic,Q5,,Data File Size Availability,VOICE,v7,3,1,1,1,pass_fail,scored,
rubric20-semantic,Q5,,Data File Size Availability,VOICE,v8,1,1,1,1,pass_fail,scored,
rubric20-semantic,Q5,,Data File Size Availability,VOICE,v8,2,1,1,1,pass_fail,scored,
rubric20-semantic,Q5,,Data File Size Availability,VOICE,v8,3,1,1,1,pass_fail,scored,
rubric20-semantic,Q6,,Dataset Identification Metadata,AI_READI,v7,1,1,1,1,pass_fail,scored,
rubric20-semantic,Q6,,Dataset Identification Metadata,AI_READI,v7,2,1,1,1,pass_fail,scored,
rubric20-semantic,Q6,,Dataset Identification Metadata,AI_READI,v7,3,1,1,1,pass_fail,scored,
rubric20-semantic,Q6,,Dataset Identification Metadata,AI_READI,v8,1,1,1,1,pass_fail,scored,
rubric20-semantic,Q6,,Dataset Identification Metadata,AI_READI,v8,2,1,1,1,pass_fail,scored,
rubric20-semantic,Q6,,Dataset Identification Metadata,AI_READI,v8,3,1,1,1,pass_fail,scored,
rubric20-semantic,Q6,,Dataset Identification Metadata,CHORUS,v7,1,1,1,1,pass_fail,scored,
rubric20-semantic,Q6,,Dataset Identification Metadata,CHORUS,v7,2,1,1,1,pass_fail,scored,
rubric20-semantic,Q6,,Dataset Identification Metadata,CHORUS,v7,3,1,1,1,pass_fail,scored,
rubric20-semantic,Q6,,Dataset Identification Metadata,CHORUS,v8,1,1,1,1,pass_fail,scored,
rubric20-semantic,Q6,,Dataset Identification Metadata,CHORUS,v8,2,1,1,1,pass_fail,scored,
rubric20-semantic,Q6,,Dataset Identification Metadata,CHORUS,v8,3,1,1,1,pass_fail,scored,
rubric20-semantic,Q6,,Dataset Identification Metadata,CM4AI,v7,1,1,1,1,pass_fail,scored,
rubric20-semantic,Q6,,Dataset Identification Metadata,CM4AI,v7,2,1,1,1,pass_fail,scored,
rubric20-semantic,Q6,,Dataset Identification Metadata,CM4AI,v7,3,1,1,1,pass_fail,scored,
rubric20-semantic,Q6,,Dataset Identification Metadata,CM4AI,v8,1,1,1,1,pass_fail,scored,
rubric20-semantic,Q6,,Dataset Identification Metadata,CM4AI,v8,2,1,1,1,pass_fail,scored,
rubric20-semantic,Q6,,Dataset Identification Metadata,CM4AI,v8,3,1,1,1,pass_fail,scored,
rubric20-semantic,Q6,,Dataset Identification Metadata,VOICE,v7,1,1,1,1,pass_fail,scored,
rubric20-semantic,Q6,,Dataset Identification Metadata,VOICE,v7,2,1,1,1,pass_fail,scored,
rubric20-semantic,Q6,,Dataset Identification Metadata,VOICE,v7,3,1,1,1,pass_fail,scored,
rubric20-semantic,Q6,,Dataset Identification Metadata,VOICE,v8,1,1,1,1,pass_fail,scored,
rubric20-semantic,Q6,,Dataset Identification Metadata,VOICE,v8,2,1,1,1,pass_fail,scored,
rubric20-semantic,Q6,,Dataset Identification Metadata,VOICE,v8,3,1,1,1,pass_fail,scored,
rubric20-semantic,Q7,,Funding and Acknowledgements Completeness,AI_READI,v7,1,1,5,5,numeric,scored,
rubric20-semantic,Q7,,Funding and Acknowledgements Completeness,AI_READI,v7,2,1,5,5,numeric,scored,
rubric20-semantic,Q7,,Funding and Acknowledgements Completeness,AI_READI,v7,3,1,5,5,numeric,scored,
rubric20-semantic,Q7,,Funding and Acknowledgements Completeness,AI_READI,v8,1,1,5,5,numeric,scored,
rubric20-semantic,Q7,,Funding and Acknowledgements Completeness,AI_READI,v8,2,1,5,5,numeric,scored,
rubric20-semantic,Q7,,Funding and Acknowledgements Completeness,AI_READI,v8,3,1,5,5,numeric,scored,
rubric20-semantic,Q7,,Funding and Acknowledgements Completeness,CHORUS,v7,1,1,5,5,numeric,scored,
rubric20-semantic,Q7,,Funding and Acknowledgements Completeness,CHORUS,v7,2,1,4,5,numeric,scored,
rubric20-semantic,Q7,,Funding and Acknowledgements Completeness,CHORUS,v7,3,1,5,5,numeric,scored,
rubric20-semantic,Q7,,Funding and Acknowledgements Completeness,CHORUS,v8,1,1,5,5,numeric,scored,
rubric20-semantic,Q7,,Funding and Acknowledgements Completeness,CHORUS,v8,2,1,5,5,numeric,scored,
rubric20-semantic,Q7,,Funding and Acknowledgements Completeness,CHORUS,v8,3,1,5,5,numeric,scored,
rubric20-semantic,Q7,,Funding and Acknowledgements Completeness,CM4AI,v7,1,1,5,5,numeric,scored,
rubric20-semantic,Q7,,Funding and Acknowledgements Completeness,CM4AI,v7,2,1,5,5,numeric,scored,
rubric20-semantic,Q7,,Funding and Acknowledgements Completeness,CM4AI,v7,3,1,4,5,numeric,scored,
rubric20-semantic,Q7,,Funding and Acknowledgements Completeness,CM4AI,v8,1,1,5,5,numeric,scored,
rubric20-semantic,Q7,,Funding and Acknowledgements Completeness,CM4AI,v8,2,1,5,5,numeric,scored,
rubric20-semantic,Q7,,Funding and Acknowledgements Completeness,CM4AI,v8,3,1,5,5,numeric,scored,
rubric20-semantic,Q7,,Funding and Acknowledgements Completeness,VOICE,v7,1,1,5,5,numeric,scored,
rubric20-semantic,Q7,,Funding and Acknowledgements Completeness,VOICE,v7,2,1,5,5,numeric,scored,
rubric20-semantic,Q7,,Funding and Acknowledgements Completeness,VOICE,v7,3,1,5,5,numeric,scored,
rubric20-semantic,Q7,,Funding and Acknowledgements Completeness,VOICE,v8,1,1,5,5,numeric,scored,
rubric20-semantic,Q7,,Funding and Acknowledgements Completeness,VOICE,v8,2,1,5,5,numeric,scored,
rubric20-semantic,Q7,,Funding and Acknowledgements Completeness,VOICE,v8,3,1,5,5,numeric,scored,
rubric20-semantic,Q8,,Ethical and Privacy Declarations,AI_READI,v7,1,1,4,5,numeric,scored,
rubric20-semantic,Q8,,Ethical and Privacy Declarations,AI_READI,v7,2,1,4,5,numeric,scored,
rubric20-semantic,Q8,,Ethical and Privacy Declarations,AI_READI,v7,3,1,5,5,numeric,scored,
rubric20-semantic,Q8,,Ethical and Privacy Declarations,AI_READI,v8,1,1,4,5,numeric,scored,
rubric20-semantic,Q8,,Ethical and Privacy Declarations,AI_READI,v8,2,1,4,5,numeric,scored,
rubric20-semantic,Q8,,Ethical and Privacy Declarations,AI_READI,v8,3,1,5,5,numeric,scored,
rubric20-semantic,Q8,,Ethical and Privacy Declarations,CHORUS,v7,1,1,3,5,numeric,scored,
rubric20-semantic,Q8,,Ethical and Privacy Declarations,CHORUS,v7,2,1,3,5,numeric,scored,
rubric20-semantic,Q8,,Ethical and Privacy Declarations,CHORUS,v7,3,1,3,5,numeric,scored,
rubric20-semantic,Q8,,Ethical and Privacy Declarations,CHORUS,v8,1,1,3,5,numeric,scored,
rubric20-semantic,Q8,,Ethical and Privacy Declarations,CHORUS,v8,2,1,3,5,numeric,scored,
rubric20-semantic,Q8,,Ethical and Privacy Declarations,CHORUS,v8,3,1,3,5,numeric,scored,
rubric20-semantic,Q8,,Ethical and Privacy Declarations,CM4AI,v7,1,1,4,5,numeric,scored,
rubric20-semantic,Q8,,Ethical and Privacy Declarations,CM4AI,v7,2,1,,5,numeric,not_applicable,
rubric20-semantic,Q8,,Ethical and Privacy Declarations,CM4AI,v7,3,1,4,5,numeric,scored,
rubric20-semantic,Q8,,Ethical and Privacy Declarations,CM4AI,v8,1,1,4,5,numeric,scored,
rubric20-semantic,Q8,,Ethical and Privacy Declarations,CM4AI,v8,2,1,,5,numeric,not_applicable,
rubric20-semantic,Q8,,Ethical and Privacy Declarations,CM4AI,v8,3,1,4,5,numeric,scored,
rubric20-semantic,Q8,,Ethical and Privacy Declarations,VOICE,v7,1,1,5,5,numeric,scored,
rubric20-semantic,Q8,,Ethical and Privacy Declarations,VOICE,v7,2,1,5,5,numeric,scored,
rubric20-semantic,Q8,,Ethical and Privacy Declarations,VOICE,v7,3,1,4,5,numeric,scored,
rubric20-semantic,Q8,,Ethical and Privacy Declarations,VOICE,v8,1,1,4,5,numeric,scored,
rubric20-semantic,Q8,,Ethical and Privacy Declarations,VOICE,v8,2,1,4,5,numeric,scored,
rubric20-semantic,Q8,,Ethical and Privacy Declarations,VOICE,v8,3,1,5,5,numeric,scored,
rubric20-semantic,Q9,,Access Requirements and Governance Documentation,AI_READI,v7,1,1,5,5,numeric,scored,
rubric20-semantic,Q9,,Access Requirements and Governance Documentation,AI_READI,v7,2,1,5,5,numeric,scored,
rubric20-semantic,Q9,,Access Requirements and Governance Documentation,AI_READI,v7,3,1,5,5,numeric,scored,
rubric20-semantic,Q9,,Access Requirements and Governance Documentation,AI_READI,v8,1,1,5,5,numeric,scored,
rubric20-semantic,Q9,,Access Requirements and Governance Documentation,AI_READI,v8,2,1,5,5,numeric,scored,
rubric20-semantic,Q9,,Access Requirements and Governance Documentation,AI_READI,v8,3,1,5,5,numeric,scored,
rubric20-semantic,Q9,,Access Requirements and Governance Documentation,CHORUS,v7,1,1,4,5,numeric,scored,
rubric20-semantic,Q9,,Access Requirements and Governance Documentation,CHORUS,v7,2,1,3,5,numeric,scored,
rubric20-semantic,Q9,,Access Requirements and Governance Documentation,CHORUS,v7,3,1,4,5,numeric,scored,
rubric20-semantic,Q9,,Access Requirements and Governance Documentation,CHORUS,v8,1,1,4,5,numeric,scored,
rubric20-semantic,Q9,,Access Requirements and Governance Documentation,CHORUS,v8,2,1,4,5,numeric,scored,
rubric20-semantic,Q9,,Access Requirements and Governance Documentation,CHORUS,v8,3,1,4,5,numeric,scored,
rubric20-semantic,Q9,,Access Requirements and Governance Documentation,CM4AI,v7,1,1,5,5,numeric,scored,
rubric20-semantic,Q9,,Access Requirements and Governance Documentation,CM4AI,v7,2,1,4,5,numeric,scored,
rubric20-semantic,Q9,,Access Requirements and Governance Documentation,CM4AI,v7,3,1,5,5,numeric,scored,
rubric20-semantic,Q9,,Access Requirements and Governance Documentation,CM4AI,v8,1,1,5,5,numeric,scored,
rubric20-semantic,Q9,,Access Requirements and Governance Documentation,CM4AI,v8,2,1,4,5,numeric,scored,
rubric20-semantic,Q9,,Access Requirements and Governance Documentation,CM4AI,v8,3,1,4,5,numeric,scored,
rubric20-semantic,Q9,,Access Requirements and Governance Documentation,VOICE,v7,1,1,5,5,numeric,scored,
rubric20-semantic,Q9,,Access Requirements and Governance Documentation,VOICE,v7,2,1,5,5,numeric,scored,
rubric20-semantic,Q9,,Access Requirements and Governance Documentation,VOICE,v7,3,1,5,5,numeric,scored,
rubric20-semantic,Q9,,Access Requirements and Governance Documentation,VOICE,v8,1,1,5,5,numeric,scored,
rubric20-semantic,Q9,,Access Requirements and Governance Documentation,VOICE,v8,2,1,4,5,numeric,scored,
rubric20-semantic,Q9,,Access Requirements and Governance Documentation,VOICE,v8,3,1,5,5,numeric,scored,
rubric20-semantic,Q10,,"Interoperability, Standardization, and Cross-Platform Integration",AI_READI,v7,1,1,5,5,numeric,scored,
rubric20-semantic,Q10,,"Interoperability, Standardization, and Cross-Platform Integration",AI_READI,v7,2,1,5,5,numeric,scored,
rubric20-semantic,Q10,,"Interoperability, Standardization, and Cross-Platform Integration",AI_READI,v7,3,1,5,5,numeric,scored,
rubric20-semantic,Q10,,"Interoperability, Standardization, and Cross-Platform Integration",AI_READI,v8,1,1,5,5,numeric,scored,
rubric20-semantic,Q10,,"Interoperability, Standardization, and Cross-Platform Integration",AI_READI,v8,2,1,5,5,numeric,scored,
rubric20-semantic,Q10,,"Interoperability, Standardization, and Cross-Platform Integration",AI_READI,v8,3,1,5,5,numeric,scored,
rubric20-semantic,Q10,,"Interoperability, Standardization, and Cross-Platform Integration",CHORUS,v7,1,1,4,5,numeric,scored,
rubric20-semantic,Q10,,"Interoperability, Standardization, and Cross-Platform Integration",CHORUS,v7,2,1,5,5,numeric,scored,
rubric20-semantic,Q10,,"Interoperability, Standardization, and Cross-Platform Integration",CHORUS,v7,3,1,5,5,numeric,scored,
rubric20-semantic,Q10,,"Interoperability, Standardization, and Cross-Platform Integration",CHORUS,v8,1,1,5,5,numeric,scored,
rubric20-semantic,Q10,,"Interoperability, Standardization, and Cross-Platform Integration",CHORUS,v8,2,1,4,5,numeric,scored,
rubric20-semantic,Q10,,"Interoperability, Standardization, and Cross-Platform Integration",CHORUS,v8,3,1,4,5,numeric,scored,
rubric20-semantic,Q10,,"Interoperability, Standardization, and Cross-Platform Integration",CM4AI,v7,1,1,4,5,numeric,scored,
rubric20-semantic,Q10,,"Interoperability, Standardization, and Cross-Platform Integration",CM4AI,v7,2,1,4,5,numeric,scored,
rubric20-semantic,Q10,,"Interoperability, Standardization, and Cross-Platform Integration",CM4AI,v7,3,1,5,5,numeric,scored,
rubric20-semantic,Q10,,"Interoperability, Standardization, and Cross-Platform Integration",CM4AI,v8,1,1,4,5,numeric,scored,
rubric20-semantic,Q10,,"Interoperability, Standardization, and Cross-Platform Integration",CM4AI,v8,2,1,4,5,numeric,scored,
rubric20-semantic,Q10,,"Interoperability, Standardization, and Cross-Platform Integration",CM4AI,v8,3,1,4,5,numeric,scored,
rubric20-semantic,Q10,,"Interoperability, Standardization, and Cross-Platform Integration",VOICE,v7,1,1,5,5,numeric,scored,
rubric20-semantic,Q10,,"Interoperability, Standardization, and Cross-Platform Integration",VOICE,v7,2,1,5,5,numeric,scored,
rubric20-semantic,Q10,,"Interoperability, Standardization, and Cross-Platform Integration",VOICE,v7,3,1,5,5,numeric,scored,
rubric20-semantic,Q10,,"Interoperability, Standardization, and Cross-Platform Integration",VOICE,v8,1,1,4,5,numeric,scored,
rubric20-semantic,Q10,,"Interoperability, Standardization, and Cross-Platform Integration",VOICE,v8,2,1,4,5,numeric,scored,
rubric20-semantic,Q10,,"Interoperability, Standardization, and Cross-Platform Integration",VOICE,v8,3,1,4,5,numeric,scored,
rubric20-semantic,Q11,,Tool and Software Transparency,AI_READI,v7,1,1,4,5,numeric,scored,
rubric20-semantic,Q11,,Tool and Software Transparency,AI_READI,v7,2,1,4,5,numeric,scored,
rubric20-semantic,Q11,,Tool and Software Transparency,AI_READI,v7,3,1,4,5,numeric,scored,
rubric20-semantic,Q11,,Tool and Software Transparency,AI_READI,v8,1,1,4,5,numeric,scored,
rubric20-semantic,Q11,,Tool and Software Transparency,AI_READI,v8,2,1,4,5,numeric,scored,
rubric20-semantic,Q11,,Tool and Software Transparency,AI_READI,v8,3,1,4,5,numeric,scored,
rubric20-semantic,Q11,,Tool and Software Transparency,CHORUS,v7,1,1,4,5,numeric,scored,
rubric20-semantic,Q11,,Tool and Software Transparency,CHORUS,v7,2,1,4,5,numeric,scored,
rubric20-semantic,Q11,,Tool and Software Transparency,CHORUS,v7,3,1,4,5,numeric,scored,
rubric20-semantic,Q11,,Tool and Software Transparency,CHORUS,v8,1,1,4,5,numeric,scored,
rubric20-semantic,Q11,,Tool and Software Transparency,CHORUS,v8,2,1,4,5,numeric,scored,
rubric20-semantic,Q11,,Tool and Software Transparency,CHORUS,v8,3,1,4,5,numeric,scored,
rubric20-semantic,Q11,,Tool and Software Transparency,CM4AI,v7,1,1,3,5,numeric,scored,
rubric20-semantic,Q11,,Tool and Software Transparency,CM4AI,v7,2,1,3,5,numeric,scored,
rubric20-semantic,Q11,,Tool and Software Transparency,CM4AI,v7,3,1,4,5,numeric,scored,
rubric20-semantic,Q11,,Tool and Software Transparency,CM4AI,v8,1,1,2,5,numeric,scored,
rubric20-semantic,Q11,,Tool and Software Transparency,CM4AI,v8,2,1,2,5,numeric,scored,
rubric20-semantic,Q11,,Tool and Software Transparency,CM4AI,v8,3,1,2,5,numeric,scored,
rubric20-semantic,Q11,,Tool and Software Transparency,VOICE,v7,1,1,4,5,numeric,scored,
rubric20-semantic,Q11,,Tool and Software Transparency,VOICE,v7,2,1,5,5,numeric,scored,
rubric20-semantic,Q11,,Tool and Software Transparency,VOICE,v7,3,1,5,5,numeric,scored,
rubric20-semantic,Q11,,Tool and Software Transparency,VOICE,v8,1,1,4,5,numeric,scored,
rubric20-semantic,Q11,,Tool and Software Transparency,VOICE,v8,2,1,4,5,numeric,scored,
rubric20-semantic,Q11,,Tool and Software Transparency,VOICE,v8,3,1,5,5,numeric,scored,
rubric20-semantic,Q12,,Collection Protocol Clarity,AI_READI,v7,1,1,5,5,numeric,scored,
rubric20-semantic,Q12,,Collection Protocol Clarity,AI_READI,v7,2,1,5,5,numeric,scored,
rubric20-semantic,Q12,,Collection Protocol Clarity,AI_READI,v7,3,1,5,5,numeric,scored,
rubric20-semantic,Q12,,Collection Protocol Clarity,AI_READI,v8,1,1,5,5,numeric,scored,
rubric20-semantic,Q12,,Collection Protocol Clarity,AI_READI,v8,2,1,5,5,numeric,scored,
rubric20-semantic,Q12,,Collection Protocol Clarity,AI_READI,v8,3,1,5,5,numeric,scored,
rubric20-semantic,Q12,,Collection Protocol Clarity,CHORUS,v7,1,1,4,5,numeric,scored,
rubric20-semantic,Q12,,Collection Protocol Clarity,CHORUS,v7,2,1,4,5,numeric,scored,
rubric20-semantic,Q12,,Collection Protocol Clarity,CHORUS,v7,3,1,4,5,numeric,scored,
rubric20-semantic,Q12,,Collection Protocol Clarity,CHORUS,v8,1,1,4,5,numeric,scored,
rubric20-semantic,Q12,,Collection Protocol Clarity,CHORUS,v8,2,1,4,5,numeric,scored,
rubric20-semantic,Q12,,Collection Protocol Clarity,CHORUS,v8,3,1,4,5,numeric,scored,
rubric20-semantic,Q12,,Collection Protocol Clarity,CM4AI,v7,1,1,4,5,numeric,scored,
rubric20-semantic,Q12,,Collection Protocol Clarity,CM4AI,v7,2,1,4,5,numeric,scored,
rubric20-semantic,Q12,,Collection Protocol Clarity,CM4AI,v7,3,1,5,5,numeric,scored,
rubric20-semantic,Q12,,Collection Protocol Clarity,CM4AI,v8,1,1,4,5,numeric,scored,
rubric20-semantic,Q12,,Collection Protocol Clarity,CM4AI,v8,2,1,4,5,numeric,scored,
rubric20-semantic,Q12,,Collection Protocol Clarity,CM4AI,v8,3,1,4,5,numeric,scored,
rubric20-semantic,Q12,,Collection Protocol Clarity,VOICE,v7,1,1,4,5,numeric,scored,
rubric20-semantic,Q12,,Collection Protocol Clarity,VOICE,v7,2,1,4,5,numeric,scored,
rubric20-semantic,Q12,,Collection Protocol Clarity,VOICE,v7,3,1,5,5,numeric,scored,
rubric20-semantic,Q12,,Collection Protocol Clarity,VOICE,v8,1,1,5,5,numeric,scored,
rubric20-semantic,Q12,,Collection Protocol Clarity,VOICE,v8,2,1,4,5,numeric,scored,
rubric20-semantic,Q12,,Collection Protocol Clarity,VOICE,v8,3,1,4,5,numeric,scored,
rubric20-semantic,Q13,,"Version History, Maintenance, and Sustainability",AI_READI,v7,1,1,4,5,numeric,scored,
rubric20-semantic,Q13,,"Version History, Maintenance, and Sustainability",AI_READI,v7,2,1,4,5,numeric,scored,
rubric20-semantic,Q13,,"Version History, Maintenance, and Sustainability",AI_READI,v7,3,1,5,5,numeric,scored,
rubric20-semantic,Q13,,"Version History, Maintenance, and Sustainability",AI_READI,v8,1,1,4,5,numeric,scored,
rubric20-semantic,Q13,,"Version History, Maintenance, and Sustainability",AI_READI,v8,2,1,4,5,numeric,scored,
rubric20-semantic,Q13,,"Version History, Maintenance, and Sustainability",AI_READI,v8,3,1,5,5,numeric,scored,
rubric20-semantic,Q13,,"Version History, Maintenance, and Sustainability",CHORUS,v7,1,1,2,5,numeric,scored,
rubric20-semantic,Q13,,"Version History, Maintenance, and Sustainability",CHORUS,v7,2,1,2,5,numeric,scored,
rubric20-semantic,Q13,,"Version History, Maintenance, and Sustainability",CHORUS,v7,3,1,2,5,numeric,scored,
rubric20-semantic,Q13,,"Version History, Maintenance, and Sustainability",CHORUS,v8,1,1,2,5,numeric,scored,
rubric20-semantic,Q13,,"Version History, Maintenance, and Sustainability",CHORUS,v8,2,1,2,5,numeric,scored,
rubric20-semantic,Q13,,"Version History, Maintenance, and Sustainability",CHORUS,v8,3,1,2,5,numeric,scored,
rubric20-semantic,Q13,,"Version History, Maintenance, and Sustainability",CM4AI,v7,1,1,4,5,numeric,scored,
rubric20-semantic,Q13,,"Version History, Maintenance, and Sustainability",CM4AI,v7,2,1,4,5,numeric,scored,
rubric20-semantic,Q13,,"Version History, Maintenance, and Sustainability",CM4AI,v7,3,1,4,5,numeric,scored,
rubric20-semantic,Q13,,"Version History, Maintenance, and Sustainability",CM4AI,v8,1,1,5,5,numeric,scored,
rubric20-semantic,Q13,,"Version History, Maintenance, and Sustainability",CM4AI,v8,2,1,5,5,numeric,scored,
rubric20-semantic,Q13,,"Version History, Maintenance, and Sustainability",CM4AI,v8,3,1,5,5,numeric,scored,
rubric20-semantic,Q13,,"Version History, Maintenance, and Sustainability",VOICE,v7,1,1,5,5,numeric,scored,
rubric20-semantic,Q13,,"Version History, Maintenance, and Sustainability",VOICE,v7,2,1,5,5,numeric,scored,
rubric20-semantic,Q13,,"Version History, Maintenance, and Sustainability",VOICE,v7,3,1,5,5,numeric,scored,
rubric20-semantic,Q13,,"Version History, Maintenance, and Sustainability",VOICE,v8,1,1,4,5,numeric,scored,
rubric20-semantic,Q13,,"Version History, Maintenance, and Sustainability",VOICE,v8,2,1,5,5,numeric,scored,
rubric20-semantic,Q13,,"Version History, Maintenance, and Sustainability",VOICE,v8,3,1,5,5,numeric,scored,
rubric20-semantic,Q14,,Associated Publications,AI_READI,v7,1,1,5,5,numeric,scored,
rubric20-semantic,Q14,,Associated Publications,AI_READI,v7,2,1,5,5,numeric,scored,
rubric20-semantic,Q14,,Associated Publications,AI_READI,v7,3,1,5,5,numeric,scored,
rubric20-semantic,Q14,,Associated Publications,AI_READI,v8,1,1,5,5,numeric,scored,
rubric20-semantic,Q14,,Associated Publications,AI_READI,v8,2,1,5,5,numeric,scored,
rubric20-semantic,Q14,,Associated Publications,AI_READI,v8,3,1,5,5,numeric,scored,
rubric20-semantic,Q14,,Associated Publications,CHORUS,v7,1,1,3,5,numeric,scored,
rubric20-semantic,Q14,,Associated Publications,CHORUS,v7,2,1,3,5,numeric,scored,
rubric20-semantic,Q14,,Associated Publications,CHORUS,v7,3,1,3,5,numeric,scored,
rubric20-semantic,Q14,,Associated Publications,CHORUS,v8,1,1,3,5,numeric,scored,
rubric20-semantic,Q14,,Associated Publications,CHORUS,v8,2,1,3,5,numeric,scored,
rubric20-semantic,Q14,,Associated Publications,CHORUS,v8,3,1,3,5,numeric,scored,
rubric20-semantic,Q14,,Associated Publications,CM4AI,v7,1,1,5,5,numeric,scored,
rubric20-semantic,Q14,,Associated Publications,CM4AI,v7,2,1,5,5,numeric,scored,
rubric20-semantic,Q14,,Associated Publications,CM4AI,v7,3,1,5,5,numeric,scored,
rubric20-semantic,Q14,,Associated Publications,CM4AI,v8,1,1,5,5,numeric,scored,
rubric20-semantic,Q14,,Associated Publications,CM4AI,v8,2,1,5,5,numeric,scored,
rubric20-semantic,Q14,,Associated Publications,CM4AI,v8,3,1,5,5,numeric,scored,
rubric20-semantic,Q14,,Associated Publications,VOICE,v7,1,1,5,5,numeric,scored,
rubric20-semantic,Q14,,Associated Publications,VOICE,v7,2,1,5,5,numeric,scored,
rubric20-semantic,Q14,,Associated Publications,VOICE,v7,3,1,5,5,numeric,scored,
rubric20-semantic,Q14,,Associated Publications,VOICE,v8,1,1,5,5,numeric,scored,
rubric20-semantic,Q14,,Associated Publications,VOICE,v8,2,1,5,5,numeric,scored,
rubric20-semantic,Q14,,Associated Publications,VOICE,v8,3,1,5,5,numeric,scored,
rubric20-semantic,Q15,,Human Subject Representation,AI_READI,v7,1,1,5,5,numeric,scored,
rubric20-semantic,Q15,,Human Subject Representation,AI_READI,v7,2,1,5,5,numeric,scored,
rubric20-semantic,Q15,,Human Subject Representation,AI_READI,v7,3,1,5,5,numeric,scored,
rubric20-semantic,Q15,,Human Subject Representation,AI_READI,v8,1,1,5,5,numeric,scored,
rubric20-semantic,Q15,,Human Subject Representation,AI_READI,v8,2,1,5,5,numeric,scored,
rubric20-semantic,Q15,,Human Subject Representation,AI_READI,v8,3,1,5,5,numeric,scored,
rubric20-semantic,Q15,,Human Subject Representation,CHORUS,v7,1,1,3,5,numeric,scored,
rubric20-semantic,Q15,,Human Subject Representation,CHORUS,v7,2,1,3,5,numeric,scored,
rubric20-semantic,Q15,,Human Subject Representation,CHORUS,v7,3,1,3,5,numeric,scored,
rubric20-semantic,Q15,,Human Subject Representation,CHORUS,v8,1,1,3,5,numeric,scored,
rubric20-semantic,Q15,,Human Subject Representation,CHORUS,v8,2,1,3,5,numeric,scored,
rubric20-semantic,Q15,,Human Subject Representation,CHORUS,v8,3,1,3,5,numeric,scored,
rubric20-semantic,Q15,,Human Subject Representation,CM4AI,v7,1,1,4,5,numeric,scored,
rubric20-semantic,Q15,,Human Subject Representation,CM4AI,v7,2,1,,5,numeric,not_applicable,
rubric20-semantic,Q15,,Human Subject Representation,CM4AI,v7,3,1,4,5,numeric,scored,
rubric20-semantic,Q15,,Human Subject Representation,CM4AI,v8,1,1,3,5,numeric,scored,
rubric20-semantic,Q15,,Human Subject Representation,CM4AI,v8,2,1,,5,numeric,not_applicable,
rubric20-semantic,Q15,,Human Subject Representation,CM4AI,v8,3,1,3,5,numeric,scored,
rubric20-semantic,Q15,,Human Subject Representation,VOICE,v7,1,1,4,5,numeric,scored,
rubric20-semantic,Q15,,Human Subject Representation,VOICE,v7,2,1,4,5,numeric,scored,
rubric20-semantic,Q15,,Human Subject Representation,VOICE,v7,3,1,4,5,numeric,scored,
rubric20-semantic,Q15,,Human Subject Representation,VOICE,v8,1,1,4,5,numeric,scored,
rubric20-semantic,Q15,,Human Subject Representation,VOICE,v8,2,1,4,5,numeric,scored,
rubric20-semantic,Q15,,Human Subject Representation,VOICE,v8,3,1,4,5,numeric,scored,
rubric20-semantic,Q16,,Findability (Persistent Links),AI_READI,v7,1,1,1,1,pass_fail,scored,
rubric20-semantic,Q16,,Findability (Persistent Links),AI_READI,v7,2,1,1,1,pass_fail,scored,
rubric20-semantic,Q16,,Findability (Persistent Links),AI_READI,v7,3,1,1,1,pass_fail,scored,
rubric20-semantic,Q16,,Findability (Persistent Links),AI_READI,v8,1,1,1,1,pass_fail,scored,
rubric20-semantic,Q16,,Findability (Persistent Links),AI_READI,v8,2,1,1,1,pass_fail,scored,
rubric20-semantic,Q16,,Findability (Persistent Links),AI_READI,v8,3,1,1,1,pass_fail,scored,
rubric20-semantic,Q16,,Findability (Persistent Links),CHORUS,v7,1,1,1,1,pass_fail,scored,
rubric20-semantic,Q16,,Findability (Persistent Links),CHORUS,v7,2,1,1,1,pass_fail,scored,
rubric20-semantic,Q16,,Findability (Persistent Links),CHORUS,v7,3,1,1,1,pass_fail,scored,
rubric20-semantic,Q16,,Findability (Persistent Links),CHORUS,v8,1,1,1,1,pass_fail,scored,
rubric20-semantic,Q16,,Findability (Persistent Links),CHORUS,v8,2,1,1,1,pass_fail,scored,
rubric20-semantic,Q16,,Findability (Persistent Links),CHORUS,v8,3,1,1,1,pass_fail,scored,
rubric20-semantic,Q16,,Findability (Persistent Links),CM4AI,v7,1,1,1,1,pass_fail,scored,
rubric20-semantic,Q16,,Findability (Persistent Links),CM4AI,v7,2,1,1,1,pass_fail,scored,
rubric20-semantic,Q16,,Findability (Persistent Links),CM4AI,v7,3,1,1,1,pass_fail,scored,
rubric20-semantic,Q16,,Findability (Persistent Links),CM4AI,v8,1,1,1,1,pass_fail,scored,
rubric20-semantic,Q16,,Findability (Persistent Links),CM4AI,v8,2,1,1,1,pass_fail,scored,
rubric20-semantic,Q16,,Findability (Persistent Links),CM4AI,v8,3,1,1,1,pass_fail,scored,
rubric20-semantic,Q16,,Findability (Persistent Links),VOICE,v7,1,1,1,1,pass_fail,scored,
rubric20-semantic,Q16,,Findability (Persistent Links),VOICE,v7,2,1,1,1,pass_fail,scored,
rubric20-semantic,Q16,,Findability (Persistent Links),VOICE,v7,3,1,1,1,pass_fail,scored,
rubric20-semantic,Q16,,Findability (Persistent Links),VOICE,v8,1,1,1,1,pass_fail,scored,
rubric20-semantic,Q16,,Findability (Persistent Links),VOICE,v8,2,1,1,1,pass_fail,scored,
rubric20-semantic,Q16,,Findability (Persistent Links),VOICE,v8,3,1,1,1,pass_fail,scored,
rubric20-semantic,Q17,,Accessibility (Access Mechanism),AI_READI,v7,1,1,5,5,numeric,scored,
rubric20-semantic,Q17,,Accessibility (Access Mechanism),AI_READI,v7,2,1,5,5,numeric,scored,
rubric20-semantic,Q17,,Accessibility (Access Mechanism),AI_READI,v7,3,1,5,5,numeric,scored,
rubric20-semantic,Q17,,Accessibility (Access Mechanism),AI_READI,v8,1,1,5,5,numeric,scored,
rubric20-semantic,Q17,,Accessibility (Access Mechanism),AI_READI,v8,2,1,5,5,numeric,scored,
rubric20-semantic,Q17,,Accessibility (Access Mechanism),AI_READI,v8,3,1,5,5,numeric,scored,
rubric20-semantic,Q17,,Accessibility (Access Mechanism),CHORUS,v7,1,1,4,5,numeric,scored,
rubric20-semantic,Q17,,Accessibility (Access Mechanism),CHORUS,v7,2,1,3,5,numeric,scored,
rubric20-semantic,Q17,,Accessibility (Access Mechanism),CHORUS,v7,3,1,4,5,numeric,scored,
rubric20-semantic,Q17,,Accessibility (Access Mechanism),CHORUS,v8,1,1,4,5,numeric,scored,
rubric20-semantic,Q17,,Accessibility (Access Mechanism),CHORUS,v8,2,1,4,5,numeric,scored,
rubric20-semantic,Q17,,Accessibility (Access Mechanism),CHORUS,v8,3,1,4,5,numeric,scored,
rubric20-semantic,Q17,,Accessibility (Access Mechanism),CM4AI,v7,1,1,4,5,numeric,scored,
rubric20-semantic,Q17,,Accessibility (Access Mechanism),CM4AI,v7,2,1,4,5,numeric,scored,
rubric20-semantic,Q17,,Accessibility (Access Mechanism),CM4AI,v7,3,1,5,5,numeric,scored,
rubric20-semantic,Q17,,Accessibility (Access Mechanism),CM4AI,v8,1,1,4,5,numeric,scored,
rubric20-semantic,Q17,,Accessibility (Access Mechanism),CM4AI,v8,2,1,4,5,numeric,scored,
rubric20-semantic,Q17,,Accessibility (Access Mechanism),CM4AI,v8,3,1,4,5,numeric,scored,
rubric20-semantic,Q17,,Accessibility (Access Mechanism),VOICE,v7,1,1,5,5,numeric,scored,
rubric20-semantic,Q17,,Accessibility (Access Mechanism),VOICE,v7,2,1,5,5,numeric,scored,
rubric20-semantic,Q17,,Accessibility (Access Mechanism),VOICE,v7,3,1,5,5,numeric,scored,
rubric20-semantic,Q17,,Accessibility (Access Mechanism),VOICE,v8,1,1,5,5,numeric,scored,
rubric20-semantic,Q17,,Accessibility (Access Mechanism),VOICE,v8,2,1,5,5,numeric,scored,
rubric20-semantic,Q17,,Accessibility (Access Mechanism),VOICE,v8,3,1,5,5,numeric,scored,
rubric20-semantic,Q18,,"Reusability, Use Guidance, and Social Impact",AI_READI,v7,1,1,4,5,numeric,scored,
rubric20-semantic,Q18,,"Reusability, Use Guidance, and Social Impact",AI_READI,v7,2,1,5,5,numeric,scored,
rubric20-semantic,Q18,,"Reusability, Use Guidance, and Social Impact",AI_READI,v7,3,1,4,5,numeric,scored,
rubric20-semantic,Q18,,"Reusability, Use Guidance, and Social Impact",AI_READI,v8,1,1,4,5,numeric,scored,
rubric20-semantic,Q18,,"Reusability, Use Guidance, and Social Impact",AI_READI,v8,2,1,5,5,numeric,scored,
rubric20-semantic,Q18,,"Reusability, Use Guidance, and Social Impact",AI_READI,v8,3,1,5,5,numeric,scored,
rubric20-semantic,Q18,,"Reusability, Use Guidance, and Social Impact",CHORUS,v7,1,1,3,5,numeric,scored,
rubric20-semantic,Q18,,"Reusability, Use Guidance, and Social Impact",CHORUS,v7,2,1,3,5,numeric,scored,
rubric20-semantic,Q18,,"Reusability, Use Guidance, and Social Impact",CHORUS,v7,3,1,3,5,numeric,scored,
rubric20-semantic,Q18,,"Reusability, Use Guidance, and Social Impact",CHORUS,v8,1,1,3,5,numeric,scored,
rubric20-semantic,Q18,,"Reusability, Use Guidance, and Social Impact",CHORUS,v8,2,1,4,5,numeric,scored,
rubric20-semantic,Q18,,"Reusability, Use Guidance, and Social Impact",CHORUS,v8,3,1,3,5,numeric,scored,
rubric20-semantic,Q18,,"Reusability, Use Guidance, and Social Impact",CM4AI,v7,1,1,5,5,numeric,scored,
rubric20-semantic,Q18,,"Reusability, Use Guidance, and Social Impact",CM4AI,v7,2,1,5,5,numeric,scored,
rubric20-semantic,Q18,,"Reusability, Use Guidance, and Social Impact",CM4AI,v7,3,1,5,5,numeric,scored,
rubric20-semantic,Q18,,"Reusability, Use Guidance, and Social Impact",CM4AI,v8,1,1,4,5,numeric,scored,
rubric20-semantic,Q18,,"Reusability, Use Guidance, and Social Impact",CM4AI,v8,2,1,4,5,numeric,scored,
rubric20-semantic,Q18,,"Reusability, Use Guidance, and Social Impact",CM4AI,v8,3,1,4,5,numeric,scored,
rubric20-semantic,Q18,,"Reusability, Use Guidance, and Social Impact",VOICE,v7,1,1,5,5,numeric,scored,
rubric20-semantic,Q18,,"Reusability, Use Guidance, and Social Impact",VOICE,v7,2,1,5,5,numeric,scored,
rubric20-semantic,Q18,,"Reusability, Use Guidance, and Social Impact",VOICE,v7,3,1,5,5,numeric,scored,
rubric20-semantic,Q18,,"Reusability, Use Guidance, and Social Impact",VOICE,v8,1,1,4,5,numeric,scored,
rubric20-semantic,Q18,,"Reusability, Use Guidance, and Social Impact",VOICE,v8,2,1,5,5,numeric,scored,
rubric20-semantic,Q18,,"Reusability, Use Guidance, and Social Impact",VOICE,v8,3,1,5,5,numeric,scored,
rubric20-semantic,Q19,,"Data Integrity, Provenance Graph, and Quality",AI_READI,v7,1,1,5,5,numeric,scored,
rubric20-semantic,Q19,,"Data Integrity, Provenance Graph, and Quality",AI_READI,v7,2,1,5,5,numeric,scored,
rubric20-semantic,Q19,,"Data Integrity, Provenance Graph, and Quality",AI_READI,v7,3,1,5,5,numeric,scored,
rubric20-semantic,Q19,,"Data Integrity, Provenance Graph, and Quality",AI_READI,v8,1,1,4,5,numeric,scored,
rubric20-semantic,Q19,,"Data Integrity, Provenance Graph, and Quality",AI_READI,v8,2,1,5,5,numeric,scored,
rubric20-semantic,Q19,,"Data Integrity, Provenance Graph, and Quality",AI_READI,v8,3,1,4,5,numeric,scored,
rubric20-semantic,Q19,,"Data Integrity, Provenance Graph, and Quality",CHORUS,v7,1,1,4,5,numeric,scored,
rubric20-semantic,Q19,,"Data Integrity, Provenance Graph, and Quality",CHORUS,v7,2,1,4,5,numeric,scored,
rubric20-semantic,Q19,,"Data Integrity, Provenance Graph, and Quality",CHORUS,v7,3,1,4,5,numeric,scored,
rubric20-semantic,Q19,,"Data Integrity, Provenance Graph, and Quality",CHORUS,v8,1,1,4,5,numeric,scored,
rubric20-semantic,Q19,,"Data Integrity, Provenance Graph, and Quality",CHORUS,v8,2,1,4,5,numeric,scored,
rubric20-semantic,Q19,,"Data Integrity, Provenance Graph, and Quality",CHORUS,v8,3,1,3,5,numeric,scored,
rubric20-semantic,Q19,,"Data Integrity, Provenance Graph, and Quality",CM4AI,v7,1,1,4,5,numeric,scored,
rubric20-semantic,Q19,,"Data Integrity, Provenance Graph, and Quality",CM4AI,v7,2,1,4,5,numeric,scored,
rubric20-semantic,Q19,,"Data Integrity, Provenance Graph, and Quality",CM4AI,v7,3,1,5,5,numeric,scored,
rubric20-semantic,Q19,,"Data Integrity, Provenance Graph, and Quality",CM4AI,v8,1,1,4,5,numeric,scored,
rubric20-semantic,Q19,,"Data Integrity, Provenance Graph, and Quality",CM4AI,v8,2,1,4,5,numeric,scored,
rubric20-semantic,Q19,,"Data Integrity, Provenance Graph, and Quality",CM4AI,v8,3,1,4,5,numeric,scored,
rubric20-semantic,Q19,,"Data Integrity, Provenance Graph, and Quality",VOICE,v7,1,1,5,5,numeric,scored,
rubric20-semantic,Q19,,"Data Integrity, Provenance Graph, and Quality",VOICE,v7,2,1,5,5,numeric,scored,
rubric20-semantic,Q19,,"Data Integrity, Provenance Graph, and Quality",VOICE,v7,3,1,5,5,numeric,scored,
rubric20-semantic,Q19,,"Data Integrity, Provenance Graph, and Quality",VOICE,v8,1,1,5,5,numeric,scored,
rubric20-semantic,Q19,,"Data Integrity, Provenance Graph, and Quality",VOICE,v8,2,1,5,5,numeric,scored,
rubric20-semantic,Q19,,"Data Integrity, Provenance Graph, and Quality",VOICE,v8,3,1,5,5,numeric,scored,
rubric20-semantic,Q20,,Bias Documentation and Responsible AI Alignment,AI_READI,v7,1,1,4,5,numeric,scored,
rubric20-semantic,Q20,,Bias Documentation and Responsible AI Alignment,AI_READI,v7,2,1,4,5,numeric,scored,
rubric20-semantic,Q20,,Bias Documentation and Responsible AI Alignment,AI_READI,v7,3,1,5,5,numeric,scored,
rubric20-semantic,Q20,,Bias Documentation and Responsible AI Alignment,AI_READI,v8,1,1,5,5,numeric,scored,
rubric20-semantic,Q20,,Bias Documentation and Responsible AI Alignment,AI_READI,v8,2,1,4,5,numeric,scored,
rubric20-semantic,Q20,,Bias Documentation and Responsible AI Alignment,AI_READI,v8,3,1,5,5,numeric,scored,
rubric20-semantic,Q20,,Bias Documentation and Responsible AI Alignment,CHORUS,v7,1,1,3,5,numeric,scored,
rubric20-semantic,Q20,,Bias Documentation and Responsible AI Alignment,CHORUS,v7,2,1,2,5,numeric,scored,
rubric20-semantic,Q20,,Bias Documentation and Responsible AI Alignment,CHORUS,v7,3,1,2,5,numeric,scored,
rubric20-semantic,Q20,,Bias Documentation and Responsible AI Alignment,CHORUS,v8,1,1,2,5,numeric,scored,
rubric20-semantic,Q20,,Bias Documentation and Responsible AI Alignment,CHORUS,v8,2,1,3,5,numeric,scored,
rubric20-semantic,Q20,,Bias Documentation and Responsible AI Alignment,CHORUS,v8,3,1,2,5,numeric,scored,
rubric20-semantic,Q20,,Bias Documentation and Responsible AI Alignment,CM4AI,v7,1,1,4,5,numeric,scored,
rubric20-semantic,Q20,,Bias Documentation and Responsible AI Alignment,CM4AI,v7,2,1,3,5,numeric,scored,
rubric20-semantic,Q20,,Bias Documentation and Responsible AI Alignment,CM4AI,v7,3,1,4,5,numeric,scored,
rubric20-semantic,Q20,,Bias Documentation and Responsible AI Alignment,CM4AI,v8,1,1,3,5,numeric,scored,
rubric20-semantic,Q20,,Bias Documentation and Responsible AI Alignment,CM4AI,v8,2,1,3,5,numeric,scored,
rubric20-semantic,Q20,,Bias Documentation and Responsible AI Alignment,CM4AI,v8,3,1,3,5,numeric,scored,
rubric20-semantic,Q20,,Bias Documentation and Responsible AI Alignment,VOICE,v7,1,1,4,5,numeric,scored,
rubric20-semantic,Q20,,Bias Documentation and Responsible AI Alignment,VOICE,v7,2,1,4,5,numeric,scored,
rubric20-semantic,Q20,,Bias Documentation and Responsible AI Alignment,VOICE,v7,3,1,4,5,numeric,scored,
rubric20-semantic,Q20,,Bias Documentation and Responsible AI Alignment,VOICE,v8,1,1,4,5,numeric,scored,
rubric20-semantic,Q20,,Bias Documentation and Responsible AI Alignment,VOICE,v8,2,1,4,5,numeric,scored,
rubric20-semantic,Q20,,Bias Documentation and Responsible AI Alignment,VOICE,v8,3,1,4,5,numeric,scored,
