project,cohort,rep,label,slot,value_sha256_12,fitness_judged,fitness,failure,fit,support_judged,supported,supported_bool,support_source,propagated_value_differs,module
AI_READI,v1,1,2026-07-28_claude-opus-5-generic_rep1,id,da130464d405,True,1.0,none,True,False,,,,,Core/other
AI_READI,v1,1,2026-07-28_claude-opus-5-generic_rep1,name,c184f74b4c16,True,1.0,none,True,False,,,,,Core/other
AI_READI,v1,1,2026-07-28_claude-opus-5-generic_rep1,title,c184f74b4c16,True,1.0,none,True,False,,,,,Base (shared descriptive slots)
AI_READI,v1,1,2026-07-28_claude-opus-5-generic_rep1,description,4dabf319a89e,True,1.0,none,True,False,,,,,Core/other
AI_READI,v1,1,2026-07-28_claude-opus-5-generic_rep1,doi,4e641ded24f0,True,1.0,none,True,False,,,,,Base (shared descriptive slots)
AI_READI,v1,1,2026-07-28_claude-opus-5-generic_rep1,version,9976f8dfb5b1,True,1.0,none,True,False,,,,,Base (shared descriptive slots)
AI_READI,v1,1,2026-07-28_claude-opus-5-generic_rep1,publisher,ddbc28aaf7e8,True,0.95,none,True,False,,,,,Base (shared descriptive slots)
AI_READI,v1,1,2026-07-28_claude-opus-5-generic_rep1,page,79c23e3420a7,True,1.0,none,True,False,,,,,Base (shared descriptive slots)
AI_READI,v1,1,2026-07-28_claude-opus-5-generic_rep1,language,50eac10e7966,True,0.95,none,True,False,,,,,Base (shared descriptive slots)
AI_READI,v1,1,2026-07-28_claude-opus-5-generic_rep1,license,30087c312050,True,0.9,none,True,False,,,,,Base (shared descriptive slots)
AI_READI,v1,1,2026-07-28_claude-opus-5-generic_rep1,created_by,7f7302c199c0,True,1.0,none,True,False,,,,,Base (shared descriptive slots)
AI_READI,v1,1,2026-07-28_claude-opus-5-generic_rep1,conforms_to,8f6d419584dd,True,0.95,none,True,False,,,,,Base (shared descriptive slots)
AI_READI,v1,1,2026-07-28_claude-opus-5-generic_rep1,conforms_to_schema,66f36c1c26ec,True,0.95,none,True,False,,,,,Base (shared descriptive slots)
AI_READI,v1,1,2026-07-28_claude-opus-5-generic_rep1,citation,8da0d3343be7,True,0.25,substance,False,False,,,,,Core/other
AI_READI,v1,1,2026-07-28_claude-opus-5-generic_rep1,is_tabular,fcbcf165908d,True,1.0,none,True,False,,,,,Core/other
AI_READI,v1,1,2026-07-28_claude-opus-5-generic_rep1,total_file_count,f1491b7b9b45,True,1.0,none,True,False,,,,,Core/other
AI_READI,v1,1,2026-07-28_claude-opus-5-generic_rep1,total_size_bytes,d445be146c4e,True,1.0,none,True,False,,,,,Core/other
AI_READI,v1,1,2026-07-28_claude-opus-5-generic_rep1,keywords,67e5a1a171c9,True,0.9,none,True,False,,,,,Base (shared descriptive slots)
AI_READI,v1,1,2026-07-28_claude-opus-5-generic_rep1,external_resources,78bb95d28eca,True,0.9,none,True,False,,,,,Base (shared descriptive slots)
AI_READI,v1,1,2026-07-28_claude-opus-5-generic_rep1,file_collections,2622f0ff6429,True,0.95,none,True,False,,,,,FileCollection
AI_READI,v1,1,2026-07-28_claude-opus-5-generic_rep1,purposes,4ecbf770aafd,True,1.0,none,True,False,,,,,Motivation
AI_READI,v1,1,2026-07-28_claude-opus-5-generic_rep1,tasks,6a507b4a2805,True,0.9,none,True,False,,,,,Motivation
AI_READI,v1,1,2026-07-28_claude-opus-5-generic_rep1,addressing_gaps,2fa3973adc74,True,1.0,none,True,False,,,,,Motivation
AI_READI,v1,1,2026-07-28_claude-opus-5-generic_rep1,creators,27b79a078aea,True,0.95,none,True,False,,,,,Motivation
AI_READI,v1,1,2026-07-28_claude-opus-5-generic_rep1,funders,b8b89fcc3769,True,0.97,none,True,False,,,,,Motivation
AI_READI,v1,1,2026-07-28_claude-opus-5-generic_rep1,subsets,41eca1c457c1,True,1.0,none,True,False,,,,,Core/other
AI_READI,v1,1,2026-07-28_claude-opus-5-generic_rep1,instances,466eb8f82e91,True,0.95,none,True,False,,,,,Composition
AI_READI,v1,1,2026-07-28_claude-opus-5-generic_rep1,anomalies,a07f0eebff48,True,0.9,none,True,False,,,,,Composition
AI_READI,v1,1,2026-07-28_claude-opus-5-generic_rep1,known_biases,1692ac7d9549,True,1.0,none,True,False,,,,,Composition
AI_READI,v1,1,2026-07-28_claude-opus-5-generic_rep1,known_limitations,226dcb9e9806,True,0.98,none,True,False,,,,,Composition
AI_READI,v1,1,2026-07-28_claude-opus-5-generic_rep1,confidential_elements,172873a9186c,True,0.85,none,True,False,,,,,Composition
AI_READI,v1,1,2026-07-28_claude-opus-5-generic_rep1,content_warnings,b9afc20d880a,True,0.9,none,True,False,,,,,Composition
AI_READI,v1,1,2026-07-28_claude-opus-5-generic_rep1,subpopulations,845315bfb67b,True,0.9,none,True,False,,,,,Composition
AI_READI,v1,1,2026-07-28_claude-opus-5-generic_rep1,sensitive_elements,fb6adc856075,True,0.9,none,True,False,,,,,Composition
AI_READI,v1,1,2026-07-28_claude-opus-5-generic_rep1,relationships,7d6cd740e0c0,True,0.85,none,True,False,,,,,Composition
AI_READI,v1,1,2026-07-28_claude-opus-5-generic_rep1,splits,6f5df9f93f31,True,0.95,none,True,False,,,,,Composition
AI_READI,v1,1,2026-07-28_claude-opus-5-generic_rep1,acquisition_methods,ffd9dde763e0,True,0.9,none,True,False,,,,,Collection
AI_READI,v1,1,2026-07-28_claude-opus-5-generic_rep1,collection_mechanisms,dfbb5774fc8d,True,0.95,none,True,False,,,,,Collection
AI_READI,v1,1,2026-07-28_claude-opus-5-generic_rep1,sampling_strategies,2c659c38d55d,True,0.97,none,True,False,,,,,Composition
AI_READI,v1,1,2026-07-28_claude-opus-5-generic_rep1,data_collectors,685470595370,True,0.9,none,True,False,,,,,Collection
AI_READI,v1,1,2026-07-28_claude-opus-5-generic_rep1,collection_timeframes,a5d7df4cb925,True,0.9,none,True,False,,,,,Collection
AI_READI,v1,1,2026-07-28_claude-opus-5-generic_rep1,direct_collection,b6fe6953de2d,True,0.85,none,True,False,,,,,Collection
AI_READI,v1,1,2026-07-28_claude-opus-5-generic_rep1,collection_notifications,d9486ab2c3a2,True,0.95,none,True,False,,,,,Ethics
AI_READI,v1,1,2026-07-28_claude-opus-5-generic_rep1,collection_consents,3f6687eeae99,True,0.95,none,True,False,,,,,Ethics
AI_READI,v1,1,2026-07-28_claude-opus-5-generic_rep1,consent_revocations,543edc651ac6,True,0.95,none,True,False,,,,,Ethics
AI_READI,v1,1,2026-07-28_claude-opus-5-generic_rep1,missing_data_documentation,b328e746af35,True,1.0,none,True,False,,,,,Collection
AI_READI,v1,1,2026-07-28_claude-opus-5-generic_rep1,raw_data_sources,03c514c1e0af,True,1.0,none,True,False,,,,,Collection
AI_READI,v1,1,2026-07-28_claude-opus-5-generic_rep1,ethical_reviews,4b6fcdeea0fb,True,0.9,none,True,False,,,,,Ethics
AI_READI,v1,1,2026-07-28_claude-opus-5-generic_rep1,data_protection_impacts,6391b548d199,True,0.5,substance,False,False,,,,,Ethics
AI_READI,v1,1,2026-07-28_claude-opus-5-generic_rep1,human_subject_research,6dd835f1f8e6,True,1.0,none,True,False,,,,,Human
AI_READI,v1,1,2026-07-28_claude-opus-5-generic_rep1,informed_consent,dca0517e19ff,True,0.95,none,True,False,,,,,Human
AI_READI,v1,1,2026-07-28_claude-opus-5-generic_rep1,at_risk_populations,c6699242e393,True,0.9,none,True,False,,,,,Human
AI_READI,v1,1,2026-07-28_claude-opus-5-generic_rep1,participant_privacy,e27747a8a4b9,True,0.95,none,True,False,,,,,Human
AI_READI,v1,1,2026-07-28_claude-opus-5-generic_rep1,participant_compensation,915323846a41,True,0.92,none,True,False,,,,,Human
AI_READI,v1,1,2026-07-28_claude-opus-5-generic_rep1,preprocessing_strategies,8ef0518ced16,True,0.85,none,True,False,,,,,Preprocessing
AI_READI,v1,1,2026-07-28_claude-opus-5-generic_rep1,cleaning_strategies,7f697bed8f9d,True,0.85,none,True,False,,,,,Preprocessing
AI_READI,v1,1,2026-07-28_claude-opus-5-generic_rep1,labeling_strategies,45c51723d96c,True,0.85,none,True,False,,,,,Preprocessing
AI_READI,v1,1,2026-07-28_claude-opus-5-generic_rep1,raw_sources,4c3cfb8237c4,True,0.6,target,False,False,,,,,Preprocessing
AI_READI,v1,1,2026-07-28_claude-opus-5-generic_rep1,existing_uses,e3c955e34b05,True,0.6,substance,False,False,,,,,Uses
AI_READI,v1,1,2026-07-28_claude-opus-5-generic_rep1,use_repository,59034672b3b9,True,0.65,substance,False,False,,,,,Uses
AI_READI,v1,1,2026-07-28_claude-opus-5-generic_rep1,other_tasks,1d4d9edb0450,True,0.7,substance,False,False,,,,,Uses
AI_READI,v1,1,2026-07-28_claude-opus-5-generic_rep1,future_use_impacts,4cd100342482,True,0.85,none,True,False,,,,,Uses
AI_READI,v1,1,2026-07-28_claude-opus-5-generic_rep1,discouraged_uses,8416011fc4eb,True,0.4,substance,False,False,,,,,Uses
AI_READI,v1,1,2026-07-28_claude-opus-5-generic_rep1,intended_uses,e57bb51790f9,True,0.8,form,False,False,,,,,Uses
AI_READI,v1,1,2026-07-28_claude-opus-5-generic_rep1,prohibited_uses,754bf867958f,True,1.0,none,True,False,,,,,Uses
AI_READI,v1,1,2026-07-28_claude-opus-5-generic_rep1,distribution_formats,98be2e043a5b,True,0.65,target,False,False,,,,,Distribution
AI_READI,v1,1,2026-07-28_claude-opus-5-generic_rep1,distribution_dates,f895a9712ce4,True,0.9,none,True,False,,,,,Distribution
AI_READI,v1,1,2026-07-28_claude-opus-5-generic_rep1,third_party_sharing,0aa2f60e8f68,True,0.95,none,True,False,,,,,Distribution
AI_READI,v1,1,2026-07-28_claude-opus-5-generic_rep1,license_and_use_terms,3ab2a23be32f,True,0.95,none,True,False,,,,,Data_Governance
AI_READI,v1,1,2026-07-28_claude-opus-5-generic_rep1,ip_restrictions,9b1b3157ffbd,True,0.9,none,True,False,,,,,Data_Governance
AI_READI,v1,1,2026-07-28_claude-opus-5-generic_rep1,regulatory_restrictions,be162409c99d,True,0.95,none,True,False,,,,,Data_Governance
AI_READI,v1,1,2026-07-28_claude-opus-5-generic_rep1,maintainers,75ebddb326fd,True,0.9,none,True,False,,,,,Maintenance
AI_READI,v1,1,2026-07-28_claude-opus-5-generic_rep1,updates,fcc6a29ab309,True,1.0,none,True,False,,,,,Maintenance
AI_READI,v1,1,2026-07-28_claude-opus-5-generic_rep1,retention_limit,ef4ef006daa0,True,0.95,none,True,False,,,,,Maintenance
AI_READI,v1,1,2026-07-28_claude-opus-5-generic_rep1,version_access,c153f6e69974,True,0.95,none,True,False,,,,,Maintenance
AI_READI,v1,1,2026-07-28_claude-opus-5-generic_rep1,extension_mechanism,6a966e94730c,True,0.8,none,True,False,,,,,Maintenance
AI_READI,v1,1,2026-07-28_claude-opus-5-generic_rep1,is_deidentified,c79b8c5f3240,True,0.95,none,True,False,,,,,Composition
AI_READI,v1,1,2026-07-28_claude-opus-5-generic_rep1,related_datasets,1e5017f6aed2,True,0.95,none,True,False,,,,,Composition
AI_READI,v1,1,2026-07-28_claude-opus-5-generic_rep1,variables,3671f42f815e,True,0.95,none,True,False,,,,,Variables
AI_READI,v1,2,2026-07-28_claude-opus-5-generic_rep2,id,da130464d405,True,1.0,none,True,False,,,,,Core/other
AI_READI,v1,2,2026-07-28_claude-opus-5-generic_rep2,name,f2c03c01ed66,True,1.0,none,True,False,,,,,Core/other
AI_READI,v1,2,2026-07-28_claude-opus-5-generic_rep2,title,c184f74b4c16,True,1.0,none,True,False,,,,,Base (shared descriptive slots)
AI_READI,v1,2,2026-07-28_claude-opus-5-generic_rep2,description,7499518509ad,True,1.0,none,True,False,,,,,Core/other
AI_READI,v1,2,2026-07-28_claude-opus-5-generic_rep2,doi,4e641ded24f0,True,1.0,none,True,False,,,,,Base (shared descriptive slots)
AI_READI,v1,2,2026-07-28_claude-opus-5-generic_rep2,version,9976f8dfb5b1,True,1.0,none,True,False,,,,,Base (shared descriptive slots)
AI_READI,v1,2,2026-07-28_claude-opus-5-generic_rep2,language,50eac10e7966,True,0.95,none,True,False,,,,,Base (shared descriptive slots)
AI_READI,v1,2,2026-07-28_claude-opus-5-generic_rep2,license,a5a6ac161ddf,False,,,,False,,,,,Base (shared descriptive slots)
AI_READI,v1,2,2026-07-28_claude-opus-5-generic_rep2,publisher,ddbc28aaf7e8,True,0.95,none,True,False,,,,,Base (shared descriptive slots)
AI_READI,v1,2,2026-07-28_claude-opus-5-generic_rep2,page,79c23e3420a7,True,1.0,none,True,False,,,,,Base (shared descriptive slots)
AI_READI,v1,2,2026-07-28_claude-opus-5-generic_rep2,download_url,79c23e3420a7,True,0.4,target,False,False,,,,,Base (shared descriptive slots)
AI_READI,v1,2,2026-07-28_claude-opus-5-generic_rep2,citation,346f31b67e12,True,0.25,substance,False,False,,,,,Core/other
AI_READI,v1,2,2026-07-28_claude-opus-5-generic_rep2,conforms_to,bc6d675fd940,True,1.0,none,True,False,,,,,Base (shared descriptive slots)
AI_READI,v1,2,2026-07-28_claude-opus-5-generic_rep2,keywords,886f4c7818c1,True,1.0,none,True,False,,,,,Base (shared descriptive slots)
AI_READI,v1,2,2026-07-28_claude-opus-5-generic_rep2,is_tabular,fcbcf165908d,True,1.0,none,True,False,,,,,Core/other
AI_READI,v1,2,2026-07-28_claude-opus-5-generic_rep2,total_file_count,f1491b7b9b45,True,1.0,none,True,False,,,,,Core/other
AI_READI,v1,2,2026-07-28_claude-opus-5-generic_rep2,total_size_bytes,d445be146c4e,True,1.0,none,True,False,,,,,Core/other
AI_READI,v1,2,2026-07-28_claude-opus-5-generic_rep2,external_resources,e28a292332c9,True,0.85,none,True,False,,,,,Base (shared descriptive slots)
AI_READI,v1,2,2026-07-28_claude-opus-5-generic_rep2,file_collections,5af7d038fbfa,True,0.95,none,True,False,,,,,FileCollection
AI_READI,v1,2,2026-07-28_claude-opus-5-generic_rep2,purposes,edad11fca663,True,0.9,none,True,False,,,,,Motivation
AI_READI,v1,2,2026-07-28_claude-opus-5-generic_rep2,tasks,584de6b723fd,True,0.9,none,True,False,,,,,Motivation
AI_READI,v1,2,2026-07-28_claude-opus-5-generic_rep2,addressing_gaps,fd63254f5867,True,1.0,none,True,False,,,,,Motivation
AI_READI,v1,2,2026-07-28_claude-opus-5-generic_rep2,creators,4b8af4df6fd0,True,0.9,none,True,False,,,,,Motivation
AI_READI,v1,2,2026-07-28_claude-opus-5-generic_rep2,funders,65ac5ea4a4f9,True,0.97,none,True,False,,,,,Motivation
AI_READI,v1,2,2026-07-28_claude-opus-5-generic_rep2,subsets,958c2dd4ebb0,True,1.0,none,True,False,,,,,Core/other
AI_READI,v1,2,2026-07-28_claude-opus-5-generic_rep2,instances,56fbde77ff1a,True,0.95,none,True,False,,,,,Composition
AI_READI,v1,2,2026-07-28_claude-opus-5-generic_rep2,anomalies,dc2c6509d304,True,0.95,none,True,False,,,,,Composition
AI_READI,v1,2,2026-07-28_claude-opus-5-generic_rep2,known_biases,d7208407bf7d,True,1.0,none,True,False,,,,,Composition
AI_READI,v1,2,2026-07-28_claude-opus-5-generic_rep2,known_limitations,13361562862d,True,0.97,none,True,False,,,,,Composition
AI_READI,v1,2,2026-07-28_claude-opus-5-generic_rep2,confidential_elements,3fafc20e69f5,True,0.78,none,True,False,,,,,Composition
AI_READI,v1,2,2026-07-28_claude-opus-5-generic_rep2,content_warnings,5a6b4adb3b8f,True,0.8,none,True,False,,,,,Composition
AI_READI,v1,2,2026-07-28_claude-opus-5-generic_rep2,subpopulations,6c3c76247981,True,0.75,form,False,False,,,,,Composition
AI_READI,v1,2,2026-07-28_claude-opus-5-generic_rep2,sensitive_elements,1e6ddd9ef4af,True,0.75,form,False,False,,,,,Composition
AI_READI,v1,2,2026-07-28_claude-opus-5-generic_rep2,relationships,62412e938b40,True,0.8,none,True,False,,,,,Composition
AI_READI,v1,2,2026-07-28_claude-opus-5-generic_rep2,splits,94de51fd5320,True,0.95,none,True,False,,,,,Composition
AI_READI,v1,2,2026-07-28_claude-opus-5-generic_rep2,acquisition_methods,53e7b91342b7,True,0.8,none,True,False,,,,,Collection
AI_READI,v1,2,2026-07-28_claude-opus-5-generic_rep2,collection_mechanisms,a2b360bed7e6,True,0.95,none,True,False,,,,,Collection
AI_READI,v1,2,2026-07-28_claude-opus-5-generic_rep2,sampling_strategies,beb7f9b86968,True,0.97,none,True,False,,,,,Composition
AI_READI,v1,2,2026-07-28_claude-opus-5-generic_rep2,data_collectors,02b57a2a6b30,True,0.95,none,True,False,,,,,Collection
AI_READI,v1,2,2026-07-28_claude-opus-5-generic_rep2,collection_timeframes,5ba8085cea4f,True,0.95,none,True,False,,,,,Collection
AI_READI,v1,2,2026-07-28_claude-opus-5-generic_rep2,direct_collection,5003de4a95e9,True,0.9,none,True,False,,,,,Collection
AI_READI,v1,2,2026-07-28_claude-opus-5-generic_rep2,collection_notifications,794d37c0f90a,True,0.95,none,True,False,,,,,Ethics
AI_READI,v1,2,2026-07-28_claude-opus-5-generic_rep2,collection_consents,6d52fc93efb6,True,0.95,none,True,False,,,,,Ethics
AI_READI,v1,2,2026-07-28_claude-opus-5-generic_rep2,consent_revocations,f2da629d716a,True,0.95,none,True,False,,,,,Ethics
AI_READI,v1,2,2026-07-28_claude-opus-5-generic_rep2,missing_data_documentation,3fc594e7e9c8,True,1.0,none,True,False,,,,,Collection
AI_READI,v1,2,2026-07-28_claude-opus-5-generic_rep2,raw_data_sources,6d6a5c897ada,True,1.0,none,True,False,,,,,Collection
AI_READI,v1,2,2026-07-28_claude-opus-5-generic_rep2,ethical_reviews,7d6acc1eaa1f,True,0.92,none,True,False,,,,,Ethics
AI_READI,v1,2,2026-07-28_claude-opus-5-generic_rep2,data_protection_impacts,737279cd2ca5,True,0.6,substance,False,False,,,,,Ethics
AI_READI,v1,2,2026-07-28_claude-opus-5-generic_rep2,human_subject_research,dc2f940f6022,True,1.0,none,True,False,,,,,Human
AI_READI,v1,2,2026-07-28_claude-opus-5-generic_rep2,informed_consent,a46f95c06742,True,0.95,none,True,False,,,,,Human
AI_READI,v1,2,2026-07-28_claude-opus-5-generic_rep2,at_risk_populations,94b036818f51,True,0.85,none,True,False,,,,,Human
AI_READI,v1,2,2026-07-28_claude-opus-5-generic_rep2,participant_privacy,bd0cc521c330,True,1.0,none,True,False,,,,,Human
AI_READI,v1,2,2026-07-28_claude-opus-5-generic_rep2,participant_compensation,c51846a31877,True,0.95,none,True,False,,,,,Human
AI_READI,v1,2,2026-07-28_claude-opus-5-generic_rep2,preprocessing_strategies,ed03a4713932,True,0.9,none,True,False,,,,,Preprocessing
AI_READI,v1,2,2026-07-28_claude-opus-5-generic_rep2,cleaning_strategies,d38c071c16d5,True,0.95,none,True,False,,,,,Preprocessing
AI_READI,v1,2,2026-07-28_claude-opus-5-generic_rep2,labeling_strategies,be6856bbc7a4,True,0.6,substance,False,False,,,,,Preprocessing
AI_READI,v1,2,2026-07-28_claude-opus-5-generic_rep2,raw_sources,0ccf72737c66,True,0.45,target,False,False,,,,,Preprocessing
AI_READI,v1,2,2026-07-28_claude-opus-5-generic_rep2,existing_uses,9ddf2e424f59,True,0.4,substance,False,False,,,,,Uses
AI_READI,v1,2,2026-07-28_claude-opus-5-generic_rep2,use_repository,18845fe5f16d,True,0.6,substance,False,False,,,,,Uses
AI_READI,v1,2,2026-07-28_claude-opus-5-generic_rep2,other_tasks,7dfc2df52efc,True,0.75,form,False,False,,,,,Uses
AI_READI,v1,2,2026-07-28_claude-opus-5-generic_rep2,future_use_impacts,1caef8230b59,True,0.72,target,False,False,,,,,Uses
AI_READI,v1,2,2026-07-28_claude-opus-5-generic_rep2,discouraged_uses,4850611b8f50,True,0.8,none,True,False,,,,,Uses
AI_READI,v1,2,2026-07-28_claude-opus-5-generic_rep2,intended_uses,f4d2dea76531,True,0.8,form,False,False,,,,,Uses
AI_READI,v1,2,2026-07-28_claude-opus-5-generic_rep2,prohibited_uses,f9499ad50717,True,0.7,form,False,False,,,,,Uses
AI_READI,v1,2,2026-07-28_claude-opus-5-generic_rep2,distribution_formats,a85dd0088b36,True,0.85,none,True,False,,,,,Distribution
AI_READI,v1,2,2026-07-28_claude-opus-5-generic_rep2,distribution_dates,fd283024d740,True,0.8,form,False,False,,,,,Distribution
AI_READI,v1,2,2026-07-28_claude-opus-5-generic_rep2,third_party_sharing,ed23d7ea44eb,True,0.95,none,True,False,,,,,Distribution
AI_READI,v1,2,2026-07-28_claude-opus-5-generic_rep2,license_and_use_terms,d1c99aaa2f30,True,0.95,none,True,False,,,,,Data_Governance
AI_READI,v1,2,2026-07-28_claude-opus-5-generic_rep2,ip_restrictions,22ef0062cbd4,True,0.95,none,True,False,,,,,Data_Governance
AI_READI,v1,2,2026-07-28_claude-opus-5-generic_rep2,regulatory_restrictions,cead379fa3dd,True,0.85,none,True,False,,,,,Data_Governance
AI_READI,v1,2,2026-07-28_claude-opus-5-generic_rep2,maintainers,4ad1c84ba44b,True,0.9,none,True,False,,,,,Maintenance
AI_READI,v1,2,2026-07-28_claude-opus-5-generic_rep2,updates,06db46df04e7,True,1.0,none,True,False,,,,,Maintenance
AI_READI,v1,2,2026-07-28_claude-opus-5-generic_rep2,retention_limit,01d56b4b6bf1,True,0.95,none,True,False,,,,,Maintenance
AI_READI,v1,2,2026-07-28_claude-opus-5-generic_rep2,version_access,d7a74240c840,True,1.0,none,True,False,,,,,Maintenance
AI_READI,v1,2,2026-07-28_claude-opus-5-generic_rep2,extension_mechanism,cad93b0dec3e,True,0.85,none,True,False,,,,,Maintenance
AI_READI,v1,2,2026-07-28_claude-opus-5-generic_rep2,is_deidentified,8d0cd2c9b9ca,True,0.95,none,True,False,,,,,Composition
AI_READI,v1,2,2026-07-28_claude-opus-5-generic_rep2,related_datasets,1afb311d3318,True,0.97,none,True,False,,,,,Composition
AI_READI,v1,3,2026-07-28_claude-opus-5-generic_rep3,id,da130464d405,True,1.0,none,True,False,,,,,Core/other
AI_READI,v1,3,2026-07-28_claude-opus-5-generic_rep3,name,c184f74b4c16,True,1.0,none,True,False,,,,,Core/other
AI_READI,v1,3,2026-07-28_claude-opus-5-generic_rep3,title,c184f74b4c16,True,1.0,none,True,False,,,,,Base (shared descriptive slots)
AI_READI,v1,3,2026-07-28_claude-opus-5-generic_rep3,description,2488f3b99bf3,True,1.0,none,True,False,,,,,Core/other
AI_READI,v1,3,2026-07-28_claude-opus-5-generic_rep3,doi,4e641ded24f0,True,1.0,none,True,False,,,,,Base (shared descriptive slots)
AI_READI,v1,3,2026-07-28_claude-opus-5-generic_rep3,version,9976f8dfb5b1,True,1.0,none,True,False,,,,,Base (shared descriptive slots)
AI_READI,v1,3,2026-07-28_claude-opus-5-generic_rep3,status,dd2653c12a35,True,1.0,none,True,False,,,,,Base (shared descriptive slots)
AI_READI,v1,3,2026-07-28_claude-opus-5-generic_rep3,language,50eac10e7966,True,0.95,none,True,False,,,,,Base (shared descriptive slots)
AI_READI,v1,3,2026-07-28_claude-opus-5-generic_rep3,publisher,dfc6b429324a,True,0.95,none,True,False,,,,,Base (shared descriptive slots)
AI_READI,v1,3,2026-07-28_claude-opus-5-generic_rep3,page,79c23e3420a7,True,1.0,none,True,False,,,,,Base (shared descriptive slots)
AI_READI,v1,3,2026-07-28_claude-opus-5-generic_rep3,license,47c0506c782d,True,0.75,none,True,False,,,,,Base (shared descriptive slots)
AI_READI,v1,3,2026-07-28_claude-opus-5-generic_rep3,created_by,7f7302c199c0,True,1.0,none,True,False,,,,,Base (shared descriptive slots)
AI_READI,v1,3,2026-07-28_claude-opus-5-generic_rep3,conforms_to,8f6d419584dd,True,0.95,none,True,False,,,,,Base (shared descriptive slots)
AI_READI,v1,3,2026-07-28_claude-opus-5-generic_rep3,conforms_to_schema,598fc4b4ea75,True,0.75,form,False,False,,,,,Base (shared descriptive slots)
AI_READI,v1,3,2026-07-28_claude-opus-5-generic_rep3,citation,94c345ebff9c,True,0.25,substance,False,False,,,,,Core/other
AI_READI,v1,3,2026-07-28_claude-opus-5-generic_rep3,is_tabular,fcbcf165908d,True,1.0,none,True,False,,,,,Core/other
AI_READI,v1,3,2026-07-28_claude-opus-5-generic_rep3,total_file_count,f1491b7b9b45,True,1.0,none,True,False,,,,,Core/other
AI_READI,v1,3,2026-07-28_claude-opus-5-generic_rep3,total_size_bytes,d445be146c4e,True,1.0,none,True,False,,,,,Core/other
AI_READI,v1,3,2026-07-28_claude-opus-5-generic_rep3,keywords,33918647deda,True,1.0,none,True,False,,,,,Base (shared descriptive slots)
AI_READI,v1,3,2026-07-28_claude-opus-5-generic_rep3,external_resources,a807110d32e0,True,0.9,none,True,False,,,,,Base (shared descriptive slots)
AI_READI,v1,3,2026-07-28_claude-opus-5-generic_rep3,file_collections,d8b73fafaa4b,True,0.95,none,True,False,,,,,FileCollection
AI_READI,v1,3,2026-07-28_claude-opus-5-generic_rep3,purposes,68c55a9b53f0,True,1.0,none,True,False,,,,,Motivation
AI_READI,v1,3,2026-07-28_claude-opus-5-generic_rep3,tasks,62c3a3f1b983,True,0.95,none,True,False,,,,,Motivation
AI_READI,v1,3,2026-07-28_claude-opus-5-generic_rep3,addressing_gaps,3fed60e4efc7,True,1.0,none,True,False,,,,,Motivation
AI_READI,v1,3,2026-07-28_claude-opus-5-generic_rep3,creators,f7dc734904ec,True,0.85,none,True,False,,,,,Motivation
AI_READI,v1,3,2026-07-28_claude-opus-5-generic_rep3,funders,17622bd5ff43,True,0.9,none,True,False,,,,,Motivation
AI_READI,v1,3,2026-07-28_claude-opus-5-generic_rep3,subsets,c5b0d6de0d7c,True,1.0,none,True,False,,,,,Core/other
AI_READI,v1,3,2026-07-28_claude-opus-5-generic_rep3,instances,2f3aae24b08e,True,0.95,none,True,False,,,,,Composition
AI_READI,v1,3,2026-07-28_claude-opus-5-generic_rep3,anomalies,cb24042c7c9a,True,0.7,form,False,False,,,,,Composition
AI_READI,v1,3,2026-07-28_claude-opus-5-generic_rep3,known_biases,81dc88e35197,True,1.0,none,True,False,,,,,Composition
AI_READI,v1,3,2026-07-28_claude-opus-5-generic_rep3,known_limitations,8cffa4d0c25a,True,0.98,none,True,False,,,,,Composition
AI_READI,v1,3,2026-07-28_claude-opus-5-generic_rep3,confidential_elements,08918c4db46b,True,0.85,none,True,False,,,,,Composition
AI_READI,v1,3,2026-07-28_claude-opus-5-generic_rep3,content_warnings,97923ae55ebe,True,0.7,substance,False,False,,,,,Composition
AI_READI,v1,3,2026-07-28_claude-opus-5-generic_rep3,subpopulations,0839619b1a22,True,0.75,form,False,False,,,,,Composition
AI_READI,v1,3,2026-07-28_claude-opus-5-generic_rep3,sensitive_elements,2234a8c1cdd4,True,0.65,form,False,False,,,,,Composition
AI_READI,v1,3,2026-07-28_claude-opus-5-generic_rep3,relationships,409c7cc7cd1b,True,0.8,none,True,False,,,,,Composition
AI_READI,v1,3,2026-07-28_claude-opus-5-generic_rep3,splits,8d9698de827b,True,0.85,none,True,False,,,,,Composition
AI_READI,v1,3,2026-07-28_claude-opus-5-generic_rep3,acquisition_methods,54fe0b6b0ea0,True,0.85,none,True,False,,,,,Collection
AI_READI,v1,3,2026-07-28_claude-opus-5-generic_rep3,collection_mechanisms,2129c7d848ea,True,0.95,none,True,False,,,,,Collection
AI_READI,v1,3,2026-07-28_claude-opus-5-generic_rep3,sampling_strategies,a8518b255472,True,0.97,none,True,False,,,,,Composition
AI_READI,v1,3,2026-07-28_claude-opus-5-generic_rep3,data_collectors,6c0a1eb7353a,True,0.8,none,True,False,,,,,Collection
AI_READI,v1,3,2026-07-28_claude-opus-5-generic_rep3,collection_timeframes,d2668bb84314,True,0.9,none,True,False,,,,,Collection
AI_READI,v1,3,2026-07-28_claude-opus-5-generic_rep3,direct_collection,b5dcb40fdeaa,True,0.9,none,True,False,,,,,Collection
AI_READI,v1,3,2026-07-28_claude-opus-5-generic_rep3,collection_notifications,8017b148296b,True,0.95,none,True,False,,,,,Ethics
AI_READI,v1,3,2026-07-28_claude-opus-5-generic_rep3,collection_consents,a91e0a1b9c45,True,0.95,none,True,False,,,,,Ethics
AI_READI,v1,3,2026-07-28_claude-opus-5-generic_rep3,consent_revocations,52c9ff3f254f,True,0.95,none,True,False,,,,,Ethics
AI_READI,v1,3,2026-07-28_claude-opus-5-generic_rep3,missing_data_documentation,ab7d893b01d1,True,0.95,none,True,False,,,,,Collection
AI_READI,v1,3,2026-07-28_claude-opus-5-generic_rep3,raw_data_sources,e3e6a92237a8,True,0.98,none,True,False,,,,,Collection
AI_READI,v1,3,2026-07-28_claude-opus-5-generic_rep3,ethical_reviews,0c4752bf04cd,True,0.92,none,True,False,,,,,Ethics
AI_READI,v1,3,2026-07-28_claude-opus-5-generic_rep3,data_protection_impacts,c1d7be9196c0,True,0.6,substance,False,False,,,,,Ethics
AI_READI,v1,3,2026-07-28_claude-opus-5-generic_rep3,human_subject_research,b003afc85462,True,1.0,none,True,False,,,,,Human
AI_READI,v1,3,2026-07-28_claude-opus-5-generic_rep3,informed_consent,411904ecd549,True,0.9,none,True,False,,,,,Human
AI_READI,v1,3,2026-07-28_claude-opus-5-generic_rep3,at_risk_populations,989d540a73a8,True,0.9,none,True,False,,,,,Human
AI_READI,v1,3,2026-07-28_claude-opus-5-generic_rep3,participant_privacy,45d38a86f69c,True,0.9,none,True,False,,,,,Human
AI_READI,v1,3,2026-07-28_claude-opus-5-generic_rep3,participant_compensation,1d66ef19a642,True,0.95,none,True,False,,,,,Human
AI_READI,v1,3,2026-07-28_claude-opus-5-generic_rep3,preprocessing_strategies,01af95e3aaf6,True,0.85,none,True,False,,,,,Preprocessing
AI_READI,v1,3,2026-07-28_claude-opus-5-generic_rep3,cleaning_strategies,4a8762cc1f34,True,0.95,none,True,False,,,,,Preprocessing
AI_READI,v1,3,2026-07-28_claude-opus-5-generic_rep3,labeling_strategies,7969b1f0c5f6,True,0.75,none,True,False,,,,,Preprocessing
AI_READI,v1,3,2026-07-28_claude-opus-5-generic_rep3,raw_sources,a39309ef7512,True,0.5,target,False,False,,,,,Preprocessing
AI_READI,v1,3,2026-07-28_claude-opus-5-generic_rep3,existing_uses,a7d6890d7f4f,True,0.3,substance,False,False,,,,,Uses
AI_READI,v1,3,2026-07-28_claude-opus-5-generic_rep3,use_repository,12165d3a227a,True,0.25,substance,False,False,,,,,Uses
AI_READI,v1,3,2026-07-28_claude-opus-5-generic_rep3,other_tasks,4b89166db6b3,True,0.5,form,False,False,,,,,Uses
AI_READI,v1,3,2026-07-28_claude-opus-5-generic_rep3,future_use_impacts,871eb97c3da8,True,0.8,form,False,False,,,,,Uses
AI_READI,v1,3,2026-07-28_claude-opus-5-generic_rep3,discouraged_uses,2610dd64a374,True,0.6,substance,False,False,,,,,Uses
AI_READI,v1,3,2026-07-28_claude-opus-5-generic_rep3,intended_uses,f5c53b999c0e,True,0.8,none,True,False,,,,,Uses
AI_READI,v1,3,2026-07-28_claude-opus-5-generic_rep3,prohibited_uses,03cf5208ca31,True,1.0,none,True,False,,,,,Uses
AI_READI,v1,3,2026-07-28_claude-opus-5-generic_rep3,distribution_formats,4a3f8e8f3a4c,True,0.65,form,False,False,,,,,Distribution
AI_READI,v1,3,2026-07-28_claude-opus-5-generic_rep3,distribution_dates,be6eee3e8a5c,True,0.85,none,True,False,,,,,Distribution
AI_READI,v1,3,2026-07-28_claude-opus-5-generic_rep3,third_party_sharing,d74404f1a167,True,0.95,none,True,False,,,,,Distribution
AI_READI,v1,3,2026-07-28_claude-opus-5-generic_rep3,license_and_use_terms,9a33ddc95f20,True,0.9,none,True,False,,,,,Data_Governance
AI_READI,v1,3,2026-07-28_claude-opus-5-generic_rep3,ip_restrictions,06a4df9ca4fe,True,0.9,none,True,False,,,,,Data_Governance
AI_READI,v1,3,2026-07-28_claude-opus-5-generic_rep3,regulatory_restrictions,5fea7a25ead9,True,0.95,none,True,False,,,,,Data_Governance
AI_READI,v1,3,2026-07-28_claude-opus-5-generic_rep3,maintainers,6dcef0d40258,True,0.9,none,True,False,,,,,Maintenance
AI_READI,v1,3,2026-07-28_claude-opus-5-generic_rep3,updates,c080188711f9,True,1.0,none,True,False,,,,,Maintenance
AI_READI,v1,3,2026-07-28_claude-opus-5-generic_rep3,retention_limit,038f59b21860,True,0.9,none,True,False,,,,,Maintenance
AI_READI,v1,3,2026-07-28_claude-opus-5-generic_rep3,version_access,fe237a984275,True,0.95,none,True,False,,,,,Maintenance
AI_READI,v1,3,2026-07-28_claude-opus-5-generic_rep3,extension_mechanism,b88c6c59f037,True,0.85,none,True,False,,,,,Maintenance
AI_READI,v1,3,2026-07-28_claude-opus-5-generic_rep3,is_deidentified,3c14ae19518d,True,0.9,none,True,False,,,,,Composition
AI_READI,v1,3,2026-07-28_claude-opus-5-generic_rep3,related_datasets,03c7e32af229,True,0.95,none,True,False,,,,,Composition
AI_READI,v1,3,2026-07-28_claude-opus-5-generic_rep3,variables,f6d83355c26d,True,0.95,none,True,False,,,,,Variables
AI_READI,v2,1,2026-07-31_claude-opus-5-generic-v2_rep1,id,da130464d405,True,1.0,none,True,False,,,,,Core/other
AI_READI,v2,1,2026-07-31_claude-opus-5-generic-v2_rep1,name,c184f74b4c16,True,1.0,none,True,False,,,,,Core/other
AI_READI,v2,1,2026-07-31_claude-opus-5-generic-v2_rep1,title,c184f74b4c16,True,1.0,none,True,False,,,,,Base (shared descriptive slots)
AI_READI,v2,1,2026-07-31_claude-opus-5-generic-v2_rep1,description,1cb0b0f8ccc6,True,1.0,none,True,False,,,,,Core/other
AI_READI,v2,1,2026-07-31_claude-opus-5-generic-v2_rep1,version,9976f8dfb5b1,True,1.0,none,True,False,,,,,Base (shared descriptive slots)
AI_READI,v2,1,2026-07-31_claude-opus-5-generic-v2_rep1,doi,4e641ded24f0,True,1.0,none,True,False,,,,,Base (shared descriptive slots)
AI_READI,v2,1,2026-07-31_claude-opus-5-generic-v2_rep1,page,79c23e3420a7,True,1.0,none,True,False,,,,,Base (shared descriptive slots)
AI_READI,v2,1,2026-07-31_claude-opus-5-generic-v2_rep1,publisher,dfc6b429324a,True,0.95,none,True,False,,,,,Base (shared descriptive slots)
AI_READI,v2,1,2026-07-31_claude-opus-5-generic-v2_rep1,issued,6c072fe2e30b,True,1.0,none,True,False,,,,,Base (shared descriptive slots)
AI_READI,v2,1,2026-07-31_claude-opus-5-generic-v2_rep1,created_by,7f7302c199c0,True,1.0,none,True,False,,,,,Base (shared descriptive slots)
AI_READI,v2,1,2026-07-31_claude-opus-5-generic-v2_rep1,language,50eac10e7966,True,0.95,none,True,False,,,,,Base (shared descriptive slots)
AI_READI,v2,1,2026-07-31_claude-opus-5-generic-v2_rep1,status,dd2653c12a35,True,1.0,none,True,False,,,,,Base (shared descriptive slots)
AI_READI,v2,1,2026-07-31_claude-opus-5-generic-v2_rep1,license,fd8d1ef8a4b8,True,0.95,none,True,False,,,,,Base (shared descriptive slots)
AI_READI,v2,1,2026-07-31_claude-opus-5-generic-v2_rep1,conforms_to,8f6d419584dd,True,0.95,none,True,False,,,,,Base (shared descriptive slots)
AI_READI,v2,1,2026-07-31_claude-opus-5-generic-v2_rep1,conforms_to_schema,00d66459fa8a,True,0.95,none,True,False,,,,,Base (shared descriptive slots)
AI_READI,v2,1,2026-07-31_claude-opus-5-generic-v2_rep1,is_tabular,fcbcf165908d,True,1.0,none,True,False,,,,,Core/other
AI_READI,v2,1,2026-07-31_claude-opus-5-generic-v2_rep1,total_file_count,f1491b7b9b45,True,1.0,none,True,False,,,,,Core/other
AI_READI,v2,1,2026-07-31_claude-opus-5-generic-v2_rep1,total_size_bytes,d445be146c4e,True,1.0,none,True,False,,,,,Core/other
AI_READI,v2,1,2026-07-31_claude-opus-5-generic-v2_rep1,keywords,c21cdf7d0b12,True,1.0,none,True,False,,,,,Base (shared descriptive slots)
AI_READI,v2,1,2026-07-31_claude-opus-5-generic-v2_rep1,purposes,670c152ad6ac,True,0.95,none,True,False,,,,,Motivation
AI_READI,v2,1,2026-07-31_claude-opus-5-generic-v2_rep1,addressing_gaps,bcd30105824c,True,0.95,none,True,False,,,,,Motivation
AI_READI,v2,1,2026-07-31_claude-opus-5-generic-v2_rep1,tasks,261f7b91242e,True,0.9,none,True,False,,,,,Motivation
AI_READI,v2,1,2026-07-31_claude-opus-5-generic-v2_rep1,creators,854b0984e5e9,True,0.6,form,False,False,,,,,Motivation
AI_READI,v2,1,2026-07-31_claude-opus-5-generic-v2_rep1,funders,d06c05669364,True,0.8,none,True,False,,,,,Motivation
AI_READI,v2,1,2026-07-31_claude-opus-5-generic-v2_rep1,instances,ca3e1e360ebb,True,0.7,form,False,False,,,,,Composition
AI_READI,v2,1,2026-07-31_claude-opus-5-generic-v2_rep1,relationships,7d5121f38a5d,True,0.8,none,True,False,,,,,Composition
AI_READI,v2,1,2026-07-31_claude-opus-5-generic-v2_rep1,subsets,4c5a41f3ad93,True,0.95,none,True,False,,,,,Core/other
AI_READI,v2,1,2026-07-31_claude-opus-5-generic-v2_rep1,splits,24dc20fe6bb5,True,0.8,none,True,False,,,,,Composition
AI_READI,v2,1,2026-07-31_claude-opus-5-generic-v2_rep1,subpopulations,41d01cfa45a5,True,0.85,none,True,False,,,,,Composition
AI_READI,v2,1,2026-07-31_claude-opus-5-generic-v2_rep1,variables,b01efc006487,True,0.8,none,True,False,,,,,Variables
AI_READI,v2,1,2026-07-31_claude-opus-5-generic-v2_rep1,file_collections,ee3772e757fb,True,1.0,none,True,False,,,,,FileCollection
AI_READI,v2,1,2026-07-31_claude-opus-5-generic-v2_rep1,resources,c9d039e1cea4,True,0.8,none,True,False,,,,,Base (shared descriptive slots)
AI_READI,v2,1,2026-07-31_claude-opus-5-generic-v2_rep1,sensitive_elements,81c60f0193ba,True,0.9,none,True,False,,,,,Composition
AI_READI,v2,1,2026-07-31_claude-opus-5-generic-v2_rep1,is_deidentified,d5fa5faa87bf,True,0.85,none,True,False,,,,,Composition
AI_READI,v2,1,2026-07-31_claude-opus-5-generic-v2_rep1,anomalies,faaf4fccc53a,True,0.95,none,True,False,,,,,Composition
AI_READI,v2,1,2026-07-31_claude-opus-5-generic-v2_rep1,missing_data_documentation,9e1d6eb9fa43,True,0.85,none,True,False,,,,,Collection
AI_READI,v2,1,2026-07-31_claude-opus-5-generic-v2_rep1,acquisition_methods,729a7c017bd6,True,0.85,none,True,False,,,,,Collection
AI_READI,v2,1,2026-07-31_claude-opus-5-generic-v2_rep1,collection_mechanisms,1bda5945b258,True,0.9,none,True,False,,,,,Collection
AI_READI,v2,1,2026-07-31_claude-opus-5-generic-v2_rep1,sampling_strategies,4dd84a27b402,True,0.9,none,True,False,,,,,Composition
AI_READI,v2,1,2026-07-31_claude-opus-5-generic-v2_rep1,data_collectors,deca67170cd0,True,0.7,target,False,False,,,,,Collection
AI_READI,v2,1,2026-07-31_claude-opus-5-generic-v2_rep1,collection_timeframes,e2a2b2e81d40,True,0.7,form,False,False,,,,,Collection
AI_READI,v2,1,2026-07-31_claude-opus-5-generic-v2_rep1,direct_collection,b7e82e223685,True,0.78,form,False,False,,,,,Collection
AI_READI,v2,1,2026-07-31_claude-opus-5-generic-v2_rep1,collection_notifications,b915a94c9ba5,True,0.9,none,True,False,,,,,Ethics
AI_READI,v2,1,2026-07-31_claude-opus-5-generic-v2_rep1,collection_consents,4481b0ce9ad2,True,0.9,none,True,False,,,,,Ethics
AI_READI,v2,1,2026-07-31_claude-opus-5-generic-v2_rep1,consent_revocations,7c86cd05f444,True,0.85,none,True,False,,,,,Ethics
AI_READI,v2,1,2026-07-31_claude-opus-5-generic-v2_rep1,ethical_reviews,2dc894227d04,True,0.8,none,True,False,,,,,Ethics
AI_READI,v2,1,2026-07-31_claude-opus-5-generic-v2_rep1,human_subject_research,b746fa3c8df6,True,0.85,none,True,False,,,,,Human
AI_READI,v2,1,2026-07-31_claude-opus-5-generic-v2_rep1,participant_compensation,926d7c60361f,True,0.9,none,True,False,,,,,Human
AI_READI,v2,1,2026-07-31_claude-opus-5-generic-v2_rep1,participant_privacy,a3335db6aeaf,True,0.9,none,True,False,,,,,Human
AI_READI,v2,1,2026-07-31_claude-opus-5-generic-v2_rep1,preprocessing_strategies,f14b0a5d1216,True,0.8,none,True,False,,,,,Preprocessing
AI_READI,v2,1,2026-07-31_claude-opus-5-generic-v2_rep1,cleaning_strategies,c5ba37dbca25,True,0.95,none,True,False,,,,,Preprocessing
AI_READI,v2,1,2026-07-31_claude-opus-5-generic-v2_rep1,raw_sources,09ee53aac998,True,0.35,substance,False,False,,,,,Preprocessing
AI_READI,v2,1,2026-07-31_claude-opus-5-generic-v2_rep1,raw_data_sources,db02175c78af,True,0.9,none,True,False,,,,,Collection
AI_READI,v2,1,2026-07-31_claude-opus-5-generic-v2_rep1,distribution_formats,842623fc9d5c,True,0.7,form,False,False,,,,,Distribution
AI_READI,v2,1,2026-07-31_claude-opus-5-generic-v2_rep1,distribution_dates,7d1bb4dbd208,True,0.7,form,False,False,,,,,Distribution
AI_READI,v2,1,2026-07-31_claude-opus-5-generic-v2_rep1,third_party_sharing,8631c4fb8ac9,True,0.85,none,True,False,,,,,Distribution
AI_READI,v2,1,2026-07-31_claude-opus-5-generic-v2_rep1,license_and_use_terms,7d007ae11a17,True,0.9,none,True,False,,,,,Data_Governance
AI_READI,v2,1,2026-07-31_claude-opus-5-generic-v2_rep1,ip_restrictions,1a82ec14328d,True,0.9,none,True,False,,,,,Data_Governance
AI_READI,v2,1,2026-07-31_claude-opus-5-generic-v2_rep1,regulatory_restrictions,433ea1eb03f4,True,0.78,none,True,False,,,,,Data_Governance
AI_READI,v2,1,2026-07-31_claude-opus-5-generic-v2_rep1,intended_uses,173dfd729f38,True,0.95,none,True,False,,,,,Uses
AI_READI,v2,1,2026-07-31_claude-opus-5-generic-v2_rep1,other_tasks,2477018db18d,True,0.75,none,True,False,,,,,Uses
AI_READI,v2,1,2026-07-31_claude-opus-5-generic-v2_rep1,prohibited_uses,d08100cc8249,True,0.95,none,True,False,,,,,Uses
AI_READI,v2,1,2026-07-31_claude-opus-5-generic-v2_rep1,future_use_impacts,ac7eb1be3e5a,True,0.9,none,True,False,,,,,Uses
AI_READI,v2,1,2026-07-31_claude-opus-5-generic-v2_rep1,known_biases,1a9d4ecd28ef,True,0.85,none,True,False,,,,,Composition
AI_READI,v2,1,2026-07-31_claude-opus-5-generic-v2_rep1,known_limitations,c536d30e33e6,True,0.95,none,True,False,,,,,Composition
AI_READI,v2,1,2026-07-31_claude-opus-5-generic-v2_rep1,updates,2503efea7881,True,0.85,none,True,False,,,,,Maintenance
AI_READI,v2,1,2026-07-31_claude-opus-5-generic-v2_rep1,version_access,1b0b3827ecbf,True,0.9,none,True,False,,,,,Maintenance
AI_READI,v2,1,2026-07-31_claude-opus-5-generic-v2_rep1,retention_limit,785f6beeab71,True,0.9,none,True,False,,,,,Maintenance
AI_READI,v2,1,2026-07-31_claude-opus-5-generic-v2_rep1,maintainers,453e3df3d815,True,0.6,form,False,False,,,,,Maintenance
AI_READI,v2,1,2026-07-31_claude-opus-5-generic-v2_rep1,external_resources,d0365d64a0a8,True,0.8,none,True,False,,,,,Base (shared descriptive slots)
AI_READI,v2,2,2026-07-31_claude-opus-5-generic-v2_rep2,id,da130464d405,True,1.0,none,True,False,,,,,Core/other
AI_READI,v2,2,2026-07-31_claude-opus-5-generic-v2_rep2,name,c184f74b4c16,True,1.0,none,True,False,,,,,Core/other
AI_READI,v2,2,2026-07-31_claude-opus-5-generic-v2_rep2,title,c184f74b4c16,True,1.0,none,True,False,,,,,Base (shared descriptive slots)
AI_READI,v2,2,2026-07-31_claude-opus-5-generic-v2_rep2,description,ffc689b53661,True,1.0,none,True,False,,,,,Core/other
AI_READI,v2,2,2026-07-31_claude-opus-5-generic-v2_rep2,version,9976f8dfb5b1,True,1.0,none,True,False,,,,,Base (shared descriptive slots)
AI_READI,v2,2,2026-07-31_claude-opus-5-generic-v2_rep2,doi,4e641ded24f0,True,1.0,none,True,False,,,,,Base (shared descriptive slots)
AI_READI,v2,2,2026-07-31_claude-opus-5-generic-v2_rep2,page,79c23e3420a7,True,1.0,none,True,False,,,,,Base (shared descriptive slots)
AI_READI,v2,2,2026-07-31_claude-opus-5-generic-v2_rep2,created_by,7f7302c199c0,True,1.0,none,True,False,,,,,Base (shared descriptive slots)
AI_READI,v2,2,2026-07-31_claude-opus-5-generic-v2_rep2,issued,6c072fe2e30b,True,1.0,none,True,False,,,,,Base (shared descriptive slots)
AI_READI,v2,2,2026-07-31_claude-opus-5-generic-v2_rep2,language,50eac10e7966,True,0.95,none,True,False,,,,,Base (shared descriptive slots)
AI_READI,v2,2,2026-07-31_claude-opus-5-generic-v2_rep2,license,fd8d1ef8a4b8,True,0.95,none,True,False,,,,,Base (shared descriptive slots)
AI_READI,v2,2,2026-07-31_claude-opus-5-generic-v2_rep2,status,3e37cf84cc39,True,0.8,none,True,False,,,,,Base (shared descriptive slots)
AI_READI,v2,2,2026-07-31_claude-opus-5-generic-v2_rep2,is_tabular,fcbcf165908d,True,1.0,none,True,False,,,,,Core/other
AI_READI,v2,2,2026-07-31_claude-opus-5-generic-v2_rep2,total_file_count,f1491b7b9b45,True,1.0,none,True,False,,,,,Core/other
AI_READI,v2,2,2026-07-31_claude-opus-5-generic-v2_rep2,total_size_bytes,d445be146c4e,True,1.0,none,True,False,,,,,Core/other
AI_READI,v2,2,2026-07-31_claude-opus-5-generic-v2_rep2,conforms_to,85c3fe2e90c8,True,0.95,none,True,False,,,,,Base (shared descriptive slots)
AI_READI,v2,2,2026-07-31_claude-opus-5-generic-v2_rep2,conforms_to_schema,b167928230ff,True,0.95,none,True,False,,,,,Base (shared descriptive slots)
AI_READI,v2,2,2026-07-31_claude-opus-5-generic-v2_rep2,keywords,b9edd4f3a95c,True,1.0,none,True,False,,,,,Base (shared descriptive slots)
AI_READI,v2,2,2026-07-31_claude-opus-5-generic-v2_rep2,purposes,513c30d4c208,True,1.0,none,True,False,,,,,Motivation
AI_READI,v2,2,2026-07-31_claude-opus-5-generic-v2_rep2,addressing_gaps,dce132c6be2e,True,1.0,none,True,False,,,,,Motivation
AI_READI,v2,2,2026-07-31_claude-opus-5-generic-v2_rep2,tasks,b4efb6cfd15f,True,1.0,none,True,False,,,,,Motivation
AI_READI,v2,2,2026-07-31_claude-opus-5-generic-v2_rep2,creators,4a10bd0a2699,True,0.7,form,False,False,,,,,Motivation
AI_READI,v2,2,2026-07-31_claude-opus-5-generic-v2_rep2,funders,8457b7e06ed1,True,0.9,none,True,False,,,,,Motivation
AI_READI,v2,2,2026-07-31_claude-opus-5-generic-v2_rep2,instances,d908765d4f48,True,0.85,none,True,False,,,,,Composition
AI_READI,v2,2,2026-07-31_claude-opus-5-generic-v2_rep2,relationships,4139c5ae5118,True,0.8,none,True,False,,,,,Composition
AI_READI,v2,2,2026-07-31_claude-opus-5-generic-v2_rep2,subpopulations,13643b70910e,True,1.0,none,True,False,,,,,Composition
AI_READI,v2,2,2026-07-31_claude-opus-5-generic-v2_rep2,variables,0ea8431d1e3f,True,0.9,none,True,False,,,,,Variables
AI_READI,v2,2,2026-07-31_claude-opus-5-generic-v2_rep2,anomalies,9fb070050217,True,1.0,none,True,False,,,,,Composition
AI_READI,v2,2,2026-07-31_claude-opus-5-generic-v2_rep2,missing_data_documentation,7585c095f8b2,True,0.8,none,True,False,,,,,Collection
AI_READI,v2,2,2026-07-31_claude-opus-5-generic-v2_rep2,known_limitations,6d34b5fdd7f9,True,0.95,none,True,False,,,,,Composition
AI_READI,v2,2,2026-07-31_claude-opus-5-generic-v2_rep2,known_biases,b6920fa198b6,True,0.9,none,True,False,,,,,Composition
AI_READI,v2,2,2026-07-31_claude-opus-5-generic-v2_rep2,sensitive_elements,c8aa990eed65,True,0.95,none,True,False,,,,,Composition
AI_READI,v2,2,2026-07-31_claude-opus-5-generic-v2_rep2,is_deidentified,879136a54e14,True,0.8,none,True,False,,,,,Composition
AI_READI,v2,2,2026-07-31_claude-opus-5-generic-v2_rep2,subsets,e0f28f713d1f,True,0.95,none,True,False,,,,,Core/other
AI_READI,v2,2,2026-07-31_claude-opus-5-generic-v2_rep2,splits,cfecd24a1909,True,0.85,none,True,False,,,,,Composition
AI_READI,v2,2,2026-07-31_claude-opus-5-generic-v2_rep2,file_collections,aea74d12243b,True,1.0,none,True,False,,,,,FileCollection
AI_READI,v2,2,2026-07-31_claude-opus-5-generic-v2_rep2,acquisition_methods,a3b3ec0b3e3c,True,0.95,none,True,False,,,,,Collection
AI_READI,v2,2,2026-07-31_claude-opus-5-generic-v2_rep2,collection_mechanisms,ff29d72e981b,True,0.98,none,True,False,,,,,Collection
AI_READI,v2,2,2026-07-31_claude-opus-5-generic-v2_rep2,sampling_strategies,51e786280467,True,0.95,none,True,False,,,,,Composition
AI_READI,v2,2,2026-07-31_claude-opus-5-generic-v2_rep2,data_collectors,626083cd985f,True,0.92,none,True,False,,,,,Collection
AI_READI,v2,2,2026-07-31_claude-opus-5-generic-v2_rep2,collection_timeframes,3d112f8d97b4,True,0.8,none,True,False,,,,,Collection
AI_READI,v2,2,2026-07-31_claude-opus-5-generic-v2_rep2,direct_collection,bdcde15abda2,True,0.9,none,True,False,,,,,Collection
AI_READI,v2,2,2026-07-31_claude-opus-5-generic-v2_rep2,collection_consents,466581fce1c5,True,0.95,none,True,False,,,,,Ethics
AI_READI,v2,2,2026-07-31_claude-opus-5-generic-v2_rep2,collection_notifications,75a1e200ec23,True,0.9,none,True,False,,,,,Ethics
AI_READI,v2,2,2026-07-31_claude-opus-5-generic-v2_rep2,consent_revocations,9f16c346b1b0,True,0.85,none,True,False,,,,,Ethics
AI_READI,v2,2,2026-07-31_claude-opus-5-generic-v2_rep2,ethical_reviews,9ed663813d95,True,0.9,none,True,False,,,,,Ethics
AI_READI,v2,2,2026-07-31_claude-opus-5-generic-v2_rep2,human_subject_research,1151bc1b8e91,True,0.8,form,False,False,,,,,Human
AI_READI,v2,2,2026-07-31_claude-opus-5-generic-v2_rep2,informed_consent,4ab268e42447,True,0.8,none,True,False,,,,,Human
AI_READI,v2,2,2026-07-31_claude-opus-5-generic-v2_rep2,participant_compensation,0c6deb855fa0,True,0.9,none,True,False,,,,,Human
AI_READI,v2,2,2026-07-31_claude-opus-5-generic-v2_rep2,participant_privacy,82780c75d765,True,0.95,none,True,False,,,,,Human
AI_READI,v2,2,2026-07-31_claude-opus-5-generic-v2_rep2,preprocessing_strategies,c402ad47baf6,True,0.9,none,True,False,,,,,Preprocessing
AI_READI,v2,2,2026-07-31_claude-opus-5-generic-v2_rep2,cleaning_strategies,5a64fbac9502,True,0.92,none,True,False,,,,,Preprocessing
AI_READI,v2,2,2026-07-31_claude-opus-5-generic-v2_rep2,raw_sources,70f490b6e624,True,0.5,substance,False,False,,,,,Preprocessing
AI_READI,v2,2,2026-07-31_claude-opus-5-generic-v2_rep2,raw_data_sources,96008fcddf1c,True,1.0,none,True,False,,,,,Collection
AI_READI,v2,2,2026-07-31_claude-opus-5-generic-v2_rep2,intended_uses,ba3f7c965683,True,1.0,none,True,False,,,,,Uses
AI_READI,v2,2,2026-07-31_claude-opus-5-generic-v2_rep2,prohibited_uses,9d0dcef75489,True,1.0,none,True,False,,,,,Uses
AI_READI,v2,2,2026-07-31_claude-opus-5-generic-v2_rep2,future_use_impacts,7f9a027edaca,True,0.95,none,True,False,,,,,Uses
AI_READI,v2,2,2026-07-31_claude-opus-5-generic-v2_rep2,distribution_formats,79a3c0319e3a,True,0.95,none,True,False,,,,,Distribution
AI_READI,v2,2,2026-07-31_claude-opus-5-generic-v2_rep2,distribution_dates,6c6723479f9a,True,0.75,form,False,False,,,,,Distribution
AI_READI,v2,2,2026-07-31_claude-opus-5-generic-v2_rep2,third_party_sharing,cb71fc8f8a7e,True,0.95,none,True,False,,,,,Distribution
AI_READI,v2,2,2026-07-31_claude-opus-5-generic-v2_rep2,license_and_use_terms,b2a083c9b0cc,True,0.9,none,True,False,,,,,Data_Governance
AI_READI,v2,2,2026-07-31_claude-opus-5-generic-v2_rep2,ip_restrictions,1e57cb3fa081,True,0.9,none,True,False,,,,,Data_Governance
AI_READI,v2,2,2026-07-31_claude-opus-5-generic-v2_rep2,regulatory_restrictions,681d404157e4,True,0.88,none,True,False,,,,,Data_Governance
AI_READI,v2,2,2026-07-31_claude-opus-5-generic-v2_rep2,related_datasets,e654b597bb60,True,1.0,none,True,False,,,,,Composition
AI_READI,v2,2,2026-07-31_claude-opus-5-generic-v2_rep2,maintainers,b9bf39bfb6d1,True,0.85,none,True,False,,,,,Maintenance
AI_READI,v2,2,2026-07-31_claude-opus-5-generic-v2_rep2,updates,760165257284,True,0.9,none,True,False,,,,,Maintenance
AI_READI,v2,2,2026-07-31_claude-opus-5-generic-v2_rep2,version_access,06f6daa745ab,True,0.95,none,True,False,,,,,Maintenance
AI_READI,v2,2,2026-07-31_claude-opus-5-generic-v2_rep2,retention_limit,55eb335c8959,True,0.9,none,True,False,,,,,Maintenance
AI_READI,v2,2,2026-07-31_claude-opus-5-generic-v2_rep2,external_resources,45806808fe7e,True,0.95,none,True,False,,,,,Base (shared descriptive slots)
AI_READI,v2,3,2026-07-31_claude-opus-5-generic-v2_rep3,id,da130464d405,True,1.0,none,True,False,,,,,Core/other
AI_READI,v2,3,2026-07-31_claude-opus-5-generic-v2_rep3,name,c184f74b4c16,True,1.0,none,True,False,,,,,Core/other
AI_READI,v2,3,2026-07-31_claude-opus-5-generic-v2_rep3,title,c184f74b4c16,True,1.0,none,True,False,,,,,Base (shared descriptive slots)
AI_READI,v2,3,2026-07-31_claude-opus-5-generic-v2_rep3,description,d662c8ed2833,True,0.9,none,True,False,,,,,Core/other
AI_READI,v2,3,2026-07-31_claude-opus-5-generic-v2_rep3,doi,4e641ded24f0,True,1.0,none,True,False,,,,,Base (shared descriptive slots)
AI_READI,v2,3,2026-07-31_claude-opus-5-generic-v2_rep3,version,9976f8dfb5b1,True,1.0,none,True,False,,,,,Base (shared descriptive slots)
AI_READI,v2,3,2026-07-31_claude-opus-5-generic-v2_rep3,status,dd2653c12a35,True,1.0,none,True,False,,,,,Base (shared descriptive slots)
AI_READI,v2,3,2026-07-31_claude-opus-5-generic-v2_rep3,issued,7e96008ec2c9,True,0.9,none,True,False,,,,,Base (shared descriptive slots)
AI_READI,v2,3,2026-07-31_claude-opus-5-generic-v2_rep3,created_by,7f7302c199c0,True,1.0,none,True,False,,,,,Base (shared descriptive slots)
AI_READI,v2,3,2026-07-31_claude-opus-5-generic-v2_rep3,publisher,dfc6b429324a,True,0.95,none,True,False,,,,,Base (shared descriptive slots)
AI_READI,v2,3,2026-07-31_claude-opus-5-generic-v2_rep3,page,79c23e3420a7,True,1.0,none,True,False,,,,,Base (shared descriptive slots)
AI_READI,v2,3,2026-07-31_claude-opus-5-generic-v2_rep3,language,50eac10e7966,True,0.95,none,True,False,,,,,Base (shared descriptive slots)
AI_READI,v2,3,2026-07-31_claude-opus-5-generic-v2_rep3,license,af625ae1da29,True,0.9,none,True,False,,,,,Base (shared descriptive slots)
AI_READI,v2,3,2026-07-31_claude-opus-5-generic-v2_rep3,citation,3ac88deb9369,True,1.0,none,True,False,,,,,Core/other
AI_READI,v2,3,2026-07-31_claude-opus-5-generic-v2_rep3,is_tabular,fcbcf165908d,True,1.0,none,True,False,,,,,Core/other
AI_READI,v2,3,2026-07-31_claude-opus-5-generic-v2_rep3,total_file_count,f1491b7b9b45,True,1.0,none,True,False,,,,,Core/other
AI_READI,v2,3,2026-07-31_claude-opus-5-generic-v2_rep3,total_size_bytes,d445be146c4e,True,1.0,none,True,False,,,,,Core/other
AI_READI,v2,3,2026-07-31_claude-opus-5-generic-v2_rep3,conforms_to,bc6d675fd940,True,1.0,none,True,False,,,,,Base (shared descriptive slots)
AI_READI,v2,3,2026-07-31_claude-opus-5-generic-v2_rep3,conforms_to_schema,66f36c1c26ec,True,0.95,none,True,False,,,,,Base (shared descriptive slots)
AI_READI,v2,3,2026-07-31_claude-opus-5-generic-v2_rep3,keywords,b9edd4f3a95c,True,1.0,none,True,False,,,,,Base (shared descriptive slots)
AI_READI,v2,3,2026-07-31_claude-opus-5-generic-v2_rep3,creators,9b823747cb4f,True,0.75,form,False,False,,,,,Motivation
AI_READI,v2,3,2026-07-31_claude-opus-5-generic-v2_rep3,funders,4f05c9c0c17a,True,0.9,none,True,False,,,,,Motivation
AI_READI,v2,3,2026-07-31_claude-opus-5-generic-v2_rep3,purposes,7832a5648823,True,0.95,none,True,False,,,,,Motivation
AI_READI,v2,3,2026-07-31_claude-opus-5-generic-v2_rep3,addressing_gaps,f832a72a6d86,True,0.95,none,True,False,,,,,Motivation
AI_READI,v2,3,2026-07-31_claude-opus-5-generic-v2_rep3,tasks,dd7da2e319e2,True,0.95,none,True,False,,,,,Motivation
AI_READI,v2,3,2026-07-31_claude-opus-5-generic-v2_rep3,intended_uses,05fe7ca0af71,True,0.95,none,True,False,,,,,Uses
AI_READI,v2,3,2026-07-31_claude-opus-5-generic-v2_rep3,prohibited_uses,6f4be736e012,True,0.95,none,True,False,,,,,Uses
AI_READI,v2,3,2026-07-31_claude-opus-5-generic-v2_rep3,future_use_impacts,820684db8a05,True,0.9,none,True,False,,,,,Uses
AI_READI,v2,3,2026-07-31_claude-opus-5-generic-v2_rep3,instances,62ab42907da9,True,0.75,form,False,False,,,,,Composition
AI_READI,v2,3,2026-07-31_claude-opus-5-generic-v2_rep3,relationships,085c80fbc628,True,0.75,substance,False,False,,,,,Composition
AI_READI,v2,3,2026-07-31_claude-opus-5-generic-v2_rep3,subpopulations,fdab4eb5d2a0,True,0.8,none,True,False,,,,,Composition
AI_READI,v2,3,2026-07-31_claude-opus-5-generic-v2_rep3,splits,94ca20e551b1,True,0.8,none,True,False,,,,,Composition
AI_READI,v2,3,2026-07-31_claude-opus-5-generic-v2_rep3,anomalies,ed66d4b4a307,True,0.95,none,True,False,,,,,Composition
AI_READI,v2,3,2026-07-31_claude-opus-5-generic-v2_rep3,missing_data_documentation,9434ef0663ab,True,0.8,none,True,False,,,,,Collection
AI_READI,v2,3,2026-07-31_claude-opus-5-generic-v2_rep3,known_biases,ce26fcc22e59,True,0.8,none,True,False,,,,,Composition
AI_READI,v2,3,2026-07-31_claude-opus-5-generic-v2_rep3,known_limitations,a59aa7fce48c,True,0.95,none,True,False,,,,,Composition
AI_READI,v2,3,2026-07-31_claude-opus-5-generic-v2_rep3,acquisition_methods,f767e553448c,True,0.9,none,True,False,,,,,Collection
AI_READI,v2,3,2026-07-31_claude-opus-5-generic-v2_rep3,collection_mechanisms,03678c686349,True,0.95,none,True,False,,,,,Collection
AI_READI,v2,3,2026-07-31_claude-opus-5-generic-v2_rep3,data_collectors,cc4cd7010537,True,0.7,form,False,False,,,,,Collection
AI_READI,v2,3,2026-07-31_claude-opus-5-generic-v2_rep3,collection_timeframes,2c73bb20026e,True,0.65,form,False,False,,,,,Collection
AI_READI,v2,3,2026-07-31_claude-opus-5-generic-v2_rep3,direct_collection,4cfbcb547f4a,True,0.8,none,True,False,,,,,Collection
AI_READI,v2,3,2026-07-31_claude-opus-5-generic-v2_rep3,sampling_strategies,18ab2b4dd73b,True,0.9,none,True,False,,,,,Composition
AI_READI,v2,3,2026-07-31_claude-opus-5-generic-v2_rep3,raw_data_sources,98241c9746ff,True,0.95,none,True,False,,,,,Collection
AI_READI,v2,3,2026-07-31_claude-opus-5-generic-v2_rep3,raw_sources,8655783dd01d,True,0.9,none,True,False,,,,,Preprocessing
AI_READI,v2,3,2026-07-31_claude-opus-5-generic-v2_rep3,preprocessing_strategies,cb941481c65f,True,0.9,none,True,False,,,,,Preprocessing
AI_READI,v2,3,2026-07-31_claude-opus-5-generic-v2_rep3,cleaning_strategies,b237e00034fd,True,0.9,none,True,False,,,,,Preprocessing
AI_READI,v2,3,2026-07-31_claude-opus-5-generic-v2_rep3,file_collections,9a35fd7e56c3,True,0.97,none,True,False,,,,,FileCollection
AI_READI,v2,3,2026-07-31_claude-opus-5-generic-v2_rep3,related_datasets,bd7cf663d231,True,0.98,none,True,False,,,,,Composition
AI_READI,v2,3,2026-07-31_claude-opus-5-generic-v2_rep3,is_deidentified,59fbfb520846,True,0.8,none,True,False,,,,,Composition
AI_READI,v2,3,2026-07-31_claude-opus-5-generic-v2_rep3,human_subject_research,9ed2423ce5b8,True,0.9,none,True,False,,,,,Human
AI_READI,v2,3,2026-07-31_claude-opus-5-generic-v2_rep3,ethical_reviews,ddfa88b811ac,True,0.7,target,False,False,,,,,Ethics
AI_READI,v2,3,2026-07-31_claude-opus-5-generic-v2_rep3,collection_consents,6675eac6dc2e,True,0.95,none,True,False,,,,,Ethics
AI_READI,v2,3,2026-07-31_claude-opus-5-generic-v2_rep3,informed_consent,435b8534cfc1,True,0.8,none,True,False,,,,,Human
AI_READI,v2,3,2026-07-31_claude-opus-5-generic-v2_rep3,collection_notifications,75693c744434,True,0.95,none,True,False,,,,,Ethics
AI_READI,v2,3,2026-07-31_claude-opus-5-generic-v2_rep3,consent_revocations,ec74cfb404c2,True,0.85,none,True,False,,,,,Ethics
AI_READI,v2,3,2026-07-31_claude-opus-5-generic-v2_rep3,participant_compensation,887a895c0c87,True,0.9,none,True,False,,,,,Human
AI_READI,v2,3,2026-07-31_claude-opus-5-generic-v2_rep3,participant_privacy,45eb1665a9c6,True,0.9,none,True,False,,,,,Human
AI_READI,v2,3,2026-07-31_claude-opus-5-generic-v2_rep3,distribution_dates,fbb4fae1afad,True,0.7,form,False,False,,,,,Distribution
AI_READI,v2,3,2026-07-31_claude-opus-5-generic-v2_rep3,distribution_formats,0ff3b6270fad,True,0.8,none,True,False,,,,,Distribution
AI_READI,v2,3,2026-07-31_claude-opus-5-generic-v2_rep3,third_party_sharing,3b88b09fabbb,True,0.85,none,True,False,,,,,Distribution
AI_READI,v2,3,2026-07-31_claude-opus-5-generic-v2_rep3,license_and_use_terms,7c697cf6df11,True,0.9,none,True,False,,,,,Data_Governance
AI_READI,v2,3,2026-07-31_claude-opus-5-generic-v2_rep3,ip_restrictions,f96c53293cb3,True,0.95,none,True,False,,,,,Data_Governance
AI_READI,v2,3,2026-07-31_claude-opus-5-generic-v2_rep3,regulatory_restrictions,988d2488af02,True,0.85,none,True,False,,,,,Data_Governance
AI_READI,v2,3,2026-07-31_claude-opus-5-generic-v2_rep3,maintainers,b7cd79662303,True,0.6,form,False,False,,,,,Maintenance
AI_READI,v2,3,2026-07-31_claude-opus-5-generic-v2_rep3,updates,5c0dfad9e8d5,True,0.9,none,True,False,,,,,Maintenance
AI_READI,v2,3,2026-07-31_claude-opus-5-generic-v2_rep3,version_access,21122912a9a2,True,0.85,none,True,False,,,,,Maintenance
AI_READI,v2,3,2026-07-31_claude-opus-5-generic-v2_rep3,retention_limit,5222caee39c0,True,0.95,none,True,False,,,,,Maintenance
AI_READI,v2,3,2026-07-31_claude-opus-5-generic-v2_rep3,extension_mechanism,5a5f82f8ba73,True,0.85,none,True,False,,,,,Maintenance
AI_READI,v2,3,2026-07-31_claude-opus-5-generic-v2_rep3,variables,7d8124e6e7f7,True,0.9,none,True,False,,,,,Variables
AI_READI,v2,3,2026-07-31_claude-opus-5-generic-v2_rep3,external_resources,2d2db1090be7,True,0.88,none,True,False,,,,,Base (shared descriptive slots)
CHORUS,v1,1,2026-07-28_claude-opus-5-generic_rep1,id,e6eb40a01bb7,True,0.95,none,True,False,,,,,Core/other
CHORUS,v1,1,2026-07-28_claude-opus-5-generic_rep1,name,3ded1fee39a9,True,0.95,none,True,False,,,,,Core/other
CHORUS,v1,1,2026-07-28_claude-opus-5-generic_rep1,title,c4ddcf5e2e9d,True,1.0,none,True,False,,,,,Base (shared descriptive slots)
CHORUS,v1,1,2026-07-28_claude-opus-5-generic_rep1,description,ceaf1894981d,True,1.0,none,True,False,,,,,Core/other
CHORUS,v1,1,2026-07-28_claude-opus-5-generic_rep1,page,e6eb40a01bb7,True,0.95,none,True,False,,,,,Base (shared descriptive slots)
CHORUS,v1,1,2026-07-28_claude-opus-5-generic_rep1,status,2e92d2324e07,True,0.65,form,False,False,,,,,Base (shared descriptive slots)
CHORUS,v1,1,2026-07-28_claude-opus-5-generic_rep1,conforms_to,96bd3fe5c086,True,0.9,none,True,False,,,,,Base (shared descriptive slots)
CHORUS,v1,1,2026-07-28_claude-opus-5-generic_rep1,is_tabular,fcbcf165908d,True,1.0,none,True,False,,,,,Core/other
CHORUS,v1,1,2026-07-28_claude-opus-5-generic_rep1,keywords,0acbd9268f4e,True,0.85,none,True,False,,,,,Base (shared descriptive slots)
CHORUS,v1,1,2026-07-28_claude-opus-5-generic_rep1,purposes,0a90c044e538,True,0.97,none,True,False,,,,,Motivation
CHORUS,v1,1,2026-07-28_claude-opus-5-generic_rep1,tasks,ceb397a0e43d,True,0.95,none,True,False,,,,,Motivation
CHORUS,v1,1,2026-07-28_claude-opus-5-generic_rep1,addressing_gaps,38318f3ba98d,True,1.0,none,True,False,,,,,Motivation
CHORUS,v1,1,2026-07-28_claude-opus-5-generic_rep1,creators,114e56b3561c,True,0.95,none,True,False,,,,,Motivation
CHORUS,v1,1,2026-07-28_claude-opus-5-generic_rep1,funders,603d1df2bfa4,True,0.98,none,True,False,,,,,Motivation
CHORUS,v1,1,2026-07-28_claude-opus-5-generic_rep1,instances,5b4df761803b,True,0.95,none,True,False,,,,,Composition
CHORUS,v1,1,2026-07-28_claude-opus-5-generic_rep1,file_collections,2fed280f107e,True,0.9,none,True,False,,,,,FileCollection
CHORUS,v1,1,2026-07-28_claude-opus-5-generic_rep1,subsets,e26e5b1442e4,True,0.85,none,True,False,,,,,Core/other
CHORUS,v1,1,2026-07-28_claude-opus-5-generic_rep1,splits,993ecea09114,True,0.75,none,True,False,,,,,Composition
CHORUS,v1,1,2026-07-28_claude-opus-5-generic_rep1,relationships,8cef7236ab26,True,0.75,none,True,False,,,,,Composition
CHORUS,v1,1,2026-07-28_claude-opus-5-generic_rep1,subpopulations,5f74bc061cfb,True,0.6,form,False,False,,,,,Composition
CHORUS,v1,1,2026-07-28_claude-opus-5-generic_rep1,sensitive_elements,8084acba5fa2,True,0.75,form,False,False,,,,,Composition
CHORUS,v1,1,2026-07-28_claude-opus-5-generic_rep1,confidential_elements,b8f66f77bbae,True,0.7,substance,False,False,,,,,Composition
CHORUS,v1,1,2026-07-28_claude-opus-5-generic_rep1,is_deidentified,35b56900ffed,True,0.9,none,True,False,,,,,Composition
CHORUS,v1,1,2026-07-28_claude-opus-5-generic_rep1,participant_privacy,47aba694cabf,True,0.92,none,True,False,,,,,Human
CHORUS,v1,1,2026-07-28_claude-opus-5-generic_rep1,data_protection_impacts,276ec1ef2cf9,True,0.9,none,True,False,,,,,Ethics
CHORUS,v1,1,2026-07-28_claude-opus-5-generic_rep1,human_subject_research,891ae092e7eb,True,0.9,none,True,False,,,,,Human
CHORUS,v1,1,2026-07-28_claude-opus-5-generic_rep1,at_risk_populations,e67ff4efb00e,True,0.85,none,True,False,,,,,Human
CHORUS,v1,1,2026-07-28_claude-opus-5-generic_rep1,ethical_reviews,a637320492ac,True,0.6,target,False,False,,,,,Ethics
CHORUS,v1,1,2026-07-28_claude-opus-5-generic_rep1,acquisition_methods,45b1dc467b8d,True,0.85,none,True,False,,,,,Collection
CHORUS,v1,1,2026-07-28_claude-opus-5-generic_rep1,collection_mechanisms,e623cbdb7fe2,True,0.85,none,True,False,,,,,Collection
CHORUS,v1,1,2026-07-28_claude-opus-5-generic_rep1,data_collectors,3bfa14b350fc,True,0.95,none,True,False,,,,,Collection
CHORUS,v1,1,2026-07-28_claude-opus-5-generic_rep1,collection_timeframes,36137cca1e8c,True,0.75,none,True,False,,,,,Collection
CHORUS,v1,1,2026-07-28_claude-opus-5-generic_rep1,direct_collection,7af9759a6347,True,0.95,none,True,False,,,,,Collection
CHORUS,v1,1,2026-07-28_claude-opus-5-generic_rep1,sampling_strategies,3070f51ed72f,True,0.9,none,True,False,,,,,Composition
CHORUS,v1,1,2026-07-28_claude-opus-5-generic_rep1,missing_data_documentation,edf0794a2186,True,0.95,none,True,False,,,,,Collection
CHORUS,v1,1,2026-07-28_claude-opus-5-generic_rep1,raw_data_sources,af8c831c4851,True,1.0,none,True,False,,,,,Collection
CHORUS,v1,1,2026-07-28_claude-opus-5-generic_rep1,raw_sources,5a4c8fb596d8,True,0.5,target,False,False,,,,,Preprocessing
CHORUS,v1,1,2026-07-28_claude-opus-5-generic_rep1,preprocessing_strategies,97cfe07f903f,True,0.95,none,True,False,,,,,Preprocessing
CHORUS,v1,1,2026-07-28_claude-opus-5-generic_rep1,cleaning_strategies,db34acad4b4e,True,0.8,none,True,False,,,,,Preprocessing
CHORUS,v1,1,2026-07-28_claude-opus-5-generic_rep1,labeling_strategies,3a95c14a8356,True,0.4,substance,False,False,,,,,Preprocessing
CHORUS,v1,1,2026-07-28_claude-opus-5-generic_rep1,machine_annotation_tools,482d36d69633,True,0.9,none,True,False,,,,,Preprocessing
CHORUS,v1,1,2026-07-28_claude-opus-5-generic_rep1,known_biases,df5d89262df0,True,0.4,substance,False,False,,,,,Composition
CHORUS,v1,1,2026-07-28_claude-opus-5-generic_rep1,known_limitations,1b1a1b9328f9,True,1.0,none,True,False,,,,,Composition
CHORUS,v1,1,2026-07-28_claude-opus-5-generic_rep1,existing_uses,afa1a16d15b8,True,0.8,none,True,False,,,,,Uses
CHORUS,v1,1,2026-07-28_claude-opus-5-generic_rep1,intended_uses,11801eaf6a38,True,0.8,form,False,False,,,,,Uses
CHORUS,v1,1,2026-07-28_claude-opus-5-generic_rep1,other_tasks,f24165fc0b42,True,0.8,none,True,False,,,,,Uses
CHORUS,v1,1,2026-07-28_claude-opus-5-generic_rep1,future_use_impacts,a94269c60004,True,0.8,none,True,False,,,,,Uses
CHORUS,v1,1,2026-07-28_claude-opus-5-generic_rep1,third_party_sharing,9cd592afb605,True,0.9,none,True,False,,,,,Distribution
CHORUS,v1,1,2026-07-28_claude-opus-5-generic_rep1,distribution_formats,02285d2e54b4,True,0.75,none,True,False,,,,,Distribution
CHORUS,v1,1,2026-07-28_claude-opus-5-generic_rep1,distribution_dates,8931ff180fb4,True,0.5,substance,False,False,,,,,Distribution
CHORUS,v1,1,2026-07-28_claude-opus-5-generic_rep1,license_and_use_terms,49062a6b12ad,True,0.95,none,True,False,,,,,Data_Governance
CHORUS,v1,1,2026-07-28_claude-opus-5-generic_rep1,regulatory_restrictions,dfa36791b460,True,0.75,none,True,False,,,,,Data_Governance
CHORUS,v1,1,2026-07-28_claude-opus-5-generic_rep1,maintainers,f59e8bb35cb2,True,0.9,none,True,False,,,,,Maintenance
CHORUS,v1,1,2026-07-28_claude-opus-5-generic_rep1,updates,ebf590d3aa58,True,0.9,none,True,False,,,,,Maintenance
CHORUS,v1,1,2026-07-28_claude-opus-5-generic_rep1,version_access,fcaf033ae2f7,True,0.85,none,True,False,,,,,Maintenance
CHORUS,v1,1,2026-07-28_claude-opus-5-generic_rep1,extension_mechanism,54fdf4209f01,True,0.95,none,True,False,,,,,Maintenance
CHORUS,v1,1,2026-07-28_claude-opus-5-generic_rep1,external_resources,4639f3c41f3d,True,0.95,none,True,False,,,,,Base (shared descriptive slots)
CHORUS,v1,2,2026-07-28_claude-opus-5-generic_rep2,id,f14ce6e1a1db,False,,,,False,,,,,Core/other
CHORUS,v1,2,2026-07-28_claude-opus-5-generic_rep2,name,3ded1fee39a9,True,0.95,none,True,False,,,,,Core/other
CHORUS,v1,2,2026-07-28_claude-opus-5-generic_rep2,title,c4ddcf5e2e9d,True,1.0,none,True,False,,,,,Base (shared descriptive slots)
CHORUS,v1,2,2026-07-28_claude-opus-5-generic_rep2,description,fd09905947a6,True,1.0,none,True,False,,,,,Core/other
CHORUS,v1,2,2026-07-28_claude-opus-5-generic_rep2,page,e6eb40a01bb7,True,0.95,none,True,False,,,,,Base (shared descriptive slots)
CHORUS,v1,2,2026-07-28_claude-opus-5-generic_rep2,conforms_to,54ffeb9b7daa,True,0.95,none,True,False,,,,,Base (shared descriptive slots)
CHORUS,v1,2,2026-07-28_claude-opus-5-generic_rep2,is_tabular,fcbcf165908d,True,1.0,none,True,False,,,,,Core/other
CHORUS,v1,2,2026-07-28_claude-opus-5-generic_rep2,keywords,5e7dc4b972c2,True,1.0,none,True,False,,,,,Base (shared descriptive slots)
CHORUS,v1,2,2026-07-28_claude-opus-5-generic_rep2,external_resources,f23e8151f1b3,True,0.75,form,False,False,,,,,Base (shared descriptive slots)
CHORUS,v1,2,2026-07-28_claude-opus-5-generic_rep2,file_collections,63e2bdab5a1b,True,0.9,none,True,False,,,,,FileCollection
CHORUS,v1,2,2026-07-28_claude-opus-5-generic_rep2,purposes,c242226af9ac,True,0.9,none,True,False,,,,,Motivation
CHORUS,v1,2,2026-07-28_claude-opus-5-generic_rep2,tasks,8a2eba75a91c,True,0.85,none,True,False,,,,,Motivation
CHORUS,v1,2,2026-07-28_claude-opus-5-generic_rep2,addressing_gaps,d243d8665530,True,0.95,none,True,False,,,,,Motivation
CHORUS,v1,2,2026-07-28_claude-opus-5-generic_rep2,creators,083084babe0c,True,0.9,none,True,False,,,,,Motivation
CHORUS,v1,2,2026-07-28_claude-opus-5-generic_rep2,funders,0dc7c86a0b56,True,0.95,none,True,False,,,,,Motivation
CHORUS,v1,2,2026-07-28_claude-opus-5-generic_rep2,subsets,1a15e1ffb416,True,0.9,none,True,False,,,,,Core/other
CHORUS,v1,2,2026-07-28_claude-opus-5-generic_rep2,instances,0106c4fd1955,True,0.95,none,True,False,,,,,Composition
CHORUS,v1,2,2026-07-28_claude-opus-5-generic_rep2,known_limitations,741a5b72e8b6,True,0.95,none,True,False,,,,,Composition
CHORUS,v1,2,2026-07-28_claude-opus-5-generic_rep2,confidential_elements,13d864e10100,True,0.9,none,True,False,,,,,Composition
CHORUS,v1,2,2026-07-28_claude-opus-5-generic_rep2,subpopulations,9a9beb3b479e,True,0.6,form,False,False,,,,,Composition
CHORUS,v1,2,2026-07-28_claude-opus-5-generic_rep2,sensitive_elements,1cd3ec0b081d,True,0.75,form,False,False,,,,,Composition
CHORUS,v1,2,2026-07-28_claude-opus-5-generic_rep2,relationships,8442162a6126,True,0.5,target,False,False,,,,,Composition
CHORUS,v1,2,2026-07-28_claude-opus-5-generic_rep2,splits,8115bd6e754d,True,0.75,none,True,False,,,,,Composition
CHORUS,v1,2,2026-07-28_claude-opus-5-generic_rep2,acquisition_methods,04fc1571d779,True,0.8,none,True,False,,,,,Collection
CHORUS,v1,2,2026-07-28_claude-opus-5-generic_rep2,collection_mechanisms,a577250787ae,True,0.85,none,True,False,,,,,Collection
CHORUS,v1,2,2026-07-28_claude-opus-5-generic_rep2,sampling_strategies,d42e540a8973,True,0.9,none,True,False,,,,,Composition
CHORUS,v1,2,2026-07-28_claude-opus-5-generic_rep2,data_collectors,f561d249cf38,True,0.9,none,True,False,,,,,Collection
CHORUS,v1,2,2026-07-28_claude-opus-5-generic_rep2,collection_timeframes,0ef909a5a75f,True,0.7,substance,False,False,,,,,Collection
CHORUS,v1,2,2026-07-28_claude-opus-5-generic_rep2,direct_collection,a2c8a0dbf14a,True,0.9,none,True,False,,,,,Collection
CHORUS,v1,2,2026-07-28_claude-opus-5-generic_rep2,missing_data_documentation,e19da0ad7f88,True,0.8,none,True,False,,,,,Collection
CHORUS,v1,2,2026-07-28_claude-opus-5-generic_rep2,raw_data_sources,a2b7b251ac5e,True,0.85,none,True,False,,,,,Collection
CHORUS,v1,2,2026-07-28_claude-opus-5-generic_rep2,ethical_reviews,dc20e66e7e44,True,0.6,target,False,False,,,,,Ethics
CHORUS,v1,2,2026-07-28_claude-opus-5-generic_rep2,data_protection_impacts,30766122b9d3,True,0.75,none,True,False,,,,,Ethics
CHORUS,v1,2,2026-07-28_claude-opus-5-generic_rep2,human_subject_research,ea398cfc827a,True,0.95,none,True,False,,,,,Human
CHORUS,v1,2,2026-07-28_claude-opus-5-generic_rep2,at_risk_populations,be3a892299bc,True,0.85,none,True,False,,,,,Human
CHORUS,v1,2,2026-07-28_claude-opus-5-generic_rep2,participant_privacy,9eaa3b4154a1,True,0.9,none,True,False,,,,,Human
CHORUS,v1,2,2026-07-28_claude-opus-5-generic_rep2,preprocessing_strategies,c6373d35b34c,True,0.85,none,True,False,,,,,Preprocessing
CHORUS,v1,2,2026-07-28_claude-opus-5-generic_rep2,cleaning_strategies,4ab34fa3f25d,True,0.75,substance,False,False,,,,,Preprocessing
CHORUS,v1,2,2026-07-28_claude-opus-5-generic_rep2,labeling_strategies,1f707fcbade9,True,0.6,substance,False,False,,,,,Preprocessing
CHORUS,v1,2,2026-07-28_claude-opus-5-generic_rep2,raw_sources,ceff4016b9ba,True,0.6,target,False,False,,,,,Preprocessing
CHORUS,v1,2,2026-07-28_claude-opus-5-generic_rep2,machine_annotation_tools,ae34c33f45fe,True,0.85,none,True,False,,,,,Preprocessing
CHORUS,v1,2,2026-07-28_claude-opus-5-generic_rep2,existing_uses,7abd6030f39e,True,0.75,substance,False,False,,,,,Uses
CHORUS,v1,2,2026-07-28_claude-opus-5-generic_rep2,other_tasks,fd0ac1510011,True,0.7,none,True,False,,,,,Uses
CHORUS,v1,2,2026-07-28_claude-opus-5-generic_rep2,future_use_impacts,48132ccf795c,True,0.75,form,False,False,,,,,Uses
CHORUS,v1,2,2026-07-28_claude-opus-5-generic_rep2,intended_uses,7ea1a2c07515,True,0.85,none,True,False,,,,,Uses
CHORUS,v1,2,2026-07-28_claude-opus-5-generic_rep2,distribution_formats,b94bcc0a604a,True,0.65,target,False,False,,,,,Distribution
CHORUS,v1,2,2026-07-28_claude-opus-5-generic_rep2,third_party_sharing,327dbc790d8b,True,0.9,none,True,False,,,,,Distribution
CHORUS,v1,2,2026-07-28_claude-opus-5-generic_rep2,license_and_use_terms,2f373bc58613,True,0.9,none,True,False,,,,,Data_Governance
CHORUS,v1,2,2026-07-28_claude-opus-5-generic_rep2,regulatory_restrictions,fbf798a2795f,True,0.75,substance,False,False,,,,,Data_Governance
CHORUS,v1,2,2026-07-28_claude-opus-5-generic_rep2,maintainers,dee4d141d32d,True,0.8,none,True,False,,,,,Maintenance
CHORUS,v1,2,2026-07-28_claude-opus-5-generic_rep2,updates,e59f46c450f1,True,0.9,none,True,False,,,,,Maintenance
CHORUS,v1,2,2026-07-28_claude-opus-5-generic_rep2,extension_mechanism,6153d5503122,True,0.95,none,True,False,,,,,Maintenance
CHORUS,v1,2,2026-07-28_claude-opus-5-generic_rep2,is_deidentified,240292078866,True,0.9,none,True,False,,,,,Composition
CHORUS,v1,3,2026-07-28_claude-opus-5-generic_rep3,id,e6eb40a01bb7,True,0.95,none,True,False,,,,,Core/other
CHORUS,v1,3,2026-07-28_claude-opus-5-generic_rep3,name,3ded1fee39a9,True,0.95,none,True,False,,,,,Core/other
CHORUS,v1,3,2026-07-28_claude-opus-5-generic_rep3,title,c4ddcf5e2e9d,True,1.0,none,True,False,,,,,Base (shared descriptive slots)
CHORUS,v1,3,2026-07-28_claude-opus-5-generic_rep3,description,2cce4612c6cd,True,1.0,none,True,False,,,,,Core/other
CHORUS,v1,3,2026-07-28_claude-opus-5-generic_rep3,page,e6eb40a01bb7,True,0.95,none,True,False,,,,,Base (shared descriptive slots)
CHORUS,v1,3,2026-07-28_claude-opus-5-generic_rep3,conforms_to,4046b4628ede,True,0.9,none,True,False,,,,,Base (shared descriptive slots)
CHORUS,v1,3,2026-07-28_claude-opus-5-generic_rep3,keywords,0b847a5ee51b,True,0.85,none,True,False,,,,,Base (shared descriptive slots)
CHORUS,v1,3,2026-07-28_claude-opus-5-generic_rep3,purposes,2321e4ef3071,True,0.95,none,True,False,,,,,Motivation
CHORUS,v1,3,2026-07-28_claude-opus-5-generic_rep3,tasks,d74f6156ec3c,True,0.9,none,True,False,,,,,Motivation
CHORUS,v1,3,2026-07-28_claude-opus-5-generic_rep3,addressing_gaps,5f9fe43cb431,True,0.92,none,True,False,,,,,Motivation
CHORUS,v1,3,2026-07-28_claude-opus-5-generic_rep3,creators,de1774545905,True,0.95,none,True,False,,,,,Motivation
CHORUS,v1,3,2026-07-28_claude-opus-5-generic_rep3,funders,42d20c911752,True,0.98,none,True,False,,,,,Motivation
CHORUS,v1,3,2026-07-28_claude-opus-5-generic_rep3,instances,2fc978e2d141,True,0.75,target,False,False,,,,,Composition
CHORUS,v1,3,2026-07-28_claude-opus-5-generic_rep3,relationships,af4b6bceaeb3,True,0.65,target,False,False,,,,,Composition
CHORUS,v1,3,2026-07-28_claude-opus-5-generic_rep3,splits,8bc096d2b556,True,0.8,none,True,False,,,,,Composition
CHORUS,v1,3,2026-07-28_claude-opus-5-generic_rep3,subpopulations,caf7a6fe158b,True,0.85,none,True,False,,,,,Composition
CHORUS,v1,3,2026-07-28_claude-opus-5-generic_rep3,sensitive_elements,3e0246a0ddd5,True,0.8,form,False,False,,,,,Composition
CHORUS,v1,3,2026-07-28_claude-opus-5-generic_rep3,confidential_elements,e7b36bee31e1,True,0.85,none,True,False,,,,,Composition
CHORUS,v1,3,2026-07-28_claude-opus-5-generic_rep3,known_biases,5f61c606ab63,True,0.7,substance,False,False,,,,,Composition
CHORUS,v1,3,2026-07-28_claude-opus-5-generic_rep3,known_limitations,c192322047c9,True,0.95,none,True,False,,,,,Composition
CHORUS,v1,3,2026-07-28_claude-opus-5-generic_rep3,acquisition_methods,5a044f04e08c,True,0.85,none,True,False,,,,,Collection
CHORUS,v1,3,2026-07-28_claude-opus-5-generic_rep3,collection_mechanisms,673b8d6975df,True,0.8,none,True,False,,,,,Collection
CHORUS,v1,3,2026-07-28_claude-opus-5-generic_rep3,sampling_strategies,3a5600950160,True,0.75,none,True,False,,,,,Composition
CHORUS,v1,3,2026-07-28_claude-opus-5-generic_rep3,data_collectors,547029d93876,True,0.85,none,True,False,,,,,Collection
CHORUS,v1,3,2026-07-28_claude-opus-5-generic_rep3,collection_timeframes,0e44063e50ab,True,0.65,substance,False,False,,,,,Collection
CHORUS,v1,3,2026-07-28_claude-opus-5-generic_rep3,direct_collection,13005ff5570d,True,0.9,none,True,False,,,,,Collection
CHORUS,v1,3,2026-07-28_claude-opus-5-generic_rep3,missing_data_documentation,94cc8cb9f349,True,0.9,none,True,False,,,,,Collection
CHORUS,v1,3,2026-07-28_claude-opus-5-generic_rep3,raw_data_sources,bdef4b0000e0,True,1.0,none,True,False,,,,,Collection
CHORUS,v1,3,2026-07-28_claude-opus-5-generic_rep3,raw_sources,55abb6ca40ff,True,0.78,none,True,False,,,,,Preprocessing
CHORUS,v1,3,2026-07-28_claude-opus-5-generic_rep3,preprocessing_strategies,8a28498c026b,True,0.97,none,True,False,,,,,Preprocessing
CHORUS,v1,3,2026-07-28_claude-opus-5-generic_rep3,cleaning_strategies,69126481ede5,True,0.65,target,False,False,,,,,Preprocessing
CHORUS,v1,3,2026-07-28_claude-opus-5-generic_rep3,labeling_strategies,16275f950089,True,0.4,substance,False,False,,,,,Preprocessing
CHORUS,v1,3,2026-07-28_claude-opus-5-generic_rep3,machine_annotation_tools,178e9dc1d713,True,0.9,none,True,False,,,,,Preprocessing
CHORUS,v1,3,2026-07-28_claude-opus-5-generic_rep3,ethical_reviews,a66b88f542f5,True,0.55,target,False,False,,,,,Ethics
CHORUS,v1,3,2026-07-28_claude-opus-5-generic_rep3,data_protection_impacts,677674b84c2a,True,0.8,none,True,False,,,,,Ethics
CHORUS,v1,3,2026-07-28_claude-opus-5-generic_rep3,human_subject_research,05ee8fdb51c6,True,0.9,none,True,False,,,,,Human
CHORUS,v1,3,2026-07-28_claude-opus-5-generic_rep3,at_risk_populations,296aa6500862,True,0.8,none,True,False,,,,,Human
CHORUS,v1,3,2026-07-28_claude-opus-5-generic_rep3,participant_privacy,a86a7dbd3ec1,True,0.9,none,True,False,,,,,Human
CHORUS,v1,3,2026-07-28_claude-opus-5-generic_rep3,is_deidentified,cf165c7e2cd8,True,0.85,none,True,False,,,,,Composition
CHORUS,v1,3,2026-07-28_claude-opus-5-generic_rep3,existing_uses,d142b685f75e,True,0.8,none,True,False,,,,,Uses
CHORUS,v1,3,2026-07-28_claude-opus-5-generic_rep3,intended_uses,8b79be9b51fa,True,0.9,none,True,False,,,,,Uses
CHORUS,v1,3,2026-07-28_claude-opus-5-generic_rep3,other_tasks,99ff27a81592,True,0.5,form,False,False,,,,,Uses
CHORUS,v1,3,2026-07-28_claude-opus-5-generic_rep3,future_use_impacts,4f3db2ad17a0,True,0.75,form,False,False,,,,,Uses
CHORUS,v1,3,2026-07-28_claude-opus-5-generic_rep3,distribution_formats,e6acf2e9b4d4,True,0.9,none,True,False,,,,,Distribution
CHORUS,v1,3,2026-07-28_claude-opus-5-generic_rep3,third_party_sharing,53721adfb54b,True,0.9,none,True,False,,,,,Distribution
CHORUS,v1,3,2026-07-28_claude-opus-5-generic_rep3,license_and_use_terms,bbaea414aaec,True,0.95,none,True,False,,,,,Data_Governance
CHORUS,v1,3,2026-07-28_claude-opus-5-generic_rep3,regulatory_restrictions,b0e1de0ec876,True,0.8,none,True,False,,,,,Data_Governance
CHORUS,v1,3,2026-07-28_claude-opus-5-generic_rep3,maintainers,503253bc7a07,True,0.95,none,True,False,,,,,Maintenance
CHORUS,v1,3,2026-07-28_claude-opus-5-generic_rep3,updates,6841567c8785,True,0.85,none,True,False,,,,,Maintenance
CHORUS,v1,3,2026-07-28_claude-opus-5-generic_rep3,version_access,b8e61d4482ae,True,0.7,target,False,False,,,,,Maintenance
CHORUS,v1,3,2026-07-28_claude-opus-5-generic_rep3,extension_mechanism,49a68c7e91c1,True,0.95,none,True,False,,,,,Maintenance
CHORUS,v1,3,2026-07-28_claude-opus-5-generic_rep3,related_datasets,e903cb3092ac,True,0.7,target,False,False,,,,,Composition
CHORUS,v1,3,2026-07-28_claude-opus-5-generic_rep3,external_resources,455c01ab09c9,True,0.75,form,False,False,,,,,Base (shared descriptive slots)
CHORUS,v1,3,2026-07-28_claude-opus-5-generic_rep3,resources,889d0676e144,True,0.95,none,True,False,,,,,Base (shared descriptive slots)
CHORUS,v2,1,2026-07-31_claude-opus-5-generic-v2_rep1,id,a9a23fba95dc,True,0.85,none,True,False,,,,,Core/other
CHORUS,v2,1,2026-07-31_claude-opus-5-generic-v2_rep1,name,3ded1fee39a9,True,0.95,none,True,False,,,,,Core/other
CHORUS,v2,1,2026-07-31_claude-opus-5-generic-v2_rep1,title,c4ddcf5e2e9d,True,1.0,none,True,False,,,,,Base (shared descriptive slots)
CHORUS,v2,1,2026-07-31_claude-opus-5-generic-v2_rep1,description,b8f720fad0eb,True,1.0,none,True,False,,,,,Core/other
CHORUS,v2,1,2026-07-31_claude-opus-5-generic-v2_rep1,page,e6eb40a01bb7,True,0.95,none,True,False,,,,,Base (shared descriptive slots)
CHORUS,v2,1,2026-07-31_claude-opus-5-generic-v2_rep1,status,ebb314079db1,True,0.5,form,False,False,,,,,Base (shared descriptive slots)
CHORUS,v2,1,2026-07-31_claude-opus-5-generic-v2_rep1,keywords,2d330ddc2102,True,1.0,none,True,False,,,,,Base (shared descriptive slots)
CHORUS,v2,1,2026-07-31_claude-opus-5-generic-v2_rep1,is_tabular,fcbcf165908d,True,1.0,none,True,False,,,,,Core/other
CHORUS,v2,1,2026-07-31_claude-opus-5-generic-v2_rep1,conforms_to,0679517e69ba,True,0.9,none,True,False,,,,,Base (shared descriptive slots)
CHORUS,v2,1,2026-07-31_claude-opus-5-generic-v2_rep1,created_by,e8d9ebfcb714,True,0.9,none,True,False,,,,,Base (shared descriptive slots)
CHORUS,v2,1,2026-07-31_claude-opus-5-generic-v2_rep1,was_derived_from,3e80553ef9e7,True,0.75,none,True,False,,,,,Base (shared descriptive slots)
CHORUS,v2,1,2026-07-31_claude-opus-5-generic-v2_rep1,creators,c068a320d670,True,0.7,form,False,False,,,,,Motivation
CHORUS,v2,1,2026-07-31_claude-opus-5-generic-v2_rep1,funders,4491dc69adc4,True,0.8,none,True,False,,,,,Motivation
CHORUS,v2,1,2026-07-31_claude-opus-5-generic-v2_rep1,maintainers,bdf475097eac,True,0.75,form,False,False,,,,,Maintenance
CHORUS,v2,1,2026-07-31_claude-opus-5-generic-v2_rep1,purposes,4ad359872864,True,0.92,none,True,False,,,,,Motivation
CHORUS,v2,1,2026-07-31_claude-opus-5-generic-v2_rep1,tasks,837e4cb8c391,True,0.85,none,True,False,,,,,Motivation
CHORUS,v2,1,2026-07-31_claude-opus-5-generic-v2_rep1,addressing_gaps,6fcd35af3e93,True,0.95,none,True,False,,,,,Motivation
CHORUS,v2,1,2026-07-31_claude-opus-5-generic-v2_rep1,intended_uses,d367b21a0252,True,0.95,none,True,False,,,,,Uses
CHORUS,v2,1,2026-07-31_claude-opus-5-generic-v2_rep1,other_tasks,cbc72b05a2da,True,0.85,none,True,False,,,,,Uses
CHORUS,v2,1,2026-07-31_claude-opus-5-generic-v2_rep1,existing_uses,2b58290ee538,True,0.85,none,True,False,,,,,Uses
CHORUS,v2,1,2026-07-31_claude-opus-5-generic-v2_rep1,future_use_impacts,f190f56d91bd,True,0.95,none,True,False,,,,,Uses
CHORUS,v2,1,2026-07-31_claude-opus-5-generic-v2_rep1,instances,db24b5cbe379,True,0.8,none,True,False,,,,,Composition
CHORUS,v2,1,2026-07-31_claude-opus-5-generic-v2_rep1,relationships,ec35138658ae,True,0.9,none,True,False,,,,,Composition
CHORUS,v2,1,2026-07-31_claude-opus-5-generic-v2_rep1,splits,8c057742016c,True,0.7,none,True,False,,,,,Composition
CHORUS,v2,1,2026-07-31_claude-opus-5-generic-v2_rep1,subpopulations,9aca5db4e2d8,True,0.8,none,True,False,,,,,Composition
CHORUS,v2,1,2026-07-31_claude-opus-5-generic-v2_rep1,sensitive_elements,ad1984688ba7,True,0.85,none,True,False,,,,,Composition
CHORUS,v2,1,2026-07-31_claude-opus-5-generic-v2_rep1,confidential_elements,86abf28d6e01,True,0.85,none,True,False,,,,,Composition
CHORUS,v2,1,2026-07-31_claude-opus-5-generic-v2_rep1,known_limitations,c3e74f3bd33a,True,0.9,none,True,False,,,,,Composition
CHORUS,v2,1,2026-07-31_claude-opus-5-generic-v2_rep1,file_collections,ea10c0b83a94,True,0.9,none,True,False,,,,,FileCollection
CHORUS,v2,1,2026-07-31_claude-opus-5-generic-v2_rep1,acquisition_methods,46c4cb1d1c8e,True,0.85,none,True,False,,,,,Collection
CHORUS,v2,1,2026-07-31_claude-opus-5-generic-v2_rep1,collection_mechanisms,8371a3c098b2,True,0.85,none,True,False,,,,,Collection
CHORUS,v2,1,2026-07-31_claude-opus-5-generic-v2_rep1,collection_timeframes,7fa7386959f5,True,0.6,form,False,False,,,,,Collection
CHORUS,v2,1,2026-07-31_claude-opus-5-generic-v2_rep1,data_collectors,f05737e3f7a8,True,0.75,form,False,False,,,,,Collection
CHORUS,v2,1,2026-07-31_claude-opus-5-generic-v2_rep1,direct_collection,1075abce1e2e,True,0.75,none,True,False,,,,,Collection
CHORUS,v2,1,2026-07-31_claude-opus-5-generic-v2_rep1,sampling_strategies,94eff744ba28,True,0.8,none,True,False,,,,,Composition
CHORUS,v2,1,2026-07-31_claude-opus-5-generic-v2_rep1,raw_data_sources,bfb063a7d575,True,0.85,none,True,False,,,,,Collection
CHORUS,v2,1,2026-07-31_claude-opus-5-generic-v2_rep1,preprocessing_strategies,b39cbd411e59,True,0.9,none,True,False,,,,,Preprocessing
CHORUS,v2,1,2026-07-31_claude-opus-5-generic-v2_rep1,cleaning_strategies,0a9d7e3c31cf,True,0.7,substance,False,False,,,,,Preprocessing
CHORUS,v2,1,2026-07-31_claude-opus-5-generic-v2_rep1,labeling_strategies,32607ba9a707,True,0.7,substance,False,False,,,,,Preprocessing
CHORUS,v2,1,2026-07-31_claude-opus-5-generic-v2_rep1,machine_annotation_tools,057ab14ca778,True,0.8,none,True,False,,,,,Preprocessing
CHORUS,v2,1,2026-07-31_claude-opus-5-generic-v2_rep1,is_deidentified,2441c8dcb209,True,0.85,none,True,False,,,,,Composition
CHORUS,v2,1,2026-07-31_claude-opus-5-generic-v2_rep1,ethical_reviews,ffe2412d1212,True,0.4,target,False,False,,,,,Ethics
CHORUS,v2,1,2026-07-31_claude-opus-5-generic-v2_rep1,human_subject_research,65b6e5d5b55e,True,0.8,none,True,False,,,,,Human
CHORUS,v2,1,2026-07-31_claude-opus-5-generic-v2_rep1,license_and_use_terms,67bc81b2e94f,True,0.8,none,True,False,,,,,Data_Governance
CHORUS,v2,1,2026-07-31_claude-opus-5-generic-v2_rep1,distribution_formats,d9c9c4a92928,True,0.8,none,True,False,,,,,Distribution
CHORUS,v2,1,2026-07-31_claude-opus-5-generic-v2_rep1,third_party_sharing,31a9e05ecd98,True,0.85,none,True,False,,,,,Distribution
CHORUS,v2,1,2026-07-31_claude-opus-5-generic-v2_rep1,updates,d92785949171,True,0.85,none,True,False,,,,,Maintenance
CHORUS,v2,1,2026-07-31_claude-opus-5-generic-v2_rep1,extension_mechanism,9ac57113b215,True,0.95,none,True,False,,,,,Maintenance
CHORUS,v2,1,2026-07-31_claude-opus-5-generic-v2_rep1,external_resources,258adc3c80bb,True,0.8,none,True,False,,,,,Base (shared descriptive slots)
CHORUS,v2,2,2026-07-31_claude-opus-5-generic-v2_rep2,id,a9a23fba95dc,True,0.85,none,True,False,,,,,Core/other
CHORUS,v2,2,2026-07-31_claude-opus-5-generic-v2_rep2,name,f276af7630e1,True,0.95,none,True,False,,,,,Core/other
CHORUS,v2,2,2026-07-31_claude-opus-5-generic-v2_rep2,title,e35fd4b8dfc2,True,1.0,none,True,False,,,,,Base (shared descriptive slots)
CHORUS,v2,2,2026-07-31_claude-opus-5-generic-v2_rep2,description,5ce11a1efe80,True,1.0,none,True,False,,,,,Core/other
CHORUS,v2,2,2026-07-31_claude-opus-5-generic-v2_rep2,keywords,8f39410fed98,True,1.0,none,True,False,,,,,Base (shared descriptive slots)
CHORUS,v2,2,2026-07-31_claude-opus-5-generic-v2_rep2,page,e6eb40a01bb7,True,0.95,none,True,False,,,,,Base (shared descriptive slots)
CHORUS,v2,2,2026-07-31_claude-opus-5-generic-v2_rep2,status,3812bd8f1fff,True,0.75,none,True,False,,,,,Base (shared descriptive slots)
CHORUS,v2,2,2026-07-31_claude-opus-5-generic-v2_rep2,conforms_to,d2e1f7127e27,True,0.9,none,True,False,,,,,Base (shared descriptive slots)
CHORUS,v2,2,2026-07-31_claude-opus-5-generic-v2_rep2,was_derived_from,8a95ed8a77a2,True,0.85,none,True,False,,,,,Base (shared descriptive slots)
CHORUS,v2,2,2026-07-31_claude-opus-5-generic-v2_rep2,created_by,38a663489107,True,1.0,none,True,False,,,,,Base (shared descriptive slots)
CHORUS,v2,2,2026-07-31_claude-opus-5-generic-v2_rep2,creators,516fbebaffb4,True,0.65,form,False,False,,,,,Motivation
CHORUS,v2,2,2026-07-31_claude-opus-5-generic-v2_rep2,funders,3fbc36866a9e,True,0.75,form,False,False,,,,,Motivation
CHORUS,v2,2,2026-07-31_claude-opus-5-generic-v2_rep2,maintainers,695a16d2ffd0,True,0.7,form,False,False,,,,,Maintenance
CHORUS,v2,2,2026-07-31_claude-opus-5-generic-v2_rep2,purposes,7765ded933a0,True,0.95,none,True,False,,,,,Motivation
CHORUS,v2,2,2026-07-31_claude-opus-5-generic-v2_rep2,tasks,41e46c173067,True,0.95,none,True,False,,,,,Motivation
CHORUS,v2,2,2026-07-31_claude-opus-5-generic-v2_rep2,addressing_gaps,4455f8e659d1,True,0.95,none,True,False,,,,,Motivation
CHORUS,v2,2,2026-07-31_claude-opus-5-generic-v2_rep2,instances,a054f5c6340e,True,0.7,substance,False,False,,,,,Composition
CHORUS,v2,2,2026-07-31_claude-opus-5-generic-v2_rep2,subsets,cb263f832807,True,0.9,none,True,False,,,,,Core/other
CHORUS,v2,2,2026-07-31_claude-opus-5-generic-v2_rep2,subpopulations,504240ee3866,True,0.75,substance,False,False,,,,,Composition
CHORUS,v2,2,2026-07-31_claude-opus-5-generic-v2_rep2,splits,dc4c6e700be2,True,0.5,substance,False,False,,,,,Composition
CHORUS,v2,2,2026-07-31_claude-opus-5-generic-v2_rep2,acquisition_methods,601bd3138853,True,0.9,none,True,False,,,,,Collection
CHORUS,v2,2,2026-07-31_claude-opus-5-generic-v2_rep2,collection_mechanisms,0babc8768e65,True,0.85,none,True,False,,,,,Collection
CHORUS,v2,2,2026-07-31_claude-opus-5-generic-v2_rep2,collection_timeframes,c1fd162e9ae8,True,0.25,target,False,False,,,,,Collection
CHORUS,v2,2,2026-07-31_claude-opus-5-generic-v2_rep2,data_collectors,0433a99ab73a,True,0.8,none,True,False,,,,,Collection
CHORUS,v2,2,2026-07-31_claude-opus-5-generic-v2_rep2,direct_collection,d1e8dcd42565,True,0.75,none,True,False,,,,,Collection
CHORUS,v2,2,2026-07-31_claude-opus-5-generic-v2_rep2,sampling_strategies,ca6871e71d1e,True,0.7,none,True,False,,,,,Composition
CHORUS,v2,2,2026-07-31_claude-opus-5-generic-v2_rep2,raw_data_sources,df01acbb294a,True,0.9,none,True,False,,,,,Collection
CHORUS,v2,2,2026-07-31_claude-opus-5-generic-v2_rep2,raw_sources,c1e6a0ce0e80,True,0.85,none,True,False,,,,,Preprocessing
CHORUS,v2,2,2026-07-31_claude-opus-5-generic-v2_rep2,preprocessing_strategies,c478b2427f52,True,0.9,none,True,False,,,,,Preprocessing
CHORUS,v2,2,2026-07-31_claude-opus-5-generic-v2_rep2,cleaning_strategies,93f0249f6836,True,0.5,target,False,False,,,,,Preprocessing
CHORUS,v2,2,2026-07-31_claude-opus-5-generic-v2_rep2,labeling_strategies,6702e6c27d03,True,0.7,substance,False,False,,,,,Preprocessing
CHORUS,v2,2,2026-07-31_claude-opus-5-generic-v2_rep2,machine_annotation_tools,016ad3a0fa50,True,0.75,none,True,False,,,,,Preprocessing
CHORUS,v2,2,2026-07-31_claude-opus-5-generic-v2_rep2,is_deidentified,a3550674a92b,True,0.8,none,True,False,,,,,Composition
CHORUS,v2,2,2026-07-31_claude-opus-5-generic-v2_rep2,participant_privacy,b95ec275a932,True,0.7,form,False,False,,,,,Human
CHORUS,v2,2,2026-07-31_claude-opus-5-generic-v2_rep2,sensitive_elements,232bcd711be9,True,0.85,none,True,False,,,,,Composition
CHORUS,v2,2,2026-07-31_claude-opus-5-generic-v2_rep2,confidential_elements,2b60312730cc,True,0.85,none,True,False,,,,,Composition
CHORUS,v2,2,2026-07-31_claude-opus-5-generic-v2_rep2,human_subject_research,de28ca8504c9,True,0.7,none,True,False,,,,,Human
CHORUS,v2,2,2026-07-31_claude-opus-5-generic-v2_rep2,known_limitations,628dd6343e3a,True,0.92,none,True,False,,,,,Composition
CHORUS,v2,2,2026-07-31_claude-opus-5-generic-v2_rep2,intended_uses,0667b41d63a3,True,0.95,none,True,False,,,,,Uses
CHORUS,v2,2,2026-07-31_claude-opus-5-generic-v2_rep2,existing_uses,cefd12bba664,True,0.8,none,True,False,,,,,Uses
CHORUS,v2,2,2026-07-31_claude-opus-5-generic-v2_rep2,other_tasks,9ef64493aea2,True,0.8,none,True,False,,,,,Uses
CHORUS,v2,2,2026-07-31_claude-opus-5-generic-v2_rep2,future_use_impacts,fc2ac0ce4f96,True,0.8,none,True,False,,,,,Uses
CHORUS,v2,2,2026-07-31_claude-opus-5-generic-v2_rep2,distribution_formats,7fd23ac07d1f,True,0.8,none,True,False,,,,,Distribution
CHORUS,v2,2,2026-07-31_claude-opus-5-generic-v2_rep2,distribution_dates,7f7fc5febf2f,True,0.65,form,False,False,,,,,Distribution
CHORUS,v2,2,2026-07-31_claude-opus-5-generic-v2_rep2,third_party_sharing,b8cd47ebf568,True,0.8,none,True,False,,,,,Distribution
CHORUS,v2,2,2026-07-31_claude-opus-5-generic-v2_rep2,license_and_use_terms,3b0b0d533e2d,True,0.85,none,True,False,,,,,Data_Governance
CHORUS,v2,2,2026-07-31_claude-opus-5-generic-v2_rep2,updates,449501743a14,True,0.85,none,True,False,,,,,Maintenance
CHORUS,v2,2,2026-07-31_claude-opus-5-generic-v2_rep2,extension_mechanism,0d8410c17574,True,0.95,none,True,False,,,,,Maintenance
CHORUS,v2,2,2026-07-31_claude-opus-5-generic-v2_rep2,file_collections,a76b408f1e41,True,0.85,none,True,False,,,,,FileCollection
CHORUS,v2,2,2026-07-31_claude-opus-5-generic-v2_rep2,external_resources,f0756bca1b04,True,0.85,none,True,False,,,,,Base (shared descriptive slots)
CHORUS,v2,3,2026-07-31_claude-opus-5-generic-v2_rep3,id,e6eb40a01bb7,True,0.95,none,True,False,,,,,Core/other
CHORUS,v2,3,2026-07-31_claude-opus-5-generic-v2_rep3,name,f276af7630e1,True,0.95,none,True,False,,,,,Core/other
CHORUS,v2,3,2026-07-31_claude-opus-5-generic-v2_rep3,title,39823eb37e0f,True,0.98,none,True,False,,,,,Base (shared descriptive slots)
CHORUS,v2,3,2026-07-31_claude-opus-5-generic-v2_rep3,description,f58d0b6111cc,True,1.0,none,True,False,,,,,Core/other
CHORUS,v2,3,2026-07-31_claude-opus-5-generic-v2_rep3,status,b36d3dff5ee0,True,0.75,none,True,False,,,,,Base (shared descriptive slots)
CHORUS,v2,3,2026-07-31_claude-opus-5-generic-v2_rep3,page,e6eb40a01bb7,True,0.95,none,True,False,,,,,Base (shared descriptive slots)
CHORUS,v2,3,2026-07-31_claude-opus-5-generic-v2_rep3,created_by,ba5fd466fc73,True,0.95,none,True,False,,,,,Base (shared descriptive slots)
CHORUS,v2,3,2026-07-31_claude-opus-5-generic-v2_rep3,was_derived_from,f50711e5493e,True,0.8,none,True,False,,,,,Base (shared descriptive slots)
CHORUS,v2,3,2026-07-31_claude-opus-5-generic-v2_rep3,conforms_to,74037fc95d8e,True,0.85,none,True,False,,,,,Base (shared descriptive slots)
CHORUS,v2,3,2026-07-31_claude-opus-5-generic-v2_rep3,keywords,0d36262eef94,True,1.0,none,True,False,,,,,Base (shared descriptive slots)
CHORUS,v2,3,2026-07-31_claude-opus-5-generic-v2_rep3,creators,a14f5742a41a,True,0.7,form,False,False,,,,,Motivation
CHORUS,v2,3,2026-07-31_claude-opus-5-generic-v2_rep3,funders,2254f37ef938,True,0.75,form,False,False,,,,,Motivation
CHORUS,v2,3,2026-07-31_claude-opus-5-generic-v2_rep3,purposes,a55a93980131,True,0.95,none,True,False,,,,,Motivation
CHORUS,v2,3,2026-07-31_claude-opus-5-generic-v2_rep3,addressing_gaps,c96744a8bfea,True,0.95,none,True,False,,,,,Motivation
CHORUS,v2,3,2026-07-31_claude-opus-5-generic-v2_rep3,tasks,462ac02c57bd,True,0.95,none,True,False,,,,,Motivation
CHORUS,v2,3,2026-07-31_claude-opus-5-generic-v2_rep3,intended_uses,3286a237bcd7,True,0.95,none,True,False,,,,,Uses
CHORUS,v2,3,2026-07-31_claude-opus-5-generic-v2_rep3,existing_uses,7d565d0ceb9e,True,0.8,none,True,False,,,,,Uses
CHORUS,v2,3,2026-07-31_claude-opus-5-generic-v2_rep3,future_use_impacts,8e2fdf7bcbe0,True,0.85,none,True,False,,,,,Uses
CHORUS,v2,3,2026-07-31_claude-opus-5-generic-v2_rep3,instances,a7cf309abb73,True,0.7,none,True,False,,,,,Composition
CHORUS,v2,3,2026-07-31_claude-opus-5-generic-v2_rep3,subpopulations,a55ecfa9a018,True,0.75,substance,False,False,,,,,Composition
CHORUS,v2,3,2026-07-31_claude-opus-5-generic-v2_rep3,subsets,07350a30dd01,True,0.45,target,False,False,,,,,Core/other
CHORUS,v2,3,2026-07-31_claude-opus-5-generic-v2_rep3,splits,62e39a5b4341,True,0.7,none,True,False,,,,,Composition
CHORUS,v2,3,2026-07-31_claude-opus-5-generic-v2_rep3,file_collections,a8b36d99e7b9,True,0.88,none,True,False,,,,,FileCollection
CHORUS,v2,3,2026-07-31_claude-opus-5-generic-v2_rep3,acquisition_methods,3a9be005cdc4,True,0.9,none,True,False,,,,,Collection
CHORUS,v2,3,2026-07-31_claude-opus-5-generic-v2_rep3,collection_mechanisms,947166acc561,True,0.9,none,True,False,,,,,Collection
CHORUS,v2,3,2026-07-31_claude-opus-5-generic-v2_rep3,data_collectors,bcca11a143ec,True,0.8,none,True,False,,,,,Collection
CHORUS,v2,3,2026-07-31_claude-opus-5-generic-v2_rep3,direct_collection,4411f72cee1c,True,0.75,form,False,False,,,,,Collection
CHORUS,v2,3,2026-07-31_claude-opus-5-generic-v2_rep3,collection_timeframes,9649bd94543a,True,0.4,substance,False,False,,,,,Collection
CHORUS,v2,3,2026-07-31_claude-opus-5-generic-v2_rep3,sampling_strategies,56e70f897fbb,True,0.7,none,True,False,,,,,Composition
CHORUS,v2,3,2026-07-31_claude-opus-5-generic-v2_rep3,raw_data_sources,6117691de6e2,True,0.9,none,True,False,,,,,Collection
CHORUS,v2,3,2026-07-31_claude-opus-5-generic-v2_rep3,preprocessing_strategies,3f168021020f,True,0.85,none,True,False,,,,,Preprocessing
CHORUS,v2,3,2026-07-31_claude-opus-5-generic-v2_rep3,cleaning_strategies,5e32ce229f63,True,0.55,target,False,False,,,,,Preprocessing
CHORUS,v2,3,2026-07-31_claude-opus-5-generic-v2_rep3,labeling_strategies,60310ea51a3c,True,0.6,substance,False,False,,,,,Preprocessing
CHORUS,v2,3,2026-07-31_claude-opus-5-generic-v2_rep3,machine_annotation_tools,f07d14d2c81f,True,0.85,none,True,False,,,,,Preprocessing
CHORUS,v2,3,2026-07-31_claude-opus-5-generic-v2_rep3,is_deidentified,1a9c6b3b0eb0,True,0.8,none,True,False,,,,,Composition
CHORUS,v2,3,2026-07-31_claude-opus-5-generic-v2_rep3,participant_privacy,91eb263df6b5,True,0.8,none,True,False,,,,,Human
CHORUS,v2,3,2026-07-31_claude-opus-5-generic-v2_rep3,confidential_elements,470830a99cc3,True,0.85,none,True,False,,,,,Composition
CHORUS,v2,3,2026-07-31_claude-opus-5-generic-v2_rep3,sensitive_elements,6469379d140e,True,0.9,none,True,False,,,,,Composition
CHORUS,v2,3,2026-07-31_claude-opus-5-generic-v2_rep3,human_subject_research,22d23cbff64a,True,0.75,none,True,False,,,,,Human
CHORUS,v2,3,2026-07-31_claude-opus-5-generic-v2_rep3,known_limitations,7614047e985f,True,0.95,none,True,False,,,,,Composition
CHORUS,v2,3,2026-07-31_claude-opus-5-generic-v2_rep3,license_and_use_terms,380281a666ef,True,0.8,none,True,False,,,,,Data_Governance
CHORUS,v2,3,2026-07-31_claude-opus-5-generic-v2_rep3,third_party_sharing,0a1851f3eea0,True,0.8,none,True,False,,,,,Distribution
CHORUS,v2,3,2026-07-31_claude-opus-5-generic-v2_rep3,distribution_formats,8084357d7803,True,0.7,form,False,False,,,,,Distribution
CHORUS,v2,3,2026-07-31_claude-opus-5-generic-v2_rep3,maintainers,17b451db516d,True,0.7,form,False,False,,,,,Maintenance
CHORUS,v2,3,2026-07-31_claude-opus-5-generic-v2_rep3,extension_mechanism,25c2fa7921af,True,0.95,none,True,False,,,,,Maintenance
CHORUS,v2,3,2026-07-31_claude-opus-5-generic-v2_rep3,updates,7f55e0d5b4c8,True,0.8,none,True,False,,,,,Maintenance
CHORUS,v2,3,2026-07-31_claude-opus-5-generic-v2_rep3,external_resources,021e7dc67a9c,True,0.85,none,True,False,,,,,Base (shared descriptive slots)
CM4AI,v1,1,2026-07-28_claude-opus-5-generic_rep1,id,9d38a5e2e905,True,1.0,none,True,True,0.8,True,judged on this replicate,,Core/other
CM4AI,v1,1,2026-07-28_claude-opus-5-generic_rep1,name,3c66856819cd,True,0.95,none,True,True,1.0,True,judged on this replicate,,Core/other
CM4AI,v1,1,2026-07-28_claude-opus-5-generic_rep1,title,e855b272a2d8,True,1.0,none,True,True,0.9,True,judged on this replicate,,Base (shared descriptive slots)
CM4AI,v1,1,2026-07-28_claude-opus-5-generic_rep1,description,7f8dd9171316,True,0.85,none,True,True,0.85,True,judged on this replicate,,Core/other
CM4AI,v1,1,2026-07-28_claude-opus-5-generic_rep1,license,8d84b27b8a46,True,0.85,none,True,True,1.0,True,judged on this replicate,,Base (shared descriptive slots)
CM4AI,v1,1,2026-07-28_claude-opus-5-generic_rep1,publisher,d886fa6e7510,True,0.85,none,True,True,0.9,True,judged on this replicate,,Base (shared descriptive slots)
CM4AI,v1,1,2026-07-28_claude-opus-5-generic_rep1,page,79954471ac13,True,0.95,none,True,True,1.0,True,judged on this replicate,,Base (shared descriptive slots)
CM4AI,v1,1,2026-07-28_claude-opus-5-generic_rep1,language,50eac10e7966,True,0.95,none,True,True,0.5,False,judged on this replicate,,Base (shared descriptive slots)
CM4AI,v1,1,2026-07-28_claude-opus-5-generic_rep1,status,34b82a065f08,True,0.7,form,False,True,0.98,True,judged on this replicate,,Base (shared descriptive slots)
CM4AI,v1,1,2026-07-28_claude-opus-5-generic_rep1,conforms_to,feb53f314ba5,True,0.85,none,True,True,1.0,True,judged on this replicate,,Base (shared descriptive slots)
CM4AI,v1,1,2026-07-28_claude-opus-5-generic_rep1,citation,868491a7be90,True,0.95,none,True,True,0.95,True,judged on this replicate,,Core/other
CM4AI,v1,1,2026-07-28_claude-opus-5-generic_rep1,keywords,846be09c6012,True,0.98,none,True,True,1.0,True,judged on this replicate,,Base (shared descriptive slots)
CM4AI,v1,1,2026-07-28_claude-opus-5-generic_rep1,purposes,3c1ca4d27706,True,0.95,none,True,True,1.0,True,judged on this replicate,,Motivation
CM4AI,v1,1,2026-07-28_claude-opus-5-generic_rep1,tasks,b61d260e816d,True,0.95,none,True,True,0.97,True,judged on this replicate,,Motivation
CM4AI,v1,1,2026-07-28_claude-opus-5-generic_rep1,addressing_gaps,414a4d37f0f0,True,0.95,none,True,True,1.0,True,judged on this replicate,,Motivation
CM4AI,v1,1,2026-07-28_claude-opus-5-generic_rep1,creators,913cfa148f85,True,0.7,form,False,True,0.95,True,judged on this replicate,,Motivation
CM4AI,v1,1,2026-07-28_claude-opus-5-generic_rep1,funders,2c76e11f05c7,True,1.0,none,True,True,1.0,True,judged on this replicate,,Motivation
CM4AI,v1,1,2026-07-28_claude-opus-5-generic_rep1,instances,dd349e586809,True,0.9,none,True,True,0.92,True,judged on this replicate,,Composition
CM4AI,v1,1,2026-07-28_claude-opus-5-generic_rep1,relationships,c9467a54fbc2,True,0.65,target,False,True,0.95,True,judged on this replicate,,Composition
CM4AI,v1,1,2026-07-28_claude-opus-5-generic_rep1,acquisition_methods,5fcb69678f60,True,0.8,none,True,True,0.95,True,judged on this replicate,,Collection
CM4AI,v1,1,2026-07-28_claude-opus-5-generic_rep1,collection_mechanisms,d48ae429fcbd,True,0.9,none,True,True,1.0,True,judged on this replicate,,Collection
CM4AI,v1,1,2026-07-28_claude-opus-5-generic_rep1,sampling_strategies,96f7fa5b2ba0,True,0.9,none,True,True,0.97,True,judged on this replicate,,Composition
CM4AI,v1,1,2026-07-28_claude-opus-5-generic_rep1,data_collectors,ac49185c84a5,True,0.95,none,True,True,0.9,True,judged on this replicate,,Collection
CM4AI,v1,1,2026-07-28_claude-opus-5-generic_rep1,collection_timeframes,8894d79f6804,True,0.7,target,False,True,0.97,True,judged on this replicate,,Collection
CM4AI,v1,1,2026-07-28_claude-opus-5-generic_rep1,direct_collection,4f57730d9d41,True,0.9,none,True,True,0.95,True,judged on this replicate,,Collection
CM4AI,v1,1,2026-07-28_claude-opus-5-generic_rep1,collection_consents,82493bd45225,True,0.7,target,False,True,0.9,True,judged on this replicate,,Ethics
CM4AI,v1,1,2026-07-28_claude-opus-5-generic_rep1,missing_data_documentation,daa60a25adb3,True,0.95,none,True,True,0.98,True,judged on this replicate,,Collection
CM4AI,v1,1,2026-07-28_claude-opus-5-generic_rep1,raw_data_sources,f441284051dd,True,0.95,none,True,True,0.97,True,judged on this replicate,,Collection
CM4AI,v1,1,2026-07-28_claude-opus-5-generic_rep1,preprocessing_strategies,39610941f246,True,0.8,none,True,True,0.97,True,judged on this replicate,,Preprocessing
CM4AI,v1,1,2026-07-28_claude-opus-5-generic_rep1,cleaning_strategies,cd53f32bc0af,True,0.4,substance,False,True,0.95,True,judged on this replicate,,Preprocessing
CM4AI,v1,1,2026-07-28_claude-opus-5-generic_rep1,labeling_strategies,b4ac4c543b94,True,0.85,none,True,True,1.0,True,judged on this replicate,,Preprocessing
CM4AI,v1,1,2026-07-28_claude-opus-5-generic_rep1,machine_annotation_tools,82f1070885eb,True,0.9,none,True,True,0.97,True,judged on this replicate,,Preprocessing
CM4AI,v1,1,2026-07-28_claude-opus-5-generic_rep1,raw_sources,1d96a74987fc,True,0.9,none,True,True,0.95,True,judged on this replicate,,Preprocessing
CM4AI,v1,1,2026-07-28_claude-opus-5-generic_rep1,known_biases,7d4a02478d5d,True,0.85,none,True,True,0.95,True,judged on this replicate,,Composition
CM4AI,v1,1,2026-07-28_claude-opus-5-generic_rep1,known_limitations,cca68276d0e0,True,0.95,none,True,True,1.0,True,judged on this replicate,,Composition
CM4AI,v1,1,2026-07-28_claude-opus-5-generic_rep1,sensitive_elements,7242d80e850f,True,0.75,none,True,True,0.9,True,judged on this replicate,,Composition
CM4AI,v1,1,2026-07-28_claude-opus-5-generic_rep1,is_deidentified,8e116d5854d4,True,0.92,none,True,True,0.98,True,judged on this replicate,,Composition
CM4AI,v1,1,2026-07-28_claude-opus-5-generic_rep1,human_subject_research,c9be41931f8a,True,0.95,none,True,True,0.98,True,judged on this replicate,,Human
CM4AI,v1,1,2026-07-28_claude-opus-5-generic_rep1,ethical_reviews,5f6bedb98dc8,True,0.8,none,True,True,0.97,True,judged on this replicate,,Ethics
CM4AI,v1,1,2026-07-28_claude-opus-5-generic_rep1,existing_uses,0076b8aae339,True,0.75,form,False,True,1.0,True,judged on this replicate,,Uses
CM4AI,v1,1,2026-07-28_claude-opus-5-generic_rep1,use_repository,51efa2d90e87,True,0.65,target,False,True,1.0,True,judged on this replicate,,Uses
CM4AI,v1,1,2026-07-28_claude-opus-5-generic_rep1,intended_uses,cd6e9269a701,True,0.7,form,False,True,1.0,True,judged on this replicate,,Uses
CM4AI,v1,1,2026-07-28_claude-opus-5-generic_rep1,other_tasks,4d996e4accee,True,0.65,form,False,True,0.98,True,judged on this replicate,,Uses
CM4AI,v1,1,2026-07-28_claude-opus-5-generic_rep1,future_use_impacts,4f8e33c7498d,True,0.5,target,False,True,1.0,True,judged on this replicate,,Uses
CM4AI,v1,1,2026-07-28_claude-opus-5-generic_rep1,discouraged_uses,c09352aa2cdb,True,0.7,substance,False,True,0.9,True,judged on this replicate,,Uses
CM4AI,v1,1,2026-07-28_claude-opus-5-generic_rep1,prohibited_uses,c51daee3f95c,True,0.9,none,True,True,1.0,True,judged on this replicate,,Uses
CM4AI,v1,1,2026-07-28_claude-opus-5-generic_rep1,distribution_formats,efa060f3b6c1,True,0.9,none,True,True,0.97,True,judged on this replicate,,Distribution
CM4AI,v1,1,2026-07-28_claude-opus-5-generic_rep1,distribution_dates,89e489b6eddd,True,0.8,form,False,True,0.98,True,judged on this replicate,,Distribution
CM4AI,v1,1,2026-07-28_claude-opus-5-generic_rep1,third_party_sharing,7b72cd4b1c0a,True,0.95,none,True,True,1.0,True,judged on this replicate,,Distribution
CM4AI,v1,1,2026-07-28_claude-opus-5-generic_rep1,license_and_use_terms,f3ffcca9cfca,True,0.95,none,True,True,0.98,True,judged on this replicate,,Data_Governance
CM4AI,v1,1,2026-07-28_claude-opus-5-generic_rep1,ip_restrictions,bd36451cb00d,True,0.95,none,True,True,1.0,True,judged on this replicate,,Data_Governance
CM4AI,v1,1,2026-07-28_claude-opus-5-generic_rep1,regulatory_restrictions,6b238479bb5e,True,0.85,none,True,True,0.98,True,judged on this replicate,,Data_Governance
CM4AI,v1,1,2026-07-28_claude-opus-5-generic_rep1,maintainers,6fc77bec0772,True,0.95,none,True,True,0.92,True,judged on this replicate,,Maintenance
CM4AI,v1,1,2026-07-28_claude-opus-5-generic_rep1,errata,e6316463d6a2,True,0.85,none,True,True,0.95,True,judged on this replicate,,Maintenance
CM4AI,v1,1,2026-07-28_claude-opus-5-generic_rep1,updates,542b49e195af,True,0.9,none,True,True,1.0,True,judged on this replicate,,Maintenance
CM4AI,v1,1,2026-07-28_claude-opus-5-generic_rep1,retention_limit,271be7547b17,True,0.8,none,True,True,0.95,True,judged on this replicate,,Maintenance
CM4AI,v1,1,2026-07-28_claude-opus-5-generic_rep1,version_access,a4cdc212614a,True,0.95,none,True,True,0.97,True,judged on this replicate,,Maintenance
CM4AI,v1,1,2026-07-28_claude-opus-5-generic_rep1,external_resources,98d5ace2c76b,True,0.9,none,True,True,0.95,True,judged on this replicate,,Base (shared descriptive slots)
CM4AI,v1,1,2026-07-28_claude-opus-5-generic_rep1,related_datasets,9191ee47a323,True,0.78,target,False,True,0.95,True,judged on this replicate,,Composition
CM4AI,v1,1,2026-07-28_claude-opus-5-generic_rep1,resources,ccbb9b2c6023,True,0.95,none,True,True,0.96,True,judged on this replicate,,Base (shared descriptive slots)
CM4AI,v1,2,2026-07-28_claude-opus-5-generic_rep2,id,9d38a5e2e905,True,1.0,none,True,True,0.8,True,propagated from rep1,False,Core/other
CM4AI,v1,2,2026-07-28_claude-opus-5-generic_rep2,name,3c66856819cd,True,0.95,none,True,True,1.0,True,propagated from rep1,False,Core/other
CM4AI,v1,2,2026-07-28_claude-opus-5-generic_rep2,title,e855b272a2d8,True,1.0,none,True,True,0.9,True,propagated from rep1,False,Base (shared descriptive slots)
CM4AI,v1,2,2026-07-28_claude-opus-5-generic_rep2,description,154979cf9b4a,True,1.0,none,True,True,0.85,True,propagated from rep1,True,Core/other
CM4AI,v1,2,2026-07-28_claude-opus-5-generic_rep2,doi,44438b047e9b,True,0.85,form,False,True,1.0,True,judged on this replicate,,Base (shared descriptive slots)
CM4AI,v1,2,2026-07-28_claude-opus-5-generic_rep2,version,c6e8f65d8024,True,0.75,form,False,True,0.95,True,judged on this replicate,,Base (shared descriptive slots)
CM4AI,v1,2,2026-07-28_claude-opus-5-generic_rep2,page,79954471ac13,True,0.95,none,True,True,1.0,True,propagated from rep1,False,Base (shared descriptive slots)
CM4AI,v1,2,2026-07-28_claude-opus-5-generic_rep2,publisher,d886fa6e7510,True,0.85,none,True,True,0.9,True,propagated from rep1,False,Base (shared descriptive slots)
CM4AI,v1,2,2026-07-28_claude-opus-5-generic_rep2,issued,888de0656b6e,True,1.0,none,True,True,0.95,True,judged on this replicate,,Base (shared descriptive slots)
CM4AI,v1,2,2026-07-28_claude-opus-5-generic_rep2,license,942131d7b6b2,True,1.0,none,True,True,1.0,True,propagated from rep1,True,Base (shared descriptive slots)
CM4AI,v1,2,2026-07-28_claude-opus-5-generic_rep2,language,50eac10e7966,True,0.95,none,True,True,0.5,False,propagated from rep1,False,Base (shared descriptive slots)
CM4AI,v1,2,2026-07-28_claude-opus-5-generic_rep2,is_tabular,fcbcf165908d,True,1.0,none,True,True,0.6,False,judged on this replicate,,Core/other
CM4AI,v1,2,2026-07-28_claude-opus-5-generic_rep2,conforms_to,5f846cd4b85e,True,0.9,none,True,True,1.0,True,propagated from rep1,True,Base (shared descriptive slots)
CM4AI,v1,2,2026-07-28_claude-opus-5-generic_rep2,status,a487fc2ae44f,True,0.8,none,True,True,0.98,True,propagated from rep1,True,Base (shared descriptive slots)
CM4AI,v1,2,2026-07-28_claude-opus-5-generic_rep2,citation,a5ed5ed80161,True,0.95,none,True,True,0.95,True,propagated from rep1,True,Core/other
CM4AI,v1,2,2026-07-28_claude-opus-5-generic_rep2,keywords,72c3e34333b7,True,1.0,none,True,True,1.0,True,propagated from rep1,True,Base (shared descriptive slots)
CM4AI,v1,2,2026-07-28_claude-opus-5-generic_rep2,purposes,620d2e0f3428,True,1.0,none,True,True,1.0,True,propagated from rep1,True,Motivation
CM4AI,v1,2,2026-07-28_claude-opus-5-generic_rep2,tasks,4d12a5ecee22,True,0.95,none,True,True,0.97,True,propagated from rep1,True,Motivation
CM4AI,v1,2,2026-07-28_claude-opus-5-generic_rep2,addressing_gaps,a0a7e9a9293c,True,0.95,none,True,True,1.0,True,propagated from rep1,True,Motivation
CM4AI,v1,2,2026-07-28_claude-opus-5-generic_rep2,creators,0e5b97b07ed9,True,0.75,form,False,True,0.95,True,propagated from rep1,True,Motivation
CM4AI,v1,2,2026-07-28_claude-opus-5-generic_rep2,funders,8c52e13fc95c,True,1.0,none,True,True,1.0,True,propagated from rep1,True,Motivation
CM4AI,v1,2,2026-07-28_claude-opus-5-generic_rep2,instances,281b7d076ad1,True,0.9,none,True,True,0.92,True,propagated from rep1,True,Composition
CM4AI,v1,2,2026-07-28_claude-opus-5-generic_rep2,subpopulations,351d38cb07c0,True,0.8,none,True,True,0.97,True,judged on this replicate,,Composition
CM4AI,v1,2,2026-07-28_claude-opus-5-generic_rep2,sensitive_elements,41078ce247ae,True,0.75,substance,False,True,0.9,True,propagated from rep1,True,Composition
CM4AI,v1,2,2026-07-28_claude-opus-5-generic_rep2,confidential_elements,e1cb6f664615,True,0.85,none,True,True,0.95,True,judged on this replicate,,Composition
CM4AI,v1,2,2026-07-28_claude-opus-5-generic_rep2,relationships,b463c91bf222,True,0.5,target,False,True,0.95,True,propagated from rep1,True,Composition
CM4AI,v1,2,2026-07-28_claude-opus-5-generic_rep2,known_biases,477fb58c766b,True,0.9,none,True,True,0.95,True,propagated from rep1,True,Composition
CM4AI,v1,2,2026-07-28_claude-opus-5-generic_rep2,known_limitations,2aa22083b040,True,0.98,none,True,True,1.0,True,propagated from rep1,True,Composition
CM4AI,v1,2,2026-07-28_claude-opus-5-generic_rep2,acquisition_methods,ee14966ee1f2,True,0.85,none,True,True,0.95,True,propagated from rep1,True,Collection
CM4AI,v1,2,2026-07-28_claude-opus-5-generic_rep2,collection_mechanisms,2db02501ceea,True,0.97,none,True,True,1.0,True,propagated from rep1,True,Collection
CM4AI,v1,2,2026-07-28_claude-opus-5-generic_rep2,sampling_strategies,9369352c2628,True,0.95,none,True,True,0.97,True,propagated from rep1,True,Composition
CM4AI,v1,2,2026-07-28_claude-opus-5-generic_rep2,data_collectors,9def524e32fb,True,1.0,none,True,True,0.9,True,propagated from rep1,True,Collection
CM4AI,v1,2,2026-07-28_claude-opus-5-generic_rep2,collection_timeframes,52d21deaebca,True,0.8,none,True,True,0.97,True,propagated from rep1,True,Collection
CM4AI,v1,2,2026-07-28_claude-opus-5-generic_rep2,collection_consents,b5d2801d0b46,True,0.55,target,False,True,0.9,True,propagated from rep1,True,Ethics
CM4AI,v1,2,2026-07-28_claude-opus-5-generic_rep2,missing_data_documentation,7f6082013f6b,True,0.92,none,True,True,0.98,True,propagated from rep1,True,Collection
CM4AI,v1,2,2026-07-28_claude-opus-5-generic_rep2,raw_data_sources,002523f3eaa3,True,0.97,none,True,True,0.97,True,propagated from rep1,True,Collection
CM4AI,v1,2,2026-07-28_claude-opus-5-generic_rep2,raw_sources,0c89168886de,True,0.9,none,True,True,0.95,True,propagated from rep1,True,Preprocessing
CM4AI,v1,2,2026-07-28_claude-opus-5-generic_rep2,preprocessing_strategies,cd99147c392b,True,0.9,none,True,True,0.97,True,propagated from rep1,True,Preprocessing
CM4AI,v1,2,2026-07-28_claude-opus-5-generic_rep2,cleaning_strategies,7c290228aa99,True,0.5,substance,False,True,0.95,True,propagated from rep1,True,Preprocessing
CM4AI,v1,2,2026-07-28_claude-opus-5-generic_rep2,labeling_strategies,8a42b9aba927,True,0.9,none,True,True,1.0,True,propagated from rep1,True,Preprocessing
CM4AI,v1,2,2026-07-28_claude-opus-5-generic_rep2,machine_annotation_tools,9ed06edcbea4,True,0.9,none,True,True,0.97,True,propagated from rep1,True,Preprocessing
CM4AI,v1,2,2026-07-28_claude-opus-5-generic_rep2,existing_uses,33ab1939d789,True,0.75,form,False,True,1.0,True,propagated from rep1,True,Uses
CM4AI,v1,2,2026-07-28_claude-opus-5-generic_rep2,use_repository,3b0f9808f14f,True,0.4,target,False,True,1.0,True,propagated from rep1,True,Uses
CM4AI,v1,2,2026-07-28_claude-opus-5-generic_rep2,intended_uses,e2ea2688dc53,True,0.8,none,True,True,1.0,True,propagated from rep1,True,Uses
CM4AI,v1,2,2026-07-28_claude-opus-5-generic_rep2,prohibited_uses,e4d9e7767df5,True,0.95,none,True,True,1.0,True,propagated from rep1,True,Uses
CM4AI,v1,2,2026-07-28_claude-opus-5-generic_rep2,future_use_impacts,2544a204db7f,True,0.75,form,False,True,1.0,True,propagated from rep1,True,Uses
CM4AI,v1,2,2026-07-28_claude-opus-5-generic_rep2,distribution_formats,9da04f241d8c,True,1.0,none,True,True,0.97,True,propagated from rep1,True,Distribution
CM4AI,v1,2,2026-07-28_claude-opus-5-generic_rep2,distribution_dates,a87ee9bd38e6,True,0.85,none,True,True,0.98,True,propagated from rep1,True,Distribution
CM4AI,v1,2,2026-07-28_claude-opus-5-generic_rep2,third_party_sharing,a1919dbeffb8,True,0.9,none,True,True,1.0,True,propagated from rep1,True,Distribution
CM4AI,v1,2,2026-07-28_claude-opus-5-generic_rep2,license_and_use_terms,a850cae978c7,True,0.98,none,True,True,0.98,True,propagated from rep1,True,Data_Governance
CM4AI,v1,2,2026-07-28_claude-opus-5-generic_rep2,ip_restrictions,fc24d5902f41,True,1.0,none,True,True,1.0,True,propagated from rep1,True,Data_Governance
CM4AI,v1,2,2026-07-28_claude-opus-5-generic_rep2,regulatory_restrictions,9525ce484b8d,True,0.9,none,True,True,0.98,True,propagated from rep1,True,Data_Governance
CM4AI,v1,2,2026-07-28_claude-opus-5-generic_rep2,ethical_reviews,316d4c8491af,True,0.8,none,True,True,0.97,True,propagated from rep1,True,Ethics
CM4AI,v1,2,2026-07-28_claude-opus-5-generic_rep2,human_subject_research,f4b0a18f8198,True,0.95,none,True,True,0.98,True,propagated from rep1,True,Human
CM4AI,v1,2,2026-07-28_claude-opus-5-generic_rep2,is_deidentified,b58f8b06b1b3,True,0.95,none,True,True,0.98,True,propagated from rep1,True,Composition
CM4AI,v1,2,2026-07-28_claude-opus-5-generic_rep2,maintainers,6cd9d319d692,True,0.97,none,True,True,0.92,True,propagated from rep1,True,Maintenance
CM4AI,v1,2,2026-07-28_claude-opus-5-generic_rep2,errata,c765bc86f56f,True,0.9,none,True,True,0.95,True,propagated from rep1,True,Maintenance
CM4AI,v1,2,2026-07-28_claude-opus-5-generic_rep2,updates,119374ef9b99,True,0.95,none,True,True,1.0,True,propagated from rep1,True,Maintenance
CM4AI,v1,2,2026-07-28_claude-opus-5-generic_rep2,retention_limit,c2f04eb960fb,True,0.9,none,True,True,0.95,True,propagated from rep1,True,Maintenance
CM4AI,v1,2,2026-07-28_claude-opus-5-generic_rep2,version_access,02da9e80361d,True,0.98,none,True,True,0.97,True,propagated from rep1,True,Maintenance
CM4AI,v1,2,2026-07-28_claude-opus-5-generic_rep2,external_resources,718af3f7c8f5,True,0.9,none,True,True,0.95,True,propagated from rep1,True,Base (shared descriptive slots)
CM4AI,v1,2,2026-07-28_claude-opus-5-generic_rep2,related_datasets,dd39567dfbae,True,0.75,target,False,True,0.95,True,propagated from rep1,True,Composition
CM4AI,v1,2,2026-07-28_claude-opus-5-generic_rep2,resources,b36e4481b675,True,0.97,none,True,True,0.96,True,propagated from rep1,True,Base (shared descriptive slots)
CM4AI,v1,3,2026-07-28_claude-opus-5-generic_rep3,id,79954471ac13,True,0.85,none,True,True,0.8,True,propagated from rep1,True,Core/other
CM4AI,v1,3,2026-07-28_claude-opus-5-generic_rep3,name,01a509ad99b4,True,0.85,none,True,True,1.0,True,propagated from rep1,True,Core/other
CM4AI,v1,3,2026-07-28_claude-opus-5-generic_rep3,title,949a23ba3156,True,1.0,none,True,True,0.9,True,propagated from rep1,True,Base (shared descriptive slots)
CM4AI,v1,3,2026-07-28_claude-opus-5-generic_rep3,description,fa69d8e2ca16,True,1.0,none,True,True,0.85,True,propagated from rep1,True,Core/other
CM4AI,v1,3,2026-07-28_claude-opus-5-generic_rep3,license,8d84b27b8a46,True,0.85,none,True,True,1.0,True,propagated from rep1,False,Base (shared descriptive slots)
CM4AI,v1,3,2026-07-28_claude-opus-5-generic_rep3,publisher,d886fa6e7510,True,0.85,none,True,True,0.9,True,propagated from rep1,False,Base (shared descriptive slots)
CM4AI,v1,3,2026-07-28_claude-opus-5-generic_rep3,page,79954471ac13,True,0.95,none,True,True,1.0,True,propagated from rep1,False,Base (shared descriptive slots)
CM4AI,v1,3,2026-07-28_claude-opus-5-generic_rep3,language,50eac10e7966,True,0.95,none,True,True,0.5,False,propagated from rep1,False,Base (shared descriptive slots)
CM4AI,v1,3,2026-07-28_claude-opus-5-generic_rep3,status,62bbb4a4ad84,True,0.7,form,False,True,0.98,True,propagated from rep1,True,Base (shared descriptive slots)
CM4AI,v1,3,2026-07-28_claude-opus-5-generic_rep3,citation,b49796ac87a3,True,0.45,form,False,True,0.95,True,propagated from rep1,True,Core/other
CM4AI,v1,3,2026-07-28_claude-opus-5-generic_rep3,conforms_to,fe0908c5ef46,True,0.85,none,True,True,1.0,True,propagated from rep1,True,Base (shared descriptive slots)
CM4AI,v1,3,2026-07-28_claude-opus-5-generic_rep3,conforms_to_schema,4f5cbcd318d9,True,0.8,none,True,True,1.0,True,judged on this replicate,,Base (shared descriptive slots)
CM4AI,v1,3,2026-07-28_claude-opus-5-generic_rep3,keywords,846be09c6012,True,0.98,none,True,True,1.0,True,propagated from rep1,False,Base (shared descriptive slots)
CM4AI,v1,3,2026-07-28_claude-opus-5-generic_rep3,purposes,b9c3b34a080f,True,1.0,none,True,True,1.0,True,propagated from rep1,True,Motivation
CM4AI,v1,3,2026-07-28_claude-opus-5-generic_rep3,tasks,eb2b0e6c35e5,True,0.85,none,True,True,0.97,True,propagated from rep1,True,Motivation
CM4AI,v1,3,2026-07-28_claude-opus-5-generic_rep3,addressing_gaps,38b9fe366127,True,0.9,none,True,True,1.0,True,propagated from rep1,True,Motivation
CM4AI,v1,3,2026-07-28_claude-opus-5-generic_rep3,creators,7cb21f7a655a,True,0.95,none,True,True,0.95,True,propagated from rep1,True,Motivation
CM4AI,v1,3,2026-07-28_claude-opus-5-generic_rep3,funders,d9ce54922237,True,0.95,none,True,True,1.0,True,propagated from rep1,True,Motivation
CM4AI,v1,3,2026-07-28_claude-opus-5-generic_rep3,instances,398b09c1b06f,True,0.92,none,True,True,0.92,True,propagated from rep1,True,Composition
CM4AI,v1,3,2026-07-28_claude-opus-5-generic_rep3,subsets,3b1cf58d6c03,True,0.95,none,True,True,0.97,True,judged on this replicate,,Core/other
CM4AI,v1,3,2026-07-28_claude-opus-5-generic_rep3,relationships,e0129cc103fe,True,0.5,target,False,True,0.95,True,propagated from rep1,True,Composition
CM4AI,v1,3,2026-07-28_claude-opus-5-generic_rep3,subpopulations,5613e4a035d5,True,0.85,none,True,True,0.95,True,judged on this replicate,,Composition
CM4AI,v1,3,2026-07-28_claude-opus-5-generic_rep3,sensitive_elements,3bf4663be552,True,0.75,none,True,True,0.9,True,propagated from rep1,True,Composition
CM4AI,v1,3,2026-07-28_claude-opus-5-generic_rep3,confidential_elements,a24f495fdefd,True,0.75,none,True,True,0.97,True,judged on this replicate,,Composition
CM4AI,v1,3,2026-07-28_claude-opus-5-generic_rep3,anomalies,446aeccf1d2c,True,0.9,none,True,True,0.95,True,judged on this replicate,,Composition
CM4AI,v1,3,2026-07-28_claude-opus-5-generic_rep3,known_biases,f6631a019d9b,True,0.95,none,True,True,0.95,True,propagated from rep1,True,Composition
CM4AI,v1,3,2026-07-28_claude-opus-5-generic_rep3,known_limitations,9b5ba251f30c,True,0.97,none,True,True,1.0,True,propagated from rep1,True,Composition
CM4AI,v1,3,2026-07-28_claude-opus-5-generic_rep3,missing_data_documentation,592de613c8ed,True,0.95,none,True,True,0.98,True,propagated from rep1,True,Collection
CM4AI,v1,3,2026-07-28_claude-opus-5-generic_rep3,acquisition_methods,23489e7b20c5,True,0.85,none,True,True,0.95,True,propagated from rep1,True,Collection
CM4AI,v1,3,2026-07-28_claude-opus-5-generic_rep3,collection_mechanisms,dce6c1de25a7,True,0.97,none,True,True,1.0,True,propagated from rep1,True,Collection
CM4AI,v1,3,2026-07-28_claude-opus-5-generic_rep3,sampling_strategies,d1fb82141e06,True,0.95,none,True,True,0.97,True,propagated from rep1,True,Composition
CM4AI,v1,3,2026-07-28_claude-opus-5-generic_rep3,data_collectors,bf3f5f88e989,True,0.95,none,True,True,0.9,True,propagated from rep1,True,Collection
CM4AI,v1,3,2026-07-28_claude-opus-5-generic_rep3,collection_timeframes,258311109d9c,True,0.75,target,False,True,0.97,True,propagated from rep1,True,Collection
CM4AI,v1,3,2026-07-28_claude-opus-5-generic_rep3,direct_collection,c40654bfcc99,True,0.95,none,True,True,0.95,True,judged on this replicate,,Collection
CM4AI,v1,3,2026-07-28_claude-opus-5-generic_rep3,collection_consents,b0ea3cf7b952,True,0.55,target,False,True,0.9,True,propagated from rep1,True,Ethics
CM4AI,v1,3,2026-07-28_claude-opus-5-generic_rep3,raw_data_sources,7d5df43ea750,True,0.97,none,True,True,0.97,True,propagated from rep1,True,Collection
CM4AI,v1,3,2026-07-28_claude-opus-5-generic_rep3,raw_sources,56f396d2119b,True,0.9,none,True,True,0.95,True,propagated from rep1,True,Preprocessing
CM4AI,v1,3,2026-07-28_claude-opus-5-generic_rep3,preprocessing_strategies,b03b274416d6,True,0.85,none,True,True,0.97,True,propagated from rep1,True,Preprocessing
CM4AI,v1,3,2026-07-28_claude-opus-5-generic_rep3,cleaning_strategies,2dbb689e9f65,True,0.5,substance,False,True,0.95,True,propagated from rep1,True,Preprocessing
CM4AI,v1,3,2026-07-28_claude-opus-5-generic_rep3,labeling_strategies,b725557a1097,True,0.75,none,True,True,1.0,True,propagated from rep1,True,Preprocessing
CM4AI,v1,3,2026-07-28_claude-opus-5-generic_rep3,machine_annotation_tools,1e36e9fc479e,True,0.9,none,True,True,0.97,True,propagated from rep1,True,Preprocessing
CM4AI,v1,3,2026-07-28_claude-opus-5-generic_rep3,existing_uses,bad7ad7aba0f,True,0.75,target,False,True,1.0,True,propagated from rep1,True,Uses
CM4AI,v1,3,2026-07-28_claude-opus-5-generic_rep3,use_repository,3bf1b8634f0d,True,0.55,target,False,True,1.0,True,propagated from rep1,True,Uses
CM4AI,v1,3,2026-07-28_claude-opus-5-generic_rep3,other_tasks,22c8d618b689,True,0.9,none,True,True,0.98,True,judged on this replicate,,Uses
CM4AI,v1,3,2026-07-28_claude-opus-5-generic_rep3,intended_uses,09a1d0754c9b,True,0.7,form,False,True,1.0,True,propagated from rep1,True,Uses
CM4AI,v1,3,2026-07-28_claude-opus-5-generic_rep3,discouraged_uses,b0da38d13671,True,0.8,none,True,True,0.97,True,judged on this replicate,,Uses
CM4AI,v1,3,2026-07-28_claude-opus-5-generic_rep3,prohibited_uses,46b31be1f8bf,True,0.95,none,True,True,1.0,True,propagated from rep1,True,Uses
CM4AI,v1,3,2026-07-28_claude-opus-5-generic_rep3,future_use_impacts,a33dadb28da1,True,0.75,target,False,True,1.0,True,propagated from rep1,True,Uses
CM4AI,v1,3,2026-07-28_claude-opus-5-generic_rep3,distribution_formats,148b61b817b0,True,0.95,none,True,True,0.97,True,propagated from rep1,True,Distribution
CM4AI,v1,3,2026-07-28_claude-opus-5-generic_rep3,distribution_dates,020fcf75cd88,True,0.7,form,False,True,0.98,True,propagated from rep1,True,Distribution
CM4AI,v1,3,2026-07-28_claude-opus-5-generic_rep3,third_party_sharing,27d002a4a65a,True,0.9,none,True,True,1.0,True,propagated from rep1,True,Distribution
CM4AI,v1,3,2026-07-28_claude-opus-5-generic_rep3,license_and_use_terms,b470a2e97382,True,0.95,none,True,True,0.98,True,propagated from rep1,True,Data_Governance
CM4AI,v1,3,2026-07-28_claude-opus-5-generic_rep3,ip_restrictions,0a120007802c,True,0.95,none,True,True,1.0,True,propagated from rep1,True,Data_Governance
CM4AI,v1,3,2026-07-28_claude-opus-5-generic_rep3,regulatory_restrictions,bd790ec2e3ca,True,0.85,none,True,True,0.98,True,propagated from rep1,True,Data_Governance
CM4AI,v1,3,2026-07-28_claude-opus-5-generic_rep3,ethical_reviews,e2a2207db794,True,0.75,target,False,True,0.97,True,propagated from rep1,True,Ethics
CM4AI,v1,3,2026-07-28_claude-opus-5-generic_rep3,data_protection_impacts,55ad7f4db352,True,0.5,target,False,True,1.0,True,judged on this replicate,,Ethics
CM4AI,v1,3,2026-07-28_claude-opus-5-generic_rep3,human_subject_research,7aefa3fe4e35,True,0.9,none,True,True,0.98,True,propagated from rep1,True,Human
CM4AI,v1,3,2026-07-28_claude-opus-5-generic_rep3,informed_consent,e995da3d3224,True,0.75,none,True,True,0.97,True,judged on this replicate,,Human
CM4AI,v1,3,2026-07-28_claude-opus-5-generic_rep3,at_risk_populations,c6b59df9fdd3,True,0.9,none,True,True,0.9,True,judged on this replicate,,Human
CM4AI,v1,3,2026-07-28_claude-opus-5-generic_rep3,participant_privacy,fccd2cd1dfab,True,0.85,none,True,True,0.97,True,judged on this replicate,,Human
CM4AI,v1,3,2026-07-28_claude-opus-5-generic_rep3,is_deidentified,216dfb9123be,True,0.9,none,True,True,0.98,True,propagated from rep1,True,Composition
CM4AI,v1,3,2026-07-28_claude-opus-5-generic_rep3,maintainers,f0f515ffa322,True,0.95,none,True,True,0.92,True,propagated from rep1,True,Maintenance
CM4AI,v1,3,2026-07-28_claude-opus-5-generic_rep3,updates,31f6b8d6e7e7,True,0.9,none,True,True,1.0,True,propagated from rep1,True,Maintenance
CM4AI,v1,3,2026-07-28_claude-opus-5-generic_rep3,retention_limit,8e209d2e30d2,True,0.85,none,True,True,0.95,True,propagated from rep1,True,Maintenance
CM4AI,v1,3,2026-07-28_claude-opus-5-generic_rep3,version_access,05efce245f55,True,0.97,none,True,True,0.97,True,propagated from rep1,True,Maintenance
CM4AI,v1,3,2026-07-28_claude-opus-5-generic_rep3,errata,c784c9b9eaa7,True,0.85,none,True,True,0.95,True,propagated from rep1,True,Maintenance
CM4AI,v1,3,2026-07-28_claude-opus-5-generic_rep3,external_resources,fcfb7b5f7baf,True,0.8,form,False,True,0.95,True,propagated from rep1,True,Base (shared descriptive slots)
CM4AI,v1,3,2026-07-28_claude-opus-5-generic_rep3,related_datasets,db7abb9e218e,True,0.95,none,True,True,0.95,True,propagated from rep1,True,Composition
CM4AI,v1,3,2026-07-28_claude-opus-5-generic_rep3,resources,a31d5a394aa5,True,0.98,none,True,True,0.96,True,propagated from rep1,True,Base (shared descriptive slots)
CM4AI,v2,1,2026-07-31_claude-opus-5-generic-v2_rep1,id,d15e7ff48c27,True,1.0,none,True,False,,,,,Core/other
CM4AI,v2,1,2026-07-31_claude-opus-5-generic-v2_rep1,name,e27f878f6661,True,1.0,none,True,False,,,,,Core/other
CM4AI,v2,1,2026-07-31_claude-opus-5-generic-v2_rep1,title,e27f878f6661,True,1.0,none,True,False,,,,,Base (shared descriptive slots)
CM4AI,v2,1,2026-07-31_claude-opus-5-generic-v2_rep1,description,95e9d8dc4250,True,0.95,none,True,False,,,,,Core/other
CM4AI,v2,1,2026-07-31_claude-opus-5-generic-v2_rep1,doi,305c34883ebc,True,1.0,none,True,False,,,,,Base (shared descriptive slots)
CM4AI,v2,1,2026-07-31_claude-opus-5-generic-v2_rep1,version,86169bcf4239,True,1.0,none,True,False,,,,,Base (shared descriptive slots)
CM4AI,v2,1,2026-07-31_claude-opus-5-generic-v2_rep1,issued,888de0656b6e,True,1.0,none,True,False,,,,,Base (shared descriptive slots)
CM4AI,v2,1,2026-07-31_claude-opus-5-generic-v2_rep1,last_updated_on,6857854fc786,True,1.0,none,True,False,,,,,Base (shared descriptive slots)
CM4AI,v2,1,2026-07-31_claude-opus-5-generic-v2_rep1,status,97aaf1138a0e,True,0.75,form,False,False,,,,,Base (shared descriptive slots)
CM4AI,v2,1,2026-07-31_claude-opus-5-generic-v2_rep1,language,50eac10e7966,True,0.95,none,True,False,,,,,Base (shared descriptive slots)
CM4AI,v2,1,2026-07-31_claude-opus-5-generic-v2_rep1,license,942131d7b6b2,True,1.0,none,True,False,,,,,Base (shared descriptive slots)
CM4AI,v2,1,2026-07-31_claude-opus-5-generic-v2_rep1,page,66cee13e1c7c,True,1.0,none,True,False,,,,,Base (shared descriptive slots)
CM4AI,v2,1,2026-07-31_claude-opus-5-generic-v2_rep1,publisher,6a618da987bf,True,0.85,none,True,False,,,,,Base (shared descriptive slots)
CM4AI,v2,1,2026-07-31_claude-opus-5-generic-v2_rep1,conforms_to,79d9e29081b8,True,0.85,none,True,False,,,,,Base (shared descriptive slots)
CM4AI,v2,1,2026-07-31_claude-opus-5-generic-v2_rep1,is_tabular,fcbcf165908d,True,1.0,none,True,False,,,,,Core/other
CM4AI,v2,1,2026-07-31_claude-opus-5-generic-v2_rep1,compression,732dc7ead24d,True,1.0,none,True,False,,,,,Base (shared descriptive slots)
CM4AI,v2,1,2026-07-31_claude-opus-5-generic-v2_rep1,total_file_count,4a44dc153642,True,1.0,none,True,False,,,,,Core/other
CM4AI,v2,1,2026-07-31_claude-opus-5-generic-v2_rep1,citation,a0439f626e50,True,1.0,none,True,False,,,,,Core/other
CM4AI,v2,1,2026-07-31_claude-opus-5-generic-v2_rep1,keywords,846be09c6012,True,0.98,none,True,False,,,,,Base (shared descriptive slots)
CM4AI,v2,1,2026-07-31_claude-opus-5-generic-v2_rep1,file_collections,080e394496c3,True,0.95,none,True,False,,,,,FileCollection
CM4AI,v2,1,2026-07-31_claude-opus-5-generic-v2_rep1,creators,2d17fe16c3cf,True,0.8,none,True,False,,,,,Motivation
CM4AI,v2,1,2026-07-31_claude-opus-5-generic-v2_rep1,funders,ff7c226a7d90,True,0.9,none,True,False,,,,,Motivation
CM4AI,v2,1,2026-07-31_claude-opus-5-generic-v2_rep1,maintainers,3b6ec1bcf434,True,0.95,none,True,False,,,,,Maintenance
CM4AI,v2,1,2026-07-31_claude-opus-5-generic-v2_rep1,purposes,e1e8f4a3ddab,True,0.95,none,True,False,,,,,Motivation
CM4AI,v2,1,2026-07-31_claude-opus-5-generic-v2_rep1,addressing_gaps,965e97d9d761,True,1.0,none,True,False,,,,,Motivation
CM4AI,v2,1,2026-07-31_claude-opus-5-generic-v2_rep1,tasks,cc8e55bfe3db,True,1.0,none,True,False,,,,,Motivation
CM4AI,v2,1,2026-07-31_claude-opus-5-generic-v2_rep1,intended_uses,811cc28e3d59,True,0.85,none,True,False,,,,,Uses
CM4AI,v2,1,2026-07-31_claude-opus-5-generic-v2_rep1,discouraged_uses,6dde9d672a58,True,0.95,none,True,False,,,,,Uses
CM4AI,v2,1,2026-07-31_claude-opus-5-generic-v2_rep1,prohibited_uses,99935a896f77,True,1.0,none,True,False,,,,,Uses
CM4AI,v2,1,2026-07-31_claude-opus-5-generic-v2_rep1,known_limitations,875565255497,True,0.95,none,True,False,,,,,Composition
CM4AI,v2,1,2026-07-31_claude-opus-5-generic-v2_rep1,known_biases,81572b38b424,True,0.85,none,True,False,,,,,Composition
CM4AI,v2,1,2026-07-31_claude-opus-5-generic-v2_rep1,anomalies,41913c7e3478,True,0.95,none,True,False,,,,,Composition
CM4AI,v2,1,2026-07-31_claude-opus-5-generic-v2_rep1,subpopulations,46268f5976f7,True,0.75,none,True,False,,,,,Composition
CM4AI,v2,1,2026-07-31_claude-opus-5-generic-v2_rep1,instances,e178caf94098,True,0.85,none,True,False,,,,,Composition
CM4AI,v2,1,2026-07-31_claude-opus-5-generic-v2_rep1,relationships,816bb2805f54,True,0.9,none,True,False,,,,,Composition
CM4AI,v2,1,2026-07-31_claude-opus-5-generic-v2_rep1,subsets,444eaad88fcd,True,0.95,none,True,False,,,,,Core/other
CM4AI,v2,1,2026-07-31_claude-opus-5-generic-v2_rep1,errata,b947badfb186,True,0.9,none,True,False,,,,,Maintenance
CM4AI,v2,1,2026-07-31_claude-opus-5-generic-v2_rep1,preprocessing_strategies,419b08660977,True,0.78,target,False,False,,,,,Preprocessing
CM4AI,v2,1,2026-07-31_claude-opus-5-generic-v2_rep1,labeling_strategies,80f8d555d427,True,0.85,none,True,False,,,,,Preprocessing
CM4AI,v2,1,2026-07-31_claude-opus-5-generic-v2_rep1,machine_annotation_tools,6d80d5fddcaa,True,0.95,none,True,False,,,,,Preprocessing
CM4AI,v2,1,2026-07-31_claude-opus-5-generic-v2_rep1,missing_data_documentation,01bc591293e5,True,0.9,none,True,False,,,,,Collection
CM4AI,v2,1,2026-07-31_claude-opus-5-generic-v2_rep1,raw_data_sources,7dcddc2088d4,True,0.85,none,True,False,,,,,Collection
CM4AI,v2,1,2026-07-31_claude-opus-5-generic-v2_rep1,acquisition_methods,28e9341aee82,True,0.95,none,True,False,,,,,Collection
CM4AI,v2,1,2026-07-31_claude-opus-5-generic-v2_rep1,collection_mechanisms,482b237b2bb2,True,0.95,none,True,False,,,,,Collection
CM4AI,v2,1,2026-07-31_claude-opus-5-generic-v2_rep1,collection_timeframes,229e24f98c21,True,0.5,form,False,False,,,,,Collection
CM4AI,v2,1,2026-07-31_claude-opus-5-generic-v2_rep1,data_collectors,f6389923bf2c,True,0.95,none,True,False,,,,,Collection
CM4AI,v2,1,2026-07-31_claude-opus-5-generic-v2_rep1,direct_collection,763a0dc22585,True,0.85,none,True,False,,,,,Collection
CM4AI,v2,1,2026-07-31_claude-opus-5-generic-v2_rep1,sampling_strategies,29d1d917d923,True,0.95,none,True,False,,,,,Composition
CM4AI,v2,1,2026-07-31_claude-opus-5-generic-v2_rep1,human_subject_research,fbf77dbc19a2,True,0.85,none,True,False,,,,,Human
CM4AI,v2,1,2026-07-31_claude-opus-5-generic-v2_rep1,is_deidentified,0b4d37e8053c,True,0.85,none,True,False,,,,,Composition
CM4AI,v2,1,2026-07-31_claude-opus-5-generic-v2_rep1,sensitive_elements,884c54809587,True,0.8,none,True,False,,,,,Composition
CM4AI,v2,1,2026-07-31_claude-opus-5-generic-v2_rep1,ethical_reviews,c92a2cfabe98,True,0.7,target,False,False,,,,,Ethics
CM4AI,v2,1,2026-07-31_claude-opus-5-generic-v2_rep1,confidential_elements,58ec63a77c8f,True,0.85,none,True,False,,,,,Composition
CM4AI,v2,1,2026-07-31_claude-opus-5-generic-v2_rep1,license_and_use_terms,1108a58439bf,True,0.95,none,True,False,,,,,Data_Governance
CM4AI,v2,1,2026-07-31_claude-opus-5-generic-v2_rep1,ip_restrictions,a3f42f580921,True,0.9,none,True,False,,,,,Data_Governance
CM4AI,v2,1,2026-07-31_claude-opus-5-generic-v2_rep1,regulatory_restrictions,584f5e964e69,True,0.85,none,True,False,,,,,Data_Governance
CM4AI,v2,1,2026-07-31_claude-opus-5-generic-v2_rep1,distribution_formats,041bdc846c76,True,0.95,none,True,False,,,,,Distribution
CM4AI,v2,1,2026-07-31_claude-opus-5-generic-v2_rep1,distribution_dates,8da7fcd967dd,True,0.8,form,False,False,,,,,Distribution
CM4AI,v2,1,2026-07-31_claude-opus-5-generic-v2_rep1,third_party_sharing,4eff37d3f5a3,True,0.9,none,True,False,,,,,Distribution
CM4AI,v2,1,2026-07-31_claude-opus-5-generic-v2_rep1,version_access,1f534e286171,True,0.9,none,True,False,,,,,Maintenance
CM4AI,v2,1,2026-07-31_claude-opus-5-generic-v2_rep1,updates,098ea7bc67a0,True,0.85,none,True,False,,,,,Maintenance
CM4AI,v2,1,2026-07-31_claude-opus-5-generic-v2_rep1,retention_limit,025618cd7fb1,True,0.9,none,True,False,,,,,Maintenance
CM4AI,v2,1,2026-07-31_claude-opus-5-generic-v2_rep1,existing_uses,fedce283834f,True,0.95,none,True,False,,,,,Uses
CM4AI,v2,1,2026-07-31_claude-opus-5-generic-v2_rep1,other_tasks,4d2c20601a2b,True,0.95,none,True,False,,,,,Uses
CM4AI,v2,1,2026-07-31_claude-opus-5-generic-v2_rep1,future_use_impacts,959133468d77,True,0.95,none,True,False,,,,,Uses
CM4AI,v2,1,2026-07-31_claude-opus-5-generic-v2_rep1,use_repository,ab32e25dc5d6,True,0.75,none,True,False,,,,,Uses
CM4AI,v2,1,2026-07-31_claude-opus-5-generic-v2_rep1,external_resources,8465bd53d5f8,True,0.9,none,True,False,,,,,Base (shared descriptive slots)
CM4AI,v2,2,2026-07-31_claude-opus-5-generic-v2_rep2,id,d15e7ff48c27,True,1.0,none,True,False,,,,,Core/other
CM4AI,v2,2,2026-07-31_claude-opus-5-generic-v2_rep2,name,e27f878f6661,True,1.0,none,True,False,,,,,Core/other
CM4AI,v2,2,2026-07-31_claude-opus-5-generic-v2_rep2,title,e27f878f6661,True,1.0,none,True,False,,,,,Base (shared descriptive slots)
CM4AI,v2,2,2026-07-31_claude-opus-5-generic-v2_rep2,description,3532db67655a,True,1.0,none,True,False,,,,,Core/other
CM4AI,v2,2,2026-07-31_claude-opus-5-generic-v2_rep2,doi,305c34883ebc,True,1.0,none,True,False,,,,,Base (shared descriptive slots)
CM4AI,v2,2,2026-07-31_claude-opus-5-generic-v2_rep2,version,86169bcf4239,True,1.0,none,True,False,,,,,Base (shared descriptive slots)
CM4AI,v2,2,2026-07-31_claude-opus-5-generic-v2_rep2,issued,888de0656b6e,True,1.0,none,True,False,,,,,Base (shared descriptive slots)
CM4AI,v2,2,2026-07-31_claude-opus-5-generic-v2_rep2,created_on,cfb3fdd528be,True,1.0,none,True,False,,,,,Base (shared descriptive slots)
CM4AI,v2,2,2026-07-31_claude-opus-5-generic-v2_rep2,last_updated_on,6857854fc786,True,1.0,none,True,False,,,,,Base (shared descriptive slots)
CM4AI,v2,2,2026-07-31_claude-opus-5-generic-v2_rep2,created_by,e273fea78152,True,0.95,none,True,False,,,,,Base (shared descriptive slots)
CM4AI,v2,2,2026-07-31_claude-opus-5-generic-v2_rep2,license,942131d7b6b2,True,1.0,none,True,False,,,,,Base (shared descriptive slots)
CM4AI,v2,2,2026-07-31_claude-opus-5-generic-v2_rep2,publisher,6a618da987bf,True,0.85,none,True,False,,,,,Base (shared descriptive slots)
CM4AI,v2,2,2026-07-31_claude-opus-5-generic-v2_rep2,page,66cee13e1c7c,True,1.0,none,True,False,,,,,Base (shared descriptive slots)
CM4AI,v2,2,2026-07-31_claude-opus-5-generic-v2_rep2,status,bfbb674da490,True,0.6,form,False,False,,,,,Base (shared descriptive slots)
CM4AI,v2,2,2026-07-31_claude-opus-5-generic-v2_rep2,citation,a0439f626e50,True,1.0,none,True,False,,,,,Core/other
CM4AI,v2,2,2026-07-31_claude-opus-5-generic-v2_rep2,conforms_to,1886b78fc351,True,0.9,none,True,False,,,,,Base (shared descriptive slots)
CM4AI,v2,2,2026-07-31_claude-opus-5-generic-v2_rep2,conforms_to_schema,151ad96429b7,True,0.85,none,True,False,,,,,Base (shared descriptive slots)
CM4AI,v2,2,2026-07-31_claude-opus-5-generic-v2_rep2,is_tabular,fcbcf165908d,True,1.0,none,True,False,,,,,Core/other
CM4AI,v2,2,2026-07-31_claude-opus-5-generic-v2_rep2,compression,732dc7ead24d,True,1.0,none,True,False,,,,,Base (shared descriptive slots)
CM4AI,v2,2,2026-07-31_claude-opus-5-generic-v2_rep2,total_file_count,4a44dc153642,True,1.0,none,True,False,,,,,Core/other
CM4AI,v2,2,2026-07-31_claude-opus-5-generic-v2_rep2,was_derived_from,5ad82709f94b,True,0.75,form,False,False,,,,,Base (shared descriptive slots)
CM4AI,v2,2,2026-07-31_claude-opus-5-generic-v2_rep2,keywords,846be09c6012,True,0.98,none,True,False,,,,,Base (shared descriptive slots)
CM4AI,v2,2,2026-07-31_claude-opus-5-generic-v2_rep2,creators,405886bfae9b,True,0.85,none,True,False,,,,,Motivation
CM4AI,v2,2,2026-07-31_claude-opus-5-generic-v2_rep2,funders,f95384512f21,True,0.85,none,True,False,,,,,Motivation
CM4AI,v2,2,2026-07-31_claude-opus-5-generic-v2_rep2,maintainers,b348733873dd,True,0.95,none,True,False,,,,,Maintenance
CM4AI,v2,2,2026-07-31_claude-opus-5-generic-v2_rep2,purposes,e63e29f17c1e,True,0.95,none,True,False,,,,,Motivation
CM4AI,v2,2,2026-07-31_claude-opus-5-generic-v2_rep2,addressing_gaps,2c037ca491ff,True,1.0,none,True,False,,,,,Motivation
CM4AI,v2,2,2026-07-31_claude-opus-5-generic-v2_rep2,tasks,5c8f46e853c3,True,1.0,none,True,False,,,,,Motivation
CM4AI,v2,2,2026-07-31_claude-opus-5-generic-v2_rep2,intended_uses,f46544550f86,True,0.85,none,True,False,,,,,Uses
CM4AI,v2,2,2026-07-31_claude-opus-5-generic-v2_rep2,prohibited_uses,5350aa39c0ec,True,0.95,none,True,False,,,,,Uses
CM4AI,v2,2,2026-07-31_claude-opus-5-generic-v2_rep2,discouraged_uses,8c9e01e70a48,True,0.9,none,True,False,,,,,Uses
CM4AI,v2,2,2026-07-31_claude-opus-5-generic-v2_rep2,known_limitations,c08d87e50690,True,0.95,none,True,False,,,,,Composition
CM4AI,v2,2,2026-07-31_claude-opus-5-generic-v2_rep2,known_biases,1a46a68fb3c3,True,0.85,none,True,False,,,,,Composition
CM4AI,v2,2,2026-07-31_claude-opus-5-generic-v2_rep2,is_deidentified,f99dc59cf77f,True,0.85,none,True,False,,,,,Composition
CM4AI,v2,2,2026-07-31_claude-opus-5-generic-v2_rep2,human_subject_research,436a0d02c3e7,True,0.8,none,True,False,,,,,Human
CM4AI,v2,2,2026-07-31_claude-opus-5-generic-v2_rep2,ethical_reviews,01e361493b64,True,0.7,target,False,False,,,,,Ethics
CM4AI,v2,2,2026-07-31_claude-opus-5-generic-v2_rep2,confidential_elements,54d9817de8c7,True,0.85,none,True,False,,,,,Composition
CM4AI,v2,2,2026-07-31_claude-opus-5-generic-v2_rep2,acquisition_methods,733f0aab1789,True,0.95,none,True,False,,,,,Collection
CM4AI,v2,2,2026-07-31_claude-opus-5-generic-v2_rep2,collection_mechanisms,7b1ec4dda8b5,True,0.95,none,True,False,,,,,Collection
CM4AI,v2,2,2026-07-31_claude-opus-5-generic-v2_rep2,data_collectors,04b958183aea,True,0.85,none,True,False,,,,,Collection
CM4AI,v2,2,2026-07-31_claude-opus-5-generic-v2_rep2,direct_collection,849c3eca15fc,True,0.85,none,True,False,,,,,Collection
CM4AI,v2,2,2026-07-31_claude-opus-5-generic-v2_rep2,collection_timeframes,ba5cef6c5020,True,0.5,form,False,False,,,,,Collection
CM4AI,v2,2,2026-07-31_claude-opus-5-generic-v2_rep2,sampling_strategies,557069237632,True,0.9,none,True,False,,,,,Composition
CM4AI,v2,2,2026-07-31_claude-opus-5-generic-v2_rep2,instances,581fddd6bdcc,True,0.9,none,True,False,,,,,Composition
CM4AI,v2,2,2026-07-31_claude-opus-5-generic-v2_rep2,subpopulations,026a15afa7bb,True,0.85,none,True,False,,,,,Composition
CM4AI,v2,2,2026-07-31_claude-opus-5-generic-v2_rep2,relationships,24a32cd9a23c,True,0.9,none,True,False,,,,,Composition
CM4AI,v2,2,2026-07-31_claude-opus-5-generic-v2_rep2,variables,6cb4947e4c19,True,0.95,none,True,False,,,,,Variables
CM4AI,v2,2,2026-07-31_claude-opus-5-generic-v2_rep2,raw_data_sources,a51821fd2fbf,True,0.85,none,True,False,,,,,Collection
CM4AI,v2,2,2026-07-31_claude-opus-5-generic-v2_rep2,preprocessing_strategies,2f2aa6625572,True,0.8,none,True,False,,,,,Preprocessing
CM4AI,v2,2,2026-07-31_claude-opus-5-generic-v2_rep2,cleaning_strategies,3d15361c1981,True,0.7,substance,False,False,,,,,Preprocessing
CM4AI,v2,2,2026-07-31_claude-opus-5-generic-v2_rep2,labeling_strategies,868f7bafeb1b,True,0.85,none,True,False,,,,,Preprocessing
CM4AI,v2,2,2026-07-31_claude-opus-5-generic-v2_rep2,annotation_analyses,49a9bb203fc8,True,0.65,substance,False,False,,,,,Preprocessing
CM4AI,v2,2,2026-07-31_claude-opus-5-generic-v2_rep2,machine_annotation_tools,f64714be04c0,True,0.9,none,True,False,,,,,Preprocessing
CM4AI,v2,2,2026-07-31_claude-opus-5-generic-v2_rep2,missing_data_documentation,c7934adbbbe7,True,0.85,none,True,False,,,,,Collection
CM4AI,v2,2,2026-07-31_claude-opus-5-generic-v2_rep2,anomalies,68245a702ad1,True,0.95,none,True,False,,,,,Composition
CM4AI,v2,2,2026-07-31_claude-opus-5-generic-v2_rep2,errata,1330f1d7d56d,True,0.75,target,False,False,,,,,Maintenance
CM4AI,v2,2,2026-07-31_claude-opus-5-generic-v2_rep2,existing_uses,4c8b11a3cf86,True,0.95,none,True,False,,,,,Uses
CM4AI,v2,2,2026-07-31_claude-opus-5-generic-v2_rep2,other_tasks,ed5d41f01259,True,0.9,none,True,False,,,,,Uses
CM4AI,v2,2,2026-07-31_claude-opus-5-generic-v2_rep2,future_use_impacts,eb3acee9a8cb,True,0.9,none,True,False,,,,,Uses
CM4AI,v2,2,2026-07-31_claude-opus-5-generic-v2_rep2,use_repository,f2df0343c29c,True,0.7,target,False,False,,,,,Uses
CM4AI,v2,2,2026-07-31_claude-opus-5-generic-v2_rep2,external_resources,dba812b7211f,True,0.95,none,True,False,,,,,Base (shared descriptive slots)
CM4AI,v2,2,2026-07-31_claude-opus-5-generic-v2_rep2,file_collections,99e8d96dfd13,True,0.95,none,True,False,,,,,FileCollection
CM4AI,v2,2,2026-07-31_claude-opus-5-generic-v2_rep2,distribution_formats,00e927a355be,True,0.85,none,True,False,,,,,Distribution
CM4AI,v2,2,2026-07-31_claude-opus-5-generic-v2_rep2,distribution_dates,b214d8867f32,True,0.75,form,False,False,,,,,Distribution
CM4AI,v2,2,2026-07-31_claude-opus-5-generic-v2_rep2,third_party_sharing,05099d5088f5,True,0.9,none,True,False,,,,,Distribution
CM4AI,v2,2,2026-07-31_claude-opus-5-generic-v2_rep2,version_access,c93ba75a4d01,True,0.9,none,True,False,,,,,Maintenance
CM4AI,v2,2,2026-07-31_claude-opus-5-generic-v2_rep2,updates,1d4eca90e7bb,True,0.85,none,True,False,,,,,Maintenance
CM4AI,v2,2,2026-07-31_claude-opus-5-generic-v2_rep2,retention_limit,e5c68620b2f3,True,0.85,none,True,False,,,,,Maintenance
CM4AI,v2,2,2026-07-31_claude-opus-5-generic-v2_rep2,license_and_use_terms,f147e1f65720,True,1.0,none,True,False,,,,,Data_Governance
CM4AI,v2,2,2026-07-31_claude-opus-5-generic-v2_rep2,ip_restrictions,dcf4e19114aa,True,0.95,none,True,False,,,,,Data_Governance
CM4AI,v2,2,2026-07-31_claude-opus-5-generic-v2_rep2,regulatory_restrictions,44576e288982,True,0.85,none,True,False,,,,,Data_Governance
CM4AI,v2,2,2026-07-31_claude-opus-5-generic-v2_rep2,extension_mechanism,7214428ee1ab,True,0.8,none,True,False,,,,,Maintenance
CM4AI,v2,3,2026-07-31_claude-opus-5-generic-v2_rep3,id,d15e7ff48c27,True,1.0,none,True,False,,,,,Core/other
CM4AI,v2,3,2026-07-31_claude-opus-5-generic-v2_rep3,name,09238b0cef1c,True,1.0,none,True,False,,,,,Core/other
CM4AI,v2,3,2026-07-31_claude-opus-5-generic-v2_rep3,title,e27f878f6661,True,1.0,none,True,False,,,,,Base (shared descriptive slots)
CM4AI,v2,3,2026-07-31_claude-opus-5-generic-v2_rep3,description,b6b6d2333b5d,True,0.95,none,True,False,,,,,Core/other
CM4AI,v2,3,2026-07-31_claude-opus-5-generic-v2_rep3,doi,305c34883ebc,True,1.0,none,True,False,,,,,Base (shared descriptive slots)
CM4AI,v2,3,2026-07-31_claude-opus-5-generic-v2_rep3,page,66cee13e1c7c,True,1.0,none,True,False,,,,,Base (shared descriptive slots)
CM4AI,v2,3,2026-07-31_claude-opus-5-generic-v2_rep3,version,86169bcf4239,True,1.0,none,True,False,,,,,Base (shared descriptive slots)
CM4AI,v2,3,2026-07-31_claude-opus-5-generic-v2_rep3,status,547bc04f85d5,True,0.8,none,True,False,,,,,Base (shared descriptive slots)
CM4AI,v2,3,2026-07-31_claude-opus-5-generic-v2_rep3,issued,888de0656b6e,True,1.0,none,True,False,,,,,Base (shared descriptive slots)
CM4AI,v2,3,2026-07-31_claude-opus-5-generic-v2_rep3,created_on,cfb3fdd528be,True,1.0,none,True,False,,,,,Base (shared descriptive slots)
CM4AI,v2,3,2026-07-31_claude-opus-5-generic-v2_rep3,last_updated_on,6857854fc786,True,1.0,none,True,False,,,,,Base (shared descriptive slots)
CM4AI,v2,3,2026-07-31_claude-opus-5-generic-v2_rep3,created_by,69b29db531f6,True,0.95,none,True,False,,,,,Base (shared descriptive slots)
CM4AI,v2,3,2026-07-31_claude-opus-5-generic-v2_rep3,publisher,6a618da987bf,True,0.85,none,True,False,,,,,Base (shared descriptive slots)
CM4AI,v2,3,2026-07-31_claude-opus-5-generic-v2_rep3,license,942131d7b6b2,True,1.0,none,True,False,,,,,Base (shared descriptive slots)
CM4AI,v2,3,2026-07-31_claude-opus-5-generic-v2_rep3,citation,a0439f626e50,True,1.0,none,True,False,,,,,Core/other
CM4AI,v2,3,2026-07-31_claude-opus-5-generic-v2_rep3,language,50eac10e7966,True,0.95,none,True,False,,,,,Base (shared descriptive slots)
CM4AI,v2,3,2026-07-31_claude-opus-5-generic-v2_rep3,is_tabular,fcbcf165908d,True,1.0,none,True,False,,,,,Core/other
CM4AI,v2,3,2026-07-31_claude-opus-5-generic-v2_rep3,conforms_to,a5b3f8675b09,True,0.85,none,True,False,,,,,Base (shared descriptive slots)
CM4AI,v2,3,2026-07-31_claude-opus-5-generic-v2_rep3,conforms_to_schema,b031d8caa0ef,True,0.75,form,False,False,,,,,Base (shared descriptive slots)
CM4AI,v2,3,2026-07-31_claude-opus-5-generic-v2_rep3,was_derived_from,e336ede05f2c,True,0.75,form,False,False,,,,,Base (shared descriptive slots)
CM4AI,v2,3,2026-07-31_claude-opus-5-generic-v2_rep3,compression,732dc7ead24d,True,1.0,none,True,False,,,,,Base (shared descriptive slots)
CM4AI,v2,3,2026-07-31_claude-opus-5-generic-v2_rep3,total_file_count,4a44dc153642,True,1.0,none,True,False,,,,,Core/other
CM4AI,v2,3,2026-07-31_claude-opus-5-generic-v2_rep3,keywords,846be09c6012,True,0.98,none,True,False,,,,,Base (shared descriptive slots)
CM4AI,v2,3,2026-07-31_claude-opus-5-generic-v2_rep3,creators,b18768944b6d,True,0.9,none,True,False,,,,,Motivation
CM4AI,v2,3,2026-07-31_claude-opus-5-generic-v2_rep3,funders,fa9df7404fa8,True,0.85,none,True,False,,,,,Motivation
CM4AI,v2,3,2026-07-31_claude-opus-5-generic-v2_rep3,maintainers,b6ea68b2559a,True,0.85,none,True,False,,,,,Maintenance
CM4AI,v2,3,2026-07-31_claude-opus-5-generic-v2_rep3,purposes,0bfa4c2ab7ca,True,0.98,none,True,False,,,,,Motivation
CM4AI,v2,3,2026-07-31_claude-opus-5-generic-v2_rep3,tasks,aa22d21ee5ac,True,0.95,none,True,False,,,,,Motivation
CM4AI,v2,3,2026-07-31_claude-opus-5-generic-v2_rep3,addressing_gaps,f4d3e88d48c6,True,1.0,none,True,False,,,,,Motivation
CM4AI,v2,3,2026-07-31_claude-opus-5-generic-v2_rep3,intended_uses,015e8dfd7bcf,True,0.9,none,True,False,,,,,Uses
CM4AI,v2,3,2026-07-31_claude-opus-5-generic-v2_rep3,other_tasks,3db1d8e204b5,True,0.95,none,True,False,,,,,Uses
CM4AI,v2,3,2026-07-31_claude-opus-5-generic-v2_rep3,prohibited_uses,d4609265e79d,True,1.0,none,True,False,,,,,Uses
CM4AI,v2,3,2026-07-31_claude-opus-5-generic-v2_rep3,discouraged_uses,7c9bb6646a40,True,0.95,none,True,False,,,,,Uses
CM4AI,v2,3,2026-07-31_claude-opus-5-generic-v2_rep3,future_use_impacts,0548bb7c6d15,True,0.98,none,True,False,,,,,Uses
CM4AI,v2,3,2026-07-31_claude-opus-5-generic-v2_rep3,known_limitations,ccc63d7d42ab,True,0.95,none,True,False,,,,,Composition
CM4AI,v2,3,2026-07-31_claude-opus-5-generic-v2_rep3,known_biases,a1f5d44acd12,True,0.85,none,True,False,,,,,Composition
CM4AI,v2,3,2026-07-31_claude-opus-5-generic-v2_rep3,anomalies,ae37a350a265,True,0.97,none,True,False,,,,,Composition
CM4AI,v2,3,2026-07-31_claude-opus-5-generic-v2_rep3,missing_data_documentation,45e8134814a8,True,0.9,none,True,False,,,,,Collection
CM4AI,v2,3,2026-07-31_claude-opus-5-generic-v2_rep3,errata,444184431429,True,0.8,none,True,False,,,,,Maintenance
CM4AI,v2,3,2026-07-31_claude-opus-5-generic-v2_rep3,instances,6dd7ed96fc34,True,0.9,none,True,False,,,,,Composition
CM4AI,v2,3,2026-07-31_claude-opus-5-generic-v2_rep3,subsets,e40b2f544c2f,True,0.95,none,True,False,,,,,Core/other
CM4AI,v2,3,2026-07-31_claude-opus-5-generic-v2_rep3,subpopulations,15f13671b4bd,True,0.85,none,True,False,,,,,Composition
CM4AI,v2,3,2026-07-31_claude-opus-5-generic-v2_rep3,relationships,b5f23cdebb61,True,0.95,none,True,False,,,,,Composition
CM4AI,v2,3,2026-07-31_claude-opus-5-generic-v2_rep3,file_collections,ba58d9c83cf0,True,0.85,none,True,False,,,,,FileCollection
CM4AI,v2,3,2026-07-31_claude-opus-5-generic-v2_rep3,acquisition_methods,87d4874e2b2f,True,0.9,none,True,False,,,,,Collection
CM4AI,v2,3,2026-07-31_claude-opus-5-generic-v2_rep3,collection_mechanisms,be54696bd097,True,0.9,none,True,False,,,,,Collection
CM4AI,v2,3,2026-07-31_claude-opus-5-generic-v2_rep3,data_collectors,2e9aa18b79bb,True,0.9,none,True,False,,,,,Collection
CM4AI,v2,3,2026-07-31_claude-opus-5-generic-v2_rep3,collection_timeframes,56e1bf61410e,True,0.7,form,False,False,,,,,Collection
CM4AI,v2,3,2026-07-31_claude-opus-5-generic-v2_rep3,direct_collection,257080744c06,True,0.9,none,True,False,,,,,Collection
CM4AI,v2,3,2026-07-31_claude-opus-5-generic-v2_rep3,sampling_strategies,0160963a8403,True,0.95,none,True,False,,,,,Composition
CM4AI,v2,3,2026-07-31_claude-opus-5-generic-v2_rep3,raw_sources,f9458bb4be41,True,0.9,none,True,False,,,,,Preprocessing
CM4AI,v2,3,2026-07-31_claude-opus-5-generic-v2_rep3,raw_data_sources,c2b24b6deaa7,True,0.9,none,True,False,,,,,Collection
CM4AI,v2,3,2026-07-31_claude-opus-5-generic-v2_rep3,preprocessing_strategies,f676ed335a6b,True,0.85,none,True,False,,,,,Preprocessing
CM4AI,v2,3,2026-07-31_claude-opus-5-generic-v2_rep3,labeling_strategies,aa45ef530d86,True,0.75,target,False,False,,,,,Preprocessing
CM4AI,v2,3,2026-07-31_claude-opus-5-generic-v2_rep3,machine_annotation_tools,76c29690127a,True,0.9,none,True,False,,,,,Preprocessing
CM4AI,v2,3,2026-07-31_claude-opus-5-generic-v2_rep3,distribution_formats,8c4ee60e58c8,True,0.9,none,True,False,,,,,Distribution
CM4AI,v2,3,2026-07-31_claude-opus-5-generic-v2_rep3,distribution_dates,537ffa152d6c,True,0.75,form,False,False,,,,,Distribution
CM4AI,v2,3,2026-07-31_claude-opus-5-generic-v2_rep3,third_party_sharing,df15baa985d9,True,0.9,none,True,False,,,,,Distribution
CM4AI,v2,3,2026-07-31_claude-opus-5-generic-v2_rep3,license_and_use_terms,7429568dc9c4,True,0.95,none,True,False,,,,,Data_Governance
CM4AI,v2,3,2026-07-31_claude-opus-5-generic-v2_rep3,ip_restrictions,a8dbd7342cf3,True,0.95,none,True,False,,,,,Data_Governance
CM4AI,v2,3,2026-07-31_claude-opus-5-generic-v2_rep3,regulatory_restrictions,eab89610bd2d,True,0.85,none,True,False,,,,,Data_Governance
CM4AI,v2,3,2026-07-31_claude-opus-5-generic-v2_rep3,is_deidentified,e5e3947879d4,True,0.85,none,True,False,,,,,Composition
CM4AI,v2,3,2026-07-31_claude-opus-5-generic-v2_rep3,human_subject_research,ddca4f8b5bc6,True,0.85,none,True,False,,,,,Human
CM4AI,v2,3,2026-07-31_claude-opus-5-generic-v2_rep3,ethical_reviews,72e2aa14e903,True,0.7,target,False,False,,,,,Ethics
CM4AI,v2,3,2026-07-31_claude-opus-5-generic-v2_rep3,confidential_elements,09c9f47269f2,True,0.85,none,True,False,,,,,Composition
CM4AI,v2,3,2026-07-31_claude-opus-5-generic-v2_rep3,related_datasets,0977b4173e0a,True,0.9,none,True,False,,,,,Composition
CM4AI,v2,3,2026-07-31_claude-opus-5-generic-v2_rep3,updates,fd2b2e5654d0,True,0.85,none,True,False,,,,,Maintenance
CM4AI,v2,3,2026-07-31_claude-opus-5-generic-v2_rep3,retention_limit,c81d32e5a756,True,0.9,none,True,False,,,,,Maintenance
CM4AI,v2,3,2026-07-31_claude-opus-5-generic-v2_rep3,version_access,e1be6c95fbd3,True,0.9,none,True,False,,,,,Maintenance
CM4AI,v2,3,2026-07-31_claude-opus-5-generic-v2_rep3,external_resources,2bd90abd5849,True,0.9,none,True,False,,,,,Base (shared descriptive slots)
VOICE,v1,1,2026-07-28_claude-opus-5-generic_rep1,id,df285e926b0d,True,0.9,none,True,False,,,,,Core/other
VOICE,v1,1,2026-07-28_claude-opus-5-generic_rep1,name,2993c1ff1972,True,0.95,none,True,False,,,,,Core/other
VOICE,v1,1,2026-07-28_claude-opus-5-generic_rep1,title,7b020eae718b,True,0.95,none,True,False,,,,,Base (shared descriptive slots)
VOICE,v1,1,2026-07-28_claude-opus-5-generic_rep1,description,4114060686d1,True,1.0,none,True,False,,,,,Core/other
VOICE,v1,1,2026-07-28_claude-opus-5-generic_rep1,conforms_to,d5fda2a950fb,True,1.0,none,True,False,,,,,Base (shared descriptive slots)
VOICE,v1,1,2026-07-28_claude-opus-5-generic_rep1,conforms_to_schema,a0bb3acf07b8,True,0.95,none,True,False,,,,,Base (shared descriptive slots)
VOICE,v1,1,2026-07-28_claude-opus-5-generic_rep1,conforms_to_class,e25839af2730,True,0.8,none,True,False,,,,,Base (shared descriptive slots)
VOICE,v1,1,2026-07-28_claude-opus-5-generic_rep1,page,c87738c70f3b,True,0.95,none,True,False,,,,,Base (shared descriptive slots)
VOICE,v1,1,2026-07-28_claude-opus-5-generic_rep1,status,dd2653c12a35,True,1.0,none,True,False,,,,,Base (shared descriptive slots)
VOICE,v1,1,2026-07-28_claude-opus-5-generic_rep1,language,50eac10e7966,True,0.95,none,True,False,,,,,Base (shared descriptive slots)
VOICE,v1,1,2026-07-28_claude-opus-5-generic_rep1,license,a2ada9d60cab,True,0.9,none,True,False,,,,,Base (shared descriptive slots)
VOICE,v1,1,2026-07-28_claude-opus-5-generic_rep1,last_updated_on,51e9fb0ee16c,True,0.95,none,True,False,,,,,Base (shared descriptive slots)
VOICE,v1,1,2026-07-28_claude-opus-5-generic_rep1,is_tabular,fcbcf165908d,True,1.0,none,True,False,,,,,Core/other
VOICE,v1,1,2026-07-28_claude-opus-5-generic_rep1,keywords,4a79731322a1,True,1.0,none,True,False,,,,,Base (shared descriptive slots)
VOICE,v1,1,2026-07-28_claude-opus-5-generic_rep1,citation,017607dd7880,True,0.75,form,False,False,,,,,Core/other
VOICE,v1,1,2026-07-28_claude-opus-5-generic_rep1,resources,afb07b6bdcb1,True,0.97,none,True,False,,,,,Base (shared descriptive slots)
VOICE,v1,1,2026-07-28_claude-opus-5-generic_rep1,purposes,e132e64567a9,True,0.95,none,True,False,,,,,Motivation
VOICE,v1,1,2026-07-28_claude-opus-5-generic_rep1,tasks,fb6e5b6903a1,True,0.75,target,False,False,,,,,Motivation
VOICE,v1,1,2026-07-28_claude-opus-5-generic_rep1,addressing_gaps,a6cc549caec4,True,1.0,none,True,False,,,,,Motivation
VOICE,v1,1,2026-07-28_claude-opus-5-generic_rep1,creators,8d98fcd66980,True,0.95,none,True,False,,,,,Motivation
VOICE,v1,1,2026-07-28_claude-opus-5-generic_rep1,funders,b323c757e591,True,0.95,none,True,False,,,,,Motivation
VOICE,v1,1,2026-07-28_claude-opus-5-generic_rep1,subsets,c9ad59aebeb9,True,1.0,none,True,False,,,,,Core/other
VOICE,v1,1,2026-07-28_claude-opus-5-generic_rep1,instances,3e3c9ccca830,True,0.9,none,True,False,,,,,Composition
VOICE,v1,1,2026-07-28_claude-opus-5-generic_rep1,relationships,c2841bcd9177,True,0.85,none,True,False,,,,,Composition
VOICE,v1,1,2026-07-28_claude-opus-5-generic_rep1,splits,6a026b60bdd4,True,0.85,none,True,False,,,,,Composition
VOICE,v1,1,2026-07-28_claude-opus-5-generic_rep1,subpopulations,b038640c5eee,True,0.95,none,True,False,,,,,Composition
VOICE,v1,1,2026-07-28_claude-opus-5-generic_rep1,sensitive_elements,0d50fc86726f,True,0.75,form,False,False,,,,,Composition
VOICE,v1,1,2026-07-28_claude-opus-5-generic_rep1,confidential_elements,475f03e3bed8,True,0.95,none,True,False,,,,,Composition
VOICE,v1,1,2026-07-28_claude-opus-5-generic_rep1,content_warnings,f34de50f807d,True,0.9,none,True,False,,,,,Composition
VOICE,v1,1,2026-07-28_claude-opus-5-generic_rep1,anomalies,a06ee88d1dec,True,0.95,none,True,False,,,,,Composition
VOICE,v1,1,2026-07-28_claude-opus-5-generic_rep1,known_biases,6f48c02bf3a2,True,1.0,none,True,False,,,,,Composition
VOICE,v1,1,2026-07-28_claude-opus-5-generic_rep1,known_limitations,b0cc0cc115c1,True,0.97,none,True,False,,,,,Composition
VOICE,v1,1,2026-07-28_claude-opus-5-generic_rep1,missing_data_documentation,ca1274aaee2c,True,0.95,none,True,False,,,,,Collection
VOICE,v1,1,2026-07-28_claude-opus-5-generic_rep1,acquisition_methods,cb8eacc11a9b,True,0.85,none,True,False,,,,,Collection
VOICE,v1,1,2026-07-28_claude-opus-5-generic_rep1,collection_mechanisms,4c2db6dfd0eb,True,0.95,none,True,False,,,,,Collection
VOICE,v1,1,2026-07-28_claude-opus-5-generic_rep1,sampling_strategies,d7cc71b6b543,True,0.95,none,True,False,,,,,Composition
VOICE,v1,1,2026-07-28_claude-opus-5-generic_rep1,data_collectors,07883258da35,True,1.0,none,True,False,,,,,Collection
VOICE,v1,1,2026-07-28_claude-opus-5-generic_rep1,collection_timeframes,e13ac91d6261,True,0.9,none,True,False,,,,,Collection
VOICE,v1,1,2026-07-28_claude-opus-5-generic_rep1,direct_collection,8bd4318d313b,True,0.9,none,True,False,,,,,Collection
VOICE,v1,1,2026-07-28_claude-opus-5-generic_rep1,collection_notifications,609967da4481,True,0.9,none,True,False,,,,,Ethics
VOICE,v1,1,2026-07-28_claude-opus-5-generic_rep1,collection_consents,93de05b4210f,True,0.95,none,True,False,,,,,Ethics
VOICE,v1,1,2026-07-28_claude-opus-5-generic_rep1,consent_revocations,0866c087bd17,True,0.95,none,True,False,,,,,Ethics
VOICE,v1,1,2026-07-28_claude-opus-5-generic_rep1,raw_data_sources,3a271a4d35a2,True,0.97,none,True,False,,,,,Collection
VOICE,v1,1,2026-07-28_claude-opus-5-generic_rep1,preprocessing_strategies,9e8b44b3bc23,True,0.97,none,True,False,,,,,Preprocessing
VOICE,v1,1,2026-07-28_claude-opus-5-generic_rep1,cleaning_strategies,348d5f444dd5,True,0.9,none,True,False,,,,,Preprocessing
VOICE,v1,1,2026-07-28_claude-opus-5-generic_rep1,labeling_strategies,3e0856299273,True,0.92,none,True,False,,,,,Preprocessing
VOICE,v1,1,2026-07-28_claude-opus-5-generic_rep1,raw_sources,297952f18a25,True,0.8,none,True,False,,,,,Preprocessing
VOICE,v1,1,2026-07-28_claude-opus-5-generic_rep1,machine_annotation_tools,c16980538759,True,0.9,none,True,False,,,,,Preprocessing
VOICE,v1,1,2026-07-28_claude-opus-5-generic_rep1,existing_uses,42cdc5f96802,True,0.88,none,True,False,,,,,Uses
VOICE,v1,1,2026-07-28_claude-opus-5-generic_rep1,use_repository,62bdcc57097e,True,0.3,substance,False,False,,,,,Uses
VOICE,v1,1,2026-07-28_claude-opus-5-generic_rep1,other_tasks,7dd68fe974af,True,0.9,none,True,False,,,,,Uses
VOICE,v1,1,2026-07-28_claude-opus-5-generic_rep1,future_use_impacts,2f31c631b1ad,True,0.95,none,True,False,,,,,Uses
VOICE,v1,1,2026-07-28_claude-opus-5-generic_rep1,discouraged_uses,1624da1b0e05,True,0.85,none,True,False,,,,,Uses
VOICE,v1,1,2026-07-28_claude-opus-5-generic_rep1,intended_uses,5c7322c9df1f,True,0.85,none,True,False,,,,,Uses
VOICE,v1,1,2026-07-28_claude-opus-5-generic_rep1,prohibited_uses,61007fd6297d,True,1.0,none,True,False,,,,,Uses
VOICE,v1,1,2026-07-28_claude-opus-5-generic_rep1,distribution_formats,c4f7135e7b1e,True,0.8,none,True,False,,,,,Distribution
VOICE,v1,1,2026-07-28_claude-opus-5-generic_rep1,distribution_dates,13b2f6eedffd,True,0.8,none,True,False,,,,,Distribution
VOICE,v1,1,2026-07-28_claude-opus-5-generic_rep1,third_party_sharing,df36132f9d05,True,0.95,none,True,False,,,,,Distribution
VOICE,v1,1,2026-07-28_claude-opus-5-generic_rep1,license_and_use_terms,ce0857042e76,True,0.95,none,True,False,,,,,Data_Governance
VOICE,v1,1,2026-07-28_claude-opus-5-generic_rep1,ip_restrictions,4b6eb1bd45af,True,0.95,none,True,False,,,,,Data_Governance
VOICE,v1,1,2026-07-28_claude-opus-5-generic_rep1,regulatory_restrictions,56e1aa184dd9,True,0.95,none,True,False,,,,,Data_Governance
VOICE,v1,1,2026-07-28_claude-opus-5-generic_rep1,human_subject_research,72b34948b9f9,True,1.0,none,True,False,,,,,Human
VOICE,v1,1,2026-07-28_claude-opus-5-generic_rep1,ethical_reviews,c2be3a33598c,True,1.0,none,True,False,,,,,Ethics
VOICE,v1,1,2026-07-28_claude-opus-5-generic_rep1,data_protection_impacts,2cc2225a55f1,True,0.65,substance,False,False,,,,,Ethics
VOICE,v1,1,2026-07-28_claude-opus-5-generic_rep1,informed_consent,e9a99a757b9a,True,0.95,none,True,False,,,,,Human
VOICE,v1,1,2026-07-28_claude-opus-5-generic_rep1,at_risk_populations,e7ad4910d8be,True,1.0,none,True,False,,,,,Human
VOICE,v1,1,2026-07-28_claude-opus-5-generic_rep1,participant_privacy,b59b6306e43e,True,0.95,none,True,False,,,,,Human
VOICE,v1,1,2026-07-28_claude-opus-5-generic_rep1,participant_compensation,8ad84e0f03a6,True,0.95,none,True,False,,,,,Human
VOICE,v1,1,2026-07-28_claude-opus-5-generic_rep1,is_deidentified,5a396e9f1d6c,True,0.98,none,True,False,,,,,Composition
VOICE,v1,1,2026-07-28_claude-opus-5-generic_rep1,maintainers,9afab14ecb79,True,0.9,none,True,False,,,,,Maintenance
VOICE,v1,1,2026-07-28_claude-opus-5-generic_rep1,errata,bb7a614323d8,True,0.7,form,False,False,,,,,Maintenance
VOICE,v1,1,2026-07-28_claude-opus-5-generic_rep1,updates,6d0cf2cb6e5c,True,0.95,none,True,False,,,,,Maintenance
VOICE,v1,1,2026-07-28_claude-opus-5-generic_rep1,retention_limit,594228c31388,True,0.98,none,True,False,,,,,Maintenance
VOICE,v1,1,2026-07-28_claude-opus-5-generic_rep1,version_access,31b675a6388d,True,0.95,none,True,False,,,,,Maintenance
VOICE,v1,1,2026-07-28_claude-opus-5-generic_rep1,extension_mechanism,65b40bd8be72,True,0.95,none,True,False,,,,,Maintenance
VOICE,v1,1,2026-07-28_claude-opus-5-generic_rep1,external_resources,068702b0ffa5,True,0.85,none,True,False,,,,,Base (shared descriptive slots)
VOICE,v1,2,2026-07-28_claude-opus-5-generic_rep2,id,df285e926b0d,True,0.9,none,True,False,,,,,Core/other
VOICE,v1,2,2026-07-28_claude-opus-5-generic_rep2,name,7b020eae718b,True,1.0,none,True,False,,,,,Core/other
VOICE,v1,2,2026-07-28_claude-opus-5-generic_rep2,title,7b020eae718b,True,0.95,none,True,False,,,,,Base (shared descriptive slots)
VOICE,v1,2,2026-07-28_claude-opus-5-generic_rep2,description,da91762454d6,True,1.0,none,True,False,,,,,Core/other
VOICE,v1,2,2026-07-28_claude-opus-5-generic_rep2,page,c87738c70f3b,True,0.95,none,True,False,,,,,Base (shared descriptive slots)
VOICE,v1,2,2026-07-28_claude-opus-5-generic_rep2,publisher,139a8100c523,True,0.9,none,True,False,,,,,Base (shared descriptive slots)
VOICE,v1,2,2026-07-28_claude-opus-5-generic_rep2,license,a2ada9d60cab,True,0.9,none,True,False,,,,,Base (shared descriptive slots)
VOICE,v1,2,2026-07-28_claude-opus-5-generic_rep2,status,dd2653c12a35,True,1.0,none,True,False,,,,,Base (shared descriptive slots)
VOICE,v1,2,2026-07-28_claude-opus-5-generic_rep2,language,b748016b1d16,True,0.8,none,True,False,,,,,Base (shared descriptive slots)
VOICE,v1,2,2026-07-28_claude-opus-5-generic_rep2,keywords,4a79731322a1,True,1.0,none,True,False,,,,,Base (shared descriptive slots)
VOICE,v1,2,2026-07-28_claude-opus-5-generic_rep2,conforms_to,c20eb2880571,True,1.0,none,True,False,,,,,Base (shared descriptive slots)
VOICE,v1,2,2026-07-28_claude-opus-5-generic_rep2,conforms_to_schema,9dd0509c2abc,True,0.95,none,True,False,,,,,Base (shared descriptive slots)
VOICE,v1,2,2026-07-28_claude-opus-5-generic_rep2,created_by,bb8af3236f1a,True,1.0,none,True,False,,,,,Base (shared descriptive slots)
VOICE,v1,2,2026-07-28_claude-opus-5-generic_rep2,was_derived_from,1bcd7d395bf9,True,0.8,none,True,False,,,,,Base (shared descriptive slots)
VOICE,v1,2,2026-07-28_claude-opus-5-generic_rep2,is_tabular,fcbcf165908d,True,1.0,none,True,False,,,,,Core/other
VOICE,v1,2,2026-07-28_claude-opus-5-generic_rep2,resources,97bd350fa59a,True,0.98,none,True,False,,,,,Base (shared descriptive slots)
VOICE,v1,2,2026-07-28_claude-opus-5-generic_rep2,external_resources,0beed42f1b23,True,0.95,none,True,False,,,,,Base (shared descriptive slots)
VOICE,v1,2,2026-07-28_claude-opus-5-generic_rep2,purposes,c1dcc10fa924,True,0.9,none,True,False,,,,,Motivation
VOICE,v1,2,2026-07-28_claude-opus-5-generic_rep2,tasks,e1fa13d9f867,True,1.0,none,True,False,,,,,Motivation
VOICE,v1,2,2026-07-28_claude-opus-5-generic_rep2,addressing_gaps,8176896090f3,True,0.98,none,True,False,,,,,Motivation
VOICE,v1,2,2026-07-28_claude-opus-5-generic_rep2,creators,90d43e429610,True,0.95,none,True,False,,,,,Motivation
VOICE,v1,2,2026-07-28_claude-opus-5-generic_rep2,funders,928073d34bee,True,0.95,none,True,False,,,,,Motivation
VOICE,v1,2,2026-07-28_claude-opus-5-generic_rep2,subsets,298d6cb3a419,True,1.0,none,True,False,,,,,Core/other
VOICE,v1,2,2026-07-28_claude-opus-5-generic_rep2,instances,7bc5c9ab088f,True,0.95,none,True,False,,,,,Composition
VOICE,v1,2,2026-07-28_claude-opus-5-generic_rep2,anomalies,4db25249ed95,True,0.98,none,True,False,,,,,Composition
VOICE,v1,2,2026-07-28_claude-opus-5-generic_rep2,known_biases,569261e83ac2,True,0.98,none,True,False,,,,,Composition
VOICE,v1,2,2026-07-28_claude-opus-5-generic_rep2,known_limitations,ebc724702ebf,True,1.0,none,True,False,,,,,Composition
VOICE,v1,2,2026-07-28_claude-opus-5-generic_rep2,confidential_elements,fca9ede4ab5c,True,0.9,none,True,False,,,,,Composition
VOICE,v1,2,2026-07-28_claude-opus-5-generic_rep2,content_warnings,86296cfe1405,True,0.95,none,True,False,,,,,Composition
VOICE,v1,2,2026-07-28_claude-opus-5-generic_rep2,subpopulations,dd99210eff80,True,0.95,none,True,False,,,,,Composition
VOICE,v1,2,2026-07-28_claude-opus-5-generic_rep2,sensitive_elements,3748e2ebee92,True,0.85,none,True,False,,,,,Composition
VOICE,v1,2,2026-07-28_claude-opus-5-generic_rep2,relationships,46aaeb519b01,True,0.85,none,True,False,,,,,Composition
VOICE,v1,2,2026-07-28_claude-opus-5-generic_rep2,splits,af013429ef65,True,0.8,none,True,False,,,,,Composition
VOICE,v1,2,2026-07-28_claude-opus-5-generic_rep2,acquisition_methods,334cbc11976c,True,0.85,none,True,False,,,,,Collection
VOICE,v1,2,2026-07-28_claude-opus-5-generic_rep2,collection_mechanisms,ac17b2f5dd2a,True,0.85,none,True,False,,,,,Collection
VOICE,v1,2,2026-07-28_claude-opus-5-generic_rep2,sampling_strategies,42b3717ca864,True,0.95,none,True,False,,,,,Composition
VOICE,v1,2,2026-07-28_claude-opus-5-generic_rep2,data_collectors,d104bff1e2c7,True,0.85,none,True,False,,,,,Collection
VOICE,v1,2,2026-07-28_claude-opus-5-generic_rep2,collection_timeframes,230d3ca9d6f8,True,0.9,none,True,False,,,,,Collection
VOICE,v1,2,2026-07-28_claude-opus-5-generic_rep2,direct_collection,3894f45254d1,True,0.9,none,True,False,,,,,Collection
VOICE,v1,2,2026-07-28_claude-opus-5-generic_rep2,collection_notifications,5735a81b3145,True,0.9,none,True,False,,,,,Ethics
VOICE,v1,2,2026-07-28_claude-opus-5-generic_rep2,collection_consents,1cc78180f006,True,0.95,none,True,False,,,,,Ethics
VOICE,v1,2,2026-07-28_claude-opus-5-generic_rep2,consent_revocations,3f8a12d42bbf,True,0.95,none,True,False,,,,,Ethics
VOICE,v1,2,2026-07-28_claude-opus-5-generic_rep2,missing_data_documentation,430de4d5985c,True,0.95,none,True,False,,,,,Collection
VOICE,v1,2,2026-07-28_claude-opus-5-generic_rep2,raw_data_sources,bbdc1331a749,True,0.85,none,True,False,,,,,Collection
VOICE,v1,2,2026-07-28_claude-opus-5-generic_rep2,ethical_reviews,01e5ebd8edf7,True,0.98,none,True,False,,,,,Ethics
VOICE,v1,2,2026-07-28_claude-opus-5-generic_rep2,data_protection_impacts,34cb2660666e,True,0.7,target,False,False,,,,,Ethics
VOICE,v1,2,2026-07-28_claude-opus-5-generic_rep2,human_subject_research,6629b9c4408c,True,1.0,none,True,False,,,,,Human
VOICE,v1,2,2026-07-28_claude-opus-5-generic_rep2,informed_consent,b267f0c886c2,True,0.9,none,True,False,,,,,Human
VOICE,v1,2,2026-07-28_claude-opus-5-generic_rep2,at_risk_populations,315608f4cb06,True,0.97,none,True,False,,,,,Human
VOICE,v1,2,2026-07-28_claude-opus-5-generic_rep2,participant_privacy,4a8bcf596487,True,0.95,none,True,False,,,,,Human
VOICE,v1,2,2026-07-28_claude-opus-5-generic_rep2,participant_compensation,3e8aa2853afe,True,0.92,none,True,False,,,,,Human
VOICE,v1,2,2026-07-28_claude-opus-5-generic_rep2,preprocessing_strategies,50d8fb60c66d,True,1.0,none,True,False,,,,,Preprocessing
VOICE,v1,2,2026-07-28_claude-opus-5-generic_rep2,cleaning_strategies,7176d884bed0,True,0.9,none,True,False,,,,,Preprocessing
VOICE,v1,2,2026-07-28_claude-opus-5-generic_rep2,labeling_strategies,eec531f44794,True,0.9,none,True,False,,,,,Preprocessing
VOICE,v1,2,2026-07-28_claude-opus-5-generic_rep2,raw_sources,73ccb32e122c,True,0.65,target,False,False,,,,,Preprocessing
VOICE,v1,2,2026-07-28_claude-opus-5-generic_rep2,annotation_analyses,e3a809d1970f,True,0.8,none,True,False,,,,,Preprocessing
VOICE,v1,2,2026-07-28_claude-opus-5-generic_rep2,machine_annotation_tools,a7187972fe85,True,0.95,none,True,False,,,,,Preprocessing
VOICE,v1,2,2026-07-28_claude-opus-5-generic_rep2,existing_uses,795b3f58f8b0,True,0.7,form,False,False,,,,,Uses
VOICE,v1,2,2026-07-28_claude-opus-5-generic_rep2,use_repository,30c61964f0f1,True,0.4,substance,False,False,,,,,Uses
VOICE,v1,2,2026-07-28_claude-opus-5-generic_rep2,other_tasks,adfab79cce36,True,0.65,form,False,False,,,,,Uses
VOICE,v1,2,2026-07-28_claude-opus-5-generic_rep2,future_use_impacts,c2e4a3cb5163,True,0.95,none,True,False,,,,,Uses
VOICE,v1,2,2026-07-28_claude-opus-5-generic_rep2,discouraged_uses,aecb692cda25,True,0.85,none,True,False,,,,,Uses
VOICE,v1,2,2026-07-28_claude-opus-5-generic_rep2,intended_uses,330114582b0b,True,0.8,none,True,False,,,,,Uses
VOICE,v1,2,2026-07-28_claude-opus-5-generic_rep2,prohibited_uses,1cb55273ddd4,True,1.0,none,True,False,,,,,Uses
VOICE,v1,2,2026-07-28_claude-opus-5-generic_rep2,distribution_formats,fe3cb9b21f3f,True,0.75,target,False,False,,,,,Distribution
VOICE,v1,2,2026-07-28_claude-opus-5-generic_rep2,distribution_dates,7f6378cf3f35,True,0.9,none,True,False,,,,,Distribution
VOICE,v1,2,2026-07-28_claude-opus-5-generic_rep2,third_party_sharing,b7398a333dc4,True,0.95,none,True,False,,,,,Distribution
VOICE,v1,2,2026-07-28_claude-opus-5-generic_rep2,license_and_use_terms,89ab40816d31,True,0.97,none,True,False,,,,,Data_Governance
VOICE,v1,2,2026-07-28_claude-opus-5-generic_rep2,ip_restrictions,57821264e150,True,0.97,none,True,False,,,,,Data_Governance
VOICE,v1,2,2026-07-28_claude-opus-5-generic_rep2,regulatory_restrictions,2b7edf21ffb6,True,0.95,none,True,False,,,,,Data_Governance
VOICE,v1,2,2026-07-28_claude-opus-5-generic_rep2,maintainers,6f3cacc91ac6,True,0.9,none,True,False,,,,,Maintenance
VOICE,v1,2,2026-07-28_claude-opus-5-generic_rep2,errata,e728cec93b76,True,0.8,none,True,False,,,,,Maintenance
VOICE,v1,2,2026-07-28_claude-opus-5-generic_rep2,updates,36d67f9d330c,True,0.95,none,True,False,,,,,Maintenance
VOICE,v1,2,2026-07-28_claude-opus-5-generic_rep2,retention_limit,6b21f88a856b,True,1.0,none,True,False,,,,,Maintenance
VOICE,v1,2,2026-07-28_claude-opus-5-generic_rep2,version_access,1504d8b50ffd,True,0.95,none,True,False,,,,,Maintenance
VOICE,v1,2,2026-07-28_claude-opus-5-generic_rep2,extension_mechanism,e46ae19cd08a,True,0.95,none,True,False,,,,,Maintenance
VOICE,v1,2,2026-07-28_claude-opus-5-generic_rep2,variables,573110af1ae6,True,0.95,none,True,False,,,,,Variables
VOICE,v1,2,2026-07-28_claude-opus-5-generic_rep2,is_deidentified,7d1482899699,True,0.98,none,True,False,,,,,Composition
VOICE,v1,2,2026-07-28_claude-opus-5-generic_rep2,related_datasets,e812cef29bd0,True,0.95,none,True,False,,,,,Composition
VOICE,v1,3,2026-07-28_claude-opus-5-generic_rep3,id,0e7d66d5a8ea,True,1.0,none,True,False,,,,,Core/other
VOICE,v1,3,2026-07-28_claude-opus-5-generic_rep3,name,2993c1ff1972,True,0.95,none,True,False,,,,,Core/other
VOICE,v1,3,2026-07-28_claude-opus-5-generic_rep3,title,a0476dcabb7c,True,1.0,none,True,False,,,,,Base (shared descriptive slots)
VOICE,v1,3,2026-07-28_claude-opus-5-generic_rep3,description,3b7b264ecbb9,True,1.0,none,True,False,,,,,Core/other
VOICE,v1,3,2026-07-28_claude-opus-5-generic_rep3,version,536c8d78e8a0,True,1.0,none,True,False,,,,,Base (shared descriptive slots)
VOICE,v1,3,2026-07-28_claude-opus-5-generic_rep3,doi,164cd8fde42f,True,1.0,none,True,False,,,,,Base (shared descriptive slots)
VOICE,v1,3,2026-07-28_claude-opus-5-generic_rep3,issued,51e9fb0ee16c,True,0.95,none,True,False,,,,,Base (shared descriptive slots)
VOICE,v1,3,2026-07-28_claude-opus-5-generic_rep3,publisher,139a8100c523,True,0.9,none,True,False,,,,,Base (shared descriptive slots)
VOICE,v1,3,2026-07-28_claude-opus-5-generic_rep3,page,b3389636b847,True,1.0,none,True,False,,,,,Base (shared descriptive slots)
VOICE,v1,3,2026-07-28_claude-opus-5-generic_rep3,language,32889a931b08,True,1.0,none,True,False,,,,,Base (shared descriptive slots)
VOICE,v1,3,2026-07-28_claude-opus-5-generic_rep3,license,a2ada9d60cab,True,0.9,none,True,False,,,,,Base (shared descriptive slots)
VOICE,v1,3,2026-07-28_claude-opus-5-generic_rep3,keywords,e359a142e83f,True,0.95,none,True,False,,,,,Base (shared descriptive slots)
VOICE,v1,3,2026-07-28_claude-opus-5-generic_rep3,citation,b7aaae9197d0,True,0.9,none,True,False,,,,,Core/other
VOICE,v1,3,2026-07-28_claude-opus-5-generic_rep3,purposes,839eda922f12,True,0.97,none,True,False,,,,,Motivation
VOICE,v1,3,2026-07-28_claude-opus-5-generic_rep3,tasks,2838a48ee17b,True,0.85,none,True,False,,,,,Motivation
VOICE,v1,3,2026-07-28_claude-opus-5-generic_rep3,addressing_gaps,205a4495375d,True,0.9,none,True,False,,,,,Motivation
VOICE,v1,3,2026-07-28_claude-opus-5-generic_rep3,creators,1766354224a5,True,0.95,none,True,False,,,,,Motivation
VOICE,v1,3,2026-07-28_claude-opus-5-generic_rep3,funders,ce2a2b70b7cd,True,0.98,none,True,False,,,,,Motivation
VOICE,v1,3,2026-07-28_claude-opus-5-generic_rep3,instances,500880bcb11d,True,0.95,none,True,False,,,,,Composition
VOICE,v1,3,2026-07-28_claude-opus-5-generic_rep3,anomalies,ad0904ae02e2,True,0.95,none,True,False,,,,,Composition
VOICE,v1,3,2026-07-28_claude-opus-5-generic_rep3,known_biases,03fe7f897306,True,0.98,none,True,False,,,,,Composition
VOICE,v1,3,2026-07-28_claude-opus-5-generic_rep3,known_limitations,550ffa0fef37,True,1.0,none,True,False,,,,,Composition
VOICE,v1,3,2026-07-28_claude-opus-5-generic_rep3,confidential_elements,06d8576e34bb,True,0.8,none,True,False,,,,,Composition
VOICE,v1,3,2026-07-28_claude-opus-5-generic_rep3,content_warnings,d7ce16008de8,True,0.8,none,True,False,,,,,Composition
VOICE,v1,3,2026-07-28_claude-opus-5-generic_rep3,subpopulations,3ed974c097a8,True,0.8,none,True,False,,,,,Composition
VOICE,v1,3,2026-07-28_claude-opus-5-generic_rep3,sensitive_elements,09bfdbd73b44,True,0.85,none,True,False,,,,,Composition
VOICE,v1,3,2026-07-28_claude-opus-5-generic_rep3,relationships,169c01894006,True,0.85,none,True,False,,,,,Composition
VOICE,v1,3,2026-07-28_claude-opus-5-generic_rep3,splits,dcd3d890db3e,True,0.85,none,True,False,,,,,Composition
VOICE,v1,3,2026-07-28_claude-opus-5-generic_rep3,acquisition_methods,04cf865d63a7,True,0.85,none,True,False,,,,,Collection
VOICE,v1,3,2026-07-28_claude-opus-5-generic_rep3,collection_mechanisms,0b2447df646a,True,0.85,none,True,False,,,,,Collection
VOICE,v1,3,2026-07-28_claude-opus-5-generic_rep3,sampling_strategies,5ed2f8730614,True,0.95,none,True,False,,,,,Composition
VOICE,v1,3,2026-07-28_claude-opus-5-generic_rep3,data_collectors,3c115789c975,True,0.97,none,True,False,,,,,Collection
VOICE,v1,3,2026-07-28_claude-opus-5-generic_rep3,collection_timeframes,a29a7a802d04,True,0.9,none,True,False,,,,,Collection
VOICE,v1,3,2026-07-28_claude-opus-5-generic_rep3,direct_collection,2332fc2c8ca8,True,0.95,none,True,False,,,,,Collection
VOICE,v1,3,2026-07-28_claude-opus-5-generic_rep3,collection_notifications,f26422dfa29f,True,0.92,none,True,False,,,,,Ethics
VOICE,v1,3,2026-07-28_claude-opus-5-generic_rep3,collection_consents,1e6a89f4011f,True,0.95,none,True,False,,,,,Ethics
VOICE,v1,3,2026-07-28_claude-opus-5-generic_rep3,consent_revocations,a85dbe69d2e2,True,0.95,none,True,False,,,,,Ethics
VOICE,v1,3,2026-07-28_claude-opus-5-generic_rep3,missing_data_documentation,f3e795071f59,True,0.97,none,True,False,,,,,Collection
VOICE,v1,3,2026-07-28_claude-opus-5-generic_rep3,raw_data_sources,f55e22f6e56f,True,0.95,none,True,False,,,,,Collection
VOICE,v1,3,2026-07-28_claude-opus-5-generic_rep3,ethical_reviews,e8943a9e25be,True,0.98,none,True,False,,,,,Ethics
VOICE,v1,3,2026-07-28_claude-opus-5-generic_rep3,data_protection_impacts,962a68523b25,True,0.6,substance,False,False,,,,,Ethics
VOICE,v1,3,2026-07-28_claude-opus-5-generic_rep3,human_subject_research,c36da88d35e1,True,1.0,none,True,False,,,,,Human
VOICE,v1,3,2026-07-28_claude-opus-5-generic_rep3,informed_consent,eba198148a1e,True,0.95,none,True,False,,,,,Human
VOICE,v1,3,2026-07-28_claude-opus-5-generic_rep3,at_risk_populations,ced33c00e76e,True,1.0,none,True,False,,,,,Human
VOICE,v1,3,2026-07-28_claude-opus-5-generic_rep3,participant_privacy,5eed0e572dd6,True,0.95,none,True,False,,,,,Human
VOICE,v1,3,2026-07-28_claude-opus-5-generic_rep3,participant_compensation,1eafb6b9ce64,True,0.95,none,True,False,,,,,Human
VOICE,v1,3,2026-07-28_claude-opus-5-generic_rep3,preprocessing_strategies,29ea20aafa57,True,1.0,none,True,False,,,,,Preprocessing
VOICE,v1,3,2026-07-28_claude-opus-5-generic_rep3,cleaning_strategies,c52704c9c828,True,0.87,none,True,False,,,,,Preprocessing
VOICE,v1,3,2026-07-28_claude-opus-5-generic_rep3,labeling_strategies,c7d2ff8df592,True,0.9,none,True,False,,,,,Preprocessing
VOICE,v1,3,2026-07-28_claude-opus-5-generic_rep3,annotation_analyses,837cf08b563c,True,0.8,none,True,False,,,,,Preprocessing
VOICE,v1,3,2026-07-28_claude-opus-5-generic_rep3,machine_annotation_tools,a9f2607536de,True,0.95,none,True,False,,,,,Preprocessing
VOICE,v1,3,2026-07-28_claude-opus-5-generic_rep3,existing_uses,882dd2eaf19b,True,0.7,substance,False,False,,,,,Uses
VOICE,v1,3,2026-07-28_claude-opus-5-generic_rep3,use_repository,e0be3a1c0f84,True,0.5,substance,False,False,,,,,Uses
VOICE,v1,3,2026-07-28_claude-opus-5-generic_rep3,future_use_impacts,ab45b3913ea4,True,0.8,none,True,False,,,,,Uses
VOICE,v1,3,2026-07-28_claude-opus-5-generic_rep3,discouraged_uses,c8db490d8762,True,0.85,none,True,False,,,,,Uses
VOICE,v1,3,2026-07-28_claude-opus-5-generic_rep3,intended_uses,198d7d85dd35,True,0.85,none,True,False,,,,,Uses
VOICE,v1,3,2026-07-28_claude-opus-5-generic_rep3,prohibited_uses,c809de5a7389,True,0.75,form,False,False,,,,,Uses
VOICE,v1,3,2026-07-28_claude-opus-5-generic_rep3,distribution_formats,2b300dccbee1,True,0.8,none,True,False,,,,,Distribution
VOICE,v1,3,2026-07-28_claude-opus-5-generic_rep3,distribution_dates,a913d1b5c5e3,True,0.85,none,True,False,,,,,Distribution
VOICE,v1,3,2026-07-28_claude-opus-5-generic_rep3,third_party_sharing,03a67aceeece,True,0.95,none,True,False,,,,,Distribution
VOICE,v1,3,2026-07-28_claude-opus-5-generic_rep3,license_and_use_terms,da92691c5ccd,True,0.98,none,True,False,,,,,Data_Governance
VOICE,v1,3,2026-07-28_claude-opus-5-generic_rep3,ip_restrictions,710c72b41701,True,0.95,none,True,False,,,,,Data_Governance
VOICE,v1,3,2026-07-28_claude-opus-5-generic_rep3,regulatory_restrictions,6270d2579242,True,0.95,none,True,False,,,,,Data_Governance
VOICE,v1,3,2026-07-28_claude-opus-5-generic_rep3,maintainers,27455fe940d9,True,0.9,none,True,False,,,,,Maintenance
VOICE,v1,3,2026-07-28_claude-opus-5-generic_rep3,errata,1b19192d9a45,True,0.7,form,False,False,,,,,Maintenance
VOICE,v1,3,2026-07-28_claude-opus-5-generic_rep3,updates,1cb0be9ddcb3,True,0.95,none,True,False,,,,,Maintenance
VOICE,v1,3,2026-07-28_claude-opus-5-generic_rep3,retention_limit,f07b77ef1da4,True,1.0,none,True,False,,,,,Maintenance
VOICE,v1,3,2026-07-28_claude-opus-5-generic_rep3,version_access,3688d10ab56d,True,1.0,none,True,False,,,,,Maintenance
VOICE,v1,3,2026-07-28_claude-opus-5-generic_rep3,extension_mechanism,34395a0ef3b9,True,0.95,none,True,False,,,,,Maintenance
VOICE,v1,3,2026-07-28_claude-opus-5-generic_rep3,is_deidentified,f1d8c2f7a18d,True,0.98,none,True,False,,,,,Composition
VOICE,v1,3,2026-07-28_claude-opus-5-generic_rep3,variables,470c329482b4,True,0.97,none,True,False,,,,,Variables
VOICE,v1,3,2026-07-28_claude-opus-5-generic_rep3,file_collections,959ba467c8ed,True,0.95,none,True,False,,,,,FileCollection
VOICE,v1,3,2026-07-28_claude-opus-5-generic_rep3,external_resources,e38f8705b8b6,True,0.8,form,False,False,,,,,Base (shared descriptive slots)
VOICE,v1,3,2026-07-28_claude-opus-5-generic_rep3,resources,a768afb69772,True,0.75,target,False,False,,,,,Base (shared descriptive slots)
VOICE,v1,3,2026-07-28_claude-opus-5-generic_rep3,related_datasets,38ab910b71ad,True,0.95,none,True,False,,,,,Composition
VOICE,v2,1,2026-07-31_claude-opus-5-generic-v2_rep1,id,6ee3b0c72245,True,1.0,none,True,False,,,,,Core/other
VOICE,v2,1,2026-07-31_claude-opus-5-generic-v2_rep1,name,2993c1ff1972,True,0.95,none,True,False,,,,,Core/other
VOICE,v2,1,2026-07-31_claude-opus-5-generic-v2_rep1,title,a0476dcabb7c,True,1.0,none,True,False,,,,,Base (shared descriptive slots)
VOICE,v2,1,2026-07-31_claude-opus-5-generic-v2_rep1,description,85e4049c8281,True,1.0,none,True,False,,,,,Core/other
VOICE,v2,1,2026-07-31_claude-opus-5-generic-v2_rep1,doi,164cd8fde42f,True,1.0,none,True,False,,,,,Base (shared descriptive slots)
VOICE,v2,1,2026-07-31_claude-opus-5-generic-v2_rep1,version,536c8d78e8a0,True,1.0,none,True,False,,,,,Base (shared descriptive slots)
VOICE,v2,1,2026-07-31_claude-opus-5-generic-v2_rep1,issued,51e9fb0ee16c,True,0.95,none,True,False,,,,,Base (shared descriptive slots)
VOICE,v2,1,2026-07-31_claude-opus-5-generic-v2_rep1,license,a2ada9d60cab,True,0.9,none,True,False,,,,,Base (shared descriptive slots)
VOICE,v2,1,2026-07-31_claude-opus-5-generic-v2_rep1,page,b3389636b847,True,1.0,none,True,False,,,,,Base (shared descriptive slots)
VOICE,v2,1,2026-07-31_claude-opus-5-generic-v2_rep1,publisher,139a8100c523,True,0.9,none,True,False,,,,,Base (shared descriptive slots)
VOICE,v2,1,2026-07-31_claude-opus-5-generic-v2_rep1,language,32889a931b08,True,1.0,none,True,False,,,,,Base (shared descriptive slots)
VOICE,v2,1,2026-07-31_claude-opus-5-generic-v2_rep1,status,dd2653c12a35,True,1.0,none,True,False,,,,,Base (shared descriptive slots)
VOICE,v2,1,2026-07-31_claude-opus-5-generic-v2_rep1,created_by,bb8af3236f1a,True,1.0,none,True,False,,,,,Base (shared descriptive slots)
VOICE,v2,1,2026-07-31_claude-opus-5-generic-v2_rep1,conforms_to,ae7695327fa8,True,0.9,none,True,False,,,,,Base (shared descriptive slots)
VOICE,v2,1,2026-07-31_claude-opus-5-generic-v2_rep1,was_derived_from,5054a08068a2,True,0.85,none,True,False,,,,,Base (shared descriptive slots)
VOICE,v2,1,2026-07-31_claude-opus-5-generic-v2_rep1,keywords,e359a142e83f,True,0.95,none,True,False,,,,,Base (shared descriptive slots)
VOICE,v2,1,2026-07-31_claude-opus-5-generic-v2_rep1,citation,b7aaae9197d0,True,0.9,none,True,False,,,,,Core/other
VOICE,v2,1,2026-07-31_claude-opus-5-generic-v2_rep1,purposes,fca4963f3cfe,True,0.95,none,True,False,,,,,Motivation
VOICE,v2,1,2026-07-31_claude-opus-5-generic-v2_rep1,addressing_gaps,8f5c18e61b4e,True,0.98,none,True,False,,,,,Motivation
VOICE,v2,1,2026-07-31_claude-opus-5-generic-v2_rep1,tasks,2390226be03d,True,0.9,none,True,False,,,,,Motivation
VOICE,v2,1,2026-07-31_claude-opus-5-generic-v2_rep1,funders,8757964f1ac3,True,0.75,form,False,False,,,,,Motivation
VOICE,v2,1,2026-07-31_claude-opus-5-generic-v2_rep1,creators,dc21a8039012,True,0.7,form,False,False,,,,,Motivation
VOICE,v2,1,2026-07-31_claude-opus-5-generic-v2_rep1,data_collectors,f417ac411a3a,True,0.85,none,True,False,,,,,Collection
VOICE,v2,1,2026-07-31_claude-opus-5-generic-v2_rep1,acquisition_methods,2d4d1fd171de,True,0.85,none,True,False,,,,,Collection
VOICE,v2,1,2026-07-31_claude-opus-5-generic-v2_rep1,collection_mechanisms,3862726cffe5,True,0.85,none,True,False,,,,,Collection
VOICE,v2,1,2026-07-31_claude-opus-5-generic-v2_rep1,collection_timeframes,6c777843d2ce,True,0.55,form,False,False,,,,,Collection
VOICE,v2,1,2026-07-31_claude-opus-5-generic-v2_rep1,sampling_strategies,cd9c873fd592,True,0.85,none,True,False,,,,,Composition
VOICE,v2,1,2026-07-31_claude-opus-5-generic-v2_rep1,direct_collection,58202e7d7811,True,0.8,none,True,False,,,,,Collection
VOICE,v2,1,2026-07-31_claude-opus-5-generic-v2_rep1,instances,b9b15dccb908,True,0.65,form,False,False,,,,,Composition
VOICE,v2,1,2026-07-31_claude-opus-5-generic-v2_rep1,subsets,d6fa25b38eb2,True,0.95,none,True,False,,,,,Core/other
VOICE,v2,1,2026-07-31_claude-opus-5-generic-v2_rep1,relationships,8d7bbf0e3228,True,0.8,none,True,False,,,,,Composition
VOICE,v2,1,2026-07-31_claude-opus-5-generic-v2_rep1,subpopulations,1d07bc7b2067,True,0.7,substance,False,False,,,,,Composition
VOICE,v2,1,2026-07-31_claude-opus-5-generic-v2_rep1,anomalies,b9056a12c2e5,True,0.95,none,True,False,,,,,Composition
VOICE,v2,1,2026-07-31_claude-opus-5-generic-v2_rep1,content_warnings,ac28f5194e4e,True,0.85,none,True,False,,,,,Composition
VOICE,v2,1,2026-07-31_claude-opus-5-generic-v2_rep1,sensitive_elements,88f13be8a3dd,True,0.9,none,True,False,,,,,Composition
VOICE,v2,1,2026-07-31_claude-opus-5-generic-v2_rep1,is_deidentified,4b39528d1df2,True,0.9,none,True,False,,,,,Composition
VOICE,v2,1,2026-07-31_claude-opus-5-generic-v2_rep1,known_biases,c0ab7513ef0b,True,0.8,none,True,False,,,,,Composition
VOICE,v2,1,2026-07-31_claude-opus-5-generic-v2_rep1,known_limitations,9bb1ab2ae25a,True,0.95,none,True,False,,,,,Composition
VOICE,v2,1,2026-07-31_claude-opus-5-generic-v2_rep1,variables,4c9abfa8c93c,True,0.95,none,True,False,,,,,Variables
VOICE,v2,1,2026-07-31_claude-opus-5-generic-v2_rep1,file_collections,74c039107d8c,True,0.95,none,True,False,,,,,FileCollection
VOICE,v2,1,2026-07-31_claude-opus-5-generic-v2_rep1,raw_sources,dede38e4ba76,True,0.8,none,True,False,,,,,Preprocessing
VOICE,v2,1,2026-07-31_claude-opus-5-generic-v2_rep1,raw_data_sources,042e77f4ece1,True,0.9,none,True,False,,,,,Collection
VOICE,v2,1,2026-07-31_claude-opus-5-generic-v2_rep1,preprocessing_strategies,fa47cc8fde84,True,0.95,none,True,False,,,,,Preprocessing
VOICE,v2,1,2026-07-31_claude-opus-5-generic-v2_rep1,cleaning_strategies,84857909945e,True,0.9,none,True,False,,,,,Preprocessing
VOICE,v2,1,2026-07-31_claude-opus-5-generic-v2_rep1,labeling_strategies,889ae77ede0e,True,0.85,none,True,False,,,,,Preprocessing
VOICE,v2,1,2026-07-31_claude-opus-5-generic-v2_rep1,machine_annotation_tools,d46cb74ad7d9,True,0.85,none,True,False,,,,,Preprocessing
VOICE,v2,1,2026-07-31_claude-opus-5-generic-v2_rep1,missing_data_documentation,9b2c421556ca,True,0.8,none,True,False,,,,,Collection
VOICE,v2,1,2026-07-31_claude-opus-5-generic-v2_rep1,existing_uses,8d1fbc861fd9,True,0.8,none,True,False,,,,,Uses
VOICE,v2,1,2026-07-31_claude-opus-5-generic-v2_rep1,intended_uses,04af502a1edb,True,0.9,none,True,False,,,,,Uses
VOICE,v2,1,2026-07-31_claude-opus-5-generic-v2_rep1,discouraged_uses,67015bdd2cea,True,0.95,none,True,False,,,,,Uses
VOICE,v2,1,2026-07-31_claude-opus-5-generic-v2_rep1,prohibited_uses,16d45888b358,True,1.0,none,True,False,,,,,Uses
VOICE,v2,1,2026-07-31_claude-opus-5-generic-v2_rep1,future_use_impacts,2cce3ef42263,True,0.95,none,True,False,,,,,Uses
VOICE,v2,1,2026-07-31_claude-opus-5-generic-v2_rep1,distribution_formats,ebc61202198a,True,0.78,form,False,False,,,,,Distribution
VOICE,v2,1,2026-07-31_claude-opus-5-generic-v2_rep1,distribution_dates,0987d75e8b3c,True,0.7,form,False,False,,,,,Distribution
VOICE,v2,1,2026-07-31_claude-opus-5-generic-v2_rep1,third_party_sharing,7668ed6531f6,True,0.9,none,True,False,,,,,Distribution
VOICE,v2,1,2026-07-31_claude-opus-5-generic-v2_rep1,license_and_use_terms,57103541a9aa,True,0.9,none,True,False,,,,,Data_Governance
VOICE,v2,1,2026-07-31_claude-opus-5-generic-v2_rep1,ip_restrictions,55628511d848,True,0.95,none,True,False,,,,,Data_Governance
VOICE,v2,1,2026-07-31_claude-opus-5-generic-v2_rep1,regulatory_restrictions,1384f107e2f4,True,0.9,none,True,False,,,,,Data_Governance
VOICE,v2,1,2026-07-31_claude-opus-5-generic-v2_rep1,ethical_reviews,9955eda3424c,True,0.8,none,True,False,,,,,Ethics
VOICE,v2,1,2026-07-31_claude-opus-5-generic-v2_rep1,informed_consent,75bba44c6d58,True,0.8,form,False,False,,,,,Human
VOICE,v2,1,2026-07-31_claude-opus-5-generic-v2_rep1,collection_consents,a51b9b08a080,True,0.95,none,True,False,,,,,Ethics
VOICE,v2,1,2026-07-31_claude-opus-5-generic-v2_rep1,consent_revocations,c1df3aecc01b,True,0.9,none,True,False,,,,,Ethics
VOICE,v2,1,2026-07-31_claude-opus-5-generic-v2_rep1,collection_notifications,fadf8f233d8c,True,0.85,none,True,False,,,,,Ethics
VOICE,v2,1,2026-07-31_claude-opus-5-generic-v2_rep1,participant_compensation,28a3b4f450cf,True,0.85,none,True,False,,,,,Human
VOICE,v2,1,2026-07-31_claude-opus-5-generic-v2_rep1,participant_privacy,216c3a49d86c,True,0.9,none,True,False,,,,,Human
VOICE,v2,1,2026-07-31_claude-opus-5-generic-v2_rep1,at_risk_populations,5f2ec397f571,True,0.9,none,True,False,,,,,Human
VOICE,v2,1,2026-07-31_claude-opus-5-generic-v2_rep1,human_subject_research,048c9e6fafff,True,0.8,none,True,False,,,,,Human
VOICE,v2,1,2026-07-31_claude-opus-5-generic-v2_rep1,data_protection_impacts,526d0318599f,True,0.7,target,False,False,,,,,Ethics
VOICE,v2,1,2026-07-31_claude-opus-5-generic-v2_rep1,maintainers,d59452f81ac3,True,0.75,form,False,False,,,,,Maintenance
VOICE,v2,1,2026-07-31_claude-opus-5-generic-v2_rep1,updates,c881676d1e51,True,0.85,none,True,False,,,,,Maintenance
VOICE,v2,1,2026-07-31_claude-opus-5-generic-v2_rep1,version_access,b885a5903cdf,True,0.85,none,True,False,,,,,Maintenance
VOICE,v2,1,2026-07-31_claude-opus-5-generic-v2_rep1,errata,6805b8d6264f,True,0.85,none,True,False,,,,,Maintenance
VOICE,v2,1,2026-07-31_claude-opus-5-generic-v2_rep1,retention_limit,69de39568260,True,0.9,none,True,False,,,,,Maintenance
VOICE,v2,1,2026-07-31_claude-opus-5-generic-v2_rep1,extension_mechanism,8d3634c64d6b,True,0.95,none,True,False,,,,,Maintenance
VOICE,v2,1,2026-07-31_claude-opus-5-generic-v2_rep1,related_datasets,63f9ef9a5cf8,True,0.9,none,True,False,,,,,Composition
VOICE,v2,1,2026-07-31_claude-opus-5-generic-v2_rep1,external_resources,82c7ca958790,True,0.9,none,True,False,,,,,Base (shared descriptive slots)
VOICE,v2,2,2026-07-31_claude-opus-5-generic-v2_rep2,id,6ee3b0c72245,True,1.0,none,True,False,,,,,Core/other
VOICE,v2,2,2026-07-31_claude-opus-5-generic-v2_rep2,name,2993c1ff1972,True,0.95,none,True,False,,,,,Core/other
VOICE,v2,2,2026-07-31_claude-opus-5-generic-v2_rep2,title,a0476dcabb7c,True,1.0,none,True,False,,,,,Base (shared descriptive slots)
VOICE,v2,2,2026-07-31_claude-opus-5-generic-v2_rep2,description,3bfaeec15d5f,True,1.0,none,True,False,,,,,Core/other
VOICE,v2,2,2026-07-31_claude-opus-5-generic-v2_rep2,version,536c8d78e8a0,True,1.0,none,True,False,,,,,Base (shared descriptive slots)
VOICE,v2,2,2026-07-31_claude-opus-5-generic-v2_rep2,doi,164cd8fde42f,True,1.0,none,True,False,,,,,Base (shared descriptive slots)
VOICE,v2,2,2026-07-31_claude-opus-5-generic-v2_rep2,page,b3389636b847,True,1.0,none,True,False,,,,,Base (shared descriptive slots)
VOICE,v2,2,2026-07-31_claude-opus-5-generic-v2_rep2,license,a2ada9d60cab,True,0.9,none,True,False,,,,,Base (shared descriptive slots)
VOICE,v2,2,2026-07-31_claude-opus-5-generic-v2_rep2,publisher,139a8100c523,True,0.9,none,True,False,,,,,Base (shared descriptive slots)
VOICE,v2,2,2026-07-31_claude-opus-5-generic-v2_rep2,issued,51e9fb0ee16c,True,0.95,none,True,False,,,,,Base (shared descriptive slots)
VOICE,v2,2,2026-07-31_claude-opus-5-generic-v2_rep2,last_updated_on,51e9fb0ee16c,True,0.95,none,True,False,,,,,Base (shared descriptive slots)
VOICE,v2,2,2026-07-31_claude-opus-5-generic-v2_rep2,created_by,bb8af3236f1a,True,1.0,none,True,False,,,,,Base (shared descriptive slots)
VOICE,v2,2,2026-07-31_claude-opus-5-generic-v2_rep2,status,2563ad707577,True,0.7,none,True,False,,,,,Base (shared descriptive slots)
VOICE,v2,2,2026-07-31_claude-opus-5-generic-v2_rep2,language,c8b8d780087b,True,0.8,none,True,False,,,,,Base (shared descriptive slots)
VOICE,v2,2,2026-07-31_claude-opus-5-generic-v2_rep2,keywords,22830654abf1,True,1.0,none,True,False,,,,,Base (shared descriptive slots)
VOICE,v2,2,2026-07-31_claude-opus-5-generic-v2_rep2,citation,1d5ab3cdbb0b,True,0.85,none,True,False,,,,,Core/other
VOICE,v2,2,2026-07-31_claude-opus-5-generic-v2_rep2,conforms_to,a3d79b2bf3f3,True,0.85,none,True,False,,,,,Base (shared descriptive slots)
VOICE,v2,2,2026-07-31_claude-opus-5-generic-v2_rep2,conforms_to_schema,ddbb9c09c294,True,0.9,none,True,False,,,,,Base (shared descriptive slots)
VOICE,v2,2,2026-07-31_claude-opus-5-generic-v2_rep2,was_derived_from,c73d2e8caa14,True,0.8,none,True,False,,,,,Base (shared descriptive slots)
VOICE,v2,2,2026-07-31_claude-opus-5-generic-v2_rep2,creators,a1d77a2fb5bb,True,0.85,none,True,False,,,,,Motivation
VOICE,v2,2,2026-07-31_claude-opus-5-generic-v2_rep2,funders,af2032fe29e2,True,0.85,none,True,False,,,,,Motivation
VOICE,v2,2,2026-07-31_claude-opus-5-generic-v2_rep2,maintainers,3773d8ea3121,True,0.9,none,True,False,,,,,Maintenance
VOICE,v2,2,2026-07-31_claude-opus-5-generic-v2_rep2,purposes,6d4766d5c1c1,True,0.95,none,True,False,,,,,Motivation
VOICE,v2,2,2026-07-31_claude-opus-5-generic-v2_rep2,addressing_gaps,283c523af527,True,0.98,none,True,False,,,,,Motivation
VOICE,v2,2,2026-07-31_claude-opus-5-generic-v2_rep2,tasks,93555fe0f6d3,True,1.0,none,True,False,,,,,Motivation
VOICE,v2,2,2026-07-31_claude-opus-5-generic-v2_rep2,intended_uses,f739d34f6959,True,1.0,none,True,False,,,,,Uses
VOICE,v2,2,2026-07-31_claude-opus-5-generic-v2_rep2,discouraged_uses,75a508677d9a,True,0.95,none,True,False,,,,,Uses
VOICE,v2,2,2026-07-31_claude-opus-5-generic-v2_rep2,prohibited_uses,4a1b82310fe4,True,0.97,none,True,False,,,,,Uses
VOICE,v2,2,2026-07-31_claude-opus-5-generic-v2_rep2,existing_uses,b6262eefb913,True,0.9,none,True,False,,,,,Uses
VOICE,v2,2,2026-07-31_claude-opus-5-generic-v2_rep2,future_use_impacts,2a9dab50abef,True,1.0,none,True,False,,,,,Uses
VOICE,v2,2,2026-07-31_claude-opus-5-generic-v2_rep2,acquisition_methods,05a84350a8c9,True,0.95,none,True,False,,,,,Collection
VOICE,v2,2,2026-07-31_claude-opus-5-generic-v2_rep2,collection_mechanisms,88dd794bde7a,True,0.95,none,True,False,,,,,Collection
VOICE,v2,2,2026-07-31_claude-opus-5-generic-v2_rep2,collection_timeframes,b877dfdb40f4,True,0.75,none,True,False,,,,,Collection
VOICE,v2,2,2026-07-31_claude-opus-5-generic-v2_rep2,data_collectors,366ef70f0045,True,0.95,none,True,False,,,,,Collection
VOICE,v2,2,2026-07-31_claude-opus-5-generic-v2_rep2,direct_collection,691fe5a820c7,True,0.9,none,True,False,,,,,Collection
VOICE,v2,2,2026-07-31_claude-opus-5-generic-v2_rep2,sampling_strategies,ad6d258b6d32,True,0.95,none,True,False,,,,,Composition
VOICE,v2,2,2026-07-31_claude-opus-5-generic-v2_rep2,collection_consents,9344ce895c22,True,0.95,none,True,False,,,,,Ethics
VOICE,v2,2,2026-07-31_claude-opus-5-generic-v2_rep2,collection_notifications,648db034c429,True,0.95,none,True,False,,,,,Ethics
VOICE,v2,2,2026-07-31_claude-opus-5-generic-v2_rep2,consent_revocations,28bac59f0d41,True,0.92,none,True,False,,,,,Ethics
VOICE,v2,2,2026-07-31_claude-opus-5-generic-v2_rep2,informed_consent,44a3c7a7fd36,True,0.85,none,True,False,,,,,Human
VOICE,v2,2,2026-07-31_claude-opus-5-generic-v2_rep2,ethical_reviews,450aa1d8d248,True,0.9,none,True,False,,,,,Ethics
VOICE,v2,2,2026-07-31_claude-opus-5-generic-v2_rep2,human_subject_research,0f51c0e59b39,True,0.9,none,True,False,,,,,Human
VOICE,v2,2,2026-07-31_claude-opus-5-generic-v2_rep2,at_risk_populations,ef67799e6ad9,True,0.9,none,True,False,,,,,Human
VOICE,v2,2,2026-07-31_claude-opus-5-generic-v2_rep2,participant_compensation,01f864b2da7a,True,0.9,none,True,False,,,,,Human
VOICE,v2,2,2026-07-31_claude-opus-5-generic-v2_rep2,participant_privacy,20e3f70eebc9,True,0.95,none,True,False,,,,,Human
VOICE,v2,2,2026-07-31_claude-opus-5-generic-v2_rep2,data_protection_impacts,38c9d8ed0927,True,0.9,none,True,False,,,,,Ethics
VOICE,v2,2,2026-07-31_claude-opus-5-generic-v2_rep2,is_deidentified,58ea0d053f90,True,0.9,none,True,False,,,,,Composition
VOICE,v2,2,2026-07-31_claude-opus-5-generic-v2_rep2,sensitive_elements,98838ac4e968,True,0.95,none,True,False,,,,,Composition
VOICE,v2,2,2026-07-31_claude-opus-5-generic-v2_rep2,confidential_elements,3e7e80907ef6,True,0.95,none,True,False,,,,,Composition
VOICE,v2,2,2026-07-31_claude-opus-5-generic-v2_rep2,content_warnings,e4ada5bb8d8d,True,1.0,none,True,False,,,,,Composition
VOICE,v2,2,2026-07-31_claude-opus-5-generic-v2_rep2,ip_restrictions,66c677db3cf1,True,0.95,none,True,False,,,,,Data_Governance
VOICE,v2,2,2026-07-31_claude-opus-5-generic-v2_rep2,license_and_use_terms,2bacff8f3083,True,0.9,none,True,False,,,,,Data_Governance
VOICE,v2,2,2026-07-31_claude-opus-5-generic-v2_rep2,regulatory_restrictions,6efef73ff334,True,0.92,none,True,False,,,,,Data_Governance
VOICE,v2,2,2026-07-31_claude-opus-5-generic-v2_rep2,retention_limit,5287e94fd602,True,0.95,none,True,False,,,,,Maintenance
VOICE,v2,2,2026-07-31_claude-opus-5-generic-v2_rep2,updates,d0bd9823bca5,True,0.95,none,True,False,,,,,Maintenance
VOICE,v2,2,2026-07-31_claude-opus-5-generic-v2_rep2,version_access,a808c2095929,True,0.9,none,True,False,,,,,Maintenance
VOICE,v2,2,2026-07-31_claude-opus-5-generic-v2_rep2,errata,47af97ff05d6,True,0.8,none,True,False,,,,,Maintenance
VOICE,v2,2,2026-07-31_claude-opus-5-generic-v2_rep2,extension_mechanism,5da75b580af8,True,0.95,none,True,False,,,,,Maintenance
VOICE,v2,2,2026-07-31_claude-opus-5-generic-v2_rep2,third_party_sharing,3437bc0a2d32,True,0.95,none,True,False,,,,,Distribution
VOICE,v2,2,2026-07-31_claude-opus-5-generic-v2_rep2,distribution_formats,9419fdebc4a5,True,0.95,none,True,False,,,,,Distribution
VOICE,v2,2,2026-07-31_claude-opus-5-generic-v2_rep2,distribution_dates,ba7eb7f787d1,True,0.8,form,False,False,,,,,Distribution
VOICE,v2,2,2026-07-31_claude-opus-5-generic-v2_rep2,related_datasets,d69edf543d22,True,0.95,none,True,False,,,,,Composition
VOICE,v2,2,2026-07-31_claude-opus-5-generic-v2_rep2,instances,2847d2b18f00,True,0.9,none,True,False,,,,,Composition
VOICE,v2,2,2026-07-31_claude-opus-5-generic-v2_rep2,subpopulations,decbc5b9cbc8,True,0.85,none,True,False,,,,,Composition
VOICE,v2,2,2026-07-31_claude-opus-5-generic-v2_rep2,relationships,72da85eccfb6,True,0.85,none,True,False,,,,,Composition
VOICE,v2,2,2026-07-31_claude-opus-5-generic-v2_rep2,anomalies,75971a8dac66,True,0.95,none,True,False,,,,,Composition
VOICE,v2,2,2026-07-31_claude-opus-5-generic-v2_rep2,known_biases,67b1083f3a24,True,0.9,none,True,False,,,,,Composition
VOICE,v2,2,2026-07-31_claude-opus-5-generic-v2_rep2,known_limitations,c1e740c8dc70,True,0.97,none,True,False,,,,,Composition
VOICE,v2,2,2026-07-31_claude-opus-5-generic-v2_rep2,missing_data_documentation,901021a740ae,True,0.9,none,True,False,,,,,Collection
VOICE,v2,2,2026-07-31_claude-opus-5-generic-v2_rep2,cleaning_strategies,2f5ce9501e48,True,0.9,none,True,False,,,,,Preprocessing
VOICE,v2,2,2026-07-31_claude-opus-5-generic-v2_rep2,preprocessing_strategies,afb32218f5f9,True,0.9,none,True,False,,,,,Preprocessing
VOICE,v2,2,2026-07-31_claude-opus-5-generic-v2_rep2,labeling_strategies,845fe687b01f,True,0.85,none,True,False,,,,,Preprocessing
VOICE,v2,2,2026-07-31_claude-opus-5-generic-v2_rep2,machine_annotation_tools,c67a31859784,True,1.0,none,True,False,,,,,Preprocessing
VOICE,v2,2,2026-07-31_claude-opus-5-generic-v2_rep2,annotation_analyses,f9fdb25ccef8,True,0.85,none,True,False,,,,,Preprocessing
VOICE,v2,2,2026-07-31_claude-opus-5-generic-v2_rep2,raw_sources,3f586a5c7fad,True,0.95,none,True,False,,,,,Preprocessing
VOICE,v2,2,2026-07-31_claude-opus-5-generic-v2_rep2,raw_data_sources,9e3d050c2a5f,True,0.9,none,True,False,,,,,Collection
VOICE,v2,2,2026-07-31_claude-opus-5-generic-v2_rep2,external_resources,22ebcce072d4,True,0.95,none,True,False,,,,,Base (shared descriptive slots)
VOICE,v2,2,2026-07-31_claude-opus-5-generic-v2_rep2,file_collections,8d260d260e7d,True,0.95,none,True,False,,,,,FileCollection
VOICE,v2,2,2026-07-31_claude-opus-5-generic-v2_rep2,variables,801f7ea36fc3,True,0.95,none,True,False,,,,,Variables
VOICE,v2,3,2026-07-31_claude-opus-5-generic-v2_rep3,id,0e7d66d5a8ea,True,1.0,none,True,False,,,,,Core/other
VOICE,v2,3,2026-07-31_claude-opus-5-generic-v2_rep3,name,2993c1ff1972,True,0.95,none,True,False,,,,,Core/other
VOICE,v2,3,2026-07-31_claude-opus-5-generic-v2_rep3,title,a0476dcabb7c,True,1.0,none,True,False,,,,,Base (shared descriptive slots)
VOICE,v2,3,2026-07-31_claude-opus-5-generic-v2_rep3,description,f36f06d0b8be,True,1.0,none,True,False,,,,,Core/other
VOICE,v2,3,2026-07-31_claude-opus-5-generic-v2_rep3,version,536c8d78e8a0,True,1.0,none,True,False,,,,,Base (shared descriptive slots)
VOICE,v2,3,2026-07-31_claude-opus-5-generic-v2_rep3,doi,164cd8fde42f,True,1.0,none,True,False,,,,,Base (shared descriptive slots)
VOICE,v2,3,2026-07-31_claude-opus-5-generic-v2_rep3,citation,b7aaae9197d0,True,0.9,none,True,False,,,,,Core/other
VOICE,v2,3,2026-07-31_claude-opus-5-generic-v2_rep3,license,a2ada9d60cab,True,0.9,none,True,False,,,,,Base (shared descriptive slots)
VOICE,v2,3,2026-07-31_claude-opus-5-generic-v2_rep3,page,b3389636b847,True,1.0,none,True,False,,,,,Base (shared descriptive slots)
VOICE,v2,3,2026-07-31_claude-opus-5-generic-v2_rep3,publisher,78dde9c1928b,True,0.95,none,True,False,,,,,Base (shared descriptive slots)
VOICE,v2,3,2026-07-31_claude-opus-5-generic-v2_rep3,created_by,bb8af3236f1a,True,1.0,none,True,False,,,,,Base (shared descriptive slots)
VOICE,v2,3,2026-07-31_claude-opus-5-generic-v2_rep3,issued,51e9fb0ee16c,True,0.95,none,True,False,,,,,Base (shared descriptive slots)
VOICE,v2,3,2026-07-31_claude-opus-5-generic-v2_rep3,last_updated_on,51e9fb0ee16c,True,0.95,none,True,False,,,,,Base (shared descriptive slots)
VOICE,v2,3,2026-07-31_claude-opus-5-generic-v2_rep3,status,dd2653c12a35,True,1.0,none,True,False,,,,,Base (shared descriptive slots)
VOICE,v2,3,2026-07-31_claude-opus-5-generic-v2_rep3,language,32889a931b08,True,1.0,none,True,False,,,,,Base (shared descriptive slots)
VOICE,v2,3,2026-07-31_claude-opus-5-generic-v2_rep3,keywords,e359a142e83f,True,0.95,none,True,False,,,,,Base (shared descriptive slots)
VOICE,v2,3,2026-07-31_claude-opus-5-generic-v2_rep3,conforms_to,6d2636253be9,True,0.9,none,True,False,,,,,Base (shared descriptive slots)
VOICE,v2,3,2026-07-31_claude-opus-5-generic-v2_rep3,was_derived_from,78f89c470260,True,0.8,none,True,False,,,,,Base (shared descriptive slots)
VOICE,v2,3,2026-07-31_claude-opus-5-generic-v2_rep3,creators,3365e116883a,True,0.75,form,False,False,,,,,Motivation
VOICE,v2,3,2026-07-31_claude-opus-5-generic-v2_rep3,funders,7aa74bbd2793,True,0.78,form,False,False,,,,,Motivation
VOICE,v2,3,2026-07-31_claude-opus-5-generic-v2_rep3,purposes,08af44568d7e,True,0.95,none,True,False,,,,,Motivation
VOICE,v2,3,2026-07-31_claude-opus-5-generic-v2_rep3,addressing_gaps,dd7434483126,True,0.98,none,True,False,,,,,Motivation
VOICE,v2,3,2026-07-31_claude-opus-5-generic-v2_rep3,tasks,bc2333db5f60,True,0.95,none,True,False,,,,,Motivation
VOICE,v2,3,2026-07-31_claude-opus-5-generic-v2_rep3,intended_uses,272d0b64c403,True,0.95,none,True,False,,,,,Uses
VOICE,v2,3,2026-07-31_claude-opus-5-generic-v2_rep3,discouraged_uses,a57707d57bd5,True,0.95,none,True,False,,,,,Uses
VOICE,v2,3,2026-07-31_claude-opus-5-generic-v2_rep3,prohibited_uses,9518f3872033,True,0.95,none,True,False,,,,,Uses
VOICE,v2,3,2026-07-31_claude-opus-5-generic-v2_rep3,existing_uses,8d1fbc861fd9,True,0.8,none,True,False,,,,,Uses
VOICE,v2,3,2026-07-31_claude-opus-5-generic-v2_rep3,future_use_impacts,36ff8c76e912,True,0.9,none,True,False,,,,,Uses
VOICE,v2,3,2026-07-31_claude-opus-5-generic-v2_rep3,known_biases,07e1bb56aeb5,True,0.8,none,True,False,,,,,Composition
VOICE,v2,3,2026-07-31_claude-opus-5-generic-v2_rep3,known_limitations,0a98a4e0021e,True,0.95,none,True,False,,,,,Composition
VOICE,v2,3,2026-07-31_claude-opus-5-generic-v2_rep3,anomalies,863faaa8d6d9,True,0.95,none,True,False,,,,,Composition
VOICE,v2,3,2026-07-31_claude-opus-5-generic-v2_rep3,content_warnings,8336b564050a,True,0.8,none,True,False,,,,,Composition
VOICE,v2,3,2026-07-31_claude-opus-5-generic-v2_rep3,sensitive_elements,1a7044ebf80f,True,0.9,none,True,False,,,,,Composition
VOICE,v2,3,2026-07-31_claude-opus-5-generic-v2_rep3,confidential_elements,4a7232ccff32,True,0.95,none,True,False,,,,,Composition
VOICE,v2,3,2026-07-31_claude-opus-5-generic-v2_rep3,instances,7569b0e416f1,True,0.8,none,True,False,,,,,Composition
VOICE,v2,3,2026-07-31_claude-opus-5-generic-v2_rep3,subsets,b63f549fe1d9,True,0.95,none,True,False,,,,,Core/other
VOICE,v2,3,2026-07-31_claude-opus-5-generic-v2_rep3,subpopulations,a78f0031f268,True,0.75,none,True,False,,,,,Composition
VOICE,v2,3,2026-07-31_claude-opus-5-generic-v2_rep3,relationships,c13a69cc94f8,True,0.8,none,True,False,,,,,Composition
VOICE,v2,3,2026-07-31_claude-opus-5-generic-v2_rep3,variables,fb1b4e0e6c91,True,0.95,none,True,False,,,,,Variables
VOICE,v2,3,2026-07-31_claude-opus-5-generic-v2_rep3,file_collections,c8f0c30c24b9,True,0.95,none,True,False,,,,,FileCollection
VOICE,v2,3,2026-07-31_claude-opus-5-generic-v2_rep3,acquisition_methods,7dabda46830e,True,0.9,none,True,False,,,,,Collection
VOICE,v2,3,2026-07-31_claude-opus-5-generic-v2_rep3,collection_mechanisms,dc4f674e9637,True,0.9,none,True,False,,,,,Collection
VOICE,v2,3,2026-07-31_claude-opus-5-generic-v2_rep3,collection_timeframes,5244520807cf,True,0.7,form,False,False,,,,,Collection
VOICE,v2,3,2026-07-31_claude-opus-5-generic-v2_rep3,data_collectors,93949ea6bbb7,True,0.75,none,True,False,,,,,Collection
VOICE,v2,3,2026-07-31_claude-opus-5-generic-v2_rep3,direct_collection,8367228b4112,True,0.85,none,True,False,,,,,Collection
VOICE,v2,3,2026-07-31_claude-opus-5-generic-v2_rep3,sampling_strategies,35ead9333c28,True,0.85,none,True,False,,,,,Composition
VOICE,v2,3,2026-07-31_claude-opus-5-generic-v2_rep3,cleaning_strategies,ca8c0ac87bcb,True,0.9,none,True,False,,,,,Preprocessing
VOICE,v2,3,2026-07-31_claude-opus-5-generic-v2_rep3,preprocessing_strategies,30c2b18a0686,True,0.95,none,True,False,,,,,Preprocessing
VOICE,v2,3,2026-07-31_claude-opus-5-generic-v2_rep3,missing_data_documentation,2b53136070b2,True,0.8,none,True,False,,,,,Collection
VOICE,v2,3,2026-07-31_claude-opus-5-generic-v2_rep3,labeling_strategies,a466409d6f71,True,0.85,none,True,False,,,,,Preprocessing
VOICE,v2,3,2026-07-31_claude-opus-5-generic-v2_rep3,machine_annotation_tools,ee61d36b1787,True,0.9,none,True,False,,,,,Preprocessing
VOICE,v2,3,2026-07-31_claude-opus-5-generic-v2_rep3,raw_sources,a5c45d451ea2,True,0.8,none,True,False,,,,,Preprocessing
VOICE,v2,3,2026-07-31_claude-opus-5-generic-v2_rep3,raw_data_sources,bb09afa23950,True,0.9,none,True,False,,,,,Collection
VOICE,v2,3,2026-07-31_claude-opus-5-generic-v2_rep3,collection_consents,07bb723303f3,True,0.9,none,True,False,,,,,Ethics
VOICE,v2,3,2026-07-31_claude-opus-5-generic-v2_rep3,collection_notifications,3c10d170825b,True,0.9,none,True,False,,,,,Ethics
VOICE,v2,3,2026-07-31_claude-opus-5-generic-v2_rep3,consent_revocations,8b34e1a49b9d,True,0.9,none,True,False,,,,,Ethics
VOICE,v2,3,2026-07-31_claude-opus-5-generic-v2_rep3,data_protection_impacts,6a5164562331,True,0.75,target,False,False,,,,,Ethics
VOICE,v2,3,2026-07-31_claude-opus-5-generic-v2_rep3,ethical_reviews,1b7980a6c7e2,True,0.8,none,True,False,,,,,Ethics
VOICE,v2,3,2026-07-31_claude-opus-5-generic-v2_rep3,informed_consent,f1e943d954b7,True,0.8,none,True,False,,,,,Human
VOICE,v2,3,2026-07-31_claude-opus-5-generic-v2_rep3,participant_compensation,bceb75ce6560,True,0.85,none,True,False,,,,,Human
VOICE,v2,3,2026-07-31_claude-opus-5-generic-v2_rep3,participant_privacy,2f987a697174,True,0.9,none,True,False,,,,,Human
VOICE,v2,3,2026-07-31_claude-opus-5-generic-v2_rep3,at_risk_populations,a72db02aa7bb,True,0.85,none,True,False,,,,,Human
VOICE,v2,3,2026-07-31_claude-opus-5-generic-v2_rep3,human_subject_research,ccd787c2b8ec,True,0.85,none,True,False,,,,,Human
VOICE,v2,3,2026-07-31_claude-opus-5-generic-v2_rep3,is_deidentified,16ce7a57ac7f,True,0.85,none,True,False,,,,,Composition
VOICE,v2,3,2026-07-31_claude-opus-5-generic-v2_rep3,license_and_use_terms,8e15851b85b4,True,0.9,none,True,False,,,,,Data_Governance
VOICE,v2,3,2026-07-31_claude-opus-5-generic-v2_rep3,ip_restrictions,b8d1bf5d6144,True,0.95,none,True,False,,,,,Data_Governance
VOICE,v2,3,2026-07-31_claude-opus-5-generic-v2_rep3,regulatory_restrictions,0fe14229469e,True,0.9,none,True,False,,,,,Data_Governance
VOICE,v2,3,2026-07-31_claude-opus-5-generic-v2_rep3,retention_limit,2980eb49c667,True,0.95,none,True,False,,,,,Maintenance
VOICE,v2,3,2026-07-31_claude-opus-5-generic-v2_rep3,updates,bfca3cfd7353,True,0.9,none,True,False,,,,,Maintenance
VOICE,v2,3,2026-07-31_claude-opus-5-generic-v2_rep3,version_access,e6de1778049a,True,0.85,none,True,False,,,,,Maintenance
VOICE,v2,3,2026-07-31_claude-opus-5-generic-v2_rep3,errata,e6c152bf25ee,True,0.85,none,True,False,,,,,Maintenance
VOICE,v2,3,2026-07-31_claude-opus-5-generic-v2_rep3,maintainers,430ea65b1c44,True,0.65,form,False,False,,,,,Maintenance
VOICE,v2,3,2026-07-31_claude-opus-5-generic-v2_rep3,extension_mechanism,79cb91f0a427,True,0.9,none,True,False,,,,,Maintenance
VOICE,v2,3,2026-07-31_claude-opus-5-generic-v2_rep3,distribution_formats,ef6647724e7e,True,0.85,none,True,False,,,,,Distribution
VOICE,v2,3,2026-07-31_claude-opus-5-generic-v2_rep3,distribution_dates,5227ce73066a,True,0.7,form,False,False,,,,,Distribution
VOICE,v2,3,2026-07-31_claude-opus-5-generic-v2_rep3,third_party_sharing,b41b99524440,True,0.9,none,True,False,,,,,Distribution
VOICE,v2,3,2026-07-31_claude-opus-5-generic-v2_rep3,related_datasets,0d8ae329ce19,True,0.97,none,True,False,,,,,Composition
VOICE,v2,3,2026-07-31_claude-opus-5-generic-v2_rep3,external_resources,08dae565e041,True,0.85,none,True,False,,,,,Base (shared descriptive slots)
