label,project,method,record,slot,severity,category,issue_excerpt
2026-08-06_claude-opus-5-1m-generic-v3-schema2_rep1,AI_READI,claudecode_agent,core,resources,high,inconsistent identifier/count,"The core record uses `resources` (range Dataset) to carry the nine per-datatype directory groupings, but the schema description for `resources` states 'For file collections, use the file_collections a"
2026-08-06_claude-opus-5-1m-generic-v3-schema2_rep1,AI_READI,claudecode_agent,full,creators,high,inconsistent identifier/count,The first Creator object populates only `notes` and leaves every declared field of Creator empty. The single most important creator fact in the bundle — that the FAIRhub dataset_description names 'AI-
2026-08-06_claude-opus-5-1m-generic-v3-schema2_rep1,AI_READI,claudecode_agent,both,creators[].affiliations,medium,unsupported claim,"Affiliation values embed source commentary and identifiers inside the affiliation string, e.g. 'Washington University in St. Louis (ROR 01yc7t268)', 'University of California, San Diego (ROR 0168r3w48"
2026-08-06_claude-opus-5-1m-generic-v3-schema2_rep1,AI_READI,claudecode_agent,both,funders[].grantor,medium,inconsistent identifier/count,"Grantor values embed ROR identifiers as parenthetical commentary: 'National Institutes of Health (ROR 01cwqze88)'. FundingMechanism declares `grantor`, `grants`, `notes`; the identifier belongs in not"
2026-08-06_claude-opus-5-1m-generic-v3-schema2_rep1,AI_READI,claudecode_agent,both,license,medium,dataset/release/temporal scope error,"The `license` slot (range string, 'e.g. MIT, CC-BY-4.0') carries a name plus a parenthetical URL: 'AI-READI custom license v2.0 (https://doi.org/10.5281/zenodo.17555036)'. The bundle gives rightsName "
2026-08-06_claude-opus-5-1m-generic-v3-schema2_rep1,AI_READI,claudecode_agent,both,created_by,medium,unsupported claim,"`created_by` is populated with 'AI-READI Consortium'. The bundle supports this as the dataset creator, but `created_by` is described as the person or organization primarily responsible for creating th"
2026-08-06_claude-opus-5-1m-generic-v3-schema2_rep1,AI_READI,claudecode_agent,both,prohibited_uses / license / license_and_use_terms,medium,unsupported claim,"Internal inconsistency the records acknowledge but do not resolve consistently. The dataset-level `license` slot asserts v2.0, while every prohibited_uses entry is transcribed verbatim from license v1"
2026-08-06_claude-opus-5-1m-generic-v3-schema2_rep1,AI_READI,claudecode_agent,full,distribution_formats,medium,inconsistent identifier/count,"DistributionFormat declares `access_urls` and `notes`. Every one of the five objects puts the actual format identity (DICOM, CSV, JSON, Markdown, WFDB) into `notes` and repeats the identical access_ur"
2026-08-06_claude-opus-5-1m-generic-v3-schema2_rep1,AI_READI,claudecode_agent,full,distribution_dates,medium,dataset/release/temporal scope error,"Three DistributionDate objects each carry a single-element `release_dates` list and put all substance in `notes`. This is acceptable per the class's thin declaration, but the v1.0.0 and v2.0.0 entries"
2026-08-06_claude-opus-5-1m-generic-v3-schema2_rep1,AI_READI,claudecode_agent,full,subsets,medium,unsupported claim,"The three DataSubset objects set `is_data_split: true` and put all split composition (counts by race/ethnicity, sex, diabetes status, mean age) into free-text `description`. DataSubset accepts the ful"
2026-08-06_claude-opus-5-1m-generic-v3-schema2_rep1,AI_READI,claudecode_agent,core,subsets / splits,medium,missing supported information,The core record drops `splits` and `subsets` entirely and relocates the recommended 70/15/15 split and all per-split counts into the free-text `notes` blob (item 13). The bundle clearly and specifical
2026-08-06_claude-opus-5-1m-generic-v3-schema2_rep1,AI_READI,claudecode_agent,core,relationships / related_datasets / file_collections / variables / total_file_count / total_size_bytes / citation / participant_compensation / third_party_sharing / collection_notifications / collection_consents / consent_revocations / direct_collection,medium,missing supported information,"Thirteen slots populated in the full record are absent from the core record, with their content compressed into the `notes` blob (file/byte totals, citation, compensation, version relationships) or dr"
2026-08-06_claude-opus-5-1m-generic-v3-schema2_rep1,AI_READI,claudecode_agent,both,notes,low,missing supported information,The `notes` slot is described as content that 'fits no dedicated slot.' Several numbered items have dedicated slots and are therefore misplaced: item (2) 'no data protection impact analysis has been c
2026-08-06_claude-opus-5-1m-generic-v3-schema2_rep1,AI_READI,claudecode_agent,full,data_protection_impacts,low,missing supported information,"Omission the bundle clearly supports. The healthsheet Collection Q12 asks whether a data protection impact analysis was conducted and answers 'No, a data protection impact analysis has not been conduc"
2026-08-06_claude-opus-5-1m-generic-v3-schema2_rep1,AI_READI,claudecode_agent,full,existing_uses,low,missing supported information,"Omission the bundle supports. Healthsheet Uses Q1: 'Has the dataset been used for any tasks already?' — 'No'. This is a documented answer, recorded only as notes item (3) in both records. Omitting the"
2026-08-06_claude-opus-5-1m-generic-v3-schema2_rep1,AI_READI,claudecode_agent,both,labeling_strategies / annotation_analyses / machine_annotation_tools,low,other,Correctly omitted — the healthsheet answers the entire labeling section 'N/A - no labels are provided'. The fact is captured in instances[].label_description. No defect; noted to confirm the omission 
2026-08-06_claude-opus-5-1m-generic-v3-schema2_rep1,AI_READI,claudecode_agent,both,collection_timeframes[3] (full) / [3] (core),low,other,"The fourth CollectionTimeframe object populates only `timeframe_details` with per-participant visit duration, and contains an unresolved internal inconsistency stated inline: 'Approximately 10 percent"
2026-08-06_claude-opus-5-1m-generic-v3-schema2_rep1,AI_READI,claudecode_agent,both,is_deidentified.method,low,inconsistent identifier/count,The `method` field carries a multi-sentence explanation of the FAIRhub deIdent* metadata flags rather than a method designation. Deidentification separately declares `deidentification_details` and `no
2026-08-06_claude-opus-5-1m-generic-v3-schema2_rep1,AI_READI,claudecode_agent,full,variables,low,other,Roughly 40 of the ~85 VariableMetadata objects put the laboratory reference range into free-text `notes` (e.g. 'Reference range 3.6-5.2') while leaving the declared `minimum_value` and `maximum_value`
2026-08-06_claude-opus-5-1m-generic-v3-schema2_rep1,AI_READI,claudecode_agent,full,variables[].data_type,low,other,"'Monofilament touch perception' is typed `categorical` with categories, which is fine, but 'ECG recording position' is also `categorical` with ordered angular values (0/30/60/90 degrees) where `ordina"
2026-08-06_claude-opus-5-1m-generic-v3-schema2_rep1,AI_READI,claudecode_agent,both,known_biases[].bias_type,low,other,"All five bias_type values (selection_bias, sampling_bias, representation_bias, historical_bias, measurement_bias) are within the declared enum. No defect. Noted for completeness of enum audit."
2026-08-06_claude-opus-5-1m-generic-v3-schema2_rep1,AI_READI,claudecode_agent,both,known_limitations[].limitation_type,low,other,"All six limitation_type values (representativeness_limitation, coverage_limitation x2, scope_limitation, temporal_limitation, methodological_limitation) are within the declared enum. No defect. Noted "
2026-08-06_claude-opus-5-1m-generic-v3-schema2_rep1,AI_READI,claudecode_agent,both,license_and_use_terms.data_use_permission,low,missing supported information,Value `disease_specific_research` is within the declared enum and is well supported (access requires attesting to type 2 diabetes related research). However the bundle also supports `publication_requi
2026-08-06_claude-opus-5-1m-generic-v3-schema2_rep1,AI_READI,claudecode_agent,both,maintainers[1].role,low,other,FAIRhub/Microsoft Azure hosting is assigned role `other`. The Maintainer role enum includes `academic_institution` and `non_profit_organization`; FAIRhub is developed by the FAIR Data Innovations Hub 
2026-08-06_claude-opus-5-1m-generic-v3-schema2_rep1,AI_READI,claudecode_agent,both,id,low,dataset/release/temporal scope error,"`id` is set to https://doi.org/10.60775/fairhub.3 while `doi` is 10.60775/fairhub.3. Consistent and schema-legal (uriorcurie). Noted only to confirm the single-referent choice (v3.0.0, not the abstrac"
2026-08-06_claude-opus-5-1m-generic-v3-schema2_rep1,AI_READI,claudecode_agent,both,issued,low,unsupported claim,"Value '2025-11-17T00:00:00Z' synthesizes a time component and UTC offset not present in the bundle, which gives only the date 2025-11-17. Minor over-specification forced by the datetime range; flagged"
2026-08-06_claude-opus-5-1m-generic-v3-schema2_rep1,AI_READI,claudecode_agent,both,status,low,dataset/release/temporal scope error,"`status` (range string, 'e.g., draft, published, deprecated') carries a three-sentence paragraph covering publication state, the superseded status of v1/v2, and ongoing enrollment. The latter two fact"
2026-08-06_claude-opus-5-1m-generic-v3-schema2_rep1,AI_READI,claudecode_agent,both,conforms_to / conforms_to_schema,low,unsupported claim,`conforms_to` = 'Clinical Dataset Structure (CDS) v0.1.1' and `conforms_to_schema` = the CDS readthedocs URL. Supported. Note the bundle also records a distinct AI-READI schema (https://schema.aireadi
2026-08-06_claude-opus-5-1m-generic-v3-schema2_rep1,AI_READI,claudecode_agent,both,sampling_strategies[0].is_representative,low,other,"Set to `false` with a populated why_not_representative. Well supported (volunteer bias, urban/hospital recruitment, excluded groups). However `is_sample: true` sits in tension with the healthsheet's o"
2026-08-06_claude-opus-5-1m-generic-v3-schema2_rep1,CHORUS,claudecode_agent,full,creators,high,other,"Every Creator object leaves the declared fields empty and packs the person's name, role and provenance into `notes`. The Creator range declares `principal_investigator`, `credit_roles` and `affiliatio"
2026-08-06_claude-opus-5-1m-generic-v3-schema2_rep1,CHORUS,claudecode_agent,core,creators,high,other,Same defect as the full record — all six Creator objects have empty declared fields with the name buried in free-text `notes`.
2026-08-06_claude-opus-5-1m-generic-v3-schema2_rep1,CHORUS,claudecode_agent,full,creators[6],medium,inconsistent identifier/count,The seventh entry ('The CHoRUS consortium as a whole: 60+ members across 20 different institutions') is not a distinct creator entity but an aggregate commentary about the other entries. It duplicates
2026-08-06_claude-opus-5-1m-generic-v3-schema2_rep1,CHORUS,claudecode_agent,core,creators[6],medium,other,Same aggregate-commentary pseudo-entity as in the full record.
2026-08-06_claude-opus-5-1m-generic-v3-schema2_rep1,CHORUS,claudecode_agent,full,distribution_formats,medium,other,"A single DistributionFormat object with only `notes` collapses nine distinct formats (OMOP, OHNLP, DICOM, WFDB/PhysioNet-extended, EDF+/Persyst) plus the enclave access route into one prose blob. The "
2026-08-06_claude-opus-5-1m-generic-v3-schema2_rep1,CHORUS,claudecode_agent,core,distribution_formats,medium,other,Same single-object collapse of nine distinct distribution formats.
2026-08-06_claude-opus-5-1m-generic-v3-schema2_rep1,CHORUS,claudecode_agent,full,license,medium,missing supported information,"Omitted although the bundle supports it: the GitHub organization README states 'This project is licensed under the MIT License.' Note this applies to CHoRUS software, not the dataset, so if populated "
2026-08-06_claude-opus-5-1m-generic-v3-schema2_rep1,CHORUS,claudecode_agent,full,collection_timeframes,medium,unsupported claim,"`start_date` and `end_date` are declared fields on CollectionTimeframe and are left empty while the dates (project start 2022-09-01, project end 2026-11-30) are stated in the prose of `timeframe_detai"
2026-08-06_claude-opus-5-1m-generic-v3-schema2_rep1,CHORUS,claudecode_agent,full,file_collections,medium,inconsistent identifier/count,`collection_type` is a declared field on FileCollection with an enum including `raw_data` and `processed_data`; all nine modality collections leave it unset while the access-control and metadata-schem
2026-08-06_claude-opus-5-1m-generic-v3-schema2_rep1,CHORUS,claudecode_agent,core,resources,medium,other,"The nine modality entries plus the holdout test set were remapped from `file_collections`/`subsets` into `resources`. The holdout test set is a data split, not a component resource; the full record co"
2026-08-06_claude-opus-5-1m-generic-v3-schema2_rep1,CHORUS,claudecode_agent,full,instances,medium,dataset/release/temporal scope error,"`counts: 50000` asserts a single figure while the object's own `notes` records three mutually inconsistent counts from three sources (50,000 released admissions per the website, 'over 45K unique admis"
2026-08-06_claude-opus-5-1m-generic-v3-schema2_rep1,CHORUS,claudecode_agent,core,instances,medium,inconsistent identifier/count,Same silent selection among disagreeing admission counts and same unpopulated declared fields.
2026-08-06_claude-opus-5-1m-generic-v3-schema2_rep1,CHORUS,claudecode_agent,full,sampling_strategies,low,other,"`is_sample: true` is asserted, but the bundle describes sampling as an intended design goal ('federated access will enable sampling methods to ensure a balanced and diverse cohort') rather than a comp"
2026-08-06_claude-opus-5-1m-generic-v3-schema2_rep1,CHORUS,claudecode_agent,core,sampling_strategies,low,other,Same forward-looking intent asserted as realized fact.
2026-08-06_claude-opus-5-1m-generic-v3-schema2_rep1,CHORUS,claudecode_agent,full,external_resources,low,other,"All three ExternalResource objects use only `notes`; the range declares `external_resources`, `archival`, `restrictions` and `future_guarantees`. The URLs (https://chorus4ai.org/, https://github.com/c"
2026-08-06_claude-opus-5-1m-generic-v3-schema2_rep1,CHORUS,claudecode_agent,core,external_resources,low,other,Same — URLs embedded in prose rather than placed in the declared `external_resources` field.
2026-08-06_claude-opus-5-1m-generic-v3-schema2_rep1,CHORUS,claudecode_agent,full,maintainers,low,other,All three Maintainer objects populate only `maintainer_details`; `role` is a declared enum field and the bundle supports `academic_institution` for the MGH program manager entry. Names and email addre
2026-08-06_claude-opus-5-1m-generic-v3-schema2_rep1,CHORUS,claudecode_agent,core,maintainers,low,other,Same — `role` enum unset across all three entries.
2026-08-06_claude-opus-5-1m-generic-v3-schema2_rep1,CHORUS,claudecode_agent,full,notes,low,other,"The contact address 'cmccrary@mgh.havard.edu' contains an evident typo in the source ('havard'). It is correctly reproduced verbatim with an explicit annotation, which is the right handling, but the s"
2026-08-06_claude-opus-5-1m-generic-v3-schema2_rep1,CHORUS,claudecode_agent,full,license_and_use_terms,low,other,`data_use_permission` is a declared enum field and is unset. The bundle supports `ethics_approval_required`-adjacent and `institution_specific` semantics (a signed licensing agreement plus a mandatory
2026-08-06_claude-opus-5-1m-generic-v3-schema2_rep1,CHORUS,claudecode_agent,full,human_subject_research,low,missing supported information,"`involves_human_subjects: true` is asserted and `special_populations` is left unset, although the bundle states the released cohort includes PICU and NICU admissions — i.e. minors and neonates. The re"
2026-08-06_claude-opus-5-1m-generic-v3-schema2_rep1,CHORUS,claudecode_agent,core,human_subject_research,low,other,Same — `special_populations` unset despite explicit PICU/NICU coverage in the bundle.
2026-08-06_claude-opus-5-1m-generic-v3-schema2_rep1,CHORUS,claudecode_agent,full,ethical_reviews,low,missing supported information,"`reviewing_organization` and `contact_person` are declared fields left unset. The bundle describes ethics activity (focus groups, legal/regulatory analysis) but does not name an IRB or ethics committe"
2026-08-06_claude-opus-5-1m-generic-v3-schema2_rep1,CHORUS,claudecode_agent,full,known_biases,low,unsupported claim,"`bias_type: representation_bias` is an inference. The bundle states the project works to 'manage privacy and bias' and to build a 'diverse' cohort, but never identifies a specific bias type present in"
2026-08-06_claude-opus-5-1m-generic-v3-schema2_rep1,CHORUS,claudecode_agent,core,known_biases,low,other,Same enum categorization not made by the bundle.
2026-08-06_claude-opus-5-1m-generic-v3-schema2_rep1,CHORUS,claudecode_agent,full,existing_uses,low,other,Both ExistingUse objects use only `notes`; `examples` is a declared field and the training-program use is a concrete example that belongs there.
2026-08-06_claude-opus-5-1m-generic-v3-schema2_rep1,CHORUS,claudecode_agent,full,known_limitations,low,other,The scope_limitation entry asserts the 20 academic centers are 'all located in the United States'. The bundle places the CHoRUS GitHub organization in 'United States of America' and lists US-based eli
2026-08-06_claude-opus-5-1m-generic-v3-schema2_rep1,CHORUS,claudecode_agent,core,known_limitations,low,unsupported claim,Same unsupported 'all located in the United States' claim about the contributing centers.
2026-08-06_claude-opus-5-1m-generic-v3-schema2_rep1,CHORUS,claudecode_agent,full,citation,low,other,"Omitted. The bundle supplies no recommended citation, so omission is correct — noted only to confirm the absence was checked and is not a gap."
2026-08-06_claude-opus-5-1m-generic-v3-schema2_rep1,CHORUS,claudecode_agent,full,is_deidentified,low,inconsistent identifier/count,"`identifiable_elements_present`, `identifiers_removed` and `method` are declared fields left unset while tokenization and imaging de-identification are described in prose. `method` in particular is su"
2026-08-06_claude-opus-5-1m-generic-v3-schema2_rep1,CHORUS,claudecode_agent,core,notes,low,other,"The core `notes` field absorbs four distinct facts displaced from full-record slots that the core schema may not declare (holdout split, third-party sharing, direct-collection status). This is the doc"
2026-08-06_claude-opus-5-1m-generic-v3-schema2_rep1,CHORUS,claudecode_agent,full,status,low,missing supported information,The website banner 'This repoitory is under review for potential modification in compliance with Administration directives' is a status-bearing statement about the resource and is recorded only in `no
2026-08-06_claude-opus-5-1m-generic-v3-schema2_rep2,AI_READI,claudecode_agent,core,distributions,high,unsupported claim,"The slot `distributions` is not declared in the supplied Dataset slot inventory, and no such slot appears in the schema digest for either record. Its member keys (`path`, `bytes`, `format`, `media_typ"
2026-08-06_claude-opus-5-1m-generic-v3-schema2_rep2,AI_READI,claudecode_agent,core,at_risk_populations,high,other,Emitted as a single mapping in the core record and as a list of one in the full record. The full record's list form is wrong: `at_risk_populations` has range AtRiskPopulations and is NOT marked [many]
2026-08-06_claude-opus-5-1m-generic-v3-schema2_rep2,AI_READI,claudecode_agent,full,creators,medium,other,"Every Creator object populates `principal_investigator` with a person or organization name but leaves `credit_roles` unpopulated throughout, while the evidence supports role assignment for several ent"
2026-08-06_claude-opus-5-1m-generic-v3-schema2_rep2,AI_READI,claudecode_agent,full,citation,medium,missing supported information,"Omitted from both records although the bundle supports it. The FAIRhub record states 'When using this resource, please follow the citation instructions provided at https://docs.aireadi.org/docs/3/cita"
2026-08-06_claude-opus-5-1m-generic-v3-schema2_rep2,AI_READI,claudecode_agent,both,existing_uses,medium,missing supported information,Omitted. The bundle directly supports a negative: healthsheet 'uses' question 1 asks 'Has the dataset been used for any tasks already?' and the answer is 'No'. The FAIRhub record additionally reports 
2026-08-06_claude-opus-5-1m-generic-v3-schema2_rep2,AI_READI,claudecode_agent,both,use_repository,medium,missing supported information,"Omitted. The bundle supports an explicit negative: healthsheet 'uses' question 3 asks whether a repository links to papers or systems that use the dataset, answered 'No'. UseRepository declares `notes"
2026-08-06_claude-opus-5-1m-generic-v3-schema2_rep2,AI_READI,claudecode_agent,both,errata,medium,other,"Omitted. The healthsheet maintenance question 3 ('Is there an erratum?') has an empty response string in the source, meaning the question was left unanswered rather than answered in the negative. Omis"
2026-08-06_claude-opus-5-1m-generic-v3-schema2_rep2,AI_READI,claudecode_agent,both,extension_mechanism,medium,missing supported information,"Omitted although the bundle supports a clear answer: healthsheet maintenance question 7 states 'No, currently there is no mechanism for others to extend or augment the AI-READI dataset outside of thos"
2026-08-06_claude-opus-5-1m-generic-v3-schema2_rep2,AI_READI,claudecode_agent,both,data_protection_impacts,medium,missing supported information,"Omitted although the bundle supports a clear negative: healthsheet collection question 12 states 'No, a data protection impact analysis has not been conducted.' DataProtectionImpact declares `impact_d"
2026-08-06_claude-opus-5-1m-generic-v3-schema2_rep2,AI_READI,claudecode_agent,both,labeling_strategies,medium,missing supported information,Omitted although the bundle addresses labeling explicitly and repeatedly: the healthsheet 'labeling' section answers 'N/A - no labels are provided' and 'No specific labeling was performed in the datas
2026-08-06_claude-opus-5-1m-generic-v3-schema2_rep2,AI_READI,claudecode_agent,both,annotation_analyses,medium,other,Omitted. Consistent with 'no labels are provided' and no inter-annotator agreement being reported; omission is correct. Recorded to confirm the check.
2026-08-06_claude-opus-5-1m-generic-v3-schema2_rep2,AI_READI,claudecode_agent,both,machine_annotation_tools,medium,other,"Omitted. No automated annotation tools are described in the bundle; the OMOP DQD tool is a quality-check tool, correctly placed under `cleaning_strategies` rather than here. Omission correct."
2026-08-06_claude-opus-5-1m-generic-v3-schema2_rep2,AI_READI,claudecode_agent,both,imputation_protocols,medium,missing supported information,"Omitted. Supported by the bundle only as a negative implied by 'No imputation is applied', which the records carry in `missing_data_documentation[0].handling_strategy`. Omission acceptable."
2026-08-06_claude-opus-5-1m-generic-v3-schema2_rep2,AI_READI,claudecode_agent,full,discouraged_uses,medium,missing supported information,Omitted from the full record while `prohibited_uses` is heavily populated. The healthsheet motivation question 3 asks about discouraged usage and answers by pointing to the license restrictions; the u
2026-08-06_claude-opus-5-1m-generic-v3-schema2_rep2,AI_READI,claudecode_agent,core,relationships,low,other,"Present in the full record as a `relationships` entry but absent as a slot in the core record, where the same content was folded into `instances[0].notes` ('All instances are part of the same prospect"
2026-08-06_claude-opus-5-1m-generic-v3-schema2_rep2,AI_READI,claudecode_agent,core,subsets,low,inconsistent identifier/count,"The full record carries three DataSubset objects for the recommended train/validation/test splits, each with `id`, `is_data_split: true` and instance counts. The core record drops `subsets` and `split"
2026-08-06_claude-opus-5-1m-generic-v3-schema2_rep2,AI_READI,claudecode_agent,core,splits,low,other,"Same as above. The full record has a `splits` entry with `split_details`; the core record has none, with the content relocated to `notes`."
2026-08-06_claude-opus-5-1m-generic-v3-schema2_rep2,AI_READI,claudecode_agent,core,total_file_count / total_size_bytes,low,missing supported information,"The full record populates `total_file_count: 356343` and `total_size_bytes: 3815969779678` as declared integer slots. The core record omits both and instead states them in prose inside `notes` ('356,3"
2026-08-06_claude-opus-5-1m-generic-v3-schema2_rep2,AI_READI,claudecode_agent,core,participant_compensation,low,other,"The full record carries a HumanSubjectCompensation object with `compensation_amount: '$200 USD'`, `compensation_provided: true` and `compensation_type`. The core record drops the slot and folds the fa"
2026-08-06_claude-opus-5-1m-generic-v3-schema2_rep2,AI_READI,claudecode_agent,core,participant_privacy,low,other,"The full record carries a ParticipantPrivacy object with `anonymization_method`, a seven-item `privacy_techniques` list, `reidentification_risk` and `data_linkage`. The core record drops the slot and "
2026-08-06_claude-opus-5-1m-generic-v3-schema2_rep2,AI_READI,claudecode_agent,core,collection_consents / collection_notifications / consent_revocations,low,other,The full record carries these as three separate slots with distinct objects. The core record drops all three and folds their content into `informed_consent[0].notes` and `informed_consent[0].withdrawa
2026-08-06_claude-opus-5-1m-generic-v3-schema2_rep2,AI_READI,claudecode_agent,core,third_party_sharing,low,other,"The full record carries a ThirdPartySharing object with `is_shared: true`. The core record drops the slot and folds the content into `license_and_use_terms.notes`. Conditional demotion, as above."
2026-08-06_claude-opus-5-1m-generic-v3-schema2_rep2,AI_READI,claudecode_agent,core,direct_collection,low,other,"The full record carries three DirectCollection objects with the `is_direct` boolean set true/false/false, distinguishing direct participant collection from EHR-derived and DoL-derived material. The co"
2026-08-06_claude-opus-5-1m-generic-v3-schema2_rep2,AI_READI,claudecode_agent,core,related_datasets,low,inconsistent identifier/count,"The full record carries three DatasetRelationship objects (two `is_new_version_of`, one `is_source_of` pointing at the mini version, DOI 10.60775/fairhub.4). The core record drops the slot and mention"
2026-08-06_claude-opus-5-1m-generic-v3-schema2_rep2,AI_READI,claudecode_agent,core,variables,low,other,"The full record carries 57 VariableMetadata objects with `variable_name`, `data_type`, `unit`, `measurement_technique`, reference ranges and sensitivity flags. The core record omits `variables` entire"
2026-08-06_claude-opus-5-1m-generic-v3-schema2_rep2,AI_READI,claudecode_agent,full,license,low,dataset/release/temporal scope error,"Value is 'AI-READI custom license v2.0 (https://doi.org/10.5281/zenodo.17555036)'. The declared range is a plain string and the schema comment gives examples of the form 'MIT', 'CC-BY-4.0'. Embedding "
2026-08-06_claude-opus-5-1m-generic-v3-schema2_rep2,AI_READI,claudecode_agent,both,publisher,low,inconsistent identifier/count,"Value is 'https://fairhub.io/' with declared range uriorcurie, which the value satisfies. However the FAIRhub metadata gives `publisher.publisherName: 'FAIRhub'` and separately records `managingOrgani"
2026-08-06_claude-opus-5-1m-generic-v3-schema2_rep2,AI_READI,claudecode_agent,both,issued,low,unsupported claim,"Value '2025-11-17T00:00:00Z' synthesises a time component and timezone not present in the bundle, which gives the date as '2025-11-17' (dateType Available) and the FAIRhub created_at epoch 1763366400."
2026-08-06_claude-opus-5-1m-generic-v3-schema2_rep2,AI_READI,claudecode_agent,full,file_collections[].conforms_to,low,other,"FileCollection accepts the same slots as the top-level listing, which includes `conforms_to` (a string), so the usage conforms. Values such as 'Digital Imaging and Communications in Medicine (DICOM)' "
2026-08-06_claude-opus-5-1m-generic-v3-schema2_rep2,AI_READI,claudecode_agent,both,subpopulations[].subpopulation_elements_present,low,inconsistent identifier/count,"For the race/ethnicity and sex entries the flag is set false while `distribution` supplies concrete counts (Hispanic 380, Asian 545, Black 519, White 836; male 951, female 1329). The `notes` correctly"
2026-08-06_claude-opus-5-1m-generic-v3-schema2_rep2,AI_READI,claudecode_agent,both,is_deidentified.method,low,other,Value states 'HIPAA Safe Harbor' and then quotes the FAIRhub metadata's contradictory `deIdentType: 'NoDeIdentification'`. The bundle genuinely contains both claims and `deidentification_details` reco
2026-08-06_claude-opus-5-1m-generic-v3-schema2_rep2,AI_READI,claudecode_agent,both,regulatory_restrictions.hipaa_compliant,low,unsupported claim,"Set to `compliant`, a permitted enum value. The bundle does not use the word 'compliant' of the dataset as a whole; it states that PHI was removed per the HIPAA Safe Harbor method and that results are"
2026-08-06_claude-opus-5-1m-generic-v3-schema2_rep2,AI_READI,claudecode_agent,both,regulatory_restrictions.confidentiality_level,low,unsupported claim,"Set to `restricted`, a permitted enum value. The bundle does not assign a confidentiality level; the value is inferred from the verified-ID login and self-attestation gate. Defensible but inferential."
2026-08-06_claude-opus-5-1m-generic-v3-schema2_rep2,AI_READI,claudecode_agent,both,license_and_use_terms.data_use_permission,low,other,"Set to `disease_specific_research`, a permitted enum value, supported by the access condition 'Agreeing to use the data only for type 2 diabetes related research'. However the license simultaneously g"
2026-08-06_claude-opus-5-1m-generic-v3-schema2_rep2,AI_READI,claudecode_agent,both,acquisition_methods[3],low,unsupported claim,"The derived-variable entry lists 'blood urea nitrogen/creatinine ratio' and 'calculated total globulin and A/G ratio' as inferred. The bundle's Table 2 marks 'Globulin, total (calculated)', 'A/G ratio"
2026-08-06_claude-opus-5-1m-generic-v3-schema2_rep2,AI_READI,claudecode_agent,full,variables[].measurement_technique for lipid panel entries,low,missing supported information,"Total cholesterol, triglycerides, HDL-C and LDL-C omit `measurement_technique` while neighbouring serum analytes populate it with 'Serum assay performed by the University of Washington NORC laboratory"
2026-08-06_claude-opus-5-1m-generic-v3-schema2_rep2,AI_READI,claudecode_agent,both,collection_timeframes[1].start_date,low,other,"Value '2023-07-18' is taken from the protocol publication ('Enrolment began on 18 July 2023'), while entry [0] and [2] use '2023-07-19' from the FAIRhub metadata. The one-day disagreement is real in t"
2026-08-06_claude-opus-5-1m-generic-v3-schema2_rep2,AI_READI,claudecode_agent,both,notes (dataset-level),low,inconsistent identifier/count,"The four numbered source disagreements are recorded in the dataset-level `notes` free-text field rather than distributed to the slots they bear on. Item (2), the 4000-vs-4600 target enrolment, bears o"
2026-08-06_claude-opus-5-1m-generic-v3-schema2_rep2,AI_READI,claudecode_agent,both,id,low,unsupported claim,"Both records use 'https://doi.org/10.60775/fairhub.3' as the id, and the full record's `subsets[].id` values derive fragment identifiers from it ('...#split-train'). The fragment URIs are constructed "
2026-08-06_claude-opus-5-1m-generic-v3-schema2_rep2,AI_READI,claudecode_agent,both,keywords,low,other,"Ten keywords are listed, merging the FAIRhub dataset `subject` list (7 terms) with study-level `keywordList` terms ('Type 2 Diabetes', 'Data Sharing', 'Exploratory Data Collection'). Mixing dataset-le"
2026-08-06_claude-opus-5-1m-generic-v3-schema2_rep2,AI_READI,claudecode_agent,both,created_by,low,inconsistent identifier/count,Value 'AI-READI Consortium' duplicates `creators[0].principal_investigator`. Both are bundle-supported (the FAIRhub creator block gives exactly this organizational name); the duplication is harmless b
2026-08-06_claude-opus-5-1m-generic-v3-schema2_rep2,CHORUS,claudecode_agent,full,creators,high,unsupported claim,"Every Creator object carries the person's name only inside `notes` free text (e.g. ""Eric S. Rosenthal; principal investigator of NIH award...""). Creator declares `affiliations`, `credit_roles`, `princ"
2026-08-06_claude-opus-5-1m-generic-v3-schema2_rep2,CHORUS,claudecode_agent,core,creators,medium,other,"Same defect as the full record: the seventh Creator entry is a consortium headcount statement rather than a distinct creating entity, populating a multivalued slot with a non-entity."
2026-08-06_claude-opus-5-1m-generic-v3-schema2_rep2,CHORUS,claudecode_agent,full,file_collections,high,inconsistent identifier/count,"All nine FileCollection objects leave the declared FileCollection fields (`collection_type`, `file_count`, `path`, `total_bytes`, `distribution_formats`) empty and push the substantive content — acces"
2026-08-06_claude-opus-5-1m-generic-v3-schema2_rep2,CHORUS,claudecode_agent,full,distribution_formats,medium,inconsistent identifier/count,"Six DistributionFormat objects are emitted with only `notes` populated; `access_urls` is never used even though the bundle supplies no per-format URL, and the sixth entry describes the access route (C"
2026-08-06_claude-opus-5-1m-generic-v3-schema2_rep2,CHORUS,claudecode_agent,core,distribution_formats,medium,other,Identical defect carried over: the sixth entry records the enclave access route rather than a distribution format.
2026-08-06_claude-opus-5-1m-generic-v3-schema2_rep2,CHORUS,claudecode_agent,full,distribution_dates,medium,dataset/release/temporal scope error,"DistributionDate declares `release_dates`; the object populates only `notes`, and the note mixes a release-availability statement with metadata-publication status and the NIH project end date. 'As of "
2026-08-06_claude-opus-5-1m-generic-v3-schema2_rep2,CHORUS,claudecode_agent,core,distribution_dates,medium,missing supported information,Same: `release_dates` left empty while the note carries the August 2025 availability statement.
2026-08-06_claude-opus-5-1m-generic-v3-schema2_rep2,CHORUS,claudecode_agent,full,external_resources,medium,other,"Fifteen ExternalResource objects are emitted with only `notes` populated. ExternalResource declares `external_resources`, `archival`, `future_guarantees`, `restrictions`; the URLs present in several n"
2026-08-06_claude-opus-5-1m-generic-v3-schema2_rep2,CHORUS,claudecode_agent,core,external_resources,medium,other,"Identical defect: all fifteen entries carry content in `notes` only, with declared fields unpopulated."
2026-08-06_claude-opus-5-1m-generic-v3-schema2_rep2,CHORUS,claudecode_agent,full,license_and_use_terms,medium,missing supported information,"`data_use_permission` is left unpopulated although the bundle supports at least one enum value from the declared set — access is gated by a signed licensing agreement and institutional (.edu) email, w"
2026-08-06_claude-opus-5-1m-generic-v3-schema2_rep2,CHORUS,claudecode_agent,full,license_and_use_terms.contact_person,low,inconsistent identifier/count,"The value embeds the parenthetical source commentary '(cmccrary@mgh.havard.edu, as printed on the project website)'. Editorial commentary about a source typo belongs in `notes`, not inside a contact i"
2026-08-06_claude-opus-5-1m-generic-v3-schema2_rep2,CHORUS,claudecode_agent,core,license_and_use_terms.contact_person,low,other,Same embedded source commentary '(… as printed on the project website)' inside the contact value.
2026-08-06_claude-opus-5-1m-generic-v3-schema2_rep2,CHORUS,claudecode_agent,full,maintainers,low,missing supported information,"Two of the three Maintainer objects repeat the '(cmccrary@mgh.havard.edu, as printed on the project website)' commentary and duplicate contact information already carried in license_and_use_terms.cont"
2026-08-06_claude-opus-5-1m-generic-v3-schema2_rep2,CHORUS,claudecode_agent,core,maintainers,low,other,Same: third maintainer entry is a pointer to a package status page rather than a named maintainer.
2026-08-06_claude-opus-5-1m-generic-v3-schema2_rep2,CHORUS,claudecode_agent,full,license,medium,other,"Omitted at dataset level, which is correct — the MIT License in the bundle governs the CHoRUS GitHub code, not the dataset. However this distinction is only implicit; the MIT fact appears solely insid"
2026-08-06_claude-opus-5-1m-generic-v3-schema2_rep2,CHORUS,claudecode_agent,full,splits,medium,missing supported information,The full record populates `splits` with the holdout test set. The core record omits `splits` entirely and instead folds the holdout description into the dataset-level `notes` paragraph. This is an int
2026-08-06_claude-opus-5-1m-generic-v3-schema2_rep2,CHORUS,claudecode_agent,core,notes,medium,other,"The core `notes` field absorbs a large block of per-modality detail (data standards, access control, metadata status for nine modalities) plus the holdout-set fact and the direct-collection fact. In t"
2026-08-06_claude-opus-5-1m-generic-v3-schema2_rep2,CHORUS,claudecode_agent,core,direct_collection,medium,missing supported information,"Present in the full record as a DirectCollection object with `is_direct: false`; absent from the core record, where the same fact appears only as a trailing clause in dataset-level `notes` and in acqu"
2026-08-06_claude-opus-5-1m-generic-v3-schema2_rep2,CHORUS,claudecode_agent,core,relationships,medium,inconsistent identifier/count,"The full record carries a `relationships` object describing admission-level linkage across modalities (including the 7,642 radiology-admission figure). The core record folds this into instances[0].not"
2026-08-06_claude-opus-5-1m-generic-v3-schema2_rep2,CHORUS,claudecode_agent,core,third_party_sharing,low,missing supported information,"Present in the full record (`is_shared: true` with access-process detail); absent from the core record, where a fragment of the same content was appended to license_and_use_terms.notes. If the core sc"
2026-08-06_claude-opus-5-1m-generic-v3-schema2_rep2,CHORUS,claudecode_agent,full,variables,medium,missing supported information,A single VariableMetadata object is emitted for 'Geographic distance to the nearest hospital'. The bundle mentions this only as an illustrative contextual factor the project intends data elements to f
2026-08-06_claude-opus-5-1m-generic-v3-schema2_rep2,CHORUS,claudecode_agent,full,conforms_to,low,other,"Set to 'OMOP Common Data Model (OHDSI)' at dataset level, but the bundle shows only five of nine modalities standardised to OMOP; the remainder conform to OHNLP, DICOM, WFDB/PhysioNet and EDF+/Persyst"
2026-08-06_claude-opus-5-1m-generic-v3-schema2_rep2,CHORUS,claudecode_agent,core,conforms_to,low,other,Same over-generalisation of OMOP to the whole dataset when only five of nine modalities use it.
2026-08-06_claude-opus-5-1m-generic-v3-schema2_rep2,CHORUS,claudecode_agent,full,status,low,other,The status value embeds a verbatim quotation of a website banner including its typographical error ('repoitory'). The status slot asks for the resource status (draft/published/deprecated per the schem
2026-08-06_claude-opus-5-1m-generic-v3-schema2_rep2,CHORUS,claudecode_agent,core,status,low,other,Same embedded website-banner quotation with source typo inside the status value.
2026-08-06_claude-opus-5-1m-generic-v3-schema2_rep2,CHORUS,claudecode_agent,full,ethical_reviews,low,missing supported information,"EthicalReview declares `contact_person`, which is left empty, and `reviewing_organization` is populated with 'CHoRUS Ethics pillar (Ethical and Trustworthy AI), CHoRUS consortium' — a project work-pac"
2026-08-06_claude-opus-5-1m-generic-v3-schema2_rep2,CHORUS,claudecode_agent,core,ethical_reviews,low,other,"Same: a project pillar is recorded in `reviewing_organization`, where the bundle evidences no formal reviewing body."
2026-08-06_claude-opus-5-1m-generic-v3-schema2_rep2,CHORUS,claudecode_agent,full,human_subject_research,low,other,"`involves_human_subjects: true` is well supported, but `irb_approval`, `ethics_review_board` and `regulatory_compliance` are omitted — correctly, since the bundle is silent on all three. No defect; re"
2026-08-06_claude-opus-5-1m-generic-v3-schema2_rep2,CHORUS,claudecode_agent,full,known_biases,medium,unsupported claim,A single DatasetBias with `bias_type: representation_bias` is asserted. The bundle does not state that representation bias is present in the dataset; it states that the project undertakes work to mana
2026-08-06_claude-opus-5-1m-generic-v3-schema2_rep2,CHORUS,claudecode_agent,core,known_biases,medium,unsupported claim,Identical over-assertion: `representation_bias` enum derived from a statement of mitigation intent rather than a reported bias finding.
2026-08-06_claude-opus-5-1m-generic-v3-schema2_rep2,CHORUS,claudecode_agent,full,at_risk_populations,low,other,`at_risk_groups_included` lists PICU and NICU patients and critically ill patients. The bundle supports ICU/PICU/NICU as care settings of the released admissions; characterising these as at-risk group
2026-08-06_claude-opus-5-1m-generic-v3-schema2_rep2,CHORUS,claudecode_agent,full,instances,low,missing supported information,"instances[0].notes carries a five-sentence aggregation of counts (50,000 / 45K / 100,000 / 1.6 billion rows / 7,642 / 23 Tb / ~1,000 images) plus the release-vs-anticipated distinction. Instance decla"
2026-08-06_claude-opus-5-1m-generic-v3-schema2_rep2,CHORUS,claudecode_agent,core,instances,low,inconsistent identifier/count,"Same: `counts` unpopulated while all count facts sit in `notes`, with the core version additionally absorbing the cross-modality linkage content."
2026-08-06_claude-opus-5-1m-generic-v3-schema2_rep2,CHORUS,claudecode_agent,full,total_file_count / total_size_bytes,low,other,"Both omitted. The bundle gives '23 Tb waveform data' and '1.6 Billion rows', neither of which is a total byte count across all collections, so omission is correct. Recorded as a verified non-defect."
2026-08-06_claude-opus-5-1m-generic-v3-schema2_rep2,CHORUS,claudecode_agent,full,citation / doi / version / issued / download_url,low,other,"All omitted. The bundle supplies no dataset DOI, no version identifier, no formal citation and no direct download URL (access is enclave-mediated). Omission is correct under the prefer-omission rule."
2026-08-06_claude-opus-5-1m-generic-v3-schema2_rep2,CHORUS,claudecode_agent,full,collection_consents / collection_notifications / consent_revocations / informed_consent,medium,other,"All omitted. The bundle describes community-facing ethics focus groups and a legal framework for collecting data at scale, but states nothing about patient consent, notification or revocation for this"
2026-08-06_claude-opus-5-1m-generic-v3-schema2_rep2,CHORUS,claudecode_agent,full,anomalies / errata / missing_data_documentation / imputation_protocols,low,missing supported information,"All omitted, correctly — the bundle reports no data anomalies, errata, missing-data patterns or imputation. Verified non-defect."
2026-08-06_claude-opus-5-1m-generic-v3-schema2_rep2,CHORUS,claudecode_agent,full,discouraged_uses / prohibited_uses,low,other,Both omitted. The bundle imposes access restrictions but states no discouraged or prohibited use. Omission correct.
2026-08-06_claude-opus-5-1m-generic-v3-schema2_rep2,CHORUS,claudecode_agent,full,retention_limit / version_access,low,other,Both omitted; the bundle is silent on retention periods and version history. Omission correct.
2026-08-06_claude-opus-5-1m-generic-v3-schema2_rep2,CHORUS,claudecode_agent,full,notes,low,inconsistent identifier/count,"The dataset-level `notes` correctly surfaces the 45K-vs-50,000 discrepancy without silently選 selecting one figure, satisfying the disagreement rule. It also correctly flags the unresolvable OMOP-schem"
2026-08-06_claude-opus-5-1m-generic-v3-schema2_rep2,CHORUS,claudecode_agent,both,id,medium,inconsistent identifier/count,"Both records use `https://chorus4ai.org/` as the dataset id. That URI is the project homepage, and it is simultaneously used as the value of `page` in both records. Using the same URI as both the data"
2026-08-06_claude-opus-5-1m-generic-v3-schema2_rep2,CHORUS,claudecode_agent,full,acquisition_methods,low,unsupported claim,"A single InstanceAcquisition object is emitted covering all modalities. The declared boolean fields `was_directly_observed`, `was_inferred_derived`, `was_reported_by_subjects`, `was_validated_verified"
2026-08-06_claude-opus-5-1m-generic-v3-schema2_rep2,CHORUS,claudecode_agent,full,sampling_strategies,low,missing supported information,"`is_sample`, `is_random`, `is_representative` and `why_not_representative` are all unpopulated. The bundle states the project aims for a balanced and diverse cohort via federated sampling, which does "
2026-08-06_claude-opus-5-1m-generic-v3-schema2_rep2,CHORUS,claudecode_agent,full,machine_annotation_tools,low,missing supported information,"A single MachineAnnotationTools object bundles four distinct tools (OHNLP toolkit, CTP-deid, privacy_scan_tool, DeGauss) into one object with parallel `tools` and `tool_descriptions` lists. The slot i"
2026-08-06_claude-opus-5-1m-generic-v3-schema2_rep2,CHORUS,claudecode_agent,core,machine_annotation_tools,low,other,Same collapse of four distinct tools into a single MachineAnnotationTools object.
2026-08-06_claude-opus-5-1m-generic-v3-schema2_rep2,CHORUS,claudecode_agent,full,labeling_strategies,low,other,"Two LabelingStrategy objects populate only `labeling_details`; `annotations_per_item`, `annotator_demographics`, `data_annotation_platform`, `data_annotation_protocol` and `inter_annotator_agreement` "
2026-08-06_claude-opus-5-1m-generic-v3-schema2_rep2,CHORUS,claudecode_agent,full,raw_data_sources,low,missing supported information,"Five RawDataSource objects correctly populate the required `source_description` plus `source_type` and `raw_data_format`. `access_details` is empty throughout, correctly, since the bundle gives no per"
2026-08-06_claude-opus-5-1m-generic-v3-schema2_rep2,CHORUS,claudecode_agent,full,intended_uses,low,other,"Four IntendedUse objects use `use_category` values ('Model development', 'External model validation', 'Training and education', 'Innovative data-driven research') that are free-text. The schema digest"
2026-08-06_claude-opus-5-1m-generic-v3-schema2_rep2,CHORUS,claudecode_agent,full,existing_uses,low,other,"Two ExistingUse objects, the first carrying only `notes` ('datasets are being used for training activities and publications') with `examples` empty. That first entry is a bare assertion of use without"
2026-08-06_claude-opus-5-1m-generic-v3-schema2_rep2,CHORUS,claudecode_agent,full,subpopulations,low,other,"`distribution` is unpopulated. The bundle gives no per-subpopulation counts (the 50,000 figure is aggregate across ICU/PICU/NICU without breakdown), so omission is correct. Verified non-defect."
2026-08-06_claude-opus-5-1m-generic-v3-schema2_rep2,CHORUS,claudecode_agent,full,keywords,low,unsupported claim,"Twelve keywords, all traceable to bundle vocabulary (the NIH RePORTER preferred-terms list and modality names). No invented terms. Verified conforming."
2026-08-06_claude-opus-5-1m-generic-v3-schema2_rep2,CHORUS,claudecode_agent,full,regulatory_restrictions,medium,unsupported claim,"`confidentiality_level: restricted` is asserted from the enum. The bundle says every modality is under 'controlled access', which maps plausibly to `restricted` but could equally support `confidential"
2026-08-06_claude-opus-5-1m-generic-v3-schema2_rep2,CHORUS,claudecode_agent,core,regulatory_restrictions,low,missing supported information,Same judgment call on `confidentiality_level: restricted`; same correct omission of `hipaa_compliant`.
2026-08-06_claude-opus-5-1m-generic-v3-schema2_rep2,CHORUS,claudecode_agent,full,funders,medium,other,"A single FundingMechanism carries two grant strings ('OT2OD032701' and '1OT2OD032701-01'). These are the core project number and the project number for the same award, not two grants — the bundle iden"
2026-08-06_claude-opus-5-1m-generic-v3-schema2_rep2,CHORUS,claudecode_agent,core,funders,low,other,Same duplication of one award as two `grants` entries.
2026-08-06_claude-opus-5-1m-generic-v3-schema2_rep2,CHORUS,claudecode_agent,full,created_by,low,other,Set to 'CHoRUS Consortium'. The bundle attributes the award organization as Massachusetts General Hospital and the network as a 20-institution consortium; 'CHoRUS Consortium' is a fair aggregate and i
2026-08-06_claude-opus-5-1m-generic-v3-schema2_rep2,CHORUS,claudecode_agent,full,is_deidentified,low,missing supported information,`method` and `deidentification_details` populated; `identifiable_elements_present` and `identifiers_removed` left empty. The bundle supports `identifiable_elements_present: true` implicitly (de-identi
2026-08-06_claude-opus-5-1m-generic-v3-schema2_rep2,CHORUS,claudecode_agent,full,extension_mechanism,low,inconsistent identifier/count,`contribution_url` correctly populated with the GitHub organization URL and `extension_details` carries the contribution routes. Verified conforming — this is the one object in the record that populat
2026-08-06_claude-opus-5-1m-generic-v3-schema2_rep2,CHORUS,claudecode_agent,full,updates,low,other,"`frequency` is unpopulated. The bundle states sites 'provide regular status updates' but gives no cadence for dataset releases, so omission is correct. `update_details` appropriately carries the expan"
2026-08-06_claude-opus-5-1m-generic-v3-schema2_rep2,CHORUS,claudecode_agent,full,use_repository,medium,missing supported information,"Omitted. The bundle mentions publications arising from the dataset and GitHub project tracking, but no citation index or use-tracking registry for the dataset itself. Omission correct — the GitHub tas"
2026-08-06_claude-opus-5-1m-generic-v3-schema2_rep2,CHORUS,claudecode_agent,full,other_tasks,low,missing supported information,"Omitted. The bundle's trainee use-case development could arguably support an OtherTask entry, but it is already captured under intended_uses 'Training and education'. Omission avoids duplication. Veri"
2026-08-06_claude-opus-5-1m-generic-v3-schema2_rep2,CHORUS,claudecode_agent,both,language,low,missing supported information,"Omitted from both records. The bundle notes 'working command of English' as a trainee eligibility requirement, which is a program requirement and not a statement about the dataset's language of expres"
2026-08-06_claude-opus-5-1m-generic-v3-schema2_rep3,AI_READI,claudecode_agent,core,distributions,high,other,"The slot `distributions` is not present in the supplied schema digest for the Dataset/CoreDataset slot inventory, and its member keys (`path`, `format`, `media_type`) are likewise undeclared. The full"
2026-08-06_claude-opus-5-1m-generic-v3-schema2_rep3,AI_READI,claudecode_agent,core,file_collections / total_file_count / total_size_bytes,high,unsupported claim,"The core record omits the per-directory file inventory as structured objects and instead demotes the aggregate counts (356,343 files; 3,815,969,779,678 bytes) into free-text prose at the head of `note"
2026-08-06_claude-opus-5-1m-generic-v3-schema2_rep3,AI_READI,claudecode_agent,core,subsets / splits,medium,missing supported information,The core record omits both `subsets` and `splits` and instead records the 70/15/15 recommended partition and its per-stratum counts as free text inside `notes`. The bundle supports these directly (hea
2026-08-06_claude-opus-5-1m-generic-v3-schema2_rep3,AI_READI,claudecode_agent,core,participant_compensation,medium,missing supported information,"The core record omits the declared `participant_compensation` slot and instead states the $200 stipend, its timing, its funding source and the travel-cost coverage inside `notes` item (11). The bundle"
2026-08-06_claude-opus-5-1m-generic-v3-schema2_rep3,AI_READI,claudecode_agent,core,participant_privacy,medium,missing supported information,"The core record omits the declared `participant_privacy` slot and instead lists the anonymization method, privacy techniques, re-identification risk and data-linkage facts inside `notes` item (12). Th"
2026-08-06_claude-opus-5-1m-generic-v3-schema2_rep3,AI_READI,claudecode_agent,core,relationships,medium,missing supported information,"The core record omits `relationships`, folding the fact that all instances belong to one prospective data-generation project with one visit per participant into the `instances[0].notes` free text. The"
2026-08-06_claude-opus-5-1m-generic-v3-schema2_rep3,AI_READI,claudecode_agent,core,collection_consents / collection_notifications / consent_revocations,medium,missing supported information,The core record omits all three declared Ethics-module slots and compresses their content into `informed_consent[0].notes` and `informed_consent[0].withdrawal_mechanism`. The bundle answers each separ
2026-08-06_claude-opus-5-1m-generic-v3-schema2_rep3,AI_READI,claudecode_agent,core,third_party_sharing,medium,missing supported information,The core record omits the declared `third_party_sharing` slot entirely. The bundle answers it directly (healthsheet distribution Q1: 'The dataset will be distributed and be available for public use'; 
2026-08-06_claude-opus-5-1m-generic-v3-schema2_rep3,AI_READI,claudecode_agent,core,related_datasets,medium,missing supported information,"The core record omits the declared `related_datasets` slot and instead lists the prior versions, the mini-version, and the two describing publications as bare URIs inside a catch-all `external_resourc"
2026-08-06_claude-opus-5-1m-generic-v3-schema2_rep3,AI_READI,claudecode_agent,core,variables,medium,missing supported information,"The core record omits `variables` altogether. The bundle supplies substantial per-variable evidence with units, reference ranges and measurement techniques (BMJ Open Tables 2 and 4; healthsheet device"
2026-08-06_claude-opus-5-1m-generic-v3-schema2_rep3,AI_READI,claudecode_agent,full,use_repository,low,missing supported information,"`use_repository` is present as an empty list. An empty list neither asserts nor omits; the bundle's answer (healthsheet uses Q3: 'No') is better represented by omitting the slot, which the record alre"
2026-08-06_claude-opus-5-1m-generic-v3-schema2_rep3,AI_READI,claudecode_agent,full,creators[0],low,inconsistent identifier/count,"The first Creator object populates only `notes` and leaves every declared field empty, including `principal_investigator` and `affiliations`. The bundle names the entity ('AI-READI Consortium', nameTy"
2026-08-06_claude-opus-5-1m-generic-v3-schema2_rep3,AI_READI,claudecode_agent,core,creators[0],low,other,"Same as the full record: the organizational creator object populates only `notes`, with no declared field populated."
2026-08-06_claude-opus-5-1m-generic-v3-schema2_rep3,AI_READI,claudecode_agent,both,license,low,dataset/release/temporal scope error,The `license` value embeds a parenthetical URL inside the license-name string ('AI-READI custom license v2.0 (https://doi.org/10.5281/zenodo.17555036)'). The slot description asks for the license name
2026-08-06_claude-opus-5-1m-generic-v3-schema2_rep3,AI_READI,claudecode_agent,both,conforms_to,low,dataset/release/temporal scope error,The `conforms_to` value embeds a parenthetical URL inside the standard name ('Clinical Dataset Structure (CDS) v0.1.1 (https://cds-specification.readthedocs.io/en/v0.1.1/)'). Same pattern as `license`
2026-08-06_claude-opus-5-1m-generic-v3-schema2_rep3,AI_READI,claudecode_agent,both,license_and_use_terms.contact_person,low,other,"The value 'Aaron Lee, central study contact, contact@aireadi.org' packs a name, a role descriptor and an email into a single string. The bundle supplies these as distinct fields (centralContactFirstNa"
2026-08-06_claude-opus-5-1m-generic-v3-schema2_rep3,AI_READI,claudecode_agent,both,human_subject_research.irb_approval,low,inconsistent identifier/count,The field carries the approval number plus two sentences of narrative about the approval date and the annual renewal cycle. The identifier ('STUDY00016228') is what the field asks for; the surrounding
2026-08-06_claude-opus-5-1m-generic-v3-schema2_rep3,AI_READI,claudecode_agent,both,creators[*].notes,low,inconsistent identifier/count,"ORCID identifiers, degrees and roles are recorded in free-text `notes` on every Creator object because the Creator class in the digest declares no identifier or role field beyond `credit_roles` (a clo"
2026-08-06_claude-opus-5-1m-generic-v3-schema2_rep3,AI_READI,claudecode_agent,full,collection_timeframes[1].start_date,low,inconsistent identifier/count,The pilot-period start is given as 2023-07-18 (BMJ Open) while `collection_timeframes[0].start_date` and the FAIRhub metadata give 2023-07-19. The record flags the one-day discrepancy in the adjacent 
2026-08-06_claude-opus-5-1m-generic-v3-schema2_rep3,AI_READI,claudecode_agent,both,is_deidentified,low,other,`identifiable_elements_present: false` and `method: 'HIPAA Safe Harbor'` are asserted alongside `deidentification_details` quoting the source as deIdentType 'NoDeIdentification' with the explanation t
2026-08-06_claude-opus-5-1m-generic-v3-schema2_rep3,AI_READI,claudecode_agent,both,regulatory_restrictions.regulatory_restrictions,low,missing supported information,The value states that the project 'refers users to the license' rather than stating what restrictions apply. This is a pointer to where the answer lives rather than the answer. The bundle genuinely gi
2026-08-06_claude-opus-5-1m-generic-v3-schema2_rep3,AI_READI,claudecode_agent,both,ip_restrictions.notes,low,other,Same pointer pattern: 'the project refers users to the license at ...'. The substantive answer is already in `restrictions`; the `notes` value records only where a further answer would be found.
2026-08-06_claude-opus-5-1m-generic-v3-schema2_rep3,AI_READI,claudecode_agent,both,extension_mechanism.extension_details,low,other,"The value correctly reports that no mechanism exists (healthsheet maintenance Q7). In the core record a `contribution_url` of https://github.com/AI-READI is additionally populated, which the bundle do"
2026-08-06_claude-opus-5-1m-generic-v3-schema2_rep3,AI_READI,claudecode_agent,both,at_risk_populations,low,other,"The object populates only `notes` and leaves all five declared fields (`at_risk_groups_included`, `special_protections`, `guardian_consent`, `assent_procedures`) empty. The content is largely a statem"
2026-08-06_claude-opus-5-1m-generic-v3-schema2_rep3,AI_READI,claudecode_agent,both,discouraged_uses[0],low,other,The value states that the license imposes restrictions and that the healthsheet 'directs users to those license restrictions rather than naming additional discouraged tasks'. This is a description of 
2026-08-06_claude-opus-5-1m-generic-v3-schema2_rep3,AI_READI,claudecode_agent,full,instances[0],low,inconsistent identifier/count,"`data_substrate` and `data_topic` are declared on Instance and are supported by the bundle (healthsheet composition Q5 enumerating tabular, imaging and physiological signal/waveform data across named "
2026-08-06_claude-opus-5-1m-generic-v3-schema2_rep3,AI_READI,claudecode_agent,both,notes,low,dataset/release/temporal scope error,"The top-level `notes` field in both records is a long enumerated digest (9 items in full, 12 in core) mixing source-disagreement documentation, superseded-version facts, grant figures and — in the cor"
2026-08-06_claude-opus-5-1m-generic-v3-schema2_rep3,AI_READI,claudecode_agent,full,file_collections[*],low,other,"Every FileCollection uses `collection_type: processed_data` for all nine data directories. The bundle distinguishes device-native raw exports from standard-format releases, and the CDS layout is unifo"
2026-08-06_claude-opus-5-1m-generic-v3-schema2_rep3,AI_READI,claudecode_agent,both,publisher,low,inconsistent identifier/count,"`publisher` has declared range uriorcurie and is given as 'https://fairhub.io/'. The bundle's structured metadata records publisherName 'FAIRhub' (a name, not a URI). The URI form satisfies the declar"
2026-08-06_claude-opus-5-1m-generic-v3-schema2_rep3,AI_READI,claudecode_agent,both,citation,low,other,The declared `citation` slot is omitted from both records. The bundle does not supply a formatted citation string — FAIRhub and the license both redirect to docs.aireadi.org for citation instructions 
2026-08-06_claude-opus-5-1m-generic-v3-schema2_rep3,AI_READI,claudecode_agent,both,download_url,low,missing supported information,"`download_url` is omitted from both records. Correct: FAIRhub gating (verified-ID login, T2DM-use attestation, license acceptance) means no direct data URL exists in the bundle; the landing page is ca"
2026-08-06_claude-opus-5-1m-generic-v3-schema2_rep3,CHORUS,claudecode_agent,full,funders,high,inconsistent identifier/count,"FundingMechanism declares `grantor` and `grants` fields, but the full record places all funding content in `notes` and leaves both declared fields empty. The bundle clearly supports grantor = National"
2026-08-06_claude-opus-5-1m-generic-v3-schema2_rep3,CHORUS,claudecode_agent,full,collection_timeframes,high,missing supported information,"CollectionTimeframe declares `start_date` and `end_date`, both left empty while the award period 2022-09-01 to 2026-11-30 is stated only in prose inside `timeframe_details`. The core record populates "
2026-08-06_claude-opus-5-1m-generic-v3-schema2_rep3,CHORUS,claudecode_agent,full,data_collectors,medium,missing supported information,"DataCollector declares a `role` field, left empty in all four objects while role information (data acquisition centers, data site managers, sub-teams, clinical collaborators) is carried in `collector_"
2026-08-06_claude-opus-5-1m-generic-v3-schema2_rep3,CHORUS,claudecode_agent,full,ethical_reviews,medium,missing supported information,"EthicalReview declares `reviewing_organization`, left empty; the core record populates it as 'CHoRUS consortium (Ethics pillar)'. Inconsistent treatment of identical evidence across the pair."
2026-08-06_claude-opus-5-1m-generic-v3-schema2_rep3,CHORUS,claudecode_agent,core,splits,medium,missing supported information,The full record carries a `splits` entry for the sequestered holdout test set. The core record omits `splits` and instead folds the holdout fact into free-text `notes`. If the core schema declares `sp
2026-08-06_claude-opus-5-1m-generic-v3-schema2_rep3,CHORUS,claudecode_agent,core,third_party_sharing,medium,other,"The full record carries `third_party_sharing` with is_shared=true. The core record drops the slot and relocates the trainee-access and holdout-sharing facts into `notes` prose, which is a pointer-styl"
2026-08-06_claude-opus-5-1m-generic-v3-schema2_rep3,CHORUS,claudecode_agent,core,direct_collection,medium,missing supported information,The full record carries `direct_collection` with is_direct=false. The core record omits the slot and restates the fact ('obtained retrospectively ... rather than collected directly from patients') ins
2026-08-06_claude-opus-5-1m-generic-v3-schema2_rep3,CHORUS,claudecode_agent,core,file_collections,medium,missing supported information,"The full record enumerates nine per-modality FileCollection entries (demographics, medication administration, procedures, nursing flowsheets, diagnoses, clinical notes, imaging, waveform telemetry, wa"
2026-08-06_claude-opus-5-1m-generic-v3-schema2_rep3,CHORUS,claudecode_agent,core,participant_privacy,medium,missing supported information,"The full record carries a ParticipantPrivacy object with anonymization_method and five privacy_techniques. The core record omits the slot despite the same supporting evidence (tokenization, local note"
2026-08-06_claude-opus-5-1m-generic-v3-schema2_rep3,CHORUS,claudecode_agent,both,maintainers,low,other,"Maintainer.role is a closed enum; 'academic_institution' and 'other' are valid, but the substantive identity content (named individuals Ciera McCrary, Jared Houghtaling, and the email addresses) sits "
2026-08-06_claude-opus-5-1m-generic-v3-schema2_rep3,CHORUS,claudecode_agent,both,id,low,inconsistent identifier/count,"`id` is set to the project website URL https://chorus4ai.org/, which identifies the project site rather than the dataset. The bundle offers no dataset-specific persistent identifier, so this is defens"
2026-08-06_claude-opus-5-1m-generic-v3-schema2_rep3,CHORUS,claudecode_agent,both,creators,low,unsupported claim,"Five of six Creator objects leave `principal_investigator` empty and carry the person's name only inside `notes` (e.g. 'Azra Bihorac, Bridge2AI CHoRUS leadership team'). Creator declares no generic na"
2026-08-06_claude-opus-5-1m-generic-v3-schema2_rep3,CHORUS,claudecode_agent,both,conforms_to,low,other,"Set to 'OMOP Common Data Model (OHDSI)' at dataset level, but the bundle shows the dataset conforms to five distinct standards by modality (OMOP, OHNLP, DICOM, WFDB, EDF+/Persyst). The single-value sl"
2026-08-06_claude-opus-5-1m-generic-v3-schema2_rep3,CHORUS,claudecode_agent,both,instances,low,dataset/release/temporal scope error,"`counts: 50000` adopts the project-website figure while the webinar states 'over 45K unique admissions' as of August 2025. The discrepancy is disclosed in `notes` and in the instance-level `notes`, sa"
2026-08-06_claude-opus-5-1m-generic-v3-schema2_rep3,CHORUS,claudecode_agent,full,distribution_formats,low,other,All six DistributionFormat objects populate only `notes`; `access_urls` is never used and no format is expressed as a discrete value. The last entry describes the enclave access route rather than a di
2026-08-06_claude-opus-5-1m-generic-v3-schema2_rep3,CHORUS,claudecode_agent,both,external_resources,low,other,"ExternalResource objects populate `external_resources` (URL list) and `notes` only; `archival`, `future_guarantees` and `restrictions` are unpopulated. The bundle does not clearly support those fields"
2026-08-06_claude-opus-5-1m-generic-v3-schema2_rep3,CHORUS,claudecode_agent,full,status,low,inconsistent identifier/count,"`status` is a free-text string slot whose description cites examples such as draft/published/deprecated. The value is a multi-sentence narrative including award dates, which duplicates collection_time"
2026-08-06_claude-opus-5-1m-generic-v3-schema2_rep3,CHORUS,claudecode_agent,both,notes,info,other,"The 2025-11-14 website banner ('This repoitory is under review for potential modification in compliance with Administration directives') is reproduced with the source's typo, correctly quoted rather t"
2026-08-06_claude-opus-5-1m-generic-v3-schema2_rep3,CHORUS,claudecode_agent,both,known_biases,info,other,"bias_type 'selection_bias' is a permitted enum value and is a reasonable reading of the multi-center academic ICU sampling described. The bundle does not itself label any bias by type, so the categori"
2026-08-06_claude-opus-5-1m-generic-v3-schema2_rep3,CHORUS,claudecode_agent,both,known_limitations,info,dataset/release/temporal scope error,"All three limitation_type values (coverage_limitation, scope_limitation, integration_limitation) are permitted enum members and each maps to explicitly stated bundle content (partial modality availabi"
2026-08-06_claude-opus-5-1m-generic-v3-schema2_rep3,CHORUS,claudecode_agent,both,regulatory_restrictions.confidentiality_level,info,missing supported information,'restricted' is a permitted enum value and is supported by the uniform 'Controlled' access designation across all nine data types. `hipaa_compliant` is correctly omitted — the bundle mentions HIPAA on
2026-08-11_claude-opus-5-api-generic_rep1,AI_READI,claudecode_agent,core,distributions,high,unsupported claim,"`distributions` is not a slot in the CoreDataset/Dataset inventory supplied in the schema digest. The digest defines `file_collections` (range FileCollection, required key `id`) and `distribution_form"
2026-08-11_claude-opus-5-api-generic_rep1,AI_READI,claudecode_agent,full,id,high,unsupported claim,`id` is set to `https://doi.org/10.60775/fairhub.3` while `doi` is set to `10.60775/fairhub.3`. This is internally consistent but the DataSubset ids derived from it (`https://doi.org/10.60775/fairhub.
2026-08-11_claude-opus-5-api-generic_rep1,AI_READI,claudecode_agent,full,file_collections[9].file_count,medium,other,"`file_count: 9` for the root-metadata collection is stated in the record's own source_caveats to be inferred, not transcribed. The bundle enumerates nine metadataFileList entries at root but never sta"
2026-08-11_claude-opus-5-api-generic_rep1,AI_READI,claudecode_agent,both,creators,medium,other,"Creator entries embed role commentary inside the `principal_investigator` value, e.g. 'Aaron Y. Lee (Study Principal Investigator; contact e-mail leeay@uw.edu)', 'Cynthia Owsley (Study Principal Inves"
2026-08-11_claude-opus-5-api-generic_rep1,AI_READI,claudecode_agent,both,funders[0].grants,medium,inconsistent identifier/count,"The first grants list element is a multi-clause prose sentence ('OT2OD032644 — Bridge2AI: Salutogenesis Data Generation Project (awarded to the University of Washington, fiscal year 2022, award amount"
2026-08-11_claude-opus-5-api-generic_rep1,AI_READI,claudecode_agent,both,distribution_dates[0].release_dates,medium,dataset/release/temporal scope error,"Each `release_dates` list element is a prose sentence bundling date, version, DOI, participant count and accessibility status ('2024-11-08 — version 2.0.0, DOI 10.60775/fairhub.2, 1,067 participants, "
2026-08-11_claude-opus-5-api-generic_rep1,AI_READI,claudecode_agent,both,distribution_formats[0].format,medium,dataset/release/temporal scope error,`format` holds a multi-clause prose paragraph enumerating six formats with parenthetical scope annotations rather than a format value; `media_type` holds four comma-joined media types in a single stri
2026-08-11_claude-opus-5-api-generic_rep1,AI_READI,claudecode_agent,both,conforms_to,medium,dataset/release/temporal scope error,"`conforms_to` holds a multi-standard prose paragraph mapping seven standards to nine directories. The digest describes this slot as naming a standard the dataset's content follows, singular. The per-d"
2026-08-11_claude-opus-5-api-generic_rep1,AI_READI,claudecode_agent,both,citation / license_and_use_terms,medium,missing supported information,Full record `citation` states that citation instructions are not reproduced in the source and then supplies constructed DataCite-style components. The digest describes `citation` as a recommended cita
2026-08-11_claude-opus-5-api-generic_rep1,AI_READI,claudecode_agent,core,variables,medium,unsupported claim,"The full record carries 39 VariableMetadata entries drawn from BMJ Open Tables 2 and 4, the healthsheet device section and the imaging protocol; the core record omits `variables` entirely. `variables`"
2026-08-11_claude-opus-5-api-generic_rep1,AI_READI,claudecode_agent,core,splits / subsets,medium,other,"The full record carries a `splits` entry and three `subsets` DataSubset entries for train/validation/test. The core record carries neither, relegating the same split facts to a paragraph in the free-t"
2026-08-11_claude-opus-5-api-generic_rep1,AI_READI,claudecode_agent,core,relationships / related_datasets / total_file_count / total_size_bytes,medium,missing supported information,"Four well-supported full-record slots are dropped from the core record without the omission being justified: `relationships` (single visit per participant, all instances from one project), `related_da"
2026-08-11_claude-opus-5-api-generic_rep1,AI_READI,claudecode_agent,both,publisher,low,unsupported claim,"`publisher` has range uriorcurie and is set to `https://fairhub.io/`. The bundle gives publisherName 'FAIRhub' as a name, not a URI. The URI substitution is a reasonable resolution but is an inference"
2026-08-11_claude-opus-5-api-generic_rep1,AI_READI,claudecode_agent,both,created_by,low,inconsistent identifier/count,"`created_by: AI-READI Consortium` duplicates the organizational entry already present in `creators`. Not incorrect, but redundant across two slots."
2026-08-11_claude-opus-5-api-generic_rep1,AI_READI,claudecode_agent,full,keywords,low,unsupported claim,"The keyword list merges the seven FAIRhub `subject` values with three study-level `keywordList` values (Type 2 Diabetes, Data Sharing, Exploratory Data Collection) and one term, 'Salutogenesis', that "
2026-08-11_claude-opus-5-api-generic_rep1,AI_READI,claudecode_agent,both,known_biases[4],low,dataset/release/temporal scope error,"The PBMC/PAXgene shipping-delay entry is classed as a `measurement_bias` of the dataset, but its own `notes` concede it affects the biorepository rather than the released dataset. Biospecimen handling"
2026-08-11_claude-opus-5-api-generic_rep1,AI_READI,claudecode_agent,core,sensitive_elements[1],low,inconsistent identifier/count,"Same referent problem as above: `sensitive_elements_present: true` is asserted for the UAB biorepository, whose contents are not part of the released dataset. The entry's own notes acknowledge this. S"
2026-08-11_claude-opus-5-api-generic_rep1,AI_READI,claudecode_agent,both,is_deidentified.identifiable_elements_present / identifiers_removed,low,missing supported information,Core sets `identifiable_elements_present: false` and populates `identifiers_removed`; full omits both. The two records make different assertions about the same slot from the same evidence. Additionall
2026-08-11_claude-opus-5-api-generic_rep1,AI_READI,claudecode_agent,both,regulatory_restrictions.hipaa_compliant,low,unsupported claim,"Set to `compliant`. The bundle states the public set was stripped of PHI via Safe Harbor and that the team verified no HIPAA-identifiable data were present, but no source in the bundle makes a formal "
2026-08-11_claude-opus-5-api-generic_rep1,AI_READI,claudecode_agent,both,regulatory_restrictions.confidentiality_level,low,unsupported claim,Set to `restricted`. The bundle nowhere assigns a confidentiality level. The public release is downloadable after self-attestation and the controlled set requires a DUA; 'restricted' is a defensible s
2026-08-11_claude-opus-5-api-generic_rep1,AI_READI,claudecode_agent,both,license_and_use_terms.data_use_permission,low,other,"Set to `disease_specific_research`, which fits the 'type 2 diabetes related research' attestation for the public set. However the same licence permits commercial use, and the enum also offers `no_rest"
2026-08-11_claude-opus-5-api-generic_rep1,AI_READI,claudecode_agent,both,license_and_use_terms.license_terms,low,dataset/release/temporal scope error,"The clause-level summary is drawn from licence v1.0 while the record's `license` field names v2.0. The source_caveats flags this honestly, but the effect is that the most detailed licence content in t"
2026-08-11_claude-opus-5-api-generic_rep1,AI_READI,claudecode_agent,both,existing_uses[0].examples,low,missing supported information,"The single `examples` element is a negative statement ('None recorded. The healthsheet ... answers ""No"" ...') rather than an example of a use. A slot whose semantics are 'list of known existing uses' "
2026-08-11_claude-opus-5-api-generic_rep1,AI_READI,claudecode_agent,both,instances[0].counts,low,inconsistent identifier/count,"`counts: 2280` is the participant count. The digest gives no unit semantics for `counts`, and the dataset also has well-supported counts at other granularities (356,343 files). Not an error, but the p"
2026-08-11_claude-opus-5-api-generic_rep1,AI_READI,claudecode_agent,both,human_subject_research.special_populations,low,other,"The value describes exclusion criteria (pregnancy, gestational diabetes, T1DM, age >85, no minors) rather than special populations included in the research. The slot semantics in the digest are 'speci"
2026-08-11_claude-opus-5-api-generic_rep1,AI_READI,claudecode_agent,full,at_risk_populations / participant_privacy / participant_compensation,low,other,Full record populates `participant_privacy` and `participant_compensation`; core drops `participant_privacy` entirely and relegates compensation to a `notes` paragraph. Both are well-supported by the 
2026-08-11_claude-opus-5-api-generic_rep1,AI_READI,claudecode_agent,both,collection_notifications / collection_consents / consent_revocations,low,other,"Full record carries these as three separate structured entries; core folds all three into `informed_consent[0].notes` and `withdrawal_mechanism`. Same evidence, different structural placement across t"
2026-08-11_claude-opus-5-api-generic_rep1,AI_READI,claudecode_agent,both,version,low,other,"`version: ""3.0.0""` is correct for the referent chosen, but the record simultaneously carries v1.0.0 and v2.0.0 participant counts, DOIs and dates across `version_access`, `related_datasets`, `distribu"
2026-08-11_claude-opus-5-api-generic_rep1,AI_READI,claudecode_agent,both,notes,low,inconsistent identifier/count,The `notes` block carries substantial content that has fitting structured slots: the biorepository description overlaps `sensitive_elements` and could sit in `external_resources` or a `resources` entr
2026-08-11_claude-opus-5-api-generic_rep1,AI_READI,claudecode_agent,both,source_caveats (top level),low,inconsistent identifier/count,"The top-level `source_caveats` correctly flags the Washington University in St. Louis vs University of Washington conflict, but the record then silently resolves it in favour of UW throughout `creator"
2026-08-11_claude-opus-5-api-generic_rep1,AI_READI,claudecode_agent,full,subsets[*].description,low,inconsistent identifier/count,"DataSubset entries carry only `id`, `name`, `description` and `is_data_split`. The split composition (counts by race/ethnicity, sex, diabetes status, mean age) is packed into prose inside `description"
2026-08-11_claude-opus-5-api-generic_rep1,CHORUS,claudecode_agent,core,resources,high,unsupported claim,"The core record uses `resources` (range Dataset, requiring `id`) for the nine modalities, while the full record uses `file_collections` (range FileCollection). The core schema `data_sheets_schema_core"
2026-08-11_claude-opus-5-api-generic_rep1,CHORUS,claudecode_agent,both,id,high,unsupported claim,"`id` is set to `https://chorus4ai.org/`, which the bundle identifies as the project website (source URL for the project_documentation file), not as an identifier for the dataset. The same URI is also "
2026-08-11_claude-opus-5-api-generic_rep1,CHORUS,claudecode_agent,both,creators[].principal_investigator,high,unsupported claim,"Five of six Creator objects (Bihorac, Jiang, Strekalova, Rashidi, Kwong) populate `principal_investigator` although the bundle lists them only under the heading 'Bridge2AI CHoRUS Leadership Team' in t"
2026-08-11_claude-opus-5-api-generic_rep1,CHORUS,claudecode_agent,full,file_collections[].conforms_to,high,other,"Several `conforms_to` values embed editorial commentary rather than naming a standard: 'OMOP Common Data Model, with schema extensions', 'WFDB, with an extended PhysioNet schema', 'EDF+ and Persyst (o"
2026-08-11_claude-opus-5-api-generic_rep1,CHORUS,claudecode_agent,both,conforms_to,high,dataset/release/temporal scope error,"The top-level `conforms_to` is a multi-sentence prose paragraph enumerating six standards with parenthetical scope qualifiers, not a standard identifier. The slot range is a single string naming a sta"
2026-08-11_claude-opus-5-api-generic_rep1,CHORUS,claudecode_agent,both,instances[].counts,medium,dataset/release/temporal scope error,"`counts: 50000` selects one of two conflicting bundle figures (chorus4ai.org '50,000 Patient admissions' vs. webinar 'over 45K unique admissions' as of August 2025) and elevates it to the sole asserte"
2026-08-11_claude-opus-5-api-generic_rep1,CHORUS,claudecode_agent,both,created_by,medium,inconsistent identifier/count,'CHoRUS Consortium (Patient-Focused Collaborative Hospital Repository Uniting Standards)' embeds an explanatory gloss inside an identifier-style value. The bundle uses 'CHoRUS Consortium' as a heading
2026-08-11_claude-opus-5-api-generic_rep1,CHORUS,claudecode_agent,both,creators[].affiliations,medium,other,"The affiliation 'UTHealth Houston' is transcribed from the webinar leadership slide, but the same document elsewhere renders the institution as 'University of Texas Health Science Center, Houston, TX'"
2026-08-11_claude-opus-5-api-generic_rep1,CHORUS,claudecode_agent,both,ethical_reviews[].contact_person,medium,unsupported claim,"The value bundles a name, title, institution and a known-defective email address into a single free-text string, and repeats the typo disclosure in an adjacent source_caveats. Ciera McCrary is identif"
2026-08-11_claude-opus-5-api-generic_rep1,CHORUS,claudecode_agent,both,machine_annotation_tools[].tools,medium,unsupported claim,"'CTP-deid' is listed with the description 'A de-identification component within the CHoRUS GitHub organization'. The bundle shows only a repository name 'CTP-deid Public' with zero stars, no language,"
2026-08-11_claude-opus-5-api-generic_rep1,CHORUS,claudecode_agent,both,regulatory_restrictions.confidentiality_level,medium,unsupported claim,"`confidentiality_level: restricted` is explicitly labelled in its own source_caveats as inferred rather than stated. Per the omission-over-inference rule, an enum value that the bundle does not assert"
2026-08-11_claude-opus-5-api-generic_rep1,CHORUS,claudecode_agent,both,known_biases,medium,other,"Both DatasetBias entries carry source_caveats conceding that no bias audit, fairness evaluation, or measured imbalance is reported, and that the entries record the project's stated concern or network "
2026-08-11_claude-opus-5-api-generic_rep1,CHORUS,claudecode_agent,full,splits,medium,missing supported information,"The holdout test set is recorded as a Splits object although the bundle describes it only as a future deliverable ('will also provision a holdout test set', 'sequestering holdout datasets'), with no s"
2026-08-11_claude-opus-5-api-generic_rep1,CHORUS,claudecode_agent,both,subpopulations[].identification,medium,dataset/release/temporal scope error,The value asserts that 'social determinants of health together with contextual factors such as geographic distance to the nearest hospital are project deliverables' as part of subpopulation identifica
2026-08-11_claude-opus-5-api-generic_rep1,CHORUS,claudecode_agent,both,status,low,dataset/release/temporal scope error,The value is a composite analytical statement ('Active data generation project ... partial dataset released ... still being acquired as of the August 2025 status snapshot') rather than a status token 
2026-08-11_claude-opus-5-api-generic_rep1,CHORUS,claudecode_agent,both,was_derived_from,low,unsupported claim,"The digest describes `was_derived_from` as 'a resource from which this resource was derived'. The value is an enumerated prose inventory of four source-system classes across 14 hospitals, duplicating "
2026-08-11_claude-opus-5-api-generic_rep1,CHORUS,claudecode_agent,both,collection_timeframes,low,unsupported claim,In the core record `start_date`/`end_date` are populated with the award period 2022-09-01 / 2026-11-30 — dates the entry's own source_caveats states are 'the funded project period and a reporting snap
2026-08-11_claude-opus-5-api-generic_rep1,CHORUS,claudecode_agent,both,acquisition_methods[].was_directly_observed,low,other,`was_directly_observed: true` is asserted for retrospective extraction of pre-existing hospital records. Nothing in the bundle indicates observation by the dataset creators; the data were recorded dur
2026-08-11_claude-opus-5-api-generic_rep1,CHORUS,claudecode_agent,core,direct_collection,low,other,"Present in the full record, absent from the core record, with its content relocated into acquisition_methods[0].acquisition_details and its source_caveats reattached there. If `direct_collection` exis"
2026-08-11_claude-opus-5-api-generic_rep1,CHORUS,claudecode_agent,core,third_party_sharing,low,other,Present in the full record as a ThirdPartySharing object with `is_shared: true`; in the core record its content is dissolved into license_and_use_terms.license_terms prose. The structured boolean is l
2026-08-11_claude-opus-5-api-generic_rep1,CHORUS,claudecode_agent,core,keywords,low,unsupported claim,"Identical fourteen-item keyword list in both records, of which 'AI-ready dataset', 'equitable AI', 'multimodal data' and 'social determinants of health' derive from the bundle's own preferred-terms an"
2026-08-11_claude-opus-5-api-generic_rep1,CHORUS,claudecode_agent,both,notes,low,inconsistent identifier/count,The `notes` value describes a banner on the project website concerning the site's own availability. The digest restricts `notes` to residual dataset content that description cannot hold; a caveat abou
2026-08-11_claude-opus-5-api-generic_rep1,CHORUS,claudecode_agent,full,total_size_bytes,low,other,"Omitted, with the omission justified in source_caveats on the grounds that '23 Tb' is ambiguous between terabyte and terabit. The justification is sound and the omission correct; flagged only because "
2026-08-11_claude-opus-5-api-generic_rep1,CHORUS,claudecode_agent,both,license,low,missing supported information,Omitted at top level while license_and_use_terms.source_caveats records that the chorus-ai GitHub organization is MIT-licensed and Chorus_SOP is Apache-2.0. The omission is defensible (those licenses 
2026-08-11_claude-opus-5-api-generic_rep1,CHORUS,claudecode_agent,both,language,low,other,"Not populated. The bundle states 'Working command of English' as a trainee requirement and all documentation is English, but no statement is made about the language of the dataset content itself. Omis"
2026-08-13_claude-opus-5-api-generic-v4_rep1,AI_READI,claudecode_agent,core,distributions,high,inconsistent identifier/count,The slot `distributions` is not present in the supplied schema digest for Dataset/CoreDataset. The digest lists `distribution_formats` (DistributionFormat[]) and `file_collections` (FileCollection[]) 
2026-08-13_claude-opus-5-api-generic-v4_rep1,AI_READI,claudecode_agent,full,conforms_to_standard,high,inconsistent identifier/count,"Value list includes `CDS`, which IS in the permitted enum, but the ordering and content are fine; however the same slot on several `file_collections` entries and the core `distributions` entries mixes"
2026-08-13_claude-opus-5-api-generic-v4_rep1,AI_READI,claudecode_agent,full,funders[0].grants,high,inconsistent identifier/count,"Grant objects are given as `{id: nih:P30DK035816}` and `{id: nih:UL1TR003096}`. `nih:` is not a prefix defined anywhere in the declared bundle or the schema digest, so these are not resolvable CURIEs."
2026-08-13_claude-opus-5-api-generic-v4_rep1,AI_READI,claudecode_agent,full,creators[0].id,high,unsupported claim,"The Creator object's `id` is set to `https://ror.org/00cvxb145` (University of Washington), but the creator recorded in every source is the organisational creator 'AI-READI Consortium', and the record"
2026-08-13_claude-opus-5-api-generic-v4_rep1,AI_READI,claudecode_agent,core,creators[0].id,high,inconsistent identifier/count,"Identical defect to the full record: Creator `id` is `https://ror.org/00cvxb145` while the notes identify the creator as the AI-READI Consortium, and the same ROR also appears in `affiliations`."
2026-08-13_claude-opus-5-api-generic-v4_rep1,AI_READI,claudecode_agent,full,creators[0].notes,medium,other,The `notes` field carries a long roster of eighteen named principal investigators and their institutions. `creators` is multivalued with a declared Creator range carrying `principal_investigator` (Per
2026-08-13_claude-opus-5-api-generic-v4_rep1,AI_READI,claudecode_agent,core,creators[0].notes,medium,other,Same collapsing defect as the full record: eighteen named investigators and their affiliations are held as prose in `notes` rather than as distinct Creator objects.
2026-08-13_claude-opus-5-api-generic-v4_rep1,AI_READI,claudecode_agent,full,creators[0].source_caveats,medium,inconsistent identifier/count,Source commentary about the Washington University in St. Louis / University of Washington conflict is embedded in a Creator object. The digest describes `source_caveats` as a trust annotation about si
2026-08-13_claude-opus-5-api-generic-v4_rep1,AI_READI,claudecode_agent,full,license,medium,dataset/release/temporal scope error,Value is `AI-READI custom license v2.0 (https://doi.org/10.5281/zenodo.17555036)` — a name with a parenthesised URI appended. The digest declares `license` as a plain string for the legal licence (e.g
2026-08-13_claude-opus-5-api-generic-v4_rep1,AI_READI,claudecode_agent,core,license,medium,inconsistent identifier/count,Same defect: licence name with parenthesised DOI URI embedded in the string value.
2026-08-13_claude-opus-5-api-generic-v4_rep1,AI_READI,claudecode_agent,full,instances[0].data_topic,medium,unsupported claim,"`data_topic` is set to `B2AI_TOPIC:43` (Diabetes) for an instance whose declared type is 'Individual human participant' spanning survey, clinical, imaging, ECG, environmental, CGM and wearable modalit"
2026-08-13_claude-opus-5-api-generic-v4_rep1,AI_READI,claudecode_agent,full,subsets,medium,inconsistent identifier/count,"Seven DataSubset objects are emitted whose entire content sits in `description` prose (counts, percentages, mean ages) while the DataSubset range inherits the full Dataset slot set including `instance"
2026-08-13_claude-opus-5-api-generic-v4_rep1,AI_READI,claudecode_agent,core,subsets,medium,missing supported information,"Omission the bundle clearly supports. The full record carries seven `subsets` (three recommended splits, four diabetes study groups) drawn from the README split table and the FAIRhub armGroupList. The"
2026-08-13_claude-opus-5-api-generic-v4_rep1,AI_READI,claudecode_agent,core,splits,medium,missing supported information,"Omission the bundle clearly supports. The full record carries a `splits` object describing the 70/15/15 recommended partition, its balancing rationale and per-set mean ages, sourced from README and he"
2026-08-13_claude-opus-5-api-generic-v4_rep1,AI_READI,claudecode_agent,core,relationships,medium,missing supported information,Omission the bundle supports. The full record carries `relationships` recording that all instances belong to one cross-sectional project with one visit per participant and that modality files are link
2026-08-13_claude-opus-5-api-generic-v4_rep1,AI_READI,claudecode_agent,core,direct_collection,medium,missing supported information,Omission the bundle clearly supports. The full record carries two DirectCollection objects (direct collection from participants; indirect EHR-based recruitment-pool identification) sourced from health
2026-08-13_claude-opus-5-api-generic-v4_rep1,AI_READI,claudecode_agent,core,collection_consents / consent_revocations / collection_notifications,medium,missing supported information,"Three slots present in the full record are omitted from the core record, with their content compressed into `informed_consent[0]` fields and `notes`. Consent revocation in particular (withdrawal permi"
2026-08-13_claude-opus-5-api-generic-v4_rep1,AI_READI,claudecode_agent,core,participant_compensation,medium,missing supported information,"Omission the bundle clearly supports, with the content displaced. The full record carries a structured HumanSubjectCompensation object (USD 200, timing, non-proration, transport coverage, retention in"
2026-08-13_claude-opus-5-api-generic-v4_rep1,AI_READI,claudecode_agent,core,participant_privacy,medium,missing supported information,"Omission the bundle clearly supports. The full record carries a ParticipantPrivacy object with `anonymization_method`, five `privacy_techniques`, `data_linkage` and `reidentification_risk`. The core r"
2026-08-13_claude-opus-5-api-generic-v4_rep1,AI_READI,claudecode_agent,core,total_file_count / total_size_bytes,medium,missing supported information,"Omission the bundle clearly supports. The FAIRhub API gives fileCount 356343 and size 3815969779678, and the full record populates both scalar slots. The core record drops both and records the totals "
2026-08-13_claude-opus-5-api-generic-v4_rep1,AI_READI,claudecode_agent,core,citation,medium,missing supported information,Omission the bundle clearly supports. The full record populates `citation` with the recommended FAIRhub citation string. The core record omits the slot and instead embeds the identical citation text i
2026-08-13_claude-opus-5-api-generic-v4_rep1,AI_READI,claudecode_agent,core,third_party_sharing,medium,missing supported information,Omission the bundle supports. The full record carries two ThirdPartySharing objects with `is_shared: true` covering public distribution via FAIRhub and the licence-bounded onward-sharing rule. The cor
2026-08-13_claude-opus-5-api-generic-v4_rep1,AI_READI,claudecode_agent,full,conforms_to_class,low,other,"Set to `Dataset` (correct for the full record), and the core record sets `CoreDataset`. No defect, but note the paired records also both set `conforms_to_schema` to the same non-core URI `https://w3id"
2026-08-13_claude-opus-5-api-generic-v4_rep1,AI_READI,claudecode_agent,full,file_collections[9].id,low,unsupported claim,"The root-metadata FileCollection has `path: /` and `file_count: 9` but no `total_bytes`, while every sibling carries a byte count. The bundle does not report a size for the root metadata files, so the"
2026-08-13_claude-opus-5-api-generic-v4_rep1,AI_READI,claudecode_agent,full,variables,low,inconsistent identifier/count,"Nineteen VariableMetadata objects are emitted, all drawn from BMJ Open Table 2 and the device descriptions. Reference ranges are placed in `notes` as prose (e.g. 'Reference range supplied by the testi"
2026-08-13_claude-opus-5-api-generic-v4_rep1,AI_READI,claudecode_agent,core,variables,low,missing supported information,"Omission the bundle clearly supports. The full record carries nineteen VariableMetadata objects; the core record omits `variables` entirely. If CoreDataset declares the slot, this discards laboratory "
2026-08-13_claude-opus-5-api-generic-v4_rep1,AI_READI,claudecode_agent,full,id,low,inconsistent identifier/count,"`id` is `https://doi.org/10.60775/fairhub.3` while `doi` is `10.60775/fairhub.3`. Consistent and defensible, but note that `related_datasets[2].target_dataset` uses `https://fairhub.io/datasets/4` (a "
2026-08-13_claude-opus-5-api-generic-v4_rep1,AI_READI,claudecode_agent,full,acquisition_methods[0],low,unsupported claim,Sets `was_reported_by_subjects: false` and `was_inferred_derived: false` explicitly on the directly-observed method. Negative assertions of this kind are not stated in the bundle; they are inferred fr
2026-08-13_claude-opus-5-api-generic-v4_rep1,AI_READI,claudecode_agent,full,regulatory_restrictions.confidentiality_level,low,unsupported claim,"Set to `restricted`, a permitted enum value, but the bundle records only 'HL7:2N (normal)' in the RO-Crate. The record's own `source_caveats` acknowledges that this does not map onto the enum and expl"
2026-08-13_claude-opus-5-api-generic-v4_rep1,AI_READI,claudecode_agent,core,regulatory_restrictions.confidentiality_level,low,unsupported claim,"Same inferred enum mapping from 'HL7:2N (normal)' to `restricted`, with the same acknowledging caveat."
2026-08-13_claude-opus-5-api-generic-v4_rep1,AI_READI,claudecode_agent,full,license_and_use_terms.data_use_permission,low,other,"Set to `disease_specific_research`, which is a permitted enum value and is supported by the access requirement to use the public data only for T2DM-related research. However the licence itself grants "
2026-08-13_claude-opus-5-api-generic-v4_rep1,AI_READI,claudecode_agent,full,collection_timeframes[2],low,dataset/release/temporal scope error,"`end_date: 2026-11-30` is drawn from the BMJ Open statement that enrolment 'will continue until 30 November 2026'. This is a planned future date for the study, not a collection timeframe of this datas"
2026-08-13_claude-opus-5-api-generic-v4_rep1,AI_READI,claudecode_agent,full,is_deidentified.identifiers_removed,low,missing supported information,"The full record omits `identifiers_removed` while the core record populates it. The bundle supports the value equally in both cases (PHI per HIPAA Safe Harbor, plus sex, race/ethnicity, medications). "
2026-08-13_claude-opus-5-api-generic-v4_rep1,AI_READI,claudecode_agent,full,notes,low,inconsistent identifier/count,"Top-level `notes` carries three items (device loans and discounts, the internship programme, team-science research). The device loans are also duplicated verbatim in `collection_mechanisms[18].notes`,"
2026-08-13_claude-opus-5-api-generic-v4_rep1,AI_READI,claudecode_agent,core,notes,low,other,"Same duplication as the full record, compounded by the addition of participant compensation, which has a dedicated slot (`participant_compensation`) that the core record has dropped."
2026-08-13_claude-opus-5-api-generic-v4_rep1,AI_READI,claudecode_agent,both,source_caveats,info,inconsistent identifier/count,"The top-level `source_caveats` is unusually long (fifteen enumerated conflicts) and is byte-identical between the two records. Content is well-evidenced and correctly scoped as trust annotation, but i"
2026-08-13_claude-opus-5-api-generic-v4_rep1,AI_READI,claudecode_agent,core,instances,info,missing supported information,"The core record expands `instances` from one object to ten, adding nine per-directory instance types with `data_substrate` and `data_topic` terms lifted from the full record's `file_collections[*].ins"
2026-08-13_claude-opus-5-api-generic-v4_rep1,AI_READI,claudecode_agent,both,header,info,other,"Both header blocks match the mandated text exactly, including the core-only `# Sources:` and `# Phase 4 reconciliation: completed` lines. No defect."
2026-08-13_claude-opus-5-api-generic-v4_rep1,CHORUS,claudecode_agent,core,header,high,other,The core header block is missing the required `# Sources:` line? No — verify: the core header does contain `# Sources: ...`. Retracted; see summary. Recorded here only as a checked item with no defect
2026-08-13_claude-opus-5-api-generic-v4_rep1,CHORUS,claudecode_agent,full,data_governance.committee_members,high,unsupported claim,`committee_members` has range Person[] and is populated with two people whose `id` values are `mailto:` URIs and whose `name` values are derived from email local-parts. `D. Bold` is not stated anywher
2026-08-13_claude-opus-5-api-generic-v4_rep1,CHORUS,claudecode_agent,core,data_governance.committee_members,high,unsupported claim,"Same defect as the full record: inferred personal name `D. Bold` from an email local-part, and use of `committee_members` for contacts the bundle never describes as a committee, contradicted by the ob"
2026-08-13_claude-opus-5-api-generic-v4_rep1,CHORUS,claudecode_agent,full,is_tabular,high,missing supported information,"Omitted, but the bundle clearly supports a value only in a mixed sense — the dataset spans OMOP relational tables, DICOM images, and waveforms. Omission is defensible; flagged as low-confidence only. "
2026-08-13_claude-opus-5-api-generic-v4_rep1,CHORUS,claudecode_agent,full,instances[chorus:instance-admission].counts,medium,dataset/release/temporal scope error,"`counts: 50000` is asserted as a single integer while the record's own `source_caveats` documents a direct conflict between the webinar (>45,000 unique admissions as of August 2025) and chorus4ai.org "
2026-08-13_claude-opus-5-api-generic-v4_rep1,CHORUS,claudecode_agent,core,instances[chorus:instance-admission].counts,medium,inconsistent identifier/count,Identical to the full record: scalar `50000` silently selects one side of a conflict the sibling `source_caveats` describes as unresolved.
2026-08-13_claude-opus-5-api-generic-v4_rep1,CHORUS,claudecode_agent,full,instances[chorus:instance-imaging].counts,medium,inconsistent identifier/count,"`counts: 7642` is placed on an instance whose `instance_type` is 'Radiology imaging study extracted from hospital PACS', but 7,642 is the number of *admissions with radiology data*, not the number of "
2026-08-13_claude-opus-5-api-generic-v4_rep1,CHORUS,claudecode_agent,core,instances[chorus:instance-imaging].counts,medium,inconsistent identifier/count,"Same unit mismatch as the full record: 7,642 counts admissions with radiology data, not imaging studies, while `instance_type` declares imaging studies."
2026-08-13_claude-opus-5-api-generic-v4_rep1,CHORUS,claudecode_agent,full,data_collectors[*].role,medium,inconsistent identifier/count,"`role` on DataCollector is populated with free-text values ('Data acquisition site', 'Data site manager', 'CHoRUS sub-team'). The schema digest constrains `role` to an enum only on Maintainer, not Dat"
2026-08-13_claude-opus-5-api-generic-v4_rep1,CHORUS,claudecode_agent,full,publisher,medium,unsupported claim,"`publisher` (range uriorcurie) is set to `https://chorus4ai.org/`, the same value as `id` and `page`. The bundle names no publisher for the dataset; chorus4ai.org is the project website. Using the sit"
2026-08-13_claude-opus-5-api-generic-v4_rep1,CHORUS,claudecode_agent,core,publisher,medium,inconsistent identifier/count,"Same as full: `https://chorus4ai.org/` asserted as publisher with no bundle support, duplicating `id` and `page`."
2026-08-13_claude-opus-5-api-generic-v4_rep1,CHORUS,claudecode_agent,full,funders[0].grants[0].id,medium,inconsistent identifier/count,"The Grant object carries only `id: https://reporter.nih.gov/project-details/10472824`, a RePORTER page URL, while the actual grant identifiers the bundle states explicitly (project number 1OT2OD032701"
2026-08-13_claude-opus-5-api-generic-v4_rep1,CHORUS,claudecode_agent,core,funders[0].grants[0].id,medium,inconsistent identifier/count,"Same as full: grant number, award amount and project period held in free-text `notes` while the Grant object carries only a page URL as its identifier."
2026-08-13_claude-opus-5-api-generic-v4_rep1,CHORUS,claudecode_agent,full,instances[chorus:instance-omop-ehr].counts,medium,inconsistent identifier/count,"`counts: 1600000000` counts OMOP *rows*, while `instance_type` describes a structured EHR record standardized to OMOP covering five domains. Row count and record count are not the same unit; the `note"
2026-08-13_claude-opus-5-api-generic-v4_rep1,CHORUS,claudecode_agent,core,instances[chorus:instance-omop-ehr].counts,medium,inconsistent identifier/count,Same unit mismatch as the full record between OMOP row count and the declared instance type.
2026-08-13_claude-opus-5-api-generic-v4_rep1,CHORUS,claudecode_agent,full,created_by,low,inconsistent identifier/count,"`created_by` is free text naming the consortium. The bundle supports this, but the value duplicates information already carried structurally in `creators`, and no single creating person or organizatio"
2026-08-13_claude-opus-5-api-generic-v4_rep1,CHORUS,claudecode_agent,full,known_biases[chorus:bias-selection].bias_type,low,other,"`selection_bias` is assigned, but the bundle only states that the project intends to *manage* privacy and bias; it never characterizes an observed bias or identifies its type. The object's own `source"
2026-08-13_claude-opus-5-api-generic-v4_rep1,CHORUS,claudecode_agent,core,known_biases[chorus:bias-selection].bias_type,low,inconsistent identifier/count,"Same as full: `selection_bias` enum assigned where the bundle characterizes no observed bias, contradicted by the sibling `source_caveats`."
2026-08-13_claude-opus-5-api-generic-v4_rep1,CHORUS,claudecode_agent,full,regulatory_restrictions.confidentiality_level,low,other,`restricted` is asserted. The bundle states all data types are 'Controlled' access; mapping 'controlled access' onto the enum term `restricted` rather than `confidential` is a judgment the sources do 
2026-08-13_claude-opus-5-api-generic-v4_rep1,CHORUS,claudecode_agent,full,license,low,missing supported information,"Omitted. Correct given the bundle: the MIT License applies to the chorus-ai software repositories, not to the dataset, and `source_caveats` states this reasoning. Recorded as a verified correct omissi"
2026-08-13_claude-opus-5-api-generic-v4_rep1,CHORUS,claudecode_agent,full,maintainers[*].role,low,other,All four Maintainer objects use `academic_institution`. For `chorus:maintainer-access-contacts` (two named individuals at Emory and Tufts Medicine) and `chorus:maintainer-developers` (software contrib
2026-08-13_claude-opus-5-api-generic-v4_rep1,CHORUS,claudecode_agent,core,maintainers[*].role,low,other,Same as full: `academic_institution` applied uniformly to individual contacts and to software contributors.
2026-08-13_claude-opus-5-api-generic-v4_rep1,CHORUS,claudecode_agent,full,data_governance.stewardship_roles,low,other,"Contains the email `cmccrary@mgh.havard.edu` transcribed verbatim including the apparent domain typo. The typo is correctly flagged in the top-level `source_caveats`, but embedding an address known to"
2026-08-13_claude-opus-5-api-generic-v4_rep1,CHORUS,claudecode_agent,full,total_file_count / total_size_bytes,low,other,"Omitted, though the bundle states '23 Tb' of waveform data. That figure is a modality-specific volume, not a total across all file collections, and no file counts are given, so omission is correct. Re"
2026-08-13_claude-opus-5-api-generic-v4_rep1,CHORUS,claudecode_agent,full,subsets[chorus:subset-holdout-test-set],low,inconsistent identifier/count,"DataSubset requires only `id`; the object sets `is_data_split: true` and describes the holdout. Consistent with `splits[chorus:split-holdout]`, but the same fact is represented twice in two slots with"
2026-08-13_claude-opus-5-api-generic-v4_rep1,CHORUS,claudecode_agent,core,subsets / splits,low,missing supported information,"The core record omits both `subsets` and `splits` while retaining the holdout test set in `purposes`, `tasks` and `intended_uses`. The holdout is the dataset's most distinctive structural feature and "
2026-08-13_claude-opus-5-api-generic-v4_rep1,CHORUS,claudecode_agent,full,direct_collection,low,missing supported information,"Present in the full record with `is_direct: false`; absent from the core record. The core omission is unexplained by the projection pattern, since neighbouring Collection-module slots (acquisition_met"
2026-08-13_claude-opus-5-api-generic-v4_rep1,CHORUS,claudecode_agent,full,participant_privacy,low,missing supported information,"Present in the full record; absent from the core record, while the closely related `is_deidentified`, `sensitive_elements` and `confidential_elements` are all retained in core. Inconsistent projection"
2026-08-13_claude-opus-5-api-generic-v4_rep1,CHORUS,claudecode_agent,full,third_party_sharing,low,missing supported information,"Present in the full record (`is_shared: true`); absent from the core record, while `distribution_formats` and `distribution_dates` are retained. Inconsistent projection of the Distribution module."
2026-08-13_claude-opus-5-api-generic-v4_rep1,CHORUS,claudecode_agent,full,version,low,missing supported information,"Omitted in both records. Correct — the bundle states no version identifier, and `source_caveats` says so explicitly. Verified omission."
2026-08-13_claude-opus-5-api-generic-v4_rep1,CHORUS,claudecode_agent,full,doi / citation,low,missing supported information,"Omitted in both records. Correct — the bundle provides no DOI and no recommended citation, and `source_caveats` records this. Verified omission."
2026-08-13_claude-opus-5-api-generic-v4_rep1,CHORUS,claudecode_agent,full,download_url,low,missing supported information,"Omitted. Correct: the bundle describes controlled access via registration and named contacts, not a direct download endpoint, and putting an access route into `download_url` would misuse the slot. Ver"
2026-08-13_claude-opus-5-api-generic-v4_rep1,CHORUS,claudecode_agent,full,collection_consents / informed_consent / consent_revocations,low,other,"All omitted in both records. The bundle describes retrospective collection from clinical systems and community ethics focus groups but states nothing about individual consent, so omission is correct. "
2026-08-13_claude-opus-5-api-generic-v4_rep1,CM4AI,claudecode_agent,core,distributions,high,other,The slot `distributions` does not exist in the supplied schema digest. The digest's Dataset/CoreDataset slot inventory declares `distribution_formats` (range DistributionFormat) and `file_collections`
2026-08-13_claude-opus-5-api-generic-v4_rep1,CM4AI,claudecode_agent,core,distributions[*].md5,high,unsupported claim,"Key `md5` is not declared on any object range in the digest. Checksums are declared on DistributionFormat as `checksum`. Even if the containing slot were corrected, `md5` is an invented key (#380)."
2026-08-13_claude-opus-5-api-generic-v4_rep1,CM4AI,claudecode_agent,core,distributions[*].conforms_to_standard,high,unsupported claim,"`conforms_to_standard` is applied to a per-file object (cm4ai_release_metadata.zip) whose class is not declared in the digest; only Dataset, DataSubset and FileCollection are shown as accepting that s"
2026-08-13_claude-opus-5-api-generic-v4_rep1,CM4AI,claudecode_agent,core,resources,high,unsupported claim,"`resources` has range Dataset (per the digest), whose only required key is `id`, and which accepts the full Dataset slot inventory. The two arm objects use `keywords`, `name`, `description`, `id` — al"
2026-08-13_claude-opus-5-api-generic-v4_rep1,CM4AI,claudecode_agent,full,instances[0].counts,medium,dataset/release/temporal scope error,"counts: 53788 is attached to an Instance object describing MDA-MB-468 immunofluorescence images in this release, but the accompanying source_caveats states the figure is the project-wide portal total "
2026-08-13_claude-opus-5-api-generic-v4_rep1,CM4AI,claudecode_agent,core,instances[0].counts,medium,inconsistent identifier/count,Same mis-scoped count carried forward from the full record with the same caveat. Same disposition applies.
2026-08-13_claude-opus-5-api-generic-v4_rep1,CM4AI,claudecode_agent,both,creators,medium,other,The bundle's Dataverse citation lists 47 named authors with affiliations and ORCIDs for the June 2026 release. Only seven are represented as Creator objects. The digest declares `creators` multivalued
2026-08-13_claude-opus-5-api-generic-v4_rep1,CM4AI,claudecode_agent,both,creators[*].affiliations,medium,inconsistent identifier/count,"`affiliations` (range Organization[]) is unpopulated on every Creator, while institutional affiliation is stated in prose inside `notes` (e.g. 'The Nevan Krogan laboratory at the University of Califor"
2026-08-13_claude-opus-5-api-generic-v4_rep1,CM4AI,claudecode_agent,core,informed_consent,medium,missing supported information,"The single InformedConsent object populates only `notes` and `source_caveats`; every declared field (`consent_obtained`, `consent_type`, `consent_scope`, `consent_documentation`, `withdrawal_mechanism"
2026-08-13_claude-opus-5-api-generic-v4_rep1,CM4AI,claudecode_agent,core,collection_consents,medium,missing supported information,"Omitted from the core record while `informed_consent` was populated in its place. The full record used `collection_consents` for exactly this content. If CoreDataset declares `collection_consents`, th"
2026-08-13_claude-opus-5-api-generic-v4_rep1,CM4AI,claudecode_agent,full,data_governance.committee_name,medium,unsupported claim,"`committee_name: Data Access Committee` is paired with `committee_contact: Jillian Parker`, but the record's own source_caveats (#governance) states the bundle names two possibly distinct bodies — a '"
2026-08-13_claude-opus-5-api-generic-v4_rep1,CM4AI,claudecode_agent,core,data_governance.committee_name,medium,other,"Same merge of two possibly distinct committees, carried forward with the same caveat."
2026-08-13_claude-opus-5-api-generic-v4_rep1,CM4AI,claudecode_agent,both,data_governance.committee_contact,low,unsupported claim,Person object uses `id: https://orcid.org/0000-0003-4535-3486` for Jillian Parker. That ORCID appears in the bundle's author lists for 'Parker J'; the governance contact is given in the release metada
2026-08-13_claude-opus-5-api-generic-v4_rep1,CM4AI,claudecode_agent,both,ethical_reviews[0].contact_person,low,other,"Two ethical review contacts are named in the bundle (Ravitsky and Bélisle-Pipon); `contact_person` is single-valued so only Ravitsky is structured, with Bélisle-Pipon relegated to `review_details` pro"
2026-08-13_claude-opus-5-api-generic-v4_rep1,CM4AI,claudecode_agent,full,data_collectors[*].role,low,other,"`role` on DataCollector is not enum-constrained in the digest (unlike Maintainer.role), so the free-text values 'academic research laboratory', 'consortium data acquisition module', 'depositing and pa"
2026-08-13_claude-opus-5-api-generic-v4_rep1,CM4AI,claudecode_agent,core,data_collectors[*].role,low,other,"Same aggregation of four production-location institutions into a single collector object, carried forward."
2026-08-13_claude-opus-5-api-generic-v4_rep1,CM4AI,claudecode_agent,both,conforms_to_standard,low,other,"Only RO_CRATE is asserted at dataset level, which the bundle supports. However `conforms_to` prose also describes JSON-LD/RDF serialisation, EVI and Schema.org vocabularies and ARK identifiers; none m"
2026-08-13_claude-opus-5-api-generic-v4_rep1,CM4AI,claudecode_agent,full,total_file_count,low,other,"total_file_count: 10 is supported (ten archives listed on the June 2026 landing page), but `total_size_bytes` is omitted while ten per-file sizes are published. The digest describes both as aggregatab"
2026-08-13_claude-opus-5-api-generic-v4_rep1,CM4AI,claudecode_agent,core,total_file_count,low,unsupported claim,"Present in the full record, absent from the core record, with no source_caveat noting the drop. If CoreDataset declares the slot, the same evidence supports it."
2026-08-13_claude-opus-5-api-generic-v4_rep1,CM4AI,claudecode_agent,both,citation,low,unsupported claim,The full record carries the 47-author Dataverse citation; the core record omits it and states in source_caveats #11 that 'the core schema having no citation slot'. The supplied digest is the Dataset i
2026-08-13_claude-opus-5-api-generic-v4_rep1,CM4AI,claudecode_agent,core,distribution_formats[0],low,missing supported information,"`download_url` is populated on the full record's DistributionFormat but omitted here, while `access_urls` retains the same Dataverse landing-page URI. Minor asymmetry between the paired records with n"
2026-08-13_claude-opus-5-api-generic-v4_rep1,CM4AI,claudecode_agent,full,acquisition_methods[4],low,unsupported claim,"The fifth InstanceAcquisition describes the inferred cell maps, then states they are not included in this release. Documenting an acquisition method for content the record elsewhere says is absent ris"
2026-08-13_claude-opus-5-api-generic-v4_rep1,CM4AI,claudecode_agent,both,id,info,inconsistent identifier/count,"`id` is the June 2026 release DOI while `name` is the programme-level 'Cell Maps for Artificial Intelligence (CM4AI)'. The description resolves the referent explicitly to the June 2026 release, and bo"
2026-08-13_claude-opus-5-api-generic-v4_rep1,CM4AI,claudecode_agent,both,instances[*].data_substrate,info,inconsistent identifier/count,"Substrate terms checked against B2AI_SUBSTRATE: 19=Image, 59=Size Exclusion Chromatography-Mass Spectrometry Data, 58=Mass Spectrometry Data, 64=Perturb-seq Data. All four are apt and none is an appro"
2026-08-13_claude-opus-5-api-generic-v4_rep1,CM4AI,claudecode_agent,both,known_biases[*].bias_type / known_limitations[*].limitation_type,info,other,"All enum values used (representation_bias, selection_bias; scope_limitation, coverage_limitation, temporal_limitation, methodological_limitation) are defined in the digest. No undefined enum members d"
2026-08-13_claude-opus-5-api-generic-v4_rep1,CM4AI,claudecode_agent,both,source_caveats,info,other,"Fourteen (full) / fifteen (core) numbered caveats are confined to `source_caveats` at record and object level rather than leaking into names, identifiers or affiliation values. The U2OS/Nature boundar"
2026-08-13_claude-opus-5-api-generic-v4_rep1,VOICE,claudecode_agent,core,distributions,high,unsupported claim,"The `distributions` slot is populated across 13 entries, but no slot named `distributions` appears in the supplied schema digest for the Dataset/CoreDataset target class. The digest lists `distributio"
2026-08-13_claude-opus-5-api-generic-v4_rep1,VOICE,claudecode_agent,core,distributions[].format,high,other,Values `ZIP` and `TSV` are asserted as enum-like terms with an accompanying source_caveat claiming a 'declared `format` enumeration in the core schema offers no Parquet term'. No such enumeration is p
2026-08-13_claude-opus-5-api-generic-v4_rep1,VOICE,claudecode_agent,full,related_datasets,high,inconsistent identifier/count,"DatasetRelationship entries carry `name` and `description` but omit `id`. Per the digest, DatasetRelationship 'also accepts the same slots as the top-level listing above', where `id` is `[req]`. The c"
2026-08-13_claude-opus-5-api-generic-v4_rep1,VOICE,claudecode_agent,full,file_collections,medium,other,"Three FileCollection entries are present but none populates `file_count` or `total_bytes`, and the top-level `total_file_count` and `total_size_bytes` are absent. This is correct given the bundle, whi"
2026-08-13_claude-opus-5-api-generic-v4_rep1,VOICE,claudecode_agent,core,file_collections,medium,unsupported claim,"The core record omits `file_collections` entirely while the full record populates three entries (features, phenotype, metadata). The same directory-level content is instead carried in the invented `di"
2026-08-13_claude-opus-5-api-generic-v4_rep1,VOICE,claudecode_agent,core,subsets,medium,other,"The full record populates `subsets` with five DataSubset objects (voice disorders, respiratory, neurological, mood/psychiatric, controls). The core record drops `subsets` and folds the same content in"
2026-08-13_claude-opus-5-api-generic-v4_rep1,VOICE,claudecode_agent,core,splits,medium,other,The full record carries a `splits` entry recording that no predefined partitions exist. The core record drops `splits` and relocates the same fact into `known_limitations[.../limitation/no-predefined-
2026-08-13_claude-opus-5-api-generic-v4_rep1,VOICE,claudecode_agent,core,annotation_analyses,medium,other,"The single AnnotationAnalysis entry populates `analysis_method` with a statement that no analysis was performed. Per the stated rule, a value recording that something is absent has not answered the fi"
2026-08-13_claude-opus-5-api-generic-v4_rep1,VOICE,claudecode_agent,both,instances[.../instance/recording-features].counts,medium,unsupported claim,"`counts: 29278` is asserted as the count for the generic 'Derived acoustic feature set for a single task recording' instance type, but the bundle gives nine different per-feature counts ranging 28,640"
2026-08-13_claude-opus-5-api-generic-v4_rep1,VOICE,claudecode_agent,both,citation / creators,medium,unsupported claim,The full record's `source_caveats` states 'the complete list is carried in the citation'; the core record's parallel caveat drops that clause because `citation` is not populated in the core record. Th
2026-08-13_claude-opus-5-api-generic-v4_rep1,VOICE,claudecode_agent,both,data_collectors[].role,low,inconsistent identifier/count,"Values `research staff`, `clinician co-investigator` and `hospital support staff` are free text. The digest declares no enum for `DataCollector.role` (unlike `Maintainer.role`, which is enumerated), s"
2026-08-13_claude-opus-5-api-generic-v4_rep1,VOICE,claudecode_agent,both,human_subject_research.irb_approval,low,dataset/release/temporal scope error,The bundle reports the feasibility-study IRB number (USF 004890) but no IRB number for the main Bridge2AI Voice Data Acquisition protocol. `irb_approval` carries a prose description of the approval st
2026-08-13_claude-opus-5-api-generic-v4_rep1,VOICE,claudecode_agent,full,variables,low,other,"Fifteen VariableMetadata entries cover feature-file columns (participant_id, session_id, task_name, n_frames, and the nine feature tensors) but none cover phenotype columns, despite the bundle enumera"
2026-08-13_claude-opus-5-api-generic-v4_rep1,VOICE,claudecode_agent,core,variables,low,unsupported claim,The full record populates `variables` with 15 VariableMetadata entries; the core record omits the slot entirely. `variables` appears in the top-level slot inventory and the underlying evidence is unch
2026-08-13_claude-opus-5-api-generic-v4_rep1,VOICE,claudecode_agent,both,id,low,dataset/release/temporal scope error,`id` is set to the version-3.1.0 DOI (10.13026/8xbn-nq66) while `version_access.latest_version_doi` is the version-agnostic DOI (10.13026/37yb-1t42). This is internally coherent given the record descr
2026-08-13_claude-opus-5-api-generic-v4_rep1,VOICE,claudecode_agent,full,existing_uses,low,other,"The single ExistingUse entry populates only `examples`, leaving the object with no other declared content. The bundle supports no more (it reports only the Summer School and hackathon use, and separat"
2026-08-13_claude-opus-5-api-generic-v4_rep1,VOICE,claudecode_agent,both,use_repository,low,other,Not populated. Correct: the bundle answers 'Is there a repository that links to any or all papers or systems that use the dataset?' with 'No'. Noted to confirm the omission is deliberate.
2026-08-13_claude-opus-5-api-generic-v4_rep1,VOICE,claudecode_agent,both,collection_notifications / collection_consents,low,other,The full record populates both `collection_notifications` and `collection_consents`; the core record drops `collection_notifications` and `collection_consents` while retaining `informed_consent`. The 
2026-08-13_claude-opus-5-api-generic-v4_rep1,VOICE,claudecode_agent,both,consent_revocations,low,other,The full record populates `consent_revocations` as a distinct slot. The core record drops it and merges the withdrawal content into `informed_consent[0].withdrawal_mechanism`. The merged text is compl
2026-08-13_claude-opus-5-api-generic-v4_rep1,VOICE,claudecode_agent,both,relationships,low,missing supported information,The full record populates `relationships` with two entries describing participant-session-recording linkage and the absence of inter-participant relationships. The core record omits the slot. The link
2026-08-13_claude-opus-5-api-generic-v4_rep1,VOICE,claudecode_agent,core,is_tabular,low,missing supported information,`is_tabular: false` is asserted in core but the slot is absent from the full record. The bundle describes a mixture: phenotype tables are TSV (tabular) while feature tensors are multidimensional array
2026-08-13_claude-opus-5-api-generic-v4_rep2,AI_READI,claudecode_agent,core,distributions,high,unsupported claim,The slot `distributions` is not present in the 98-slot inventory supplied for the Dataset/CoreDataset class. The digest declares `distribution_formats` (DistributionFormat[]) and `file_collections` (F
2026-08-13_claude-opus-5-api-generic-v4_rep2,AI_READI,claudecode_agent,full,conforms_to_standard,high,other,"The enum DataStandardEnum permits only DICOM, BIDS, OMOP_CDM, WFDB, OPEN_MHEALTH, ESDS, CDS, RO_CRATE, FHIR, OTHER. The value list is within range at the top level, but the same enum is reused inside "
2026-08-13_claude-opus-5-api-generic-v4_rep2,AI_READI,claudecode_agent,full,creators,medium,unsupported claim,"Creator objects use `id` values that are ORCID URIs identical to the nested `principal_investigator.id`. The Creator class has no declared `name`; the digest shows Creator accepts `affiliations`, `cre"
2026-08-13_claude-opus-5-api-generic-v4_rep2,AI_READI,claudecode_agent,both,funders,medium,inconsistent identifier/count,Two Grant objects are emitted for the same award (OT2OD032644) differing only in the RePORTER application URL used as `id`. These are not distinct grants; the bundle shows one core project number with
2026-08-13_claude-opus-5-api-generic-v4_rep2,AI_READI,claudecode_agent,full,file_collections,medium,unsupported claim,"The entry with id `https://doi.org/10.60775/fairhub.3#root-metadata` carries `file_count: 9`, a value the record's own `source_caveats` states was derived by arithmetic rather than read from the bundl"
2026-08-13_claude-opus-5-api-generic-v4_rep2,AI_READI,claudecode_agent,core,notes,medium,unsupported claim,"The `notes` slot carries substantive content that fitting structured slots would hold: the recommended 70/15/15 split description belongs in `splits` (Splits[]), and the statement about instance relat"
2026-08-13_claude-opus-5-api-generic-v4_rep2,AI_READI,claudecode_agent,core,subsets,medium,missing supported information,"Clearly supported omission. The bundle's README split table gives per-partition counts by race/ethnicity, sex, diabetes status and mean age for train/val/test. The full record represents these as thre"
2026-08-13_claude-opus-5-api-generic-v4_rep2,AI_READI,claudecode_agent,core,relationships,medium,missing supported information,Clearly supported omission. The healthsheet composition Q8 explicitly answers the question about relationships between instances (all instances part of the same prospective data generation project; on
2026-08-13_claude-opus-5-api-generic-v4_rep2,AI_READI,claudecode_agent,core,citation,low,other,"Supported omission. The bundle gives an explicit recommended citation (""AI-READI Consortium. (2025). Flagship Dataset of Type 2 Diabetes from the AI-READI Project (3.0.0) [Data set]. FAIRhub. https://"
2026-08-13_claude-opus-5-api-generic-v4_rep2,AI_READI,claudecode_agent,core,total_file_count / total_size_bytes,low,other,"Supported omission. The bundle states 356,343 files and 3,815,969,779,678 bytes directly in the FAIRhub API payload. The full record populates both scalars; the core record omits them while retaining "
2026-08-13_claude-opus-5-api-generic-v4_rep2,AI_READI,claudecode_agent,both,license,low,dataset/release/temporal scope error,"The scalar `license` slot holds ""AI-READI custom license v2.0"", which is the rightsName from FAIRhub metadata rather than an identifier. The v4 rule directs scalar slots to carry the identifier of the"
2026-08-13_claude-opus-5-api-generic-v4_rep2,AI_READI,claudecode_agent,full,instances[0].data_topic,low,other,"`data_topic` is set to B2AI_TOPIC:43 (Diabetes) only. The dataset spans modalities for which the vocabulary has fitting terms the bundle plainly supports — Ophthalmic Imaging (24), Waveform (37), mHea"
2026-08-13_claude-opus-5-api-generic-v4_rep2,AI_READI,claudecode_agent,both,regulatory_restrictions.confidentiality_level,low,other,"Value `restricted` is chosen by the record's own reasoning about gated access, while the only explicit confidentiality statement in the bundle is the RO-Crate's ""HL7:2N (normal)"". The source_caveats d"
2026-08-13_claude-opus-5-api-generic-v4_rep2,AI_READI,claudecode_agent,both,license_and_use_terms.data_use_permission,low,other,"Value `disease_specific_research` is a reasonable reading of the self-attestation requirement (""use the data only for type 2 diabetes related research""), but FAIRhub's own datasetConsent block sets co"
2026-08-13_claude-opus-5-api-generic-v4_rep2,AI_READI,claudecode_agent,full,creators[1].notes,low,inconsistent identifier/count,Source commentary about conflicting institutional attribution is embedded in the Creator `notes` field. This is the correct field for such commentary per the digest (Creator accepts `notes` and `sourc
2026-08-13_claude-opus-5-api-generic-v4_rep2,AI_READI,claudecode_agent,both,data_governance.committee_name,low,other,"""AI-READI Data Access Committee"" is asserted as a committee name. The BMJ Open protocol refers to ""the Data Access Committee"" developing controlled-access requirements; the RO-Crate names ""AI-READI Co"
2026-08-13_claude-opus-5-api-generic-v4_rep2,AI_READI,claudecode_agent,both,at_risk_populations.at_risk_groups_included,low,unsupported claim,"Set to false. The bundle supports this for minors, prisoners and pregnant individuals (all excluded), but the IRB protocol section 2.5 checkboxes are unfilled and the protocol form is a partly blank t"
2026-08-13_claude-opus-5-api-generic-v4_rep2,AI_READI,claudecode_agent,core,header,info,other,"Header block matches the mandated core template including the `# Sources:` line and `# Phase 4 reconciliation: completed`. Note that the latter asserts completion of a phase that, at audit time, has n"
2026-08-13_claude-opus-5-api-generic-v4_rep2,AI_READI,claudecode_agent,both,source_caveats,info,other,The eleven-item source_caveats block is well-formed trust annotation and correctly excludes dataset content. No defect; recorded to confirm the conflicting-evidence rule was applied rather than silent
2026-08-13_claude-opus-5-api-generic-v4_rep2,CHORUS,claudecode_agent,full,creators[0].principal_investigator.id,high,unsupported claim,"Fabricated identifier. `mailto:erosenthal@mgh.harvard.edu` appears nowhere in the declared bundle; NIH RePORTER gives only the name 'ROSENTHAL, ERIC S.' and the organization 'MASSACHUSETTS GENERAL HOS"
2026-08-13_claude-opus-5-api-generic-v4_rep2,CHORUS,claudecode_agent,core,creators[0].principal_investigator.id,high,unsupported claim,Same fabricated `mailto:erosenthal@mgh.harvard.edu` identifier carried into the core record.
2026-08-13_claude-opus-5-api-generic-v4_rep2,CHORUS,claudecode_agent,full,creators[1..5],medium,other,"Overreach of the `Creator`/`principal_investigator` framing. The bundle lists Bihorac, Jiang, Strekalova, Rashidi and Kwong on a 'Bridge2AI CHoRUS Leadership Team' slide only; nothing calls them princ"
2026-08-13_claude-opus-5-api-generic-v4_rep2,CHORUS,claudecode_agent,core,creators[1..5],medium,other,Same PI overreach for the five leadership-team members carried into the core record.
2026-08-13_claude-opus-5-api-generic-v4_rep2,CHORUS,claudecode_agent,full,license_and_use_terms.contact_person,medium,unsupported claim,Unsupported role assignment. The bundle lists jared.houghtaling@tuftsmedicine.org under 'Request access' on the chorus-ai GitHub page and separately as a Tufts lecturer in the webinar curriculum table
2026-08-13_claude-opus-5-api-generic-v4_rep2,CHORUS,claudecode_agent,core,license_and_use_terms.contact_person,medium,unsupported claim,Same unsupported licensing-contact designation for Jared Houghtaling.
2026-08-13_claude-opus-5-api-generic-v4_rep2,CHORUS,claudecode_agent,full,instances[*].counts (radiology),medium,inconsistent identifier/count,"Count/instance-type mismatch. `instance_type` declares 'Radiology imaging study' but `counts: 7642` is the number of *admissions with* radiology data per chorus4ai.org, not a count of imaging studies."
2026-08-13_claude-opus-5-api-generic-v4_rep2,CHORUS,claudecode_agent,core,instances[*].counts (radiology),medium,inconsistent identifier/count,"Same unit mismatch between imaging-study instance_type and admission-level count of 7,642."
2026-08-13_claude-opus-5-api-generic-v4_rep2,CHORUS,claudecode_agent,full,distribution_formats,medium,other,"Supported omission: `download_url`/`access_urls` are correctly absent, but the bundle states plainly that OMOP and telemetry are held 'in enclave' while clinical notes are 'stored locally except token"
2026-08-13_claude-opus-5-api-generic-v4_rep2,CHORUS,claudecode_agent,full,created_by,low,unsupported claim,"Range is `string`, so the value is well-shaped, but 'CHoRUS for Equitable AI Network (Bridge2AI data generation project)' is a composed gloss rather than a name appearing as such in the bundle. The bu"
2026-08-13_claude-opus-5-api-generic-v4_rep2,CHORUS,claudecode_agent,full,status,low,other,"The slot is a short status descriptor; the value embeds a verbatim quotation of the site's Administration-directives banner, which is source commentary better placed in `source_caveats` (where it is a"
2026-08-13_claude-opus-5-api-generic-v4_rep2,CHORUS,claudecode_agent,core,status,low,other,"Same banner quotation embedded in the status descriptor, duplicating source_caveats and regulatory_restrictions."
2026-08-13_claude-opus-5-api-generic-v4_rep2,CHORUS,claudecode_agent,full,data_governance.stewardship_roles,low,other,"Range is `string[]` and values are strings, so shape conforms. However each entry packs a role label, a person name, an institution and an email into one free-text string while the class's structured "
2026-08-13_claude-opus-5-api-generic-v4_rep2,CHORUS,claudecode_agent,core,data_governance.stewardship_roles,low,other,Same packing of person/institution/email into free-text strings while Person-ranged neighbours remain empty.
2026-08-13_claude-opus-5-api-generic-v4_rep2,CHORUS,claudecode_agent,full,data_collectors[*].role,low,other,"`DataCollector.role` is unconstrained in the digest (no enum listed), so 'Data Acquisition centers', 'Consortium membership' and 'Awardee organization' are permissible. Note the contrast with `Maintai"
2026-08-13_claude-opus-5-api-generic-v4_rep2,CHORUS,claudecode_agent,full,at_risk_populations,low,other,"`at_risk_groups_included: true` is supported by the PICU/NICU statement, but the object carries no `special_protections`, `assent_procedures` or `guardian_consent` and relies wholly on `source_caveats"
2026-08-13_claude-opus-5-api-generic-v4_rep2,CHORUS,claudecode_agent,full,external_resources[*].external_resources,low,unsupported claim,"Six separate ExternalResource objects each wrap a single string in the inner `external_resources` list. This satisfies the one-object-per-entity rule but leaves `archival`, `restrictions` and `future_"
2026-08-13_claude-opus-5-api-generic-v4_rep2,CHORUS,claudecode_agent,core,source_caveats,low,other,The trailing paragraph explaining which full-record slots have no CoreDataset counterpart is meta-commentary about the projection process rather than commentary on the evidence behind sibling slot val
2026-08-13_claude-opus-5-api-generic-v4_rep2,CHORUS,claudecode_agent,full,collection_timeframes[0].start_date / end_date,low,other,"Both date-ranged fields are correctly omitted because the bundle gives no clinical-data span, and the caveat correctly distinguishes the award period from the data period. No defect; recorded as a pos"
2026-08-13_claude-opus-5-api-generic-v4_rep2,CHORUS,claudecode_agent,full,total_size_bytes,low,other,"Supported omission worth noting: chorus4ai.org states '23 Tb Waveform data'. The unit is ambiguous (Tb vs TB) and the figure covers waveforms only, not the whole dataset, so omitting `total_size_bytes"
2026-08-13_claude-opus-5-api-generic-v4_rep2,CM4AI,claudecode_agent,core,distributions,high,unsupported claim,"The core schema digest supplied in this task defines no `distributions` slot on CoreDataset, and no `Distribution` range class is listed among the object ranges. The block also uses keys (`path`, `md5"
2026-08-13_claude-opus-5-api-generic-v4_rep2,CM4AI,claudecode_agent,full,id,high,inconsistent identifier/count,"`id` is set to `https://doi.org/10.18130/V3/HIGT4C`, which identifies the June 2026 Dataverse release, while `name: CM4AI` and much of `description`, `purposes`, `addressing_gaps` and `tasks` describe"
2026-08-13_claude-opus-5-api-generic-v4_rep2,CM4AI,claudecode_agent,full,total_file_count,high,inconsistent identifier/count,"`total_file_count: 10` conflicts with `file_collections`, which lists ten entries, and with the bundle, which shows the June 2026 release containing ten ZIP archives where one of those (`cm4ai_release"
2026-08-13_claude-opus-5-api-generic-v4_rep2,CM4AI,claudecode_agent,full,creators,medium,other,The seventh Creator object has no `principal_investigator` and instead carries eleven `affiliations` as a stand-in for forty-seven named authors. `creators` is multivalued and the bundle names every a
2026-08-13_claude-opus-5-api-generic-v4_rep2,CM4AI,claudecode_agent,both,creators[].affiliations[].id,medium,unsupported claim,"Ten of eleven organization identifiers are locally minted CURIEs (`cm4ai:org/ucsd`, `cm4ai:org/ucsf`, `cm4ai:org/stanford`, `cm4ai:org/kth`, `cm4ai:org/yale`, `cm4ai:org/utaustin`, `cm4ai:org/uab`, `c"
2026-08-13_claude-opus-5-api-generic-v4_rep2,CM4AI,claudecode_agent,both,funders[].grants[].id,medium,inconsistent identifier/count,"All four Grant identifiers (`cm4ai:grant/OT2OD032742`, `cm4ai:grant/3OT2OD032742-01S2`, `cm4ai:grant/5U54HG012513-02`, `cm4ai:grant/frederick-thomas-fund`) are locally minted CURIEs under an undeclare"
2026-08-13_claude-opus-5-api-generic-v4_rep2,CM4AI,claudecode_agent,full,file_collections[].file_count / total_bytes,medium,inconsistent identifier/count,"FileCollection declares `file_count` and `total_bytes`; neither is populated on any of the ten collections. Repository-reported sizes (3.8 GB, 4.6 GB, 4.2 GB, 113.3 KB, etc.) are instead written into "
2026-08-13_claude-opus-5-api-generic-v4_rep2,CM4AI,claudecode_agent,full,file_collections[].notes,medium,unsupported claim,"MD5 checksums are placed in `notes` on all ten collections. FileCollection inherits the top-level slot inventory, which offers no checksum slot, so `notes` is defensible as residual — but the same che"
2026-08-13_claude-opus-5-api-generic-v4_rep2,CM4AI,claudecode_agent,core,notes,medium,unsupported claim,The full record's `citation` slot content (the complete 47-author Dataverse citation) is relocated into core `notes` prose. If CoreDataset declares `citation` (the digest for CoreDataset was not suppl
2026-08-13_claude-opus-5-api-generic-v4_rep2,CM4AI,claudecode_agent,core,relationships,medium,other,"The full record's `relationships` entry (cross-modality linkage by protein/gene identity, with incomplete overlap) is dissolved into the trailing `notes` of the fourth `instances` object. If CoreDatas"
2026-08-13_claude-opus-5-api-generic-v4_rep2,CM4AI,claudecode_agent,core,variables,medium,missing supported information,The full record's nine `VariableMetadata` entries are dropped entirely; only fragments survive as prose inside `instances[0].notes` (channel colours) and `subpopulations[0].distribution`. If CoreDatas
2026-08-13_claude-opus-5-api-generic-v4_rep2,CM4AI,claudecode_agent,core,direct_collection,medium,missing supported information,"The full record's `DirectCollection` object (`is_direct: false`, with the ATCC/HipSci provenance) is folded into `sampling_strategies[0].source_data`. The boolean assertion that no data were collected"
2026-08-13_claude-opus-5-api-generic-v4_rep2,CM4AI,claudecode_agent,full,created_by,low,other,"`created_by` is a string slot and holds 'Cell Maps for Artificial Intelligence (CM4AI) consortium', which the bundle never uses as a self-designation; the sources say 'CM4AI is a collaboration of UCSD"
2026-08-13_claude-opus-5-api-generic-v4_rep2,CM4AI,claudecode_agent,both,status,low,other,"`status: Beta` is drawn from the release title, but the slot description gives the expected register as 'draft, published, deprecated'. The value is not from a closed enum so it validates, yet the rel"
2026-08-13_claude-opus-5-api-generic-v4_rep2,CM4AI,claudecode_agent,both,issued / created_on / last_updated_on,low,unsupported claim,"`issued: '2026-06-17T00:00:00Z'` and `last_updated_on: '2026-07-15T00:00:00Z'` are file publication dates, not statements the bundle makes about the dataset as a whole; the Dataverse record gives 'Pub"
2026-08-13_claude-opus-5-api-generic-v4_rep2,CM4AI,claudecode_agent,both,license,low,other,"`license: CC-BY-NC-SA-4.0` normalises the source string 'CC BY-NC-SA 4.0'. Harmless, but the canonical identifier form is not what the bundle states; a URL (`https://creativecommons.org/licenses/by-nc"
2026-08-13_claude-opus-5-api-generic-v4_rep2,CM4AI,claudecode_agent,both,publisher,low,unsupported claim,"`publisher` has range `uriorcurie` and holds `https://dataverse.lib.virginia.edu/`, the repository root. The bundle identifies the publishing hierarchy as 'University of Virginia Dataverse > LibraData"
2026-08-13_claude-opus-5-api-generic-v4_rep2,CM4AI,claudecode_agent,both,instances[].data_substrate,low,inconsistent identifier/count,Three of four substrate terms are approximations of what B2AI_SUBSTRATE offers. `B2AI_SUBSTRATE:59` (Size Exclusion Chromatography-Mass Spectrometry Data) is exact for SEC-MS. `B2AI_SUBSTRATE:56` (Imm
2026-08-13_claude-opus-5-api-generic-v4_rep2,CM4AI,claudecode_agent,both,instances[].data_topic,low,other,`B2AI_TOPIC:19` (Microscale Imaging) is used for the IF images where `B2AI_TOPIC:15` (Image) or a cell-biology term might fit as well; `B2AI_TOPIC:21` (Networks And Pathways) is used for AP-MS interac
2026-08-13_claude-opus-5-api-generic-v4_rep2,CM4AI,claudecode_agent,both,regulatory_restrictions.hipaa_compliant,low,unsupported claim,"`not_applicable` is an inference the record itself flags in its `source_caveats` ('HIPAA is not discussed anywhere in the sources'). Given the guidance to prefer omission over inference, the enum-valu"
2026-08-13_claude-opus-5-api-generic-v4_rep2,CM4AI,claudecode_agent,both,conforms_to_standard,low,other,"`RO_CRATE` is well supported. But `conforms_to` prose also names JSON-Schema, EVI Evidence Graph Ontology and the ARK identifier scheme, none of which map to the enum; that is correct handling (they s"
2026-08-13_claude-opus-5-api-generic-v4_rep2,CM4AI,claudecode_agent,full,collection_timeframes[].start_date / end_date,low,unsupported claim,"The dates 2022-09-01 and 2026-08-31 are the NIH award project period, not a data-collection window. The `timeframe_details` is candid about this, but the structured `start_date`/`end_date` fields now "
2026-08-13_claude-opus-5-api-generic-v4_rep2,CM4AI,claudecode_agent,both,keywords,low,other,"'Medicine, Health and Life Sciences' is the Dataverse *Subject* field, not a keyword; it is appended to the keyword list, mixing two distinct metadata fields from the source record."
2026-08-13_claude-opus-5-api-generic-v4_rep2,CM4AI,claudecode_agent,both,existing_uses[0].examples,low,unsupported claim,"The first example asserts that the KOLF2.1J atlas 'released here underlies the preprint' — the bundle lists Nourreddine et al. as a Related Publication and describes validation 'via phenotypic, protei"
2026-08-13_claude-opus-5-api-generic-v4_rep2,CM4AI,claudecode_agent,both,known_biases[1],low,other,"`selection_bias` with the description about targeted protein selection is a reasonable reading, but the bundle's own 'Potential Sources of Bias' section lists only the cell-line representativeness poi"
2026-08-13_claude-opus-5-api-generic-v4_rep2,CM4AI,claudecode_agent,both,maintainers[].role,low,inconsistent identifier/count,"Trey Ideker is given `role: researcher` while the other three are `academic_institution`. The enum has no 'principal investigator' value, so `researcher` is the closest fit, but the three institutiona"
2026-08-13_claude-opus-5-api-generic-v4_rep2,CM4AI,claudecode_agent,full,download_url,low,missing supported information,Omitted. The bundle supplies the Dataverse Data Access API pattern `https://dataverse.lib.virginia.edu/api/access/datafile/` and the record reproduces it inside `distribution_formats[].notes`. The slo
2026-08-13_claude-opus-5-api-generic-v4_rep2,CM4AI,claudecode_agent,both,collection_consents / collection_notifications / consent_revocations / informed_consent / participant_privacy / participant_compensation / at_risk_populations,low,missing supported information,"All omitted. Correct given `involves_human_subjects: false` and cell-line provenance, but the bundle does state that KOLF2.1J derives from 'a healthy male Northern European donor' and MDA-MB-468 from "
2026-08-13_claude-opus-5-api-generic-v4_rep2,CM4AI,claudecode_agent,both,data_protection_impacts / annotation_analyses / machine_annotation_tools / imputation_protocols / splits / subsets / raw_sources / content_warnings / parent_datasets / resources / was_derived_from / total_size_bytes / modified_by,low,missing supported information,"All omitted, correctly — the bundle supports none of them for the CM4AI release. Noted for completeness of the audit; `raw_sources` in particular is arguably duplicative of `raw_data_sources`, which i"
2026-08-13_claude-opus-5-api-generic-v4_rep2,CM4AI,claudecode_agent,both,source_caveats,low,other,"The caveat correctly quarantines the Nature/U2OS study, yet U2OS-derived methodological detail still reaches the records: the MuSIC embedding description in `preprocessing_strategies` (node2vec, Dense"
2026-08-13_claude-opus-5-api-generic-v4_rep2,CM4AI,claudecode_agent,core,source_caveats,low,missing supported information,"The core caveat appends a sentence claiming slots 'with no counterpart in the core schema (per-variable descriptions, instance relationships, file-collection groupings)' are 'represented here through "
2026-08-13_claude-opus-5-api-generic-v4_rep2,CM4AI,claudecode_agent,both,description,low,dataset/release/temporal scope error,"The description carries project-portal aggregate statistics (1,374 protein interactions; 53,788 images; 7,023 proteins; 11,739 genes; 21.4 TB) inside a description whose subject is the June 2026 relea"
2026-08-13_claude-opus-5-api-generic-v4_rep2,VOICE,claudecode_agent,core,distributions,high,unsupported claim,"The `distributions` slot is not present in the supplied Dataset/CoreDataset slot inventory, and no `Distribution` range class with keys `path`, `format`, `media_type`, `conforms_to_standard` is define"
2026-08-13_claude-opus-5-api-generic-v4_rep2,VOICE,claudecode_agent,core,distributions[].conforms_to_standard,high,other,Given as a bare scalar `BIDS`. On Dataset/DataSubset/FileCollection this slot is multivalued (`DataStandardEnum[]`); a scalar where a list is declared is a shape defect. The top-level `conforms_to_sta
2026-08-13_claude-opus-5-api-generic-v4_rep2,VOICE,claudecode_agent,core,distributions[].format,medium,unsupported claim,"Value `TSV` is asserted as if drawn from a controlled enumeration, and the sibling `source_caveats` explicitly reasons about 'the format and media_type enumerations'. No `format` or `media_type` enume"
2026-08-13_claude-opus-5-api-generic-v4_rep2,VOICE,claudecode_agent,full,id,medium,inconsistent identifier/count,"`id` is set to the version-3.1.0 DOI URL (https://doi.org/10.13026/8xbn-nq66) while `version_access.latest_version_doi` is the concept DOI (10.13026/37yb-1t42). Defensible, but the record elsewhere de"
2026-08-13_claude-opus-5-api-generic-v4_rep2,VOICE,claudecode_agent,both,instances[1].counts,medium,unsupported claim,"Value 32522 is selected as 'the largest count' across per-feature files (torchaudio_pitch). The bundle gives no total recording count for v3.1.0; per-feature counts range 23,533–32,522 and are not a c"
2026-08-13_claude-opus-5-api-generic-v4_rep2,VOICE,claudecode_agent,full,conforms_to,medium,dataset/release/temporal scope error,"BIDS v1.9.0 is stated in the bundle as the structure of the underlying audio + questionnaire dataset ('b2ai-voice-audio' tree, per-participant sub-/ses- audio directories). The PhysioNet 3.1.0 release"
2026-08-13_claude-opus-5-api-generic-v4_rep2,VOICE,claudecode_agent,core,raw_sources,low,missing supported information,"Present in core but absent from the full record, which used only `raw_data_sources`. Both slots exist on Dataset, so the full record could have carried it; this is an asymmetry rather than an error, b"
2026-08-13_claude-opus-5-api-generic-v4_rep2,VOICE,claudecode_agent,core,annotation_analyses,low,missing supported information,"Present in core but absent from the full record, though `annotation_analyses` is a valid Dataset slot and the same evidence (single labeller, no IAA, unaudited off-the-shelf transcription) was availab"
2026-08-13_claude-opus-5-api-generic-v4_rep2,VOICE,claudecode_agent,core,errata,low,missing supported information,Present in core but absent from the full record. `errata` is a valid Dataset slot and the supporting evidence ('There is no erratum. A changelog ... is published online') was available in phase 1. Als
2026-08-13_claude-opus-5-api-generic-v4_rep2,VOICE,claudecode_agent,core,is_tabular,low,missing supported information,"Set to `false` in core, omitted in full. The bundle supports neither cleanly: the release mixes TSV phenotype tables (tabular) with Parquet tensor arrays (not tabular). Asserting a single boolean flat"
2026-08-13_claude-opus-5-api-generic-v4_rep2,VOICE,claudecode_agent,full,citation,low,other,"The recommended-citation string in `citation` is elided with '...' in the author list ('Anibal, J., ... Ghosh, S.'). The bundle's PhysioNet APA rendering uses the same elision, so this is faithful tra"
2026-08-13_claude-opus-5-api-generic-v4_rep2,VOICE,claudecode_agent,both,funders[0].grants[0].id,low,inconsistent identifier/count,"The grant `id` for OT2OD032720 is a reporter.nih.gov search-scoped project-details URL taken from the documentation's secondary-ID link (project 10858564), while the sibling grant uses project 1137638"
2026-08-13_claude-opus-5-api-generic-v4_rep2,VOICE,claudecode_agent,both,creators[].id,low,inconsistent identifier/count,"Fourteen Creator objects are minted under a b2ai-voice.org path that does not exist in the bundle. Synthetic IRIs are unavoidable for objects the sources do not identify, and they are used consistentl"
2026-08-13_claude-opus-5-api-generic-v4_rep2,VOICE,claudecode_agent,both,collection_timeframes[0],low,other,"`start_date` and `end_date` are declared on CollectionTimeframe and are left unpopulated, with the reason given in `source_caveats`. Correct handling given the bundle gives no collection start/end, bu"
2026-08-13_claude-opus-5-api-generic-v4_rep2,VOICE,claudecode_agent,full,other_tasks,low,missing supported information,Emitted as an empty list `[]`. An empty list occupies the slot without asserting anything; omission would be the cleaner representation of 'the bundle supports no additional tasks'. Core correctly omi
2026-08-13_claude-opus-5-api-generic-v4_rep2,VOICE,claudecode_agent,both,data_governance.committee_contact,low,missing supported information,"Full omits `committee_contact` while core populates it with a mailto: IRI and the name 'Bridge2AI-Voice Data Access Compliance Office'. The range is Person; the value names an office, not a person. Th"
2026-08-13_claude-opus-5-api-generic-v4_rep2,VOICE,claudecode_agent,full,variables,low,missing supported information,"Thirteen VariableMetadata records are emitted covering identifiers and derived-feature tensors, but none of the phenotype columns (demographics, confounders, diagnosis, questionnaire instruments) are "
2026-08-13_claude-opus-5-api-generic-v4_rep2,VOICE,claudecode_agent,both,collection_timeframes / instances,low,other,"The bundle's project documentation reports ~61,937 voice-derived recordings for v3.0 and 833 participants, while PhysioNet v3.1.0 gives per-feature counts of 23.5k–32.5k with no new participants. Both"
2026-08-13_claude-opus-5-api-generic-v4_rep2,VOICE,claudecode_agent,both,notes,low,inconsistent identifier/count,"The AI-readiness self-assessment table is carried in `notes` on both records. Defensible as residual content with no fitting structured slot, but it is dataset-quality characterisation that partly dup"
2026-08-13_claude-opus-5-api-generic-v4_rep3,AI_READI,claudecode_agent,core,distributions,high,unsupported claim,"Slot `distributions` is not present in the Dataset/CoreDataset slot inventory supplied in the schema digest. The digest lists `distribution_formats`, `distribution_dates` and `file_collections`, but n"
2026-08-13_claude-opus-5-api-generic-v4_rep3,AI_READI,claudecode_agent,core,distributions[*].id,high,missing supported information,"Every entry in the `distributions` list omits an identifier. If the intent was FileCollection (the only slot in the digest that accepts `path`, `file_count` and `total_bytes`), `id` is a required key "
2026-08-13_claude-opus-5-api-generic-v4_rep3,AI_READI,claudecode_agent,core,file_collections,high,missing supported information,Omission the bundle clearly supports and the full record already carries. The declared bundle (fairhub_api_dataset_3 dataset_structure_description) gives per-directory `size` and `numberOfFiles` for a
2026-08-13_claude-opus-5-api-generic-v4_rep3,AI_READI,claudecode_agent,core,total_file_count,medium,missing supported information,"Supported by the bundle (356343, stated in fairhub_api_dataset_3 `data.fileCount`, the README and the RO-Crate) and populated in the full record, but omitted from the core record. The value is instead"
2026-08-13_claude-opus-5-api-generic-v4_rep3,AI_READI,claudecode_agent,core,total_size_bytes,medium,missing supported information,"Supported by the bundle (3815969779678, fairhub_api_dataset_3 `data.size` and `metadata.datasetDescription.size`) and populated in the full record, but omitted from the core record. As with total_file"
2026-08-13_claude-opus-5-api-generic-v4_rep3,AI_READI,claudecode_agent,core,citation,medium,missing supported information,Omission the bundle clearly supports. The RO-Crate `associatedPublication` gives the verbatim dataset citation ('AI-READI Consortium. (2025). Flagship Dataset of Type 2 Diabetes from the AI-READI Proj
2026-08-13_claude-opus-5-api-generic-v4_rep3,AI_READI,claudecode_agent,core,splits,medium,missing supported information,"Omission the bundle clearly supports. The README 'Suggested split' table and healthsheet labeling Q7 describe the 70/15/15 recommended split, its rationale, and the balancing across sex, race/ethnicit"
2026-08-13_claude-opus-5-api-generic-v4_rep3,AI_READI,claudecode_agent,core,participant_compensation,medium,missing supported information,"Omission the bundle clearly supports. Healthsheet collection Q4 states 'Study subjects received a compensation of $200 for the study visit also through the grant funding', and the IRB protocol gives t"
2026-08-13_claude-opus-5-api-generic-v4_rep3,AI_READI,claudecode_agent,core,collection_consents / collection_notifications / consent_revocations,medium,unsupported claim,"Three consent-related slots present in the full record are dropped in the core record, with their content folded into `informed_consent.consent_documentation` and `informed_consent.withdrawal_mechanis"
2026-08-13_claude-opus-5-api-generic-v4_rep3,AI_READI,claudecode_agent,core,acquisition_methods[2].notes,medium,unsupported claim,Source-of-collection commentary ('Data were collected directly from participants at the three recruiting sites; this was active data collection rather than passive collection or secondary use of exist
2026-08-13_claude-opus-5-api-generic-v4_rep3,AI_READI,claudecode_agent,core,is_deidentified.deidentification_details,low,unsupported claim,"The re-identification-risk sentence appended here ('A theoretical risk of future re-identification is acknowledged, because AI algorithms can infer individual patient characteristics...') is content t"
2026-08-13_claude-opus-5-api-generic-v4_rep3,AI_READI,claudecode_agent,both,instances[0].data_topic,low,missing supported information,"`data_topic` is set to B2AI_TOPIC:43 (Diabetes) alone. The bundle documents a dataset spanning retinal/ophthalmic imaging, ECG/waveform, mHealth wearable, environmental and survey domains, for which t"
2026-08-13_claude-opus-5-api-generic-v4_rep3,AI_READI,claudecode_agent,full,creators[0],low,other,The first Creator object carries only `affiliations: [{name: AI-READI Consortium}]` with no `principal_investigator` and no `credit_roles`. The bundle identifies the AI-READI Consortium as the organiz
2026-08-13_claude-opus-5-api-generic-v4_rep3,AI_READI,claudecode_agent,full,funders[2].grantor,low,inconsistent identifier/count,"The third FundingMechanism uses `grantor` to hold a prose list of in-kind contributors ('In-kind support: the Microsoft AI for Good Lab supported the cloud services...; Topcon Corporation, Optomed, iC"
2026-08-13_claude-opus-5-api-generic-v4_rep3,AI_READI,claudecode_agent,full,creators[1].source_caveats,low,other,"Correct placement (source_caveats is the trust-annotation field and the commentary is not embedded in the name or affiliation value), but the same Washington University in St. Louis / University of Wa"
2026-08-13_claude-opus-5-api-generic-v4_rep3,AI_READI,claudecode_agent,full,annotation_analyses,low,missing supported information,"Emitted as an empty list `[]`. The bundle supports omission (healthsheet labeling section answers N/A throughout, no labels provided), and the record states this correctly in `instances[0].label_descr"
2026-08-13_claude-opus-5-api-generic-v4_rep3,AI_READI,claudecode_agent,full,file_collections[9],low,other,"The root-metadata FileCollection omits `path`, `file_count` and `total_bytes` although the bundle enumerates nine named root metadata files (CHANGELOG.md, dataset_description.json, dataset_structure_d"
2026-08-13_claude-opus-5-api-generic-v4_rep3,AI_READI,claudecode_agent,both,regulatory_restrictions.confidentiality_level,low,unsupported claim,"Set to `restricted`. The bundle's only explicit confidentiality statement is the RO-Crate `confidentialityLevel: 'HL7:2N (normal)'`, and the public release is downloadable after self-attestation. `res"
2026-08-13_claude-opus-5-api-generic-v4_rep3,AI_READI,claudecode_agent,both,license_and_use_terms.data_use_permission,low,unsupported claim,"Set to `disease_specific_research`, which is well supported for the public tier (access requires 'Agreeing to use the data only for type 2 diabetes related research'). The bundle also records that the"
2026-08-13_claude-opus-5-api-generic-v4_rep3,AI_READI,claudecode_agent,both,conforms_to_standard,low,other,"Includes `DICOM`, `CDS`, `WFDB`, `OMOP_CDM`, `OPEN_MHEALTH`, `ESDS`, `RO_CRATE` — all present in the permitted enum and all named in the bundle. No defect in the values themselves; noted only because "
2026-08-13_claude-opus-5-api-generic-v4_rep3,AI_READI,claudecode_agent,core,source_caveats item (13),low,missing supported information,The core record's source_caveats adds an item enumerating healthsheet questions answered 'No' or 'N/A' and stating that the corresponding slots were left unpopulated. This is accurate and correctly pl
2026-08-13_claude-opus-5-api-generic-v4_rep3,AI_READI,claudecode_agent,full,subsets,low,unsupported claim,"Three DataSubset objects encode the recommended train/validation/test partitions and duplicate, in prose within `description`, the per-stratum counts also carried in `splits.split_details`. Not unsupp"
2026-08-13_claude-opus-5-api-generic-v4_rep3,CHORUS,claudecode_agent,full,data_collectors[].role,high,other,"Values 'Data contributing site' and 'Central coordinating teams' are not members of the DataCollector.role enum. The schema digest constrains `role` on Maintainer to a fixed list (data_subject, third_"
2026-08-13_claude-opus-5-api-generic-v4_rep3,CHORUS,claudecode_agent,core,data_collectors[].role,high,other,"Same non-enum role values ('Data contributing site', 'Central coordinating teams') carried over from the full record."
2026-08-13_claude-opus-5-api-generic-v4_rep3,CHORUS,claudecode_agent,full,ethical_reviews[].reviewing_organization,high,unsupported claim,'CHoRUS consortium Ethics pillar' is not an entity named in the bundle as a reviewing organization; the bundle describes an Ethics pillar of the data generation project that runs focus groups and lega
2026-08-13_claude-opus-5-api-generic-v4_rep3,CHORUS,claudecode_agent,core,ethical_reviews[].reviewing_organization,high,unsupported claim,Same constructed reviewer name 'CHoRUS consortium Ethics pillar' as in the full record; unsupported by the bundle.
2026-08-13_claude-opus-5-api-generic-v4_rep3,CHORUS,claudecode_agent,full,creators[],medium,unsupported claim,"All six leadership-team members are encoded with `principal_investigator`. The bundle names only ROSENTHAL, ERIC S. as Principal Investigator (NIH RePORTER); Bihorac, Jiang, Strekalova, Rashidi and Kw"
2026-08-13_claude-opus-5-api-generic-v4_rep3,CHORUS,claudecode_agent,core,creators[],medium,unsupported claim,Same over-assertion of `principal_investigator` for five leadership-team members not identified as PIs in the bundle.
2026-08-13_claude-opus-5-api-generic-v4_rep3,CHORUS,claudecode_agent,full,at_risk_populations.at_risk_groups_included,medium,unsupported claim,Boolean `true` is asserted from an inference chain (PICU/NICU admissions therefore minors and neonates) that the bundle never states in terms of at-risk populations or protections. The accompanying so
2026-08-13_claude-opus-5-api-generic-v4_rep3,CHORUS,claudecode_agent,core,at_risk_populations.at_risk_groups_included,medium,unsupported claim,Same inferred boolean assertion as in the full record.
2026-08-13_claude-opus-5-api-generic-v4_rep3,CHORUS,claudecode_agent,full,human_subject_research.source_caveats,medium,inconsistent identifier/count,"Caveat states the dataset uses 'identifiable hospital clinical records from more than 100,000 critically ill patients'. The bundle's NIH abstract gives >100,000 as the target acquisition figure, not t"
2026-08-13_claude-opus-5-api-generic-v4_rep3,CHORUS,claudecode_agent,core,human_subject_research.source_caveats,medium,other,"Same overstated 'identifiable ... more than 100,000 patients' characterization."
2026-08-13_claude-opus-5-api-generic-v4_rep3,CHORUS,claudecode_agent,full,acquisition_methods[].was_directly_observed,medium,unsupported claim,Set to true while `direct_collection[].is_direct` is set to false with the explanation that data are obtained retrospectively from hospital systems rather than observed for this project. The two boole
2026-08-13_claude-opus-5-api-generic-v4_rep3,CHORUS,claudecode_agent,full,machine_annotation_tools[] (CTP-deid),medium,unsupported claim,The bundle lists 'CTP-deid Public' in a repository listing with no description whatsoever. Classifying it as a de-identification tool for clinical imaging is inference from a repository name; the entr
2026-08-13_claude-opus-5-api-generic-v4_rep3,CHORUS,claudecode_agent,core,machine_annotation_tools[] (CTP-deid),medium,unsupported claim,Same name-based inference about an undescribed repository.
2026-08-13_claude-opus-5-api-generic-v4_rep3,CHORUS,claudecode_agent,full,"instances[].data_substrate (OMOP rows, admissions, demographics)",medium,other,"B2AI_SUBSTRATE:37 (Relational Database) is assigned to three OMOP-derived instance types. The bundle states the data standard is OMOP and that structured data live in a cloud enclave, but never descri"
2026-08-13_claude-opus-5-api-generic-v4_rep3,CHORUS,claudecode_agent,core,"instances[].data_substrate (OMOP rows, admissions, demographics)",medium,unsupported claim,Same unsupported B2AI_SUBSTRATE:37 assignments.
2026-08-13_claude-opus-5-api-generic-v4_rep3,CHORUS,claudecode_agent,full,publisher,low,inconsistent identifier/count,"Range is uriorcurie and the value 'https://chorus4ai.org/' is a well-formed URI, but it duplicates `page` and names a website rather than the publishing organization. The bundle identifies Massachuset"
2026-08-13_claude-opus-5-api-generic-v4_rep3,CHORUS,claudecode_agent,core,publisher,low,inconsistent identifier/count,Same website-URL-as-publisher issue as the full record.
2026-08-13_claude-opus-5-api-generic-v4_rep3,CHORUS,claudecode_agent,full,creators[].id and creators[].principal_investigator.id,low,inconsistent identifier/count,Identifiers such as https://chorus4ai.org/team#eric-rosenthal and https://chorus4ai.org/person/eric-s-rosenthal are minted by the generator; no such fragment URIs or person URIs appear in the bundle. 
2026-08-13_claude-opus-5-api-generic-v4_rep3,CHORUS,claudecode_agent,core,creators[].id and creators[].principal_investigator.id,low,inconsistent identifier/count,Same minted identifiers.
2026-08-13_claude-opus-5-api-generic-v4_rep3,CHORUS,claudecode_agent,full,data_governance.committee_contact.id,low,inconsistent identifier/count,"mailto:cmccrary@mgh.havard.edu reproduces the misspelled domain from the source ('havard' for 'harvard'). Transcription is faithful and the error is flagged in source_caveats, but embedding a known-br"
2026-08-13_claude-opus-5-api-generic-v4_rep3,CHORUS,claudecode_agent,core,data_governance.committee_contact.id,low,inconsistent identifier/count,Same non-resolvable mailto identifier with the misspelled domain.
2026-08-13_claude-opus-5-api-generic-v4_rep3,CHORUS,claudecode_agent,full,created_by,low,other,'CHoRUS Consortium' is a plausible collective attribution but the bundle names no creator of the datasheet record or of the dataset under that exact phrasing in a creator role; the website refers to '
2026-08-13_claude-opus-5-api-generic-v4_rep3,CHORUS,claudecode_agent,core,created_by,low,other,Same weakly-supported collective attribution.
2026-08-13_claude-opus-5-api-generic-v4_rep3,CHORUS,claudecode_agent,full,status,low,other,"The slot's description implies a short controlled-style value (draft, published, deprecated). The value here is a multi-sentence narrative including the website banner. Content is faithful to the bund"
2026-08-13_claude-opus-5-api-generic-v4_rep3,CHORUS,claudecode_agent,core,status,low,other,Same narrative overload of a short-status scalar slot.
2026-08-13_claude-opus-5-api-generic-v4_rep3,CHORUS,claudecode_agent,full,third_party_sharing[].notes,low,other,"The substantive content (training-program access, holdout set for external validation) sits in `notes` while only the `is_shared` boolean is structured. ThirdPartySharing declares no other content fie"
2026-08-13_claude-opus-5-api-generic-v4_rep3,CHORUS,claudecode_agent,full,distribution_formats[],low,other,"The enclave-delivery caveat is attached as `notes` to the fifth format object only, although it applies to all five. Reader may take it as scoped to EDF+/Persyst."
2026-08-13_claude-opus-5-api-generic-v4_rep3,CHORUS,claudecode_agent,core,distribution_formats[],low,other,Same mis-scoped enclave note on the final format entry.
2026-08-13_claude-opus-5-api-generic-v4_rep3,CHORUS,claudecode_agent,full,license,low,missing supported information,"Omitted while the bundle states the chorus-ai GitHub organization is MIT-licensed. The omission is defensible — MIT covers code, not the clinical data — and the distinction is made in license_and_use_"
2026-08-13_claude-opus-5-api-generic-v4_rep3,CHORUS,claudecode_agent,full,total_size_bytes,low,missing supported information,"Omitted despite the bundle's '23 Tb' waveform figure. Correctly omitted given the Tb/TB ambiguity flagged in source_caveats, and the figure is preserved in prose; noted for completeness only."
2026-08-13_claude-opus-5-api-generic-v4_rep3,CHORUS,claudecode_agent,core,source_caveats,low,other,The final sentence documents the phase-2 projection decision (which slots CoreDataset lacks). This is process commentary about record construction rather than commentary on the evidence behind sibling
2026-08-13_claude-opus-5-api-generic-v4_rep3,CHORUS,claudecode_agent,full,subsets[],low,dataset/release/temporal scope error,"DataSubset requires only `id`, satisfied. But both subsets set is_data_split/is_subpopulation as booleans while the 'current release' subset is arguably neither a split nor a subpopulation but a tempo"
2026-08-13_claude-opus-5-api-generic-v4_rep3,CM4AI,claudecode_agent,core,distributions,high,other,"The `distributions` slot is not present in the supplied schema digest for the Dataset/CoreDataset class, and no such slot is listed among the 98 slots. Ten objects with keys `path`, `format`, `media_t"
2026-08-13_claude-opus-5-api-generic-v4_rep3,CM4AI,claudecode_agent,core,distributions[*].compression,high,unsupported claim,`compression` is emitted inside each distribution object. The digest defines `compression` as a top-level Dataset slot with a CompressionEnum range; it is not attested as a key on any distribution-lik
2026-08-13_claude-opus-5-api-generic-v4_rep3,CM4AI,claudecode_agent,full,file_collections[*].name / description,medium,inconsistent identifier/count,"FileCollection required key is `id` and it also accepts the top-level slot listing, so `name` and `description` are admissible. However `urn:cm4ai:filecollection:if-images` declares `file_count: 3` wi"
2026-08-13_claude-opus-5-api-generic-v4_rep3,CM4AI,claudecode_agent,full,total_file_count,medium,inconsistent identifier/count,`total_file_count: 10` is set at the dataset level and matches the ten files listed in the June 2026 Dataverse record. But the `file_collections` entries sum to 3+2+2+1+1+1 = 10 only if each `file_cou
2026-08-13_claude-opus-5-api-generic-v4_rep3,CM4AI,claudecode_agent,both,instances[0].counts,medium,dataset/release/temporal scope error,"`counts: 53788` is attached to the immunofluorescence Instance. The bundle attributes 53,788 immunofluorescent images to the CM4AI portal as a project-wide figure, not to the June 2026 release that th"
2026-08-13_claude-opus-5-api-generic-v4_rep3,CM4AI,claudecode_agent,both,instances[3].data_substrate,medium,other,`B2AI_SUBSTRATE:64` (Perturb-seq Data) is used for the CRISPRi perturbation instance — defensible. However `instances[1].data_substrate: B2AI_SUBSTRATE:59` (Size Exclusion Chromatography-Mass Spectrom
2026-08-13_claude-opus-5-api-generic-v4_rep3,CM4AI,claudecode_agent,both,instances[2].data_topic,low,other,`B2AI_TOPIC:26` (Protein) is assigned to the AP-MS bait-prey interaction instance while `instances[1].data_topic` uses `B2AI_TOPIC:28` (Proteome) for SEC-MS. Both are AP/SEC mass-spectrometry protein-
2026-08-13_claude-opus-5-api-generic-v4_rep3,CM4AI,claudecode_agent,both,creators,medium,missing supported information,"The bundle's Dataverse author list names approximately 46 contributors with ORCIDs and affiliations. Sixteen are emitted. The omission is disclosed in `source_caveats`, but the slot is multivalued and"
2026-08-13_claude-opus-5-api-generic-v4_rep3,CM4AI,claudecode_agent,both,creators[14].source_caveats,medium,inconsistent identifier/count,"The Sali entry carries `source_caveats` describing an affiliation conflict, and simultaneously resolves the conflict by emitting only the UCSF affiliation. Recording only one side of a disclosed confl"
2026-08-13_claude-opus-5-api-generic-v4_rep3,CM4AI,claudecode_agent,both,creators[*].id,low,unsupported claim,Creator `id` values are minted as `urn:cm4ai:creator:<surname>` and Organization `id` values as `urn:cm4ai:org:<abbrev>`. These identifiers are not attested anywhere in the bundle. They are structural
2026-08-13_claude-opus-5-api-generic-v4_rep3,CM4AI,claudecode_agent,full,creators[1].credit_roles,low,unsupported claim,"`project_administration` and `funding_acquisition` are assigned to Ideker, and `investigation` to Krogan and Lundberg. All three are defined CREDiT enum values. The bundle supports Ideker as PI and co"
2026-08-13_claude-opus-5-api-generic-v4_rep3,CM4AI,claudecode_agent,both,funders[0].grants[0].name,high,inconsistent identifier/count,"The `name` field carries a parenthetical bundle of three distinct identifiers and a dollar amount: '(1OT2OD032742-01; core project OT2OD032742; award 3OT2OD032742-01S2 for fiscal year 2025, USD 5,289,"
2026-08-13_claude-opus-5-api-generic-v4_rep3,CM4AI,claudecode_agent,both,funders,medium,other,"Three FundingMechanism objects are emitted. The Nature 2025 acknowledgements in the bundle list further funders of that U2OS study (Schmidt Futures, Cancer Cell Map Initiative U54 CA274502, Cytoscape "
2026-08-13_claude-opus-5-api-generic-v4_rep3,CM4AI,claudecode_agent,both,collection_timeframes[0],medium,inconsistent identifier/count,"`start_date: 2022-09-01` and `end_date: 2026-08-31` are transcribed from the NIH RePORTER project period, not from any statement about when data were collected. The project award window is not the dat"
2026-08-13_claude-opus-5-api-generic-v4_rep3,CM4AI,claudecode_agent,both,acquisition_methods[2].was_validated_verified,low,other,"Set true with details citing GO/Reactome alignment and LLM naming. In the bundle these are annotation and evaluation steps applied to computed cell maps, which this release explicitly does not contain"
2026-08-13_claude-opus-5-api-generic-v4_rep3,CM4AI,claudecode_agent,both,preprocessing_strategies,medium,missing supported information,"All four PreprocessingStrategy objects describe the MuSIC embedding, co-embedding and community-detection pipeline. The bundle states plainly that 'Computed cell maps not included in this release'. Th"
2026-08-13_claude-opus-5-api-generic-v4_rep3,CM4AI,claudecode_agent,both,cleaning_strategies[0],medium,dataset/release/temporal scope error,"Conflates two unrelated claims: perturb-seq QC ('The resulting data are currently being QCed' in the preprint, i.e. in progress at preprint time) and FAIRSCAPE schema validation of pipeline inputs. Ne"
2026-08-13_claude-opus-5-api-generic-v4_rep3,CM4AI,claudecode_agent,both,is_deidentified.deidentification_details,low,other,"Contains the inline fragment 'The June 2026 release records De-identified Samples: Yes.' — source commentary about where a value was transcribed from, embedded in a content field rather than placed in"
2026-08-13_claude-opus-5-api-generic-v4_rep3,CM4AI,claudecode_agent,both,confidential_elements[0].confidentiality_details,low,other,Contains 'All files in the release are marked File Access: Public' — transcription commentary about the source record's UI labels rather than a statement about the data's confidentiality.
2026-08-13_claude-opus-5-api-generic-v4_rep3,CM4AI,claudecode_agent,both,ethical_reviews,medium,other,"Both EthicalReview objects use `reviewing_organization` to name the contact's employing institution (The Hastings Center, Simon Fraser University). The bundle names Ravitsky and Belisle-Pipon as ethic"
2026-08-13_claude-opus-5-api-generic-v4_rep3,CM4AI,claudecode_agent,both,ethical_reviews[0].contact_person.id,low,other,Ravitsky's ORCID is transcribed from the Dataverse author list where her affiliation is University of Montreal; the record assigns her to The Hastings Center in `reviewing_organization` (supported by 
2026-08-13_claude-opus-5-api-generic-v4_rep3,CM4AI,claudecode_agent,both,data_governance.accountable_organization,medium,unsupported claim,"UCSD is asserted as the accountable organization. The bundle names a UCSD-affiliated governance contact (Jillian Parker, jillianparker@health.ucsd.edu) but does not state which organization is account"
2026-08-13_claude-opus-5-api-generic-v4_rep3,CM4AI,claudecode_agent,both,regulatory_restrictions.confidentiality_level,low,other,"`unrestricted` is asserted. The dataset is CC BY-NC-SA licensed with a commercial-use prohibition, a Data Access Committee, and some components under embargo. `unrestricted` overstates openness relati"
2026-08-13_claude-opus-5-api-generic-v4_rep3,CM4AI,claudecode_agent,both,regulatory_restrictions.hipaa_compliant,medium,missing supported information,"Omitted. The digest offers `not_applicable`, which the bundle supports directly — the release records Human Subjects: No, de-identified samples, and non-clinical cell-line origin. A clearly supported "
2026-08-13_claude-opus-5-api-generic-v4_rep3,CM4AI,claudecode_agent,both,subpopulations[0].subpopulation_elements_present,low,unsupported claim,Set `true` with donor demographics of the two source cell lines. The slot describes subpopulations represented *within the dataset*; cell-line donor provenance is not a subpopulation structure in the 
2026-08-13_claude-opus-5-api-generic-v4_rep3,CM4AI,claudecode_agent,full,subsets,medium,other,"Seven DataSubset objects are emitted with `is_data_split: false` and `is_subpopulation: false` on each. If both flags are false the objects assert they are neither splits nor subpopulations, which lea"
2026-08-13_claude-opus-5-api-generic-v4_rep3,CM4AI,claudecode_agent,core,subsets,medium,other,"Omitted from the core record while present in the full record with seven entries. `subsets` is listed among the schema slots; if CoreDataset admits it, the seven condition arms are as bundle-supported"
2026-08-13_claude-opus-5-api-generic-v4_rep3,CM4AI,claudecode_agent,core,relationships / file_collections / total_file_count / citation / anomalies,medium,other,"Present-in-full, absent-in-core: `relationships` (cell map DAG structure), `file_collections` (six collections), `total_file_count` (10), `citation` (full recommended citation, relocated into `notes` "
2026-08-13_claude-opus-5-api-generic-v4_rep3,CM4AI,claudecode_agent,core,notes,low,other,"The core `notes` carries the full recommended citation as prose. Per the notes slot description, notes is for residual content only after every fitting slot is used; `citation` is a fitting slot and i"
2026-08-13_claude-opus-5-api-generic-v4_rep3,CM4AI,claudecode_agent,both,id,medium,dataset/release/temporal scope error,"`id` is the June 2026 release DOI, scoping the record to one quarterly release. Yet `name: CM4AI`, the `description`'s first three paragraphs, `purposes`, `addressing_gaps`, `tasks`, `funders`, `colle"
2026-08-13_claude-opus-5-api-generic-v4_rep3,CM4AI,claudecode_agent,both,was_derived_from,low,other,Range is string; a prose sentence naming both cell lines with RRIDs and sources is supplied. The slot description asks for 'a resource from which this resource was derived'. Two resources are packed i
2026-08-13_claude-opus-5-api-generic-v4_rep3,CM4AI,claudecode_agent,both,publisher,low,inconsistent identifier/count,`https://dataverse.lib.virginia.edu/` is a repository base URL rather than an organization identifier. Range is uriorcurie so the shape validates; the bundle supports 'University of Virginia Dataverse
2026-08-13_claude-opus-5-api-generic-v4_rep3,CM4AI,claudecode_agent,both,conforms_to,medium,inconsistent identifier/count,"The value describes RO-Crate packaging, JSON-LD/Schema.org/EVI metadata, JSON-Schema data dictionaries and ARK identifiers. These are properties of the *metadata packaging*, not standards the dataset'"
2026-08-13_claude-opus-5-api-generic-v4_rep3,CM4AI,claudecode_agent,both,last_updated_on,low,inconsistent identifier/count,`2026-07-15T00:00:00Z` is taken from the publication date of the three immunofluorescence image files within the June 2026 record. The bundle gives no dataset-level last-modified timestamp; a per-file
2026-08-13_claude-opus-5-api-generic-v4_rep3,CM4AI,claudecode_agent,both,created_on,low,inconsistent identifier/count,"`2025-02-27T00:00:00Z` is the Dataverse 'Data Creation Date' and 'Deposit Date' for the record, both of which predate the June 2026 release by sixteen months and are carried over unchanged from the Ma"
2026-08-13_claude-opus-5-api-generic-v4_rep3,CM4AI,claudecode_agent,both,distribution_dates[0].release_dates,medium,inconsistent identifier/count,"`'May 2024'` is a free-text month-year among sibling entries using ISO dates ('2025-03-03', '2026-06-17'). Inconsistent value shape within one multivalued slot. The bundle supports 'May 2024 Data Rele"
2026-08-13_claude-opus-5-api-generic-v4_rep3,CM4AI,claudecode_agent,both,errata[0].erratum_url,low,inconsistent identifier/count,"Points to the June 2025 release DOI. That DOI resolves to the corrected dataset, not to an erratum notice. The bundle records the correction inside the June 2025 description text; there is no separate"
2026-08-13_claude-opus-5-api-generic-v4_rep3,CM4AI,claudecode_agent,both,related_datasets,medium,dataset/release/temporal scope error,"All three prior releases are typed `is_new_version_of`. That relationship correctly describes June 2026 relative to October 2025, but June 2026 is not directly a new version of both June 2025 and Marc"
2026-08-13_claude-opus-5-api-generic-v4_rep3,CM4AI,claudecode_agent,both,related_datasets[*].name / description,low,other,"DatasetRelationship required keys are `relationship_type` and `target_dataset`, and it accepts the top-level slot listing, so `name` and `description` are admissible. No defect; recorded for completen"
2026-08-13_claude-opus-5-api-generic-v4_rep3,CM4AI,claudecode_agent,both,existing_uses[1],medium,unsupported claim,"Cites Nourreddine et al., the iPSC perturbation atlas preprint. That preprint is listed in the bundle's Related Publication field but its full text is not in the declared bundle; the claim that its fi"
2026-08-13_claude-opus-5-api-generic-v4_rep3,CM4AI,claudecode_agent,both,existing_uses[0].examples,low,inconsistent identifier/count,"'38 participants registered' for the CodeFest is bundle-supported but describes a training event attendance figure, not a use of the dataset. The preceding clause about tutorials and software is the a"
2026-08-13_claude-opus-5-api-generic-v4_rep3,CM4AI,claudecode_agent,both,known_biases[1].mitigation_strategy,medium,other,"States that proteome-wide SEC-MS and genome-scale CRISPRi 'broaden coverage beyond the targeted panel'. This is accurate for the KOLF2.1J CRISPRi atlas (11,739 genes) but the record's own `known_limit"
2026-08-13_claude-opus-5-api-generic-v4_rep3,CM4AI,claudecode_agent,both,external_resources[9],low,dataset/release/temporal scope error,The Nature 2025 U2OS study is listed as an external resource with a full paragraph of its findings and portal URLs. The record's `source_caveats` correctly states that no U2OS findings are attributed 
2026-08-13_claude-opus-5-api-generic-v4_rep3,CM4AI,claudecode_agent,both,external_resources[*].archival,low,unsupported claim,"`archival: true` is asserted for MassIVE, NCBI SRA, Figshare and LibraData. The bundle supports the LibraData claim explicitly ('Long term preservation ... supported by committed institutional funds')"
2026-08-13_claude-opus-5-api-generic-v4_rep3,CM4AI,claudecode_agent,both,collection_consents / collection_notifications / consent_revocations / informed_consent / participant_privacy / participant_compensation / at_risk_populations / data_protection_impacts / content_warnings,medium,missing supported information,"All omitted. Correct: `involves_human_subjects: false` and the cell-line origin make every consent, notification, revocation, privacy, compensation, at-risk and DPIA slot inapplicable, and the bundle "
2026-08-13_claude-opus-5-api-generic-v4_rep3,CM4AI,claudecode_agent,both,anomalies,medium,missing supported information,"Omitted from both records (the full record does not carry it either, contrary to what a full/core diff might suggest). The bundle supports at least one anomaly-adjacent fact: the March 2025 release co"
2026-08-13_claude-opus-5-api-generic-v4_rep3,CM4AI,claudecode_agent,both,splits,low,missing supported information,Omitted. Correct — the bundle describes no train/validation/test partitioning of these data.
2026-08-13_claude-opus-5-api-generic-v4_rep3,CM4AI,claudecode_agent,both,download_url,medium,missing supported information,Omitted from both records while `page` is populated. The bundle supplies the Dataverse Data Access API base (`https://dataverse.lib.virginia.edu/api/access/datafile/`) and the dataset landing URL. The
2026-08-13_claude-opus-5-api-generic-v4_rep3,CM4AI,claudecode_agent,both,total_size_bytes,low,missing supported information,Omitted with a stated rationale in `source_caveats` (per-file sizes are rounded). Correct and well-disclosed.
2026-08-13_claude-opus-5-api-generic-v4_rep3,CM4AI,claudecode_agent,both,use_repository,low,missing supported information,"Omitted. The bundle names no citation index, papers-with-code entry or use-tracking resource for this dataset. Correct omission."
2026-08-13_claude-opus-5-api-generic-v4_rep3,CM4AI,claudecode_agent,both,variables / annotation_analyses / imputation_protocols / raw_sources / discouraged_uses,low,missing supported information,"All omitted. The bundle supplies no per-variable metadata, no inter-annotator agreement statistics, no imputation, and no discouraged-as-distinct-from-prohibited uses. `raw_sources` (RawData) overlaps"
2026-08-13_claude-opus-5-api-generic-v4_rep3,CM4AI,claudecode_agent,both,third_party_sharing,medium,missing supported information,Present in the full record with one ThirdPartySharing object; absent from the core record. The MassIVE/SRA/Figshare distribution and the CFDE collaboration are equally bundle-supported for both record
2026-08-13_claude-opus-5-api-generic-v4_rep3,CM4AI,claudecode_agent,both,direct_collection,low,other,Present in full (`is_direct: true` with cell-line sourcing detail); absent from core. Same asymmetry pattern.
2026-08-13_claude-opus-5-api-generic-v4_rep3,CM4AI,claudecode_agent,both,status,low,other,"`beta` is used. The bundle titles every release '(Beta)', so the value is supported. The slot description's examples are draft/published/deprecated; `beta` is not from a closed enum (range is string) "
2026-08-13_claude-opus-5-api-generic-v4_rep3,CM4AI,claudecode_agent,both,license,low,inconsistent identifier/count,`CC BY-NC-SA 4.0` as a bare string. Bundle-supported verbatim from the Dataverse License/Data Use Agreement field. The canonical URL `https://creativecommons.org/licenses/by-nc-sa/4.0/` is also in the
2026-08-13_claude-opus-5-api-generic-v4_rep3,CM4AI,claudecode_agent,both,description,medium,dataset/release/temporal scope error,"The description's final paragraph enumerates the June 2026 release contents, but the preceding three paragraphs describe project scope, cell lines, the MuSIC pipeline and FAIRSCAPE packaging — content"
2026-08-13_claude-opus-5-api-generic-v4_rep3,CM4AI,claudecode_agent,both,source_caveats,medium,dataset/release/temporal scope error,"The dataset-level `source_caveats` correctly flags the U2OS boundary, the June 2026 date conflict, the project-end-date conflict, the project-wide-count scoping, the creator subsetting, and the 563-vs"
2026-08-13_claude-opus-5-api-generic-v4_rep3,VOICE,claudecode_agent,core,distributions,high,other,The core record introduces a `distributions` slot that does not appear in the supplied schema digest for CoreDataset/Dataset; the digest declares `distribution_formats` (range DistributionFormat) and 
2026-08-13_claude-opus-5-api-generic-v4_rep3,VOICE,claudecode_agent,core,distributions[0].format,high,unsupported claim,"Value is `ZIP`, self-declared in the sibling `source_caveats` as a placeholder chosen because the enumeration lacks a Parquet term. Nothing in the bundle states the features are distributed as ZIP; th"
2026-08-13_claude-opus-5-api-generic-v4_rep3,VOICE,claudecode_agent,core,resources,high,missing supported information,"`resources` has range Dataset (sub-resources or component datasets). The five cohort entries were carried over from the full record's `subsets` (range DataSubset), where they were correctly marked `is"
2026-08-13_claude-opus-5-api-generic-v4_rep3,VOICE,claudecode_agent,core,conforms_to_class,medium,other,Set to `CoreDataset` while the surrounding header block and file are the core record — this is internally consistent — but the paired full record sets `Dataset`. Flagged only to confirm the pairing is
2026-08-13_claude-opus-5-api-generic-v4_rep3,VOICE,claudecode_agent,both,creators[8].affiliations,medium,unsupported claim,"Frank Rudzicz is given two affiliations, University of Toronto and 'Dalhousie University, Halifax, Nova Scotia, Canada'. The bundle supports Dalhousie only as 'Dalhousie University, Toronto, ON, Canad"
2026-08-13_claude-opus-5-api-generic-v4_rep3,VOICE,claudecode_agent,both,creators[14].affiliations,medium,dataset/release/temporal scope error,"Vardit Ravitsky is affiliated to 'The Hastings Center, Garrison, NY, USA'. The bundle names The Hastings Center (audiomics viewpoint) and University of Montreal, Montreal, Quebec (feasibility publicat"
2026-08-13_claude-opus-5-api-generic-v4_rep3,VOICE,claudecode_agent,both,creators[4].affiliations,medium,dataset/release/temporal scope error,"Satrajit Ghosh's affiliation is given as 'McGovern Institute for Brain Research, Massachusetts Institute of Technology, Cambridge, MA, United States'. The feasibility publication gives Cambridge, MA; "
2026-08-13_claude-opus-5-api-generic-v4_rep3,VOICE,claudecode_agent,both,instances[1].counts,medium,unsupported claim,"`counts: 32522` is assigned to the instance type 'Audio recording of an acoustic task'. 32,522 is the row count of torchaudio_pitch.parquet, i.e. a per-feature row count, not a count of recordings; th"
2026-08-13_claude-opus-5-api-generic-v4_rep3,VOICE,claudecode_agent,both,creators[*].credit_roles,medium,unsupported claim,"CRediT roles are assigned to sixteen of seventeen creators, but the record's own `source_caveats` on creators[0] states the sources do not state CRediT roles for the dataset and that assignments were "
2026-08-13_claude-opus-5-api-generic-v4_rep3,VOICE,claudecode_agent,both,conforms_to,medium,other,"The BIDS description asserts the root contains 'dataset_description.json, CHANGES.md and README'. The bundle's folder tree shows `CHANGES.md`, `README.md` and `dataset_description.json` — the record r"
2026-08-13_claude-opus-5-api-generic-v4_rep3,VOICE,claudecode_agent,both,publisher,low,unsupported claim,`publisher: https://physionet.org` — the bundle never states PhysioNet as publisher in those terms; it states PhysioNet hosts the resource and is maintained by the MIT Laboratory for Computational Phy
2026-08-13_claude-opus-5-api-generic-v4_rep3,VOICE,claudecode_agent,both,issued,low,unsupported claim,"`issued: '2026-05-01T00:00:00Z'` fabricates a time-of-day and UTC offset from a bundle that gives only 'Published: May 1, 2026'. The slot range is datetime so a time component is required, but the Z-o"
2026-08-13_claude-opus-5-api-generic-v4_rep3,VOICE,claudecode_agent,both,language,low,other,"`language: en` is a reasonable reading of the English-only protocol, but the bundle describes the language of *data collection*, not of the metadata record. Minor conflation of the record's language w"
2026-08-13_claude-opus-5-api-generic-v4_rep3,VOICE,claudecode_agent,both,variables[*] (full) / absent (core),low,missing supported information,"The full record declares thirteen VariableMetadata entries covering feature tensors and keys, but omits every phenotype column despite the bundle listing dozens of instruments with per-column JSON dic"
2026-08-13_claude-opus-5-api-generic-v4_rep3,VOICE,claudecode_agent,core,annotation_analyses,low,missing supported information,"Present only in the core record, absent from the full record, though the full record's `labeling_strategies[0].inter_annotator_agreement` carries the same content. The core record is meant to be a pro"
2026-08-13_claude-opus-5-api-generic-v4_rep3,VOICE,claudecode_agent,full,splits,low,other,`split_details` states that no partitions are supplied. The digest describes `splits` as recommended data splits; populating it with a statement that none exist is close to the anti-pattern of recordi
2026-08-13_claude-opus-5-api-generic-v4_rep3,VOICE,claudecode_agent,both,confidential_elements[0].confidential_elements_present,low,other,"Set to `false`, faithfully transcribing the healthsheet's 'No'. The attached `source_caveats` correctly notes the tension with raw-audio withholding. No change required; recorded because the boolean a"
2026-08-13_claude-opus-5-api-generic-v4_rep3,VOICE,claudecode_agent,both,distribution_formats[*].format,low,other,"`format` values are multi-clause sentences ('Apache Parquet, an open-source column-oriented data file format, for dense derived features') rather than format tokens. The digest gives DistributionForma"
2026-08-13_claude-opus-5-api-generic-v4_rep3,VOICE,claudecode_agent,full,file_collections[*].file_count / total_bytes,low,other,"FileCollection accepts `file_count` and `total_bytes`, and `total_file_count` / `total_size_bytes` exist at dataset level. The bundle gives per-feature row counts but no file counts or byte sizes, so "
2026-08-13_claude-opus-5-api-generic-v4_rep3,VOICE,claudecode_agent,both,collection_timeframes[0],low,other,"`start_date` and `end_date` are omitted in favour of prose, correctly, since the bundle gives no dataset collection dates. The prose nonetheless reaches for project award dates (1 Sep 2022 – 30 Nov 20"
2026-08-13_claude-opus-5-api-generic_rep1,CHORUS,claudecode_agent,full,creators.affiliations,high,unsupported claim,"Creator.affiliations has declared range Organization[] and each entry carries `name`, but only the top-level Creator slot inventory names `affiliations`; the individual affiliation objects list only M"
2026-08-13_claude-opus-5-api-generic_rep1,CHORUS,claudecode_agent,both,creators.name,medium,unsupported claim,"Creator `name: CHoRUS Consortium` is paired with `principal_investigator: Rosenthal, Eric S.` The bundle supports Rosenthal as PI of NIH project 10472824 (organization: Massachusetts General Hospital)"
2026-08-13_claude-opus-5-api-generic_rep1,CHORUS,claudecode_agent,full,instances[instance-admission].counts,high,dataset/release/temporal scope error,"`counts: 50000` is asserted as the instance count while the same object's `notes` records a conflicting figure (over 45,000 unique admissions, August 2025) and an anticipated 100,000. The bundle gives"
2026-08-13_claude-opus-5-api-generic_rep1,CHORUS,claudecode_agent,both,instances[instance-imaging].counts,medium,inconsistent identifier/count,"`counts: 7642` is placed on an object whose `instance_type` is 'Imaging study extracted from hospital PACS'. The bundle states '7,642 Admissions with Radiology Data' — a count of admissions, not of im"
2026-08-13_claude-opus-5-api-generic_rep1,CHORUS,claudecode_agent,both,instances[instance-omop-row].data_substrate,medium,missing supported information,B2AI_SUBSTRATE:37 (Relational Database) is assigned to OMOP rows. The bundle says the data are standardized to the OMOP Common Data Model and held in a cloud enclave; it never states a relational data
2026-08-13_claude-opus-5-api-generic_rep1,CHORUS,claudecode_agent,both,instances[instance-telemetry-waveform].notes,low,inconsistent identifier/count,'The released waveform data total 23 terabytes' is attached to the telemetry-waveform instance. The bundle's '23 Tb Waveform data' figure is undifferentiated across waveform modalities (telemetry and 
2026-08-13_claude-opus-5-api-generic_rep1,CHORUS,claudecode_agent,full,anomalies,medium,unsupported claim,"`anomalies: []` is an empty list. The bundle supports no anomaly statement either way; an explicit empty list asserts absence of known anomalies, which the bundle does not support. Omission is the cor"
2026-08-13_claude-opus-5-api-generic_rep1,CHORUS,claudecode_agent,both,conforms_to_standard,medium,other,"Includes `OTHER` without any indication of which standard it stands for. EDF+, Persyst and OHNLP are the unregistered standards named in `conforms_to`, but a single `OTHER` term cannot be resolved aga"
2026-08-13_claude-opus-5-api-generic_rep1,CHORUS,claudecode_agent,both,publisher,medium,inconsistent identifier/count,`publisher: https://chorus4ai.org/` is identical to `id` and `page`. The bundle names no publisher entity for the dataset; the project website URL is being reused as a publisher identifier without sup
2026-08-13_claude-opus-5-api-generic_rep1,CHORUS,claudecode_agent,both,status,medium,other,Free-text status is a synthesized characterization ('Under active acquisition and phased release'). The bundle's own status statement about the resource is the website banner 'This repoitory is under 
2026-08-13_claude-opus-5-api-generic_rep1,CHORUS,claudecode_agent,both,data_governance.committee_contact,high,unsupported claim,"Jared Houghtaling is placed in `committee_contact` (range Person). The bundle lists him only as one of two request-access email contacts on the GitHub README; no committee, committee membership, or co"
2026-08-13_claude-opus-5-api-generic_rep1,CHORUS,claudecode_agent,both,data_governance.access_review_process,medium,other,"Conflates two distinct access paths without distinguishing them: general dataset access requests via two emails, and the AIM-AHEAD training-program registration/licensing/.edu-email route. The bundle "
2026-08-13_claude-opus-5-api-generic_rep1,CHORUS,claudecode_agent,both,data_governance.accountable_organization,medium,unsupported claim,`accountable_organization: CHoRUS Consortium` is asserted. The bundle names Massachusetts General Hospital as the NIH awardee organization and states the website content is 'solely the responsibility 
2026-08-13_claude-opus-5-api-generic_rep1,CHORUS,claudecode_agent,both,at_risk_populations.at_risk_groups_included,medium,other,`true` is derived from the presence of PICU and NICU admissions. The bundle states the cohort includes PICU and NICU admissions but never characterizes any population as at-risk or describes protectio
2026-08-13_claude-opus-5-api-generic_rep1,CHORUS,claudecode_agent,both,acquisition_methods.was_directly_observed,low,inconsistent identifier/count,`was_directly_observed: true` is asserted for retrospective extraction of records generated during clinical care. The bundle describes retrospective data collection from hospital systems; whether this
2026-08-13_claude-opus-5-api-generic_rep1,CHORUS,claudecode_agent,full,direct_collection.is_direct,medium,missing supported information,The `direct_collection` object omits `is_direct` while its prose states data are obtained 'rather than through a purpose-built collection from individuals' — the boolean the slot exists to carry is le
2026-08-13_claude-opus-5-api-generic_rep1,CHORUS,claudecode_agent,full,splits,medium,missing supported information,"Present in the full record (holdout test set) but absent from the core record, where the same holdout fact was folded into `sampling_strategies.strategies` prose. Paired records represent the same evi"
2026-08-13_claude-opus-5-api-generic_rep1,CHORUS,claudecode_agent,core,direct_collection,medium,missing supported information,"Slot omitted from the core record; the direct/indirect collection content was merged into `acquisition_methods.acquisition_details`. The core schema was not supplied in the digest, so the omission may"
2026-08-13_claude-opus-5-api-generic_rep1,CHORUS,claudecode_agent,core,splits,low,missing supported information,Omitted; holdout-set evidence relocated into `sampling_strategies`. Same divergence class as the full record's `splits`/`direct_collection` handling.
2026-08-13_claude-opus-5-api-generic_rep1,CHORUS,claudecode_agent,both,license_and_use_terms.data_use_permission,medium,missing supported information,"Omitted although the bundle supports enumerated terms: access requires a signed licensing agreement and an institutional (.edu) address, and the training-program route is program-scoped. Candidate val"
2026-08-13_claude-opus-5-api-generic_rep1,CHORUS,claudecode_agent,both,license,low,missing supported information,"Top-level `license` omitted. Defensible, since the MIT License in the bundle governs the GitHub software rather than the dataset and the record says so in `ip_restrictions` and `source_caveats`. Flagg"
2026-08-13_claude-opus-5-api-generic_rep1,CHORUS,claudecode_agent,both,maintainers.role,medium,other,"`role: other` is assigned to the GitHub-organization maintainer entry. The enum offers no fitting term for a code-hosting organization, but the entry itself is not a maintainer person or organization "
2026-08-13_claude-opus-5-api-generic_rep1,CHORUS,claudecode_agent,full,data_collectors.role,medium,other,"`role` carries multi-clause descriptive prose ('Data Acquisition centers: 14 of the 20 academic centers in the collaboration contribute clinical data extracts'), duplicating content that belongs in th"
2026-08-13_claude-opus-5-api-generic_rep1,CHORUS,claudecode_agent,both,known_biases,medium,other,"A `DatasetBias` object with `bias_type: representation_bias` is asserted, but its own `source_caveats` concedes the bundle reports only mitigation intent and design goals, never a measured or observed"
2026-08-13_claude-opus-5-api-generic_rep1,CHORUS,claudecode_agent,both,ethical_reviews.reviewing_organization,low,other,'CHoRUS consortium Ethics pillar (Ethical and Trustworthy AI)' is presented as a reviewing organization. The bundle describes Ethics as one of three project pillars conducting focus groups and legal a
2026-08-13_claude-opus-5-api-generic_rep1,CHORUS,claudecode_agent,both,human_subject_research.irb_approval,medium,missing supported information,"`involves_human_subjects: true` is asserted while `irb_approval`, `ethics_review_board` and `regulatory_compliance` are all left empty, with the gap explained in `notes`. Consistent with the bundle, b"
2026-08-13_claude-opus-5-api-generic_rep1,CHORUS,claudecode_agent,both,is_deidentified.identifiers_removed,low,other,"Omitted while `method` prose enumerates tokenization, local note retention and imaging de-identification. The bundle does not name specific identifier categories removed, so omission is correct; noted"
2026-08-13_claude-opus-5-api-generic_rep1,CHORUS,claudecode_agent,both,distribution_formats.format,medium,dataset/release/temporal scope error,"Each `format` value carries access-control and metadata-status commentary ('held in the cloud enclave under controlled access, with published metadata', 'Metadata publication planned') rather than a f"
2026-08-13_claude-opus-5-api-generic_rep1,CHORUS,claudecode_agent,both,distribution_dates.release_dates,low,dataset/release/temporal scope error,"`release_dates` contains narrative describing snapshots and the project end date rather than dates. The sibling `source_caveats` acknowledges no formal release dates exist, which argues for omitting t"
2026-08-13_claude-opus-5-api-generic_rep1,CHORUS,claudecode_agent,both,collection_timeframes.start_date / end_date,medium,missing supported information,"Both typed date slots are left empty while `timeframe_details` prose carries 2022-09-01 and 2026-11-30. Those dates are the funded project period, not the collection period, so populating the typed sl"
2026-08-13_claude-opus-5-api-generic_rep1,CHORUS,claudecode_agent,both,existing_uses.examples,low,other,"Combines a supported dataset-use claim ('being used for training activities and publications') with extensive AIM-AHEAD program detail (up to 30 trainees, coursework, posters, manuscripts) that descri"
2026-08-13_claude-opus-5-api-generic_rep1,CHORUS,claudecode_agent,both,intended_uses[intended-use-education],medium,other,"Describes the AIM-AHEAD training curriculum (Jupyter notebooks, OHDSI tool stack, OMOP CDM instruction) as an intended use of the dataset. The bundle presents these as program training content; the da"
2026-08-13_claude-opus-5-api-generic_rep1,CHORUS,claudecode_agent,both,other_tasks.task_details,low,other,The 'may support analyses of context and equity beyond bedside prediction tasks' claim is a generated extrapolation from the presence of SDoH and geocoding. The bundle names SDoH as an acquired data e
2026-08-13_claude-opus-5-api-generic_rep1,CHORUS,claudecode_agent,both,machine_annotation_tools.tools,medium,inconsistent identifier/count,"Groups OHNLP toolkit, DeGauss, privacy_scan_tool and CTP-deid as annotation tools. Only OHNLP performs anything resembling annotation (extraction/tokenization); DeGauss is a geocoder and privacy_scan_"
2026-08-13_claude-opus-5-api-generic_rep1,CHORUS,claudecode_agent,both,external_resources.archival,low,unsupported claim,"`archival: false` is asserted for all four external resources. The bundle makes no statement about the archival status of the project website, GitHub organization, NIH RePORTER record, or webinar PDF."
2026-08-13_claude-opus-5-api-generic_rep1,CHORUS,claudecode_agent,both,extension_mechanism,medium,other,"Describes contribution routes for data sites, clinical mappers and software developers to the CHoRUS project and its repositories. These are project contribution workflows, not mechanisms for extendin"
2026-08-13_claude-opus-5-api-generic_rep1,CHORUS,claudecode_agent,both,updates.frequency,low,missing supported information,"`frequency` omitted while `update_details` states sites 'provide regular status updates'. Correct omission (the bundle gives no interval), but note that the update_details content largely describes si"
2026-08-13_claude-opus-5-api-generic_rep1,CHORUS,claudecode_agent,both,cleaning_strategies,medium,other,The single object cites CHoRUSReports characterization reports and SOP validation. The bundle describes CHoRUSReports as producing characterization reports returned to sites after submission — a feedb
2026-08-13_claude-opus-5-api-generic_rep1,CHORUS,claudecode_agent,both,keywords,low,other,"Includes 'equitable AI', which derives from the project title rather than describing dataset content, and 'intensive care unit', which restates 'critical care'. Minor: keyword list mixes project brand"
2026-08-13_claude-opus-5-api-generic_rep1,CHORUS,claudecode_agent,both,subpopulations[subpop-sdoh],medium,other,`subpopulation_elements_present: true` with an `identification` describing SDoH and geographic distance as acquired data elements. Data elements enabling subgroup characterization are not themselves a
2026-08-13_claude-opus-5-api-generic_rep1,CHORUS,claudecode_agent,both,variables,medium,missing supported information,"Omitted entirely, though the bundle enumerates concrete data elements in the webinar table (demographics, diagnoses, procedures, medication administration with dosing timestamps, nursing flowsheets, c"
2026-08-13_claude-opus-5-api-generic_rep1,CHORUS,claudecode_agent,both,total_size_bytes,low,missing supported information,"Omitted while the bundle states 23 Tb of waveform data. Defensible, since 23 Tb covers waveforms only and not the whole dataset, and the units in the source ('Tb') are ambiguous — but the omission sho"
2026-08-13_claude-opus-5-api-generic_rep1,CHORUS,claudecode_agent,both,notes,low,other,Carries the website compliance-review banner and the NIH disclaimer. The banner is a statement about the website/repository status and arguably belongs in `status`; the NIH disclaimer is boilerplate a
2026-08-13_claude-opus-5-api-generic_rep1,CHORUS,claudecode_agent,both,data_governance.notes,low,other,"Records the program manager email as 'cmccrary@mgh.havard.edu' with an '(as printed)' annotation. Faithful transcription is correct, but embedding the source-fidelity annotation inside `notes` rather "
2026-08-13_claude-opus-5-api-generic_rep1,CHORUS,claudecode_agent,both,id,low,inconsistent identifier/count,"`id` is the project website URL, which is also used for `page`, `publisher`, and as the base for every fragment identifier across the record. Functional, but the dataset is thereby identified with the"
2026-08-13_claude-opus-5-api-generic_rep1,CHORUS,claudecode_agent,both,description,medium,dataset/release/temporal scope error,"States the anticipated final dataset 'covers 100,000 patient admissions, nine data modalities, and 14 contributing hospitals' and the released set '50,000 patient admissions', then reports the August "
2026-08-16_claude-opus-5-api-generic-v5_rep1,AI_READI,claudecode_agent,core,distributions,high,unsupported claim,"The core schema digest supplied in this task does not define a `distributions` slot, nor does it define the keys used inside it (`path`, `bytes`, `format`, `media_type`, `conforms_to`, `conforms_to_st"
2026-08-16_claude-opus-5-api-generic-v5_rep1,AI_READI,claudecode_agent,full,conforms_to_standard,high,other,"The value list includes `DICOM`, but the permitted enum for `conforms_to_standard` as given in the schema digest is: DICOM, BIDS, OMOP_CDM, WFDB, OPEN_MHEALTH, ESDS, CDS, RO_CRATE, FHIR, OTHER. DICOM "
2026-08-16_claude-opus-5-api-generic-v5_rep1,AI_READI,claudecode_agent,full,instances[0].data_topic,medium,unsupported claim,"`B2AI_TOPIC:43` is Diabetes, which is defensible for the participant-level instance, but the participant instance is a person rather than a topic-bearing artifact and carries no `data_substrate`. The "
2026-08-16_claude-opus-5-api-generic-v5_rep1,AI_READI,claudecode_agent,full,instances[3].data_substrate,medium,unsupported claim,"`B2AI_SUBSTRATE:69` (Time-series data) is assigned to the environmental sensor instance. The bundle states these files follow the NASA ASCII File Format Guidelines for Earth Science Data, i.e. delimit"
2026-08-16_claude-opus-5-api-generic-v5_rep1,AI_READI,claudecode_agent,full,instances[1].data_substrate,medium,other,`B2AI_SUBSTRATE:49` (Waveform Data) for the 12-lead ECG is well supported by the WFDB standard statement; however `data_topic: B2AI_TOPIC:10` (EKG) is supported while `37=Waveform` would be equally so
2026-08-16_claude-opus-5-api-generic-v5_rep1,AI_READI,claudecode_agent,core,instances[9].notes,medium,other,The relationship statement ('All instances are part of the same prospective data generation project... only one visit per participant... approximately 10 percent invited back in year 4') has been appe
2026-08-16_claude-opus-5-api-generic-v5_rep1,AI_READI,claudecode_agent,core,data_collectors[4],medium,missing supported information,"Participant compensation ($200 stipend, transportation costs) has been folded into a DataCollector object with `role: 'Compensation arrangement for the collection team and participants'`. The full rec"
2026-08-16_claude-opus-5-api-generic-v5_rep1,AI_READI,claudecode_agent,core,is_deidentified.deidentification_details,medium,missing supported information,"The core record appends re-identification risk and mitigation prose ('A theoretical risk of future re-identification remains... robust data dissemination system, a strict license agreement and static "
2026-08-16_claude-opus-5-api-generic-v5_rep1,AI_READI,claudecode_agent,core,informed_consent[0].withdrawal_mechanism,medium,other,Consent revocation content that the full record carries in the dedicated `consent_revocations` slot has been relocated into `informed_consent[0].withdrawal_mechanism`. This is a defensible projection 
2026-08-16_claude-opus-5-api-generic-v5_rep1,AI_READI,claudecode_agent,both,funders[0].grants[1..2],low,unsupported claim,Grant identifiers `https://doi.org/10.60775/fairhub.3#grant-p30dk035816` and `#grant-ul1tr003096` hang NIH grant numbers off the dataset DOI as fragments. The v5 rule permits fragment-on-a-supplied-id
2026-08-16_claude-opus-5-api-generic-v5_rep1,AI_READI,claudecode_agent,both,creators[0].id,low,missing supported information,`https://doi.org/10.60775/fairhub.3#creator-ai-readi-consortium` constructs a creator identity as a fragment of the dataset DOI. Same concern as the grant IDs: the AI-READI Consortium is an organizati
2026-08-16_claude-opus-5-api-generic-v5_rep1,AI_READI,claudecode_agent,both,publisher,low,inconsistent identifier/count,`publisher: https://fairhub.io/` is a website URL used in a `uriorcurie` slot to denote the publishing entity. The bundle states `publisherName: FAIRhub` in dataset_description.json. A bare homepage U
2026-08-16_claude-opus-5-api-generic-v5_rep1,AI_READI,claudecode_agent,both,license,low,dataset/release/temporal scope error,`license: AI-READI custom license v2.0` is the rightsName from FAIRhub metadata and is supported. Note that the accompanying rightsURI (https://doi.org/10.5281/zenodo.17555036) is captured only inside
2026-08-16_claude-opus-5-api-generic-v5_rep1,AI_READI,claudecode_agent,full,subsets,low,other,"The three split subsets use `is_data_split: true` and `is_subpopulation: false`, which is correct, but each subset's composition is placed entirely in `description` prose while the DataSubset class (p"
2026-08-16_claude-opus-5-api-generic-v5_rep1,AI_READI,claudecode_agent,core,subsets,low,missing supported information,"The core record omits the three recommended-split DataSubset objects and the `splits` slot that the full record carries, while retaining the split counts only inside `distributions[9].notes` ('partici"
2026-08-16_claude-opus-5-api-generic-v5_rep1,AI_READI,claudecode_agent,core,variables,low,missing supported information,"The core record omits the entire `variables` block (36 VariableMetadata objects in the full record), all of which are supported by the bundle's Table 2 reference ranges, device tables and healthsheet "
2026-08-16_claude-opus-5-api-generic-v5_rep1,AI_READI,claudecode_agent,core,total_file_count / total_size_bytes,low,inconsistent identifier/count,The core record drops the `total_file_count` (356343) and `total_size_bytes` (3815969779678) scalars present in the full record and restates them inside the free-text `notes`. Both are directly stated
2026-08-16_claude-opus-5-api-generic-v5_rep1,AI_READI,claudecode_agent,core,citation,low,other,The core record drops the `citation` slot present in the full record and restates the citation string inside `notes`. The citation is directly stated in the bundle's RO-Crate `associatedPublication`.
2026-08-16_claude-opus-5-api-generic-v5_rep1,AI_READI,claudecode_agent,full,sampling_strategies[0].source_caveats,low,other,"The caveat about ICD-10 code transposition (R73.09/E11.X) is correctly placed in `source_caveats` on the sibling object, consistent with the slot description. No defect; noted as a positive check."
2026-08-16_claude-opus-5-api-generic-v5_rep1,AI_READI,claudecode_agent,both,human_subject_research.ethics_review_board,low,other,The value embeds a postal address and email in a free-text string. The bundle's RO-Crate carries this as a structured Organization with ContactPoint and PostalAddress. The digest defines `ethics_revie
2026-08-16_claude-opus-5-api-generic-v5_rep1,AI_READI,claudecode_agent,both,conforms_to_class,low,other,"Correctly differentiated: full record states `Dataset`, core states `CoreDataset`. No defect."
2026-08-16_claude-opus-5-api-generic-v5_rep1,AI_READI,claudecode_agent,both,description,info,unsupported claim,"The description states the acronym as 'Artificial Intelligence Ready and Equitable/Exploratory Atlas for Diabetes Insights', a slashed conflation of two source variants. The variance is separately and"
2026-08-16_claude-opus-5-api-generic-v5_rep1,AI_READI,claudecode_agent,both,collection_timeframes[0].timeframe_details,info,dataset/release/temporal scope error,States enrollment continues until 30 November 2026 and completion anticipated 1 January 2027. Both are supported (BMJ Open protocol; FAIRhub completionDateStruct). The 18 vs 19 July 2023 start-date di
2026-08-16_claude-opus-5-api-generic-v5_rep1,AI_READI,claudecode_agent,full,notes,info,other,"The `notes` value carries substantive dataset content (mini-subset availability, manufacturer in-kind support, return-of-results procedures, biorepository description) rather than residual content onl"
2026-08-19_claude-opus-5-api-generic-v5_rep1,AI_READI,claudecode_agent,core,distributions,high,unsupported claim,"The slot `distributions` does not exist in the supplied schema digest for the Dataset/CoreDataset class, and no `Distribution` range class is listed in the object-ranges section. The core record inven"
2026-08-19_claude-opus-5-api-generic-v5_rep1,AI_READI,claudecode_agent,core,distributions[*].conforms_to_standard,high,other,Written as a scalar string (e.g. `conforms_to_standard: WFDB`) whereas the schema declares `conforms_to_standard` as multivalued (DataStandardEnum [many]). The full record correctly emits it as a list
2026-08-19_claude-opus-5-api-generic-v5_rep1,AI_READI,claudecode_agent,full,conforms_to_standard,high,missing supported information,"The value list includes `CDS`, `WFDB`, `OMOP_CDM`, `DICOM`, `OPEN_MHEALTH`, `ESDS`. The permitted enum is `DICOM, BIDS, OMOP_CDM, WFDB, OPEN_MHEALTH, ESDS, CDS, RO_CRATE, FHIR, OTHER` — all six are pe"
2026-08-19_claude-opus-5-api-generic-v5_rep1,AI_READI,claudecode_agent,both,publisher,medium,unsupported claim,"`publisher` has declared range `uriorcurie`. The value `https://fairhub.io` is a bare URI rather than a CURIE, and the v5 instruction directs that identifier-ranged slots take a CURIE where the schema"
2026-08-19_claude-opus-5-api-generic-v5_rep1,AI_READI,claudecode_agent,both,creators[0].affiliations,medium,unsupported claim,"Eight ROR identifiers are asserted as `id` values on Organization objects. The bundle supplies ROR URIs only for: Washington University in St. Louis (01yc7t268), NIH (01cwqze88), California Medical In"
2026-08-19_claude-opus-5-api-generic-v5_rep1,AI_READI,claudecode_agent,both,creators[0].principal_investigator.id,high,other,Range is `Person`; `id` is `uriorcurie`. Value `https://orcid.org/0000-0002-7452-1648` is attested in the bundle (FAIRhub responsibleParty / overallOfficialList). Correct. However the `description` em
2026-08-19_claude-opus-5-api-generic-v5_rep1,AI_READI,claudecode_agent,both,ethical_reviews[0].contact_person.id,high,inconsistent identifier/count,"`contact_person` has range `Person` with `id` of type `uriorcurie`. The value `hsdrely@uw.edu` is a bare email address, not a URI or CURIE (a valid form would be `mailto:hsdrely@uw.edu`). Same defect "
2026-08-19_claude-opus-5-api-generic-v5_rep1,AI_READI,claudecode_agent,both,data_governance.committee_contact,high,inconsistent identifier/count,The Person object is given `id: contact@aireadi.org` (a shared project mailbox) while `name: Aaron Y. Lee`. This binds an organizational mailbox as the identity of a named individual — a false identit
2026-08-19_claude-opus-5-api-generic-v5_rep1,AI_READI,claudecode_agent,full,funders[1].grants[0].id / funders[2].grants[0].id,medium,inconsistent identifier/count,"Grant `id` values `P30DK035816` and `UL1TR003096` are bare grant numbers used as `uriorcurie`. These are neither URIs nor CURIEs with a schema-declared prefix. Contrast funders[0].grants[0].id, which "
2026-08-19_claude-opus-5-api-generic-v5_rep1,AI_READI,claudecode_agent,both,license,medium,dataset/release/temporal scope error,"Range is `string`, and the value 'AI-READI custom license v2.0' matches the FAIRhub rightsName exactly. Supported. But the associated `rightsURI` (https://doi.org/10.5281/zenodo.17555036) is recorded "
2026-08-19_claude-opus-5-api-generic-v5_rep1,AI_READI,claudecode_agent,both,is_deidentified.identifiable_elements_present,high,inconsistent identifier/count,"Set to `false`. The bundle's tier-1 FAIRhub dataset_description records `deIdentType: NoDeIdentification` with `deIdentDirect: true` and `deIdentHIPAA: true`, and the controlled-access tier explicitly"
2026-08-19_claude-opus-5-api-generic-v5_rep1,AI_READI,claudecode_agent,both,regulatory_restrictions.confidentiality_level,medium,unsupported claim,Set to `restricted`. The bundle's tier-1 sources state `accessType: PublicDownloadSelfAttestationRequired` (FAIRhub) and `confidentialityLevel: HL7:2N (normal)` (RO-Crate). Neither maps to `restricted
2026-08-19_claude-opus-5-api-generic-v5_rep1,AI_READI,claudecode_agent,both,regulatory_restrictions.hipaa_compliant,medium,unsupported claim,Set to `compliant`. No source in the bundle asserts HIPAA compliance as a status. The FAIRhub metadata states only that the team 'checked that no identifiable data per US HIPAA were present'; the Natu
2026-08-19_claude-opus-5-api-generic-v5_rep1,AI_READI,claudecode_agent,full,instances[0].data_topic,medium,missing supported information,"Single value `B2AI_TOPIC:43` (Diabetes) for a dataset the bundle describes as spanning retinal imaging, ECG, CGM, mHealth, environment and survey domains. `data_topic` is single-valued so only one ter"
2026-08-19_claude-opus-5-api-generic-v5_rep1,AI_READI,claudecode_agent,core,instances[0].missing_information,low,other,The full record populates `missing_information` as a MissingInfo[] object; the core record drops the structured object and folds the same content into free-text `notes`. Content is preserved but the s
2026-08-19_claude-opus-5-api-generic-v5_rep1,AI_READI,claudecode_agent,core,informed_consent[0].notes,high,other,"The core record's `notes` field absorbs participant-compensation content ($200 stipend, payment timing, non-proration, rideshare assistance) that the full record correctly carries in the dedicated `pa"
2026-08-19_claude-opus-5-api-generic-v5_rep1,AI_READI,claudecode_agent,core,informed_consent[0].notes,high,missing supported information,"The same `notes` field also absorbs `collection_notifications` content (mailed invitation letters, invitation emails, REDCap recruitment interface, awareness of active collection) and `collection_cons"
2026-08-19_claude-opus-5-api-generic-v5_rep1,AI_READI,claudecode_agent,core,participant_privacy,medium,missing supported information,"Omitted from the core record. The full record populates two ParticipantPrivacy objects (anonymization method, privacy techniques, reidentification risk, data linkage; and the privacy-motivated device "
2026-08-19_claude-opus-5-api-generic-v5_rep1,AI_READI,claudecode_agent,core,consent_revocations,medium,missing supported information,Omitted from the core record. The full record populates it from the healthsheet ('Participants were permitted to withdraw consent at any time... any data that had been shared or used up to that point 
2026-08-19_claude-opus-5-api-generic-v5_rep1,AI_READI,claudecode_agent,core,direct_collection,medium,missing supported information,Omitted from the core record. The full record populates two DirectCollection objects (is_direct true for participant collection; is_direct false for EHR-derived recruitment pools and controlled-tier r
2026-08-19_claude-opus-5-api-generic-v5_rep1,AI_READI,claudecode_agent,core,relationships,medium,missing supported information,Omitted from the core record. The full record populates it ('All instances are part of the same prospective data generation project... only one visit per participant'). The core record moves this into
2026-08-19_claude-opus-5-api-generic-v5_rep1,AI_READI,claudecode_agent,core,splits,medium,missing supported information,"Omitted from the core record as a structured slot. The full record carries a detailed Splits object with per-arm counts. The core record compresses this to two sentences inside top-level `notes`, losi"
2026-08-19_claude-opus-5-api-generic-v5_rep1,AI_READI,claudecode_agent,core,subsets,medium,missing supported information,"Omitted from the core record. The full record emits three DataSubset objects (public, controlled, mini). The core record reduces these to one sentence in top-level `notes`, discarding the identifiers "
2026-08-19_claude-opus-5-api-generic-v5_rep1,AI_READI,claudecode_agent,core,variables,medium,missing supported information,"Omitted entirely from the core record. The full record carries 31 VariableMetadata objects with units, ranges, measurement techniques and sensitivity flags, all evidenced in the bundle. If `variables`"
2026-08-19_claude-opus-5-api-generic-v5_rep1,AI_READI,claudecode_agent,core,total_file_count / total_size_bytes,medium,missing supported information,"Both omitted as structured slots and instead stated as prose in top-level `notes` ('356,343 files totalling 3,815,969,779,678 bytes'). If the core schema declares these integer slots, placing the valu"
2026-08-19_claude-opus-5-api-generic-v5_rep1,AI_READI,claudecode_agent,core,citation,medium,missing supported information,Omitted as a structured slot; the citation string is instead embedded in top-level `notes`. The full record populates `citation` directly.
2026-08-19_claude-opus-5-api-generic-v5_rep1,AI_READI,claudecode_agent,core,third_party_sharing,medium,missing supported information,"Omitted from the core record. The full record populates a ThirdPartySharing object with `is_shared: true` and the license's onward-sharing constraints, all evidenced in the healthsheet distribution se"
2026-08-19_claude-opus-5-api-generic-v5_rep1,AI_READI,claudecode_agent,core,"collection_notifications, collection_consents, participant_compensation",low,missing supported information,"All three top-level slots present in the full record are absent from the core record, their content displaced into informed_consent notes (see above). Listed here as the aggregate omission finding."
2026-08-19_claude-opus-5-api-generic-v5_rep1,AI_READI,claudecode_agent,both,was_derived_from,medium,inconsistent identifier/count,Range is `string`. Value 'AI-READI cross-sectional study (ClinicalTrials.gov NCT06002048; IRB STUDY00016228)' bundles two identifiers and a parenthetical into a single prose string. Both identifiers a
2026-08-19_claude-opus-5-api-generic-v5_rep1,AI_READI,claudecode_agent,full,file_collections[*].conforms_to,medium,dataset/release/temporal scope error,Several entries concatenate two standards into one prose string ('WaveForm DataBase (WFDB); organized per Clinical Dataset Structure (CDS) v0.1.1'). `conforms_to` is single-valued string so concatenat
2026-08-19_claude-opus-5-api-generic-v5_rep1,AI_READI,claudecode_agent,full,file_collections[9],low,other,"The root-metadata FileCollection omits `path`, `file_count` and `total_bytes` although the bundle lists nine named root-level metadata files. `file_count: 9` is directly supported."
2026-08-19_claude-opus-5-api-generic-v5_rep1,AI_READI,claudecode_agent,both,acquisition_methods[3],medium,unsupported claim,"Sets `was_inferred_derived: true` for EHR screening. The bundle describes EHR ICD-10 screening as a *recruitment* mechanism, not as a method by which dataset instances were acquired; no instance data "
2026-08-19_claude-opus-5-api-generic-v5_rep1,AI_READI,claudecode_agent,both,existing_uses[0].examples,low,missing supported information,"The slot is populated with a statement that no uses exist ('the dataset had not yet been used for any tasks'). Per the v2 rule, a value recording absence has not answered the field; the slot should be"
2026-08-19_claude-opus-5-api-generic-v5_rep1,AI_READI,claudecode_agent,both,machine_annotation_tools[0],low,other,"Populated with the OMOP CDM Data Quality Dashboard, which is a data-quality checking tool, not an annotation tool. The object's own `tool_descriptions` opens by stating no annotation tools were used. "
2026-08-19_claude-opus-5-api-generic-v5_rep1,AI_READI,claudecode_agent,both,known_biases[2].affected_subsets,low,other,"Single list element 'Black, Hispanic and Asian participants' collapses three distinct subpopulations into one string. Multivalued slot should carry one entry per group."
2026-08-19_claude-opus-5-api-generic-v5_rep1,AI_READI,claudecode_agent,both,created_on,medium,unsupported claim,"Set to '2025-11-17T00:00:00Z', identical to `issued`. The bundle's FAIRhub API gives `created_at: 1763366400` (2025-11-17) for the dataset record, but the dataset content was created over 2023-07-19 t"
2026-08-19_claude-opus-5-api-generic-v5_rep1,AI_READI,claudecode_agent,both,doi,low,other,Value '10.60775/fairhub.3' is in the bare 10.xxxx/xxxxx form the slot description requires. Correct. Note the record simultaneously uses 'https://doi.org/10.60775/fairhub.3' as the top-level `id` and 
2026-08-19_claude-opus-5-api-generic-v5_rep1,AI_READI,claudecode_agent,both,conforms_to,low,dataset/release/temporal scope error,"A single string enumerating six standards with per-directory scoping. Acceptable given the single-valued range and the paired enum list, but the prose restates in full what `conforms_to_standard` alre"
2026-08-19_claude-opus-5-api-generic-v5_rep1,AI_READI,claudecode_agent,both,subpopulations[0],medium,inconsistent identifier/count,`subpopulation_elements_present: true` while the object's own `notes` records that the tier-1 healthsheet answers 'No' to whether the dataset identifies demographic sub-populations for the public rele
2026-08-19_claude-opus-5-api-generic-v5_rep1,AI_READI,claudecode_agent,both,sensitive_elements,low,other,"Two objects with opposite `sensitive_elements_present` values (false for public, true for controlled) and no field distinguishing which subset each describes beyond the prose. Correct per the two-tier"
2026-08-19_claude-opus-5-api-generic-v5_rep1,AI_READI,claudecode_agent,both,at_risk_populations.at_risk_groups_included,low,other,"Set to `false`. Supported by the exclusion criteria (no minors, no pregnant women, prisoners not targeted). However the object's `notes` discusses American Indian and Alaska Native identifiability at "
2026-08-19_claude-opus-5-api-generic-v5_rep1,AI_READI,claudecode_agent,full,collection_timeframes[0].source_caveats,medium,other,The caveat states the BMJ publication says enrollment began 18 July 2023 while FAIRhub says 2023-07-19 — a one-day discrepancy correctly flagged and resolved to tier 1. Correct handling. Noted as a po
2026-08-19_claude-opus-5-api-generic-v5_rep1,AI_READI,claudecode_agent,both,source_caveats (top level),medium,other,States 'The tier-2 IRB protocol states participant compensation as $200; no tier-1 source contradicts this.' Correct. But the same caveat block asserts the enrollment-target disagreement is between 40
2026-08-19_claude-opus-5-api-generic-v5_rep1,AI_READI,claudecode_agent,both,keywords,low,other,"Includes 'Type 2 Diabetes', 'Data Sharing' and 'Exploratory Data Collection', which appear in the FAIRhub study_description keywordList rather than the dataset-level subject list. Attested in the bund"
2026-08-19_claude-opus-5-api-generic-v5_rep1,AI_READI,claudecode_agent,both,related_datasets[*].target_dataset,high,inconsistent identifier/count,"Ten entries use ARK identifiers of the form `ark:59853/rocrate-b2ai-ai-readi-ecg`. These are attested verbatim in the RO-Crate metadata, so grounded. However `relationship_type: has_part` for the subc"
2026-08-19_claude-opus-5-api-generic-v5_rep1,AI_READI,claudecode_agent,both,related_datasets[2] and [3],low,inconsistent identifier/count,"`target_dataset` values 'https://docs.aireadi.org/' and 'https://aireadi.org/' are documentation websites, not datasets. `relationship_type: is_documented_by` is the correct relation and matches the R"
2026-08-19_claude-opus-5-api-generic-v5_rep1,AI_READI,claudecode_agent,both,external_resources[*],low,other,"The `external_resources` sub-field of each ExternalResource object is used to hold a prose description of the resource. Only the first entry populates `archival`, `restrictions` and `future_guarantees"
2026-08-19_claude-opus-5-api-generic-v5_rep1,AI_READI,claudecode_agent,both,human_subject_research.irb_approval / regulatory_compliance / special_populations,medium,inconsistent identifier/count,"All three are emitted as single-element lists containing multi-fact prose paragraphs. `regulatory_compliance` in particular bundles FDA status, review status, DMC status, GDS policy obligation and the"
2026-08-19_claude-opus-5-api-generic-v5_rep1,AI_READI,claudecode_agent,both,ip_restrictions.restrictions / regulatory_restrictions.regulatory_restrictions,low,other,"Each is a single-element list holding a multi-sentence paragraph combining several distinct restrictions (title/ownership, no third-party IP claims, Licensee Models carve-out). Same collapsing pattern"
2026-08-19_claude-opus-5-api-generic-v5_rep1,AI_READI,claudecode_agent,both,data_governance.stewardship_roles,low,other,Single-element list containing four distinct stewardship facts (AI-READI team maintains; RO-Crate names consortium as governance committee; site data managers do QC; hosted on FAIRhub/Azure). Should b
2026-08-19_claude-opus-5-api-generic-v5_rep1,AI_READI,claudecode_agent,both,version_access.versions_available,low,other,Single-element list containing all three version records plus documentation-navigation commentary. Should be one entry per version.
2026-08-19_claude-opus-5-api-generic-v5_rep1,AI_READI,claudecode_agent,both,distribution_formats[6],medium,other,"Entry with `format: 'Cloud object storage access'` is not a distribution format but an access route (Azure Storage). Per the v2 rule about putting evidence in the field it answers, this belongs in acc"
2026-08-19_claude-opus-5-api-generic-v5_rep1,AI_READI,claudecode_agent,both,distribution_dates[0].release_dates,low,inconsistent identifier/count,All three version dates concatenated into one string in a slot whose name is plural and whose parent is multivalued. One DistributionDate object per release would be the shape the schema implies.
2026-08-19_claude-opus-5-api-generic-v5_rep1,AI_READI,claudecode_agent,both,purposes / addressing_gaps / tasks,low,other,"Correctly emitted as one object per distinct purpose/gap/task, each using the `response` field the Purpose/AddressingGap/Task classes declare. No defect; noted as a positive control."
2026-08-19_claude-opus-5-api-generic-v5_rep1,AI_READI,claudecode_agent,both,spelling,low,other,"The v5 instruction requires American English in record prose. Non-American forms appear in several agent-authored strings: 'tumour and optic disc oedema' (ethical_reviews and data_collectors, though p"
2026-08-19_claude-opus-5-api-generic-v5_rep1,AI_READI,claudecode_agent,core,conforms_to_class,low,other,"Correctly set to `CoreDataset` in the core record and `Dataset` in the full record, per the digest. No defect; positive control."
2026-08-19_claude-opus-5-api-generic-v5_rep1,AI_READI,claudecode_agent,core,header,medium,dataset/release/temporal scope error,The core header includes '# Phase 4 reconciliation: completed'. This audit is Phase 3; the line asserts completion of a phase that has not yet run at the time the record was produced for audit. If wri
2026-08-20_claude-opus-5-api-generic-v5_rep1,AI_READI,claudecode_agent,core,distributions,high,unsupported claim,"The `distributions` slot is not present in the supplied schema digest for the target class, and no `distributions` slot appears in the 98-slot inventory. The digest lists `distribution_formats` (Distr"
2026-08-20_claude-opus-5-api-generic-v5_rep1,AI_READI,claudecode_agent,full,conforms_to_standard,high,other,"Enum violation. The permitted values are DICOM, BIDS, OMOP_CDM, WFDB, OPEN_MHEALTH, ESDS, CDS, RO_CRATE, FHIR, OTHER. The record-level list is valid, but several `file_collections[].conforms_to_standa"
2026-08-20_claude-opus-5-api-generic-v5_rep1,AI_READI,claudecode_agent,full,sampling_strategies[0].representative_verification,medium,inconsistent identifier/count,"Shape mismatch with the slot's evident intent and with sibling usage. `representative_verification` is emitted as a YAML list containing a single prose sentence, whereas `strategies` and `why_not_repr"
2026-08-20_claude-opus-5-api-generic-v5_rep1,AI_READI,claudecode_agent,core,sampling_strategies[0].representative_verification,medium,other,"Same list-wrapping/packing defect as the full record, carried through the projection: `representative_verification`, `known_biases[2].affected_subsets`, `content_warnings[0].warnings`, `ip_restriction"
2026-08-20_claude-opus-5-api-generic-v5_rep1,AI_READI,claudecode_agent,full,funders[0].grants[0].id,medium,inconsistent identifier/count,The Grant `id` is `uriorcurie` and has been given a resolver URL (https://reporter.nih.gov/search/yatARMM-qUyKAhnQgsCTAQ/project-details/10885481) rather than a CURIE. The URL is attested in the bundl
2026-08-20_claude-opus-5-api-generic-v5_rep1,AI_READI,claudecode_agent,full,creators[0].affiliations,medium,inconsistent identifier/count,"The first affiliation entry `{name: AI-READI Consortium}` carries no `id` while the remaining eight carry ROR CURIEs. More importantly, the eight ROR CURIEs are supported by the bundle (FAIRhub collab"
2026-08-20_claude-opus-5-api-generic-v5_rep1,AI_READI,claudecode_agent,full,creators,medium,inconsistent identifier/count,"Single Creator object for a multivalued slot. The bundle names fifteen study principal investigators individually (FAIRhub overallOfficialList, each with an ORCID) and a Writing Committee, Principal I"
2026-08-20_claude-opus-5-api-generic-v5_rep1,AI_READI,claudecode_agent,core,creators,medium,other,Same single-object collapse as the full record.
2026-08-20_claude-opus-5-api-generic-v5_rep1,AI_READI,claudecode_agent,full,source_caveats,medium,inconsistent identifier/count,"Record-level `source_caveats` carries roughly ten distinct trust annotations concatenated with ' -- ' separators, including matter that belongs in sibling slots' own `source_caveats` (the file-count a"
2026-08-20_claude-opus-5-api-generic-v5_rep1,AI_READI,claudecode_agent,core,source_caveats,medium,missing supported information,"Same concatenation defect, plus an added final paragraph describing the phase-1-to-phase-2 projection method ('This core record is a projection of the phase 1 full record; slots with no CoreDataset co"
2026-08-20_claude-opus-5-api-generic-v5_rep1,AI_READI,claudecode_agent,core,notes,medium,unsupported claim,"Content stated in core that the full record does not state in the same place, and in one respect states nowhere. The core `notes` opens with participant compensation (200 USD, payment timing, non-pror"
2026-08-20_claude-opus-5-api-generic-v5_rep1,AI_READI,claudecode_agent,full,regulatory_restrictions.confidentiality_level,low,unsupported claim,"Value `restricted` is an inference, not an attested value, and the record's own `source_caveats` on the same object concedes this: 'an interpretation of the documented access conditions ... rather tha"
2026-08-20_claude-opus-5-api-generic-v5_rep1,AI_READI,claudecode_agent,core,regulatory_restrictions.confidentiality_level,low,unsupported claim,"Same inferred enum value and same self-acknowledged lack of support, carried through the projection."
2026-08-20_claude-opus-5-api-generic-v5_rep1,AI_READI,claudecode_agent,full,license_and_use_terms.data_use_permission,low,other,"Value `disease_specific_research` is selected over the license's own grant, which the same object's `license_terms` describes as permitting 'research and ... commercial and non-commercial purposes'. T"
2026-08-20_claude-opus-5-api-generic-v5_rep1,AI_READI,claudecode_agent,core,license_and_use_terms.data_use_permission,low,other,"Same single-enum under-representation, carried through."
2026-08-20_claude-opus-5-api-generic-v5_rep1,AI_READI,claudecode_agent,full,related_datasets[1].source_caveats,low,inconsistent identifier/count,"The caveat reads 'target_dataset is expressed as a DOI CURIE because the digest does not declare the range of this slot'. This is commentary about the schema digest and the generator's reasoning, not "
2026-08-20_claude-opus-5-api-generic-v5_rep1,AI_READI,claudecode_agent,core,related_datasets[1].source_caveats,low,other,"Same misplaced generation-process commentary, carried through."
2026-08-20_claude-opus-5-api-generic-v5_rep1,AI_READI,claudecode_agent,full,instances[0].data_topic,low,other,"Single `data_topic` (B2AI_TOPIC:43, Diabetes) on a record whose own description enumerates survey, clinical, imaging, waveform, wearable, environmental and SDoH content. `data_topic` is single-valued "
2026-08-20_claude-opus-5-api-generic-v5_rep1,AI_READI,claudecode_agent,full,subsets,low,missing supported information,"The three split subsets are given `id` values minted as fragments on the dataset DOI CURIE (doi:10.60775/fairhub.3#split-train). This follows the minting rule for record-internal labels, but each subs"
2026-08-20_claude-opus-5-api-generic-v5_rep1,AI_READI,claudecode_agent,core,resources,low,missing supported information,"The three split partitions are moved from `subsets` (full) to `resources` (core) and lose the `is_data_split: true` marker in the process, since `resources` has range Dataset rather than DataSubset. T"
2026-08-20_claude-opus-5-api-generic-v5_rep1,AI_READI,claudecode_agent,full,data_governance.committee_name,low,other,"'AI-READI Consortium data governance committee' is a constructed label. The RO-Crate states `dataGovernanceCommittee: ""AI-READI Consortium""`; the appended words 'data governance committee' are not in "
2026-08-20_claude-opus-5-api-generic-v5_rep1,AI_READI,claudecode_agent,core,data_governance.committee_name,low,other,"Same constructed label, carried through."
2026-08-20_claude-opus-5-api-generic-v5_rep1,AI_READI,claudecode_agent,full,ethical_reviews[1].reviewing_organization,low,unsupported claim,"'AI-READI ethics module' is a constructed organization name. The bundle names four individuals under the RO-Crate `ethicalReview` field and describes ethics work by the project, but no source names an"
2026-08-20_claude-opus-5-api-generic-v5_rep1,AI_READI,claudecode_agent,core,ethical_reviews,low,other,"Same two constructed organization names, carried through."
2026-08-20_claude-opus-5-api-generic-v5_rep1,AI_READI,claudecode_agent,full,maintainers[1].role,low,other,"Role `other` is used for FAIRhub. The Maintainer `role` enum includes `academic_institution`, `non_profit_organization`, `commercial_entity` and `automated_system`; FAIRhub is described in the bundle "
2026-08-20_claude-opus-5-api-generic-v5_rep1,AI_READI,claudecode_agent,full,publisher,low,inconsistent identifier/count,"`publisher` is `uriorcurie` and holds the URL https://fairhub.io/. The bundle states `publisherName: ""FAIRhub""` (FAIRhub dataset_description) — a name, not an identifier. No registry identifier for FA"
2026-08-20_claude-opus-5-api-generic-v5_rep1,AI_READI,claudecode_agent,core,publisher,low,inconsistent identifier/count,Same substitution of a homepage URL for the attested bare name 'FAIRhub'.
2026-08-20_claude-opus-5-api-generic-v5_rep1,AI_READI,claudecode_agent,full,distribution_formats[0].access_urls,low,other,"`access_urls` (range uri[]) is populated on the DICOM entry only, with the dataset landing page and access page. These are dataset-level access routes, not format-specific URLs, and the digest warns a"
2026-08-20_claude-opus-5-api-generic-v5_rep1,AI_READI,claudecode_agent,core,distribution_formats[0].access_urls,low,other,"Same arbitrary placement, carried through."
2026-08-20_claude-opus-5-api-generic-v5_rep1,AI_READI,claudecode_agent,full,download_url,low,missing supported information,"Omitted, though the bundle supports it: FAIRhub records `accessType: PublicDownloadSelfAttestationRequired` and the access page https://fairhub.io/datasets/3/access, which the record does use inside `"
2026-08-20_claude-opus-5-api-generic-v5_rep1,AI_READI,claudecode_agent,full,compression,low,other,"Omitted. The bundle does not state a compression format for the release, so omission is correct; noted only to confirm no unsupported enum value was invented."
2026-08-20_claude-opus-5-api-generic-v5_rep1,AI_READI,claudecode_agent,full,was_derived_from,low,missing supported information,Omitted despite clear bundle support: the record itself states in `version_access.version_details` and `related_datasets` that v3.0.0 incorporates the pilot data of v1.0.0 and the year-2 data of v2.0.
2026-08-20_claude-opus-5-api-generic-v5_rep1,AI_READI,claudecode_agent,full,created_on,low,other,"Omitted. The FAIRhub API supplies `created_at: 1763366400` (2025-11-17T00:00:00Z), which the record uses for `issued` but not for `created_on`. The two are distinct slots and the bundle supplies one t"
2026-08-20_claude-opus-5-api-generic-v5_rep1,AI_READI,claudecode_agent,core,description,low,missing supported information,The core `description` appends the recommended citation ('AI-READI Consortium. (2025). Flagship Dataset ... https://doi.org/10.60775/fairhub.3') to the prose. In the full record this is carried by the
2026-08-20_claude-opus-5-api-generic-v5_rep1,AI_READI,claudecode_agent,core,total_file_count,low,missing supported information,"Omitted from core although stated in the full record (356343) and restated in core prose ('comprises 356,343 files'). Same for `total_size_bytes`. If CoreDataset declares these slots, moving attested "
2026-08-20_claude-opus-5-api-generic-v5_rep1,AI_READI,claudecode_agent,core,variables,low,other,"The full record's thirteen VariableMetadata objects (hba1c, glucose, insulin, c_peptide, nt_probnp, troponin_t, CRP-hs, total_cholesterol, urine_albumin, moca_total_score, continuous_glucose, visual_a"
2026-08-20_claude-opus-5-api-generic-v5_rep1,AI_READI,claudecode_agent,core,relationships,low,missing supported information,"The full record's `relationships` object (one-visit-per-participant, participant-ID linkage across datatype directories, planned year-4 follow-up) is folded into `instances[0].notes`. The digest decla"
2026-08-20_claude-opus-5-api-generic-v5_rep1,AI_READI,claudecode_agent,core,collection_consents / collection_notifications / consent_revocations,low,missing supported information,"Three distinct full-record slots (collection_consents, collection_notifications, consent_revocations) are collapsed into `informed_consent[0]` — the consent process into `consent_documentation`, the n"
2026-08-20_claude-opus-5-api-generic-v5_rep1,AI_READI,claudecode_agent,core,participant_privacy,low,missing supported information,"The full record's `participant_privacy` object (anonymization_method, privacy_techniques, reidentification_risk, data_linkage as four separate fields) is folded into `is_deidentified.deidentification_"
2026-08-20_claude-opus-5-api-generic-v5_rep1,AI_READI,claudecode_agent,core,direct_collection,low,missing supported information,The full record's `direct_collection` object (is_direct: true plus the EHR-screening recruitment detail) is folded into a third `acquisition_methods` entry with `was_directly_observed: true`. This mis
2026-08-20_claude-opus-5-api-generic-v5_rep1,AI_READI,claudecode_agent,full,third_party_sharing,low,missing supported information,"The single ThirdPartySharing object sets `is_shared: true` and places all substantive content in `notes`. The class declares only `is_shared`, `notes` and `source_caveats`, so this is shape-conformant"
2026-08-20_claude-opus-5-api-generic-v5_rep1,AI_READI,claudecode_agent,full,file_collections[*].instances,low,missing supported information,Each FileCollection carries a single Instance with `instance_type` and `data_substrate`/`data_topic` CURIEs. Several substrate assignments are approximations rather than fits: B2AI_SUBSTRATE:10 (Delim
2026-08-20_claude-opus-5-api-generic-v5_rep1,AI_READI,claudecode_agent,both,id,info,other,"`id` is `doi:10.60775/fairhub.3` (CURIE form) while the `doi` slot correctly holds the bare `10.60775/fairhub.3`. Both conform to the stated rules — CURIE in the uriorcurie-ranged `id`, bare string in"
2026-08-20_claude-opus-5-api-generic-v5_rep1,AI_READI,claudecode_agent,both,conforms_to_class,info,other,Full record correctly declares `Dataset`; core correctly declares `CoreDataset`. Both `conforms_to_schema` values are the canonical w3id URI. No defect.
2026-08-20_claude-opus-5-api-generic-v5_rep1,AI_READI,claudecode_agent,both,issued,info,other,"`2025-11-17T00:00:00Z` carries the required UTC offset. `collection_timeframes[0].start_date`/`end_date` are bare dates, correct for the `date` range. No defect."
2026-08-20b_claude-opus-5-api-generic-v5_rep1,AI_READI,claudecode_agent,core,distributions,high,unsupported claim,The core schema digest supplied to this run does not declare a `distributions` slot or a `CoreDistribution` class anywhere. The digest lists only the `Dataset` class slot inventory and the object rang
2026-08-20b_claude-opus-5-api-generic-v5_rep1,AI_READI,claudecode_agent,core,distributions[].format,high,other,"`format` values 'CSV', 'JSON', 'MD' are used as though drawn from a controlled enum, and the core record's own source_caveats states 'the DICOM collections have no matching `format` enum value' — impl"
2026-08-20b_claude-opus-5-api-generic-v5_rep1,AI_READI,claudecode_agent,core,distributions,high,inconsistent identifier/count,"Information loss relative to the full record with no evidentiary basis: file counts for all nine data directories (4,515; 7; 2,232; 7,969; 56,478; 173,721; 93,921; 15,245; 2,246) were moved from a str"
2026-08-20b_claude-opus-5-api-generic-v5_rep1,AI_READI,claudecode_agent,core,total_file_count / total_size_bytes,high,missing supported information,"The full record carries `total_file_count: 356343` and `total_size_bytes: 3815969779678` as integers. The core record omits both slots and instead states them as prose inside `notes` ('356,343 files t"
2026-08-20b_claude-opus-5-api-generic-v5_rep1,AI_READI,claudecode_agent,core,subsets,high,missing supported information,"The full record carries four DataSubset objects (three recommended splits with per-group counts, plus the mini subset), and a `splits` object describing the 70/15/15 partition rationale. The core reco"
2026-08-20b_claude-opus-5-api-generic-v5_rep1,AI_READI,claudecode_agent,core,variables,medium,missing supported information,"The full record carries 36 VariableMetadata objects with `data_type`, `unit`, `measurement_technique`, `maximum_value` and reference ranges drawn from BMJ Open Tables 2 and 4 and the healthsheet devic"
2026-08-20b_claude-opus-5-api-generic-v5_rep1,AI_READI,claudecode_agent,core,relationships,medium,missing supported information,The full record documents that all instances belong to one prospective project and are linked by a single participant identifier used across every directory and in participants.tsv (healthsheet compos
2026-08-20b_claude-opus-5-api-generic-v5_rep1,AI_READI,claudecode_agent,core,direct_collection,medium,missing supported information,The full record records `is_direct: true` with detail from healthsheet collection Q7 (data collected directly from participants at the three sites; recruitment pools identified by EHR screening). The 
2026-08-20b_claude-opus-5-api-generic-v5_rep1,AI_READI,claudecode_agent,core,collection_consents / collection_notifications / consent_revocations,medium,missing supported information,Three distinct declared slots in the full record were collapsed into the single `informed_consent` object in core. The notification fact ('every individual was aware of the data collection... rather t
2026-08-20b_claude-opus-5-api-generic-v5_rep1,AI_READI,claudecode_agent,core,participant_privacy / participant_compensation / third_party_sharing / discouraged_uses,medium,missing supported information,"The full record carries `participant_privacy` (anonymization method, five privacy techniques, linkage, reidentification risk), `participant_compensation` (USD 200, timing, non-prorated, transport cost"
2026-08-20b_claude-opus-5-api-generic-v5_rep1,AI_READI,claudecode_agent,core,data_governance.source_caveats,medium,other,The core version of this caveat silently drops one clause present in the full record — that procedures for reviewing and prioritising written requests for biorepository specimens were still to be deve
2026-08-20b_claude-opus-5-api-generic-v5_rep1,AI_READI,claudecode_agent,both,creators[].id,medium,inconsistent identifier/count,"`https://aireadi.org/` is used as the identifier for the AI-READI Consortium. Creator.id is declared `uriorcurie`. No registry identifier for the consortium appears in the bundle, so a URL is the perm"
2026-08-20b_claude-opus-5-api-generic-v5_rep1,AI_READI,claudecode_agent,both,funders[].grants[].id,medium,unsupported claim,Grant.id is declared `uriorcurie`. The value is the full RePORTER URL 'https://reporter.nih.gov/search/yatARMM-qUyKAhnQgsCTAQ/project-details/10885481'. This is the awardURI verbatim from fairhub_data
2026-08-20b_claude-opus-5-api-generic-v5_rep1,AI_READI,claudecode_agent,both,id,low,unsupported claim,"Top-level `id` is `doi:10.60775/fairhub.3`. The `doi` slot separately carries the bare '10.60775/fairhub.3', which matches the slot description. Consistent and defensible, but the `doi:` prefix is not"
2026-08-20b_claude-opus-5-api-generic-v5_rep1,AI_READI,claudecode_agent,both,subsets[].id / file_collections[].id,low,inconsistent identifier/count,"Fragment-minted identifiers (doi:10.60775/fairhub.3#split-train, #cardiac_ecg, etc.) correctly follow the v5 minting rule — fragments on an attested identifier, for things with no referent outside the"
2026-08-20b_claude-opus-5-api-generic-v5_rep1,AI_READI,claudecode_agent,full,instances[].data_topic,low,other,"`B2AI_TOPIC:43` (Diabetes) is a defensible single choice, but the digest permits only one value for `data_topic` on Instance (range is uriorcurie, not a list), so the multimodal breadth of the dataset"
2026-08-20b_claude-opus-5-api-generic-v5_rep1,AI_READI,claudecode_agent,both,keywords,low,unsupported claim,"'Type 2 diabetes' and 'Salutogenesis' are not among the keywords listed by fairhub_dataset_v3 or the RO-Crate (which give: Diabetes mellitus, Machine Learning, Artificial Intelligence, Electrocardiogr"
2026-08-20b_claude-opus-5-api-generic-v5_rep1,AI_READI,claudecode_agent,both,conforms_to_standard,low,other,"Includes `DICOM`, which the digest's permitted list for `conforms_to_standard` does not contain (permitted: DICOM, BIDS, OMOP_CDM, WFDB, OPEN_MHEALTH, ESDS, CDS, RO_CRATE, FHIR, OTHER). On re-reading,"
2026-08-20b_claude-opus-5-api-generic-v5_rep1,AI_READI,claudecode_agent,both,license,low,dataset/release/temporal scope error,"`license` is 'AI-READI custom license v2.0', matching the rightsName in fairhub_dataset_v3_api. The rightsURI (https://doi.org/10.5281/zenodo.17555036) appears only inside license_and_use_terms prose."
2026-08-20b_claude-opus-5-api-generic-v5_rep1,AI_READI,claudecode_agent,both,is_deidentified,low,other,`identifiable_elements_present: false` is asserted alongside a deidentification_details paragraph reporting that FAIRhub records deIdentType 'NoDeIdentification' with deIdentDirect and deIdentHIPAA bo
2026-08-20b_claude-opus-5-api-generic-v5_rep1,AI_READI,claudecode_agent,both,collection_timeframes[].timeframe_details,low,dataset/release/temporal scope error,"States 'the first two years of main study data collection'. The healthsheet says v3.0.0 covers data 'up through the end of the second year of the study', while the README changelog table labels the in"
2026-08-20b_claude-opus-5-api-generic-v5_rep1,AI_READI,claudecode_agent,core,existing_uses,low,missing supported information,"The full record omits `existing_uses`; the core record adds it, stating 'None' with a citation count of zero. This is core-only content not present in the full record. The underlying fact (healthsheet"
2026-08-20b_claude-opus-5-api-generic-v5_rep1,AI_READI,claudecode_agent,core,use_repository / ip_restrictions / extension_mechanism,low,unsupported claim,"Three further slots present in core but absent from the full record: `use_repository` (no tracking repository; FAIRhub counters), `ip_restrictions` (title and IP rights remain with licensor), `extensi"
2026-08-20b_claude-opus-5-api-generic-v5_rep1,AI_READI,claudecode_agent,full,notes,low,dataset/release/temporal scope error,"Contains 'FAIRhub reports 24,636 views and zero recorded citations'. The API gives viewCount 24636 and cited 0 — supported. But 'describes the platform as in beta on the version 2.0.0 page' is drawn f"
2026-08-20b_claude-opus-5-api-generic-v5_rep1,AI_READI,claudecode_agent,both,creators[].affiliations,low,missing supported information,"Eight organizations are listed with ROR CURIEs. All eight ROR values appear in fairhub_dataset_v3_api (leadSponsor, collaboratorList, locationList). However the collaboratorList also names 'National I"
2026-08-20b_claude-opus-5-api-generic-v5_rep1,AI_READI,claudecode_agent,both,language,low,inconsistent identifier/count,"'en' matches the FAIRhub datasetDescription language field. Note this describes the metadata/documentation language; the bundle also establishes English as a participant eligibility requirement, which"
2026-08-20b_claude-opus-5-api-generic-v5_rep1,CHORUS,claudecode_agent,full,creators,high,other,"Five of the six Creator objects carry no personal name in any declared field. Creator declares `principal_investigator` (range Person), `affiliations` (Organization[]) and `credit_roles`; the names Az"
2026-08-20b_claude-opus-5-api-generic-v5_rep1,CHORUS,claudecode_agent,core,creators,high,other,"Same defect as the full record: five Creator objects hold personal names only inside `notes`, with `affiliations` as the sole populated declared field."
2026-08-20b_claude-opus-5-api-generic-v5_rep1,CHORUS,claudecode_agent,full,funders[0].grants[0].id,high,inconsistent identifier/count,"Grant `id` is `uriorcurie` and is populated with the NIH RePORTER resolver URL https://reporter.nih.gov/project-details/10472824, which is the URL of the project page rather than an identifier of the "
2026-08-20b_claude-opus-5-api-generic-v5_rep1,CHORUS,claudecode_agent,core,funders[0].grants[0].id,high,other,Same defect as the full record.
2026-08-20b_claude-opus-5-api-generic-v5_rep1,CHORUS,claudecode_agent,full,id,medium,inconsistent identifier/count,"The dataset `id` is https://chorus4ai.org/, the project homepage URL, which is also used verbatim as `page`. The record therefore gives the dataset the same identity as its landing page, and every sub"
2026-08-20b_claude-opus-5-api-generic-v5_rep1,CHORUS,claudecode_agent,core,id,medium,inconsistent identifier/count,"Same as the full record: `id` equals `page` (https://chorus4ai.org/), and the nine `resources` ids are fragments on it."
2026-08-20b_claude-opus-5-api-generic-v5_rep1,CHORUS,claudecode_agent,core,resources,medium,other,"The nine per-modality objects appear in the full record under `subsets` (range DataSubset) but in the core record under `resources` (range Dataset). This is a change of declared relationship, not mere"
2026-08-20b_claude-opus-5-api-generic-v5_rep1,CHORUS,claudecode_agent,full,relationships,medium,unsupported claim,`relationships` is present as an empty list. An empty list populates the slot without stating anything; per the omission-over-inference rule the slot should be omitted where the bundle says nothing ab
2026-08-20b_claude-opus-5-api-generic-v5_rep1,CHORUS,claudecode_agent,full,data_governance.committee_contact,medium,unsupported claim,"Jared Houghtaling is placed as `committee_contact` (range Person), but the bundle (github_organization_overview, tier 5) lists him only as one of two 'Request access' email contacts alongside dbold@em"
2026-08-20b_claude-opus-5-api-generic-v5_rep1,CHORUS,claudecode_agent,core,data_governance.committee_contact,medium,other,Same defect as the full record.
2026-08-20b_claude-opus-5-api-generic-v5_rep1,CHORUS,claudecode_agent,full,subsets[6] (Imaging) / instances,medium,inconsistent identifier/count,"`counts: 7642` is attached to an Instance whose `instance_type` is 'Hospital admission with associated radiology imaging data' inside the Imaging subset. The bundle states 7,642 admissions with radiol"
2026-08-20b_claude-opus-5-api-generic-v5_rep1,CHORUS,claudecode_agent,core,resources[6] (Imaging) / instances,medium,other,Same defect as the full record.
2026-08-20b_claude-opus-5-api-generic-v5_rep1,CHORUS,claudecode_agent,full,distribution_formats,medium,other,"Five DistributionFormat objects each populate only `format` with prose that mixes the standard and the content it covers (e.g. 'OMOP Common Data Model tables for demographics, medication administratio"
2026-08-20b_claude-opus-5-api-generic-v5_rep1,CHORUS,claudecode_agent,core,distribution_formats,medium,other,Same defect as the full record.
2026-08-20b_claude-opus-5-api-generic-v5_rep1,CHORUS,claudecode_agent,full,status,low,inconsistent identifier/count,"`status` is described in the schema as a short resource status (e.g. draft, published, deprecated) but holds two clauses of narrative, the second of which (the Administration-directives review notice)"
2026-08-20b_claude-opus-5-api-generic-v5_rep1,CHORUS,claudecode_agent,core,status,low,other,Same as the full record.
2026-08-20b_claude-opus-5-api-generic-v5_rep1,CHORUS,claudecode_agent,full,acquisition_methods[0],low,unsupported claim,`was_directly_observed: false` and `was_inferred_derived: false` are asserted as booleans. The bundle states the collection is retrospective extraction of existing clinical records but does not charac
2026-08-20b_claude-opus-5-api-generic-v5_rep1,CHORUS,claudecode_agent,core,acquisition_methods[0],low,other,Same defect as the full record.
2026-08-20b_claude-opus-5-api-generic-v5_rep1,CHORUS,claudecode_agent,full,data_collectors[].role,low,other,"`role` on DataCollector holds free strings 'Data contributing site' and 'Consortium sub-team'. The digest lists no enum for DataCollector.role (unlike Maintainer.role), so this is schema-conformant, b"
2026-08-20b_claude-opus-5-api-generic-v5_rep1,CHORUS,claudecode_agent,full,maintainers[].maintainer_details,low,other,"Both Maintainer objects carry person and contact identity only as prose inside `maintainer_details`, including the transcription note '(cmccrary@mgh.havard.edu, as printed on the site)'. The observati"
2026-08-20b_claude-opus-5-api-generic-v5_rep1,CHORUS,claudecode_agent,core,maintainers[].maintainer_details,low,other,Same defect as the full record.
2026-08-20b_claude-opus-5-api-generic-v5_rep1,CHORUS,claudecode_agent,full,is_deidentified.identifiable_elements_present,low,missing supported information,"The Deidentification object populates `method` and `deidentification_details` but leaves `identifiable_elements_present` unset, although the bundle supports a value: full-text clinical notes are retai"
2026-08-20b_claude-opus-5-api-generic-v5_rep1,CHORUS,claudecode_agent,core,is_deidentified.identifiable_elements_present,low,missing supported information,Same omission as the full record.
2026-08-20b_claude-opus-5-api-generic-v5_rep1,CHORUS,claudecode_agent,full,human_subject_research,low,missing supported information,"`involves_human_subjects: true` is populated and the remaining declared fields (`irb_approval`, `ethics_review_board`, `regulatory_compliance`, `special_populations`) are left empty, with the absence "
2026-08-20b_claude-opus-5-api-generic-v5_rep1,CHORUS,claudecode_agent,core,human_subject_research,low,other,Same defect as the full record.
2026-08-20b_claude-opus-5-api-generic-v5_rep1,CHORUS,claudecode_agent,full,at_risk_populations.notes,low,missing supported information,"The `notes` value carries the substantive finding (PICU and NICU admissions mean records of minors are included) that should populate the record's substantive fields; `special_protections`, `assent_pr"
2026-08-20b_claude-opus-5-api-generic-v5_rep1,CHORUS,claudecode_agent,full,splits,low,unsupported claim,"The single Splits object describes the holdout test set as a plan ('The project will sequester...'). The bundle supports this as an intention only; the same content is also asserted under `purposes`, "
2026-08-20b_claude-opus-5-api-generic-v5_rep1,CHORUS,claudecode_agent,core,splits,low,missing supported information,"The core record omits `splits` entirely while retaining the holdout-set claims in `purposes`, `tasks` and `intended_uses`. This is a supported omission in the sense that CoreDataset may not declare th"
2026-08-20b_claude-opus-5-api-generic-v5_rep1,CHORUS,claudecode_agent,full,known_biases[0].source_caveats,low,unsupported claim,The caveat correctly flags that the bundle describes bias-management intentions rather than a measured bias — but `mitigation_strategy` and `bias_description` nonetheless assert `selection_bias` as a 
2026-08-20b_claude-opus-5-api-generic-v5_rep1,CHORUS,claudecode_agent,core,known_biases[0],low,other,Same as the full record.
2026-08-20b_claude-opus-5-api-generic-v5_rep1,CHORUS,claudecode_agent,full,external_resources,low,unsupported claim,Four ExternalResource objects each place a URL and a description together in the `external_resources` string field; `archival` and `future_guarantees` are unset. The nesting of a slot named `external_
2026-08-20b_claude-opus-5-api-generic-v5_rep1,CHORUS,claudecode_agent,core,external_resources,low,other,Same as the full record.
2026-08-20b_claude-opus-5-api-generic-v5_rep1,CHORUS,claudecode_agent,both,conforms_to_standard,info,other,"OTHER appears once in the top-level list but covers two distinct non-registered standards (OHNLP schema, EDF+/Persyst). This is consistent with the enum, which offers no finer term, and `conforms_to` "
2026-08-20b_claude-opus-5-api-generic-v5_rep1,CHORUS,claudecode_agent,both,source_caveats (top level),info,other,"The 50,000 vs. 45,000 admission disagreement is handled correctly under the ranking rule: the tier-2 project_documentation value is stated, both figures are recorded, and the preference is explained. "
2026-08-20b_claude-opus-5-api-generic-v5_rep1,CHORUS,claudecode_agent,both,collection_consents / informed_consent / consent_revocations / collection_notifications / data_protection_impacts / participant_compensation,info,missing supported information,"All omitted. Correct: the bundle describes community-facing ethics focus groups and a legal framework but states nothing about individual consent, notification, revocation, DPIA or compensation for th"
2026-08-20b_claude-opus-5-api-generic-v5_rep1,CHORUS,claudecode_agent,full,participant_privacy,info,missing supported information,"Present in the full record and absent from the core record. Its content (tokenization, de-identification, controlled access) duplicates `is_deidentified` and `confidential_elements`; `reidentification"
2026-08-20b_claude-opus-5-api-generic-v5_rep1,CHORUS,claudecode_agent,core,—,info,other,"No content was found in the core record that the full record does not also state. Slots present in full and dropped in core: subsets (recast as resources), relationships, splits, direct_collection, pa"
2026-08-20b_claude-opus-5-api-generic-v5_rep1,CM4AI,claudecode_agent,core,distributions,high,inconsistent identifier/count,"The core record adds a top-level `distributions` slot (with per-file `path`, `format`, `media_type`, `compression`, `conforms_to_standard`, `md5`, `notes`, `source_caveats` keys). No slot named `distr"
2026-08-20b_claude-opus-5-api-generic-v5_rep1,CM4AI,claudecode_agent,core,resources,high,other,"The seven cell-line/condition strata are carried in `resources` in the core record but in `subsets` (DataSubset) in the full record, and the `is_data_split: false` / `is_subpopulation: true` flags pre"
2026-08-20b_claude-opus-5-api-generic-v5_rep1,CM4AI,claudecode_agent,core,compression,high,other,Core sets top-level `compression: zip`; the full record does not populate `compression` at all. This is content the core record states that the full record does not. It is also arguably wrong at the d
2026-08-20b_claude-opus-5-api-generic-v5_rep1,CM4AI,claudecode_agent,both,data_governance.committee_contact.id,high,inconsistent identifier/count,"`committee_contact` has range Person and its `id` is `uriorcurie`. The value `mailto:jillianparker@health.ucsd.edu` is a mailto URI, not a person identifier. The bundle supplies only the email address"
2026-08-20b_claude-opus-5-api-generic-v5_rep1,CM4AI,claudecode_agent,both,creators[16] / creators[last],high,other,The final Creator object carries only `affiliations: [{name: KTH Royal Institute of Technology}]` plus `source_caveats` (full record also adds `notes`-style prose in the caveat). It has no `principal_
2026-08-20b_claude-opus-5-api-generic-v5_rep1,CM4AI,claudecode_agent,full,creators[16].notes,high,inconsistent identifier/count,The full-record trailing Creator uses `notes` to explain the record-construction decision ('Creator entries are given for the corresponding and co-corresponding authors ... because the Creator class c
2026-08-20b_claude-opus-5-api-generic-v5_rep1,CM4AI,claudecode_agent,both,creators[*].principal_investigator,high,other,"Fifteen of the sixteen Creator objects populate `principal_investigator` (range Person) with people who are co-authors and module leads, not principal investigators. Only Trey Ideker is attested as PI"
2026-08-20b_claude-opus-5-api-generic-v5_rep1,CM4AI,claudecode_agent,both,creators,medium,missing supported information,"The Creator class declares a `credit_roles` field with a controlled vocabulary (conceptualization, data_curation, supervision, project_administration, funding_acquisition, etc.). The bundle supplies e"
2026-08-20b_claude-opus-5-api-generic-v5_rep1,CM4AI,claudecode_agent,both,creators[*].affiliations[*].id,medium,missing supported information,"Affiliation identifiers are inconsistent: `ROR:0153tk833` is supplied for the two University of Virginia creators (correctly, since the June 2026 release states that ROR), but every other affiliation "
2026-08-20b_claude-opus-5-api-generic-v5_rep1,CM4AI,claudecode_agent,both,instances[0].counts / instances[1].counts,medium,unsupported claim,"`counts: 53788` and `counts: 1374` are attached to Instance objects describing this release, but both are project-wide website totals covering all releases and all cell lines, not counts of instances "
2026-08-20b_claude-opus-5-api-generic-v5_rep1,CM4AI,claudecode_agent,both,instances[0].data_substrate,medium,missing supported information,"`B2AI_SUBSTRATE:56` is 'Immunofluorescence Image', which fits, but the paired `data_topic: B2AI_TOPIC:19` is 'Microscale Imaging' where 'Image' (15) is the more direct term for the instance described."
2026-08-20b_claude-opus-5-api-generic-v5_rep1,CM4AI,claudecode_agent,both,collection_timeframes[0],medium,unsupported claim,"`start_date: 2022-09-01` / `end_date: 2026-08-31` are the NIH award period from RePORTER, not a data collection window. The object's own `source_caveats` states 'the bundle does not state an explicit "
2026-08-20b_claude-opus-5-api-generic-v5_rep1,CM4AI,claudecode_agent,both,errata,medium,missing supported information,"The single Erratum entry documents a revision to the June 2025 release, and its own `source_caveats` concedes 'This erratum concerns the June 2025 release rather than the June 2026 release described b"
2026-08-20b_claude-opus-5-api-generic-v5_rep1,CM4AI,claudecode_agent,both,related_datasets[*].relationship_type,medium,dataset/release/temporal scope error,"All four prior releases are typed `is_new_version_of`. That relation holds for the immediately preceding October 2025 release, but the June 2025, March 2025 and May 2024 releases stand in a transitive"
2026-08-20b_claude-opus-5-api-generic-v5_rep1,CM4AI,claudecode_agent,both,publisher,medium,unsupported claim,`publisher: ROR:0153tk833` asserts the University of Virginia as publisher. The bundle names 'University of Virginia Dataverse' as the repository and 'LibraData: UVa's Scholarly Research' as the colle
2026-08-20b_claude-opus-5-api-generic-v5_rep1,CM4AI,claudecode_agent,full,total_file_count,medium,unsupported claim,"`total_file_count: 10` counts the ten distributed ZIP archives, and each FileCollection carries `file_count: 1`, so the aggregate is self-consistent. But every archive contains many files (the image a"
2026-08-20b_claude-opus-5-api-generic-v5_rep1,CM4AI,claudecode_agent,full,total_size_bytes,medium,missing supported information,"Omitted, though the bundle supplies a size for every one of the ten files in the June 2026 release (113.3 KB, 135.8 KB, 3.8 GB, 4.6 GB, 4.2 GB, 171.8 KB, 93.9 KB, 30.2 KB, 73.3 KB, 1.1 MB) and the dig"
2026-08-20b_claude-opus-5-api-generic-v5_rep1,CM4AI,claudecode_agent,both,annotation_analyses / labeling_strategies / machine_annotation_tools,medium,missing supported information,"All three are omitted, but the bundle describes CM4AI's annotation approach in detail: hierarchy evaluation by alignment to Gene Ontology and Reactome, and a large language model approach 'that we dev"
2026-08-20b_claude-opus-5-api-generic-v5_rep1,CM4AI,claudecode_agent,both,cleaning_strategies,low,missing supported information,"Omitted. The CM4AI preprint states single-cell CRISPR screen data 'are currently being QCed', and the FAIRSCAPE client 'validate[s] inputs' at each pipeline segment. Thin evidence, but more than nothi"
2026-08-20b_claude-opus-5-api-generic-v5_rep1,CM4AI,claudecode_agent,both,external_resources,low,missing supported information,"Omitted from both records, although the bundle supplies dataset-level external resources that fit the class: the CM4AI web portal (cm4ai.org), the Cell Mapping Toolkit GitHub repository, the FAIRSCAPE"
2026-08-20b_claude-opus-5-api-generic-v5_rep1,CM4AI,claudecode_agent,both,use_repository,low,missing supported information,"Omitted. The bundle reports Dataverse download metrics per release (405 downloads for October 2025, 181 for June 2026, 302 for March 2025, 256 for June 2025) and links the Dataverse citation-tracking "
2026-08-20b_claude-opus-5-api-generic-v5_rep1,CM4AI,claudecode_agent,both,extension_mechanism,low,missing supported information,"Omitted, though the bundle describes contribution routes: the Cell Mapping Toolkit is presented as 'a flexible and generalizable framework for cell map construction, enabling researchers to integrate "
2026-08-20b_claude-opus-5-api-generic-v5_rep1,CM4AI,claudecode_agent,both,collection_consents / collection_notifications / consent_revocations / informed_consent / participant_compensation / participant_privacy / at_risk_populations,low,unsupported claim,All omitted. Correct — the release states human subjects: No — but the record nowhere states affirmatively that consent slots are inapplicable because no individuals were enrolled. `direct_collection`
2026-08-20b_claude-opus-5-api-generic-v5_rep1,CM4AI,claudecode_agent,core,direct_collection,high,missing supported information,Present in the full record with substantive content (no data collected from individuals; cell lines obtained from ATCC and HipSci; release records human subjects as No and samples de-identified) but a
2026-08-20b_claude-opus-5-api-generic-v5_rep1,CM4AI,claudecode_agent,core,citation,medium,unsupported claim,Omitted from the core record but populated in the full record with the complete 47-author Dataverse citation. The full record's trailing Creator caveat explicitly relies on the citation slot to preser
2026-08-20b_claude-opus-5-api-generic-v5_rep1,CM4AI,claudecode_agent,core,subsets / total_file_count / file_collections,medium,missing supported information,"Three full-record slots are not carried into the core record in any form recognisable as a projection: `subsets` (mapped instead to `resources`, losing the split/subpopulation flags), `total_file_coun"
2026-08-20b_claude-opus-5-api-generic-v5_rep1,CM4AI,claudecode_agent,both,raw_data_sources[7].source_caveats,medium,other,The caveat states the June 2026 release lists the KOLF2.1J perturb-seq deposit as embargoed 'whereas the June 2025 release links Sequence Read Archive data at an NCBI BioProject'. This is a genuine di
2026-08-20b_claude-opus-5-api-generic-v5_rep1,CM4AI,claudecode_agent,both,file_collections[2].source_caveats / distributions[2].source_caveats,medium,dataset/release/temporal scope error,"The protein-count disagreement (464 / 523 / 563) is recorded only on the untreated image archive, though it applies identically to the paclitaxel and vorinostat archives, which carry no caveat. The di"
2026-08-20b_claude-opus-5-api-generic-v5_rep1,CM4AI,claudecode_agent,both,status,low,inconsistent identifier/count,"`status: Beta (interim release; data generation continues through November 2026)` packs a qualifier and a date into what the digest describes as a short status value (e.g. draft, published, deprecated"
2026-08-20b_claude-opus-5-api-generic-v5_rep1,CM4AI,claudecode_agent,both,created_by,low,missing supported information,`created_by: Cell Maps for Artificial Intelligence (CM4AI) Data Generation Project` is a project name rather than a person or organization named in the bundle as creator of the resource. The Dataverse
2026-08-20b_claude-opus-5-api-generic-v5_rep1,CM4AI,claudecode_agent,both,created_on / last_updated_on,low,unsupported claim,"`created_on: 2025-02-27T00:00:00Z` is the Dataverse deposit/creation date for the release-series entry, while `issued: 2026-06-17T00:00:00Z` is the publication date and `last_updated_on: 2026-07-15T00"
2026-08-20b_claude-opus-5-api-generic-v5_rep1,CM4AI,claudecode_agent,both,conforms_to_standard,low,other,"`RO_CRATE` is correct and matches an enum value. However `conforms_to` prose additionally names EVI, JSON-LD, Schema.org, FAIRSCAPE and ARK; where a second registered standard applies the enum is mult"
2026-08-20b_claude-opus-5-api-generic-v5_rep1,CM4AI,claudecode_agent,both,language,low,unsupported claim,"`language: en` is not attested in the bundle; it is inferred from the documents being in English. Harmless but unsupported, and inconsistent with the record's otherwise strict omission discipline."
2026-08-20b_claude-opus-5-api-generic-v5_rep1,CM4AI,claudecode_agent,both,maintainers[*].role,low,other,"Trey Ideker and Swathi Thaker are both typed `researcher`. Thaker is described in the bundle as 'Program Manager' handling project-related inquiries, which is an administrative rather than research ro"
2026-08-20b_claude-opus-5-api-generic-v5_rep1,CM4AI,claudecode_agent,both,known_biases,low,other,"Only one bias is recorded (representation_bias from cell-line derivation). The bundle supports at least one more: the target-selection design (100 chromatin modifiers, 100 metabolic enzymes chosen for"
2026-08-20b_claude-opus-5-api-generic-v5_rep1,CM4AI,claudecode_agent,both,content_warnings / anomalies / missing_data_documentation / imputation_protocols / splits / relationships / data_protection_impacts,low,missing supported information,"All omitted. Defensible — the bundle documents none of them — but the incomplete-overlap statement ('SEC-MS, IF imaging, and CRISPRi perturbSeq data interrogate sets of proteins which incompletely ove"
2026-08-20b_claude-opus-5-api-generic-v5_rep1,CM4AI,claudecode_agent,both,description,low,other,"The description asserts 'contributing authors are additionally affiliated with the University of Texas at Austin, the University of Alabama, the University of Montreal and KTH Royal Institute of Techn"
2026-08-20b_claude-opus-5-api-generic-v5_rep1,CM4AI,claudecode_agent,both,ethical_reviews[0].reviewing_organization,low,unsupported claim,"'CM4AI Ethics Module (Simon Fraser University and The Hastings Center)' is a constructed label. The bundle names the Ethics module and gives two contact addresses (one @sfu.ca, one @thehastingscenter."
2026-08-20b_claude-opus-5-api-generic-v5_rep1,CM4AI,claudecode_agent,both,creators[12].source_caveats (Ravitsky),low,unsupported claim,The caveat notes the Dataverse affiliation (University of Montreal) differs from the ethical-review contact domain (thehastingscenter.org) and says 'Both are recorded here rather than reconciled' — bu
2026-08-20b_claude-opus-5-api-generic-v5_rep1,CM4AI,claudecode_agent,both,distribution_dates[0].source_caveats,low,other,"The caveat correctly flags the website's 'Released on: June 17, 2025' against the Dataverse 2026-06-17 and prefers the higher-ranked Dataverse. It then adds 'the website date appears to be an error in"
2026-08-20b_claude-opus-5-api-generic-v5_rep1,VOICE,claudecode_agent,core,distributions,high,unsupported claim,"Slot `distributions` is not present in the Dataset/CoreDataset slot inventory supplied in the schema digest. The full record does not use it; the core record adds five objects under it, using keys `fo"
2026-08-20b_claude-opus-5-api-generic-v5_rep1,VOICE,claudecode_agent,core,distributions,high,unsupported claim,"Content in the core record that the full record does not state in this form: the core record folds the full record's `file_collections` entries (features/, phenotype/, metadata/ with their file invent"
2026-08-20b_claude-opus-5-api-generic-v5_rep1,VOICE,claudecode_agent,core,resources,medium,other,"`resources` has range Dataset, but the five objects placed here are the full record's `subsets` (DataSubset) entries with `is_subpopulation` and `is_data_split` stripped. Projecting cohort subpopulati"
2026-08-20b_claude-opus-5-api-generic-v5_rep1,VOICE,claudecode_agent,core,splits,medium,unsupported claim,The full record populates `splits` with the statement that no predefined train/validation/test splits are provided and that users should construct their own. The core record omits `splits` and instead
2026-08-20b_claude-opus-5-api-generic-v5_rep1,VOICE,claudecode_agent,core,annotation_analyses,medium,other,"Content stated in the core record but not in the full record. `annotation_analyses` with agreement_metric 'None computed' is new in Phase 2. The underlying facts (single labeler, no agreement computab"
2026-08-20b_claude-opus-5-api-generic-v5_rep1,VOICE,claudecode_agent,core,imputation_protocols,medium,missing supported information,Content stated in the core record but not in the full record. `imputation_protocols` with imputation_method 'None applied' is new in Phase 2. The fact is supported (healthsheet: no cleaning preprocess
2026-08-20b_claude-opus-5-api-generic-v5_rep1,VOICE,claudecode_agent,core,other_tasks,medium,unsupported claim,"Content stated in the core record but not in the full record. `other_tasks` is new in Phase 2 and its text ('Beyond disease detection, the released feature sets support study of acoustic, phonetic, pr"
2026-08-20b_claude-opus-5-api-generic-v5_rep1,VOICE,claudecode_agent,core,data_protection_impacts,medium,missing supported information,Content stated in the core record but not in the full record. `data_protection_impacts` is new in Phase 2 and its single object records only that no assessment was conducted. This is supported by the 
2026-08-20b_claude-opus-5-api-generic-v5_rep1,VOICE,claudecode_agent,core,use_repository,medium,other,Content stated in the core record but not in the full record. `use_repository` is new in Phase 2 and records only that no such repository exists. Supported by the healthsheet ('Is there a repository t
2026-08-20b_claude-opus-5-api-generic-v5_rep1,VOICE,claudecode_agent,core,license,medium,other,"Content stated in the core record but not in the full record. `license` is populated with 'Bridge2AI Voice Registered Access License'. The value is supported by PhysioNet, and the full record carries "
2026-08-20b_claude-opus-5-api-generic-v5_rep1,VOICE,claudecode_agent,core,is_tabular,medium,unsupported claim,"Content stated in the core record but not in the full record. `is_tabular: false` is new in Phase 2. It is a defensible reading (dense Parquet tensors dominate), but it is also contestable: the phenot"
2026-08-20b_claude-opus-5-api-generic-v5_rep1,VOICE,claudecode_agent,both,creators,medium,inconsistent identifier/count,"Source commentary is embedded in Creator objects via `source_caveats` for Rudzicz, Johnson and Ravitsky. `source_caveats` is a declared key on Creator so this conforms, but the caveat text names the d"
2026-08-20b_claude-opus-5-api-generic-v5_rep1,VOICE,claudecode_agent,both,funders,medium,inconsistent identifier/count,`funders[0].grants[0].id` is set to the resolver URL https://reporter.nih.gov/project-details/11376382 while `name` holds the grant number OT2OD032720. Grant `id` is `uriorcurie`. NIH RePORTER project
2026-08-20b_claude-opus-5-api-generic-v5_rep1,VOICE,claudecode_agent,both,publisher,low,inconsistent identifier/count,`publisher` is `uriorcurie` and is set to https://physionet.org/ — a website root rather than an identifier for the publishing organization. No declared prefix covers PhysioNet in the digest so the UR
2026-08-20b_claude-opus-5-api-generic-v5_rep1,VOICE,claudecode_agent,both,instances,low,other,`instances[0].data_substrate` is B2AI_SUBSTRATE:41 (Tab-separated values) for an instance whose `instance_type` is 'participant'. The substrate term describes the serialization of the phenotype tables
2026-08-20b_claude-opus-5-api-generic-v5_rep1,VOICE,claudecode_agent,both,instances,low,other,"`instances[1].data_substrate` is B2AI_SUBSTRATE:30 (Parquet), again a container format rather than the substance of the recording instance. B2AI_SUBSTRATE:49 (Waveform Data) or :69 (Time-series data) "
2026-08-20b_claude-opus-5-api-generic-v5_rep1,VOICE,claudecode_agent,full,collection_timeframes,low,inconsistent identifier/count,The single CollectionTimeframe object carries only `timeframe_details` prose stating a twelve-month duration and that calendar dates are unavailable. This partly uses the slot to state what is absent.
2026-08-20b_claude-opus-5-api-generic-v5_rep1,VOICE,claudecode_agent,core,source_caveats,low,inconsistent identifier/count,"The record-level `source_caveats` closes with a list of slots the author asserts the core schema lacks (participant compensation, consent notification and revocation, participant privacy, third-party "
2026-08-20b_claude-opus-5-api-generic-v5_rep1,VOICE,claudecode_agent,core,notes,low,inconsistent identifier/count,"`notes` carries the AI-readiness self-assessment (identical to the full record, correct) plus an appended paragraph on data splits that duplicates content the full record places in the structured `spl"
2026-08-20b_claude-opus-5-api-generic-v5_rep1,VOICE,claudecode_agent,both,human_subject_research,low,missing supported information,`source_caveats` inside HumanSubjectResearch correctly separates the feasibility-study IRB number 004890 from the acquisition protocol. However `irb_approval` and `regulatory_compliance` are declared 
2026-08-20b_claude-opus-5-api-generic-v5_rep1,VOICE,claudecode_agent,both,at_risk_populations,low,missing supported information,"`special_protections` is multivalued but holds one paragraph combining three distinct protections: enrollment of cognitively impaired and psychiatric participants, the discomfort risk disclosure, and "
2026-08-20b_claude-opus-5-api-generic-v5_rep1,VOICE,claudecode_agent,both,known_biases,low,inconsistent identifier/count,"`affected_subsets` on the representation_bias and measurement_bias entries holds descriptive phrases ('Historically marginalized and underserved communities', 'Mood and psychiatric disorders cohort') "
2026-08-20b_claude-opus-5-api-generic-v5_rep1,VOICE,claudecode_agent,full,external_resources,low,other,"A single ExternalResource object holds seven distinct resources in its `external_resources` list (b2aiprep, senselab, REDCap dictionary, docs site, FHIR profiles, governance memorandum, scholars train"
2026-08-20b_claude-opus-5-api-generic-v5_rep1,VOICE,claudecode_agent,both,conforms_to_standard,low,dataset/release/temporal scope error,"`conforms_to_standard: [BIDS]` matches `conforms_to` prose naming BIDS v1.9.0. However the bundle also states the consortium publishes FHIR profiles for voice as a biomarker, and FHIR is an enumerated"
2026-08-20b_claude-opus-5-api-generic-v5_rep1,VOICE,claudecode_agent,full,variables,low,missing supported information,The `variables` list documents eleven feature-file columns but omits every phenotype column despite the bundle stating that each phenotype TSV ships a JSON data dictionary with per-column descriptions
2026-08-20b_claude-opus-5-api-generic-v5_rep1,VOICE,claudecode_agent,core,header,info,other,"Core header block conforms to the required form: it carries `# Sources:` naming both the bundle and the Phase 1 full record, `# D4D Core Datasheet`, `# Generation Method: schema-grounded agentic, phas"
2026-08-20b_claude-opus-5-api-generic-v5_rep1,VOICE,claudecode_agent,both,id,info,inconsistent identifier/count,"`id` is doi:10.13026/8xbn-nq66 as a CURIE, correct for a `uriorcurie` slot with a declared doi prefix; the scalar `doi` slot correctly holds the bare 10.13026/8xbn-nq66 without prefix or resolver. Min"
2026-08-20b_claude-opus-5-api-generic-v5_rep1,VOICE,claudecode_agent,both,creators,info,other,"No ORCID or ROR identifiers were supplied for any person or organization, and none appear in the bundle. Correct application of the rule that identifiers naming things outside the dataset must be take"
2026-08-20b_claude-opus-5-api-generic-v5_rep1,VOICE,claudecode_agent,both,language,info,other,"Both records write American English in the record's own prose (organization, standardized, characterization, minimized) while preserving British spelling inside quoted titles and organization names su"
2026-08-20b_claude-opus-5-api-generic-v5_rep2,AI_READI,claudecode_agent,core,resources,high,unsupported claim,"Every entry in `resources` carries a `distributions` key (with sub-keys `path`, `bytes`, `format`, `media_type`, `conforms_to`, `conforms_to_standard`). The schema digest lists no `distributions` slot"
2026-08-20b_claude-opus-5-api-generic-v5_rep2,AI_READI,claudecode_agent,core,resources,high,other,"The nine data-type directories, the root metadata group, and the three recommended splits are all placed in `resources` (range Dataset). In the full record these are `file_collections` (range FileColl"
2026-08-20b_claude-opus-5-api-generic-v5_rep2,AI_READI,claudecode_agent,full,creators,high,inconsistent identifier/count,"`creators[0].id` is `https://aireadi.org`, a project website URL used as the identifier for the creating entity, and the same URL is repeated as `affiliations[0].id`. The declared creator in the FAIRh"
2026-08-20b_claude-opus-5-api-generic-v5_rep2,AI_READI,claudecode_agent,core,creators,high,inconsistent identifier/count,"Same defect as the full record: `creators[0].id` and `affiliations[0].id` are both `https://aireadi.org`, producing a Creator affiliated with itself and using a website URL where an organization ident"
2026-08-20b_claude-opus-5-api-generic-v5_rep2,AI_READI,claudecode_agent,full,funders,medium,inconsistent identifier/count,"`funders[0].grants[*].id` is `uriorcurie`. The values are `https://reporter.nih.gov/search/...` resolver URLs. The bundle states the award numbers (OT2OD032644, 1OT2OD032644) and the FAIRhub metadata "
2026-08-20b_claude-opus-5-api-generic-v5_rep2,AI_READI,claudecode_agent,core,funders,medium,inconsistent identifier/count,Identical duplicate-grant defect carried over from the full record: one NIH core award OT2OD032644 is represented as two Grant objects with two different RePORTER URLs.
2026-08-20b_claude-opus-5-api-generic-v5_rep2,AI_READI,claudecode_agent,full,license_and_use_terms.contact_person,medium,unsupported claim,"`contact_person` is populated with Aaron Lee (ORCID:0000-0002-7452-1648). The bundle names Aaron Lee as central contact and study PI for the *study*, and gives contact@aireadi.org as the study central"
2026-08-20b_claude-opus-5-api-generic-v5_rep2,AI_READI,claudecode_agent,core,license_and_use_terms.contact_person,medium,unsupported claim,Same unsupported inference as the full record: Aaron Lee assigned as the license contact person with no source support.
2026-08-20b_claude-opus-5-api-generic-v5_rep2,AI_READI,claudecode_agent,full,regulatory_restrictions.governance_committee_contact,medium,unsupported claim,Aaron Lee is assigned as the governance committee contact. The bundle states the BMJ protocol's Data Access Committee was still developing requirements and names no committee contact; the RO-Crate nam
2026-08-20b_claude-opus-5-api-generic-v5_rep2,AI_READI,claudecode_agent,core,regulatory_restrictions.governance_committee_contact,medium,unsupported claim,Same unsupported assignment of Aaron Lee as governance committee contact.
2026-08-20b_claude-opus-5-api-generic-v5_rep2,AI_READI,claudecode_agent,full,data_governance.committee_contact,medium,unsupported claim,"Aaron Lee assigned as Data Access Committee contact. The record's own `data_governance.source_caveats` states 'the input sources do not name the committee's members, give its contact details...'. The "
2026-08-20b_claude-opus-5-api-generic-v5_rep2,AI_READI,claudecode_agent,core,data_governance.committee_contact,medium,unsupported claim,Same internal inconsistency: `committee_contact` is populated with Aaron Lee while `source_caveats` on the same object states the sources do not give the committee's contact details.
2026-08-20b_claude-opus-5-api-generic-v5_rep2,AI_READI,claudecode_agent,full,data_governance.committee_name,medium,unsupported claim,`committee_name: AI-READI Data Access Committee`. The BMJ protocol refers to 'the Data Access Committee'; no source gives the name 'AI-READI Data Access Committee'. The RO-Crate names 'AI-READI Consor
2026-08-20b_claude-opus-5-api-generic-v5_rep2,AI_READI,claudecode_agent,core,data_governance.committee_name,medium,unsupported claim,Same composed committee name not attested in any source.
2026-08-20b_claude-opus-5-api-generic-v5_rep2,AI_READI,claudecode_agent,full,creators,medium,unsupported claim,"`credit_roles` lists six CRediT values (conceptualization, methodology, investigation, data_curation, project_administration, funding_acquisition) for the AI-READI Consortium. No source in the bundle "
2026-08-20b_claude-opus-5-api-generic-v5_rep2,AI_READI,claudecode_agent,core,creators,medium,other,Same six unevidenced CRediT `credit_roles` carried into the core record.
2026-08-20b_claude-opus-5-api-generic-v5_rep2,AI_READI,claudecode_agent,full,regulatory_restrictions.confidentiality_level,medium,unsupported claim,`confidentiality_level: restricted`. The only confidentiality statement in the bundle is the RO-Crate's `HL7:2N (normal)`. The record's own `notes` concede the enum value reflects the agent's reading 
2026-08-20b_claude-opus-5-api-generic-v5_rep2,AI_READI,claudecode_agent,core,regulatory_restrictions.confidentiality_level,medium,other,Same interpretive mapping of HL7:2N (normal) to the enum value `restricted`.
2026-08-20b_claude-opus-5-api-generic-v5_rep2,AI_READI,claudecode_agent,full,license_and_use_terms.data_use_permission,medium,inconsistent identifier/count,"`data_use_permission: disease_specific_research`. Supportable for the public set (T2DM-only attestation), but the same license simultaneously grants use 'for research, commercial and non-commercial pu"
2026-08-20b_claude-opus-5-api-generic-v5_rep2,AI_READI,claudecode_agent,core,license_and_use_terms.data_use_permission,low,other,Same unflagged tension between `disease_specific_research` and the license's explicit grant of commercial and general research use.
2026-08-20b_claude-opus-5-api-generic-v5_rep2,AI_READI,claudecode_agent,full,instances,medium,unsupported claim,"`data_topic: B2AI_TOPIC:43` (Diabetes) is populated but `data_substrate` is omitted, despite the dataset being overwhelmingly composed of substrates the B2AI_SUBSTRATE enumeration covers directly (11="
2026-08-20b_claude-opus-5-api-generic-v5_rep2,AI_READI,claudecode_agent,core,instances,low,missing supported information,Same omission of `data_substrate` where the enumeration supplies fitting terms.
2026-08-20b_claude-opus-5-api-generic-v5_rep2,AI_READI,claudecode_agent,core,relationships,medium,unsupported claim,The full record populates `relationships` (Relationships range) with the statement that all instances belong to one prospective project and are linked by participant ID. The core record drops the slot
2026-08-20b_claude-opus-5-api-generic-v5_rep2,AI_READI,claudecode_agent,core,notes,medium,missing supported information,"The core `notes` states participant compensation ('Participants received a 200 USD stipend... together with reimbursement of reasonable parking, transit or rideshare costs'). The full record carries t"
2026-08-20b_claude-opus-5-api-generic-v5_rep2,AI_READI,claudecode_agent,core,notes,medium,missing supported information,"The core `notes` states the recommended split proportions and counts ('1,576 participants to training, 352 to validation and 352 to test, in 70/15/15 proportions'). The full record carries this in the"
2026-08-20b_claude-opus-5-api-generic-v5_rep2,AI_READI,claudecode_agent,core,participant_privacy,medium,unsupported claim,"The full record populates `participant_privacy` with anonymization_method, privacy_techniques, reidentification_risk and data_linkage. The core omits the slot and folds part of its content (watermarki"
2026-08-20b_claude-opus-5-api-generic-v5_rep2,AI_READI,claudecode_agent,core,collection_consents / collection_notifications / consent_revocations / direct_collection,medium,missing supported information,"Four Collection/Ethics-module slots populated in the full record are omitted from the core without their content being carried anywhere: `collection_consents`, `collection_notifications`, `consent_rev"
2026-08-20b_claude-opus-5-api-generic-v5_rep2,AI_READI,claudecode_agent,core,labeling_strategies,low,other,The core populates `labeling_strategies` with a statement that no labeling was performed. The full record does not populate this slot. This is core content the full record does not state — a phase-4 d
2026-08-20b_claude-opus-5-api-generic-v5_rep2,AI_READI,claudecode_agent,core,use_repository,low,missing supported information,"The core populates `use_repository` with a statement that no such repository exists, pointing `repository_url` at the documentation site. The full record does not populate this slot. Core states conte"
2026-08-20b_claude-opus-5-api-generic-v5_rep2,AI_READI,claudecode_agent,core,extension_mechanism,low,unsupported claim,The core populates `extension_mechanism` with 'there is currently no mechanism for others to extend or augment the dataset' and supplies `contribution_url: https://aireadi.org/contact`. The full recor
2026-08-20b_claude-opus-5-api-generic-v5_rep2,AI_READI,claudecode_agent,core,version_access.versions_available,low,missing supported information,"The core adds `versions_available: [1.0.0, 2.0.0, 3.0.0]`, a field the full record's `version_access` object does not populate. Supported by the bundle, but it is core content absent from the full rec"
2026-08-20b_claude-opus-5-api-generic-v5_rep2,AI_READI,claudecode_agent,full,subsets / file_collections,medium,inconsistent identifier/count,"All minted fragment identifiers (e.g. `doi:10.60775/fairhub.3#train`, `doi:10.60775/fairhub.3#cardiac_ecg`) are appended to the dataset DOI in `doi:` CURIE form. A DOI does not admit fragments as a re"
2026-08-20b_claude-opus-5-api-generic-v5_rep2,AI_READI,claudecode_agent,full,publisher,low,inconsistent identifier/count,`publisher` has range `uriorcurie` and is populated with `https://fairhub.io/`. The bundle names the publisher as 'FAIRhub' (DataCite publisherName). A bare homepage URL as publisher identifier is wea
2026-08-20b_claude-opus-5-api-generic-v5_rep2,AI_READI,claudecode_agent,core,publisher,low,inconsistent identifier/count,Same use of `https://fairhub.io/` as the publisher identifier.
2026-08-20b_claude-opus-5-api-generic-v5_rep2,AI_READI,claudecode_agent,full,external_resources,low,inconsistent identifier/count,`external_resources[2].external_resources` holds two URLs joined by ' and ' in a single string ('https://zenodo.org/communities/aireadi and https://github.com/AI-READI'). These are two distinct extern
2026-08-20b_claude-opus-5-api-generic-v5_rep2,AI_READI,claudecode_agent,core,external_resources,low,other,Same two-URLs-in-one-string defect carried over.
2026-08-20b_claude-opus-5-api-generic-v5_rep2,AI_READI,claudecode_agent,full,collection_timeframes,low,unsupported claim,The third entry gives `start_date: 2023-07-19` and `end_date: 2026-11-30` for the 'planned overall recruitment window'. The 2026-11-30 date is the protocol's stated recruitment end; the FAIRhub study 
2026-08-20b_claude-opus-5-api-generic-v5_rep2,AI_READI,claudecode_agent,core,collection_timeframes,low,unsupported claim,Same synthetic composed recruitment window (2023-07-19 to 2026-11-30) blending FAIRhub and BMJ values.
2026-08-20b_claude-opus-5-api-generic-v5_rep2,AI_READI,claudecode_agent,full,conforms_to_standard,low,other,The list includes `RO_CRATE` at dataset level on the strength of the bundled RO-Crate metadata file. The RO-Crate describes the dataset rather than being a format the dataset's own content follows; th
2026-08-20b_claude-opus-5-api-generic-v5_rep2,AI_READI,claudecode_agent,core,conforms_to_standard,low,other,Same RO_CRATE inclusion at dataset level.
2026-08-20b_claude-opus-5-api-generic-v5_rep2,AI_READI,claudecode_agent,full,description / known_biases / known_limitations,low,unsupported claim,"British spellings appear in prose the record composes rather than quotes: 'totalling', 'generalisability', 'prioritisation', 'organised'/'harmonised' variants, 'behaviour', 'centred', 'colour', 'metre"
2026-08-20b_claude-opus-5-api-generic-v5_rep2,AI_READI,claudecode_agent,core,description / known_biases / known_limitations,low,unsupported claim,Same British spellings carried into the core record's composed prose.
2026-08-20b_claude-opus-5-api-generic-v5_rep2,AI_READI,claudecode_agent,full,citation,low,inconsistent identifier/count,The `citation` value composes a DataCite-style citation ('AI-READI Consortium. (2025). Flagship Dataset... FAIRhub. https://doi.org/10.60775/fairhub.3'). This exact string appears in the RO-Crate `ass
2026-08-20b_claude-opus-5-api-generic-v5_rep2,AI_READI,claudecode_agent,core,citation,low,unsupported claim,"The core omits `citation` entirely although the full record populates it and the slot exists in the shared inventory. This is a supported omission of a declared, evidenced slot."
2026-08-20b_claude-opus-5-api-generic-v5_rep2,AI_READI,claudecode_agent,core,total_file_count / total_size_bytes,low,unsupported claim,"The core omits `total_file_count` (356343) and `total_size_bytes` (3815969779678), both of which the full record carries and both of which the bundle states directly in the FAIRhub API record. These a"
2026-08-20b_claude-opus-5-api-generic-v5_rep2,AI_READI,claudecode_agent,full,variables,low,other,`variables[1].variable_name: recommended_split` with `categories: [train; val; test]`. The categories value is a single semicolon-delimited string rather than three list entries; the same pattern recu
2026-08-20b_claude-opus-5-api-generic-v5_rep2,AI_READI,claudecode_agent,full,variables,low,missing supported information,`variables[*].missing_value_code` on `continuous_glucose` holds a prose explanation of why gaps arise ('Gaps arise where the sensor failed...') rather than a missing-value code. The field asks for the
2026-08-20b_claude-opus-5-api-generic-v5_rep2,AI_READI,claudecode_agent,full,notes,low,dataset/release/temporal scope error,"`notes` states the FAIRhub view count (24,636) and citation count (zero) as of capture. These are volatile platform statistics rather than dataset facts; supported by the bundle but of low durability,"
2026-08-20b_claude-opus-5-api-generic-v5_rep2,AI_READI,claudecode_agent,full,is_deidentified.identifiable_elements_present,low,inconsistent identifier/count,"Set to `false`. The FAIRhub DataCite record sets `deIdentDirect: true` and `deIdentHIPAA: true` under a `NoDeIdentification` type, and the RO-Crate sets `deidentified: true`. The `false` value is the "
2026-08-20b_claude-opus-5-api-generic-v5_rep2,AI_READI,claudecode_agent,core,is_deidentified.identifiable_elements_present,low,other,Same unreconciled `false` against the DataCite deIdentDirect flag.
2026-08-20b_claude-opus-5-api-generic-v5_rep2,CHORUS,claudecode_agent,both,creators,medium,unsupported claim,"All six leadership-team members are emitted with the declared field `principal_investigator`. Only Eric S. Rosenthal is attested as principal investigator (NIH RePORTER, award OT2OD032701). The cohort"
2026-08-20b_claude-opus-5-api-generic-v5_rep2,CHORUS,claudecode_agent,both,funders,medium,inconsistent identifier/count,"FundingMechanism declares a `grants` field of range Grant[], but the award number (OT2OD032701 / 1OT2OD032701-01), NIH application ID 10472824, award amount and project period are all carried as free "
2026-08-20b_claude-opus-5-api-generic-v5_rep2,CHORUS,claudecode_agent,both,data_governance.access_review_process,medium,unsupported claim,"The registration form, licensing-agreement signature, compute provisioning and the '.edu' email requirement are all drawn from the AIM-AHEAD Bridge2AI for Clinical Care Training Program cohort 2 webin"
2026-08-20b_claude-opus-5-api-generic-v5_rep2,CHORUS,claudecode_agent,both,data_governance.committee_contact,medium,other,"Ciera McCrary is attested only as 'MGH, Program Manager' and website contact. The bundle names no access committee and no committee contact; populating `committee_contact` (and leaving `committee_name"
2026-08-20b_claude-opus-5-api-generic-v5_rep2,CHORUS,claudecode_agent,both,license_and_use_terms.contact_person,medium,other,"Jared Houghtaling appears in the bundle under GitHub 'Contact — Request access: dbold@emory.edu or jared.houghtaling@tuftsmedicine.org'. He is an access-request contact, not an attested license contac"
2026-08-20b_claude-opus-5-api-generic-v5_rep2,CHORUS,claudecode_agent,both,data_governance.committee_contact.id / license_and_use_terms.contact_person.id,low,inconsistent identifier/count,"Person identifiers are `mailto:` URIs rather than personal-identifier registry entries. Permitted as a URI fallback under the uriorcurie range, but one of them (`mailto:cmccrary@mgh.havard.edu`) encod"
2026-08-20b_claude-opus-5-api-generic-v5_rep2,CHORUS,claudecode_agent,both,ethical_reviews[0].reviewing_organization,low,other,'CHoRUS consortium ethics pillar' is a label the bundle does not use; the NIH abstract names pillar '2) Ethics (Ethical and Trustworthy AI)'. Additionally the object records the project's ethics resea
2026-08-20b_claude-opus-5-api-generic-v5_rep2,CHORUS,claudecode_agent,both,instances[0].label / label_description,low,dataset/release/temporal scope error,`label: true` asserts that instances carry labels. The bundle states the project 'will label data with targets important for prediction' via a visualization and annotation environment — a planned or i
2026-08-20b_claude-opus-5-api-generic-v5_rep2,CHORUS,claudecode_agent,both,known_limitations[2],low,dataset/release/temporal scope error,"The claim that published metadata for imaging, tokenized clinical notes and EEG were 'planned rather than available' rests on a table in the webinar whose columns are badly garbled in the concatenated"
2026-08-20b_claude-opus-5-api-generic-v5_rep2,CHORUS,claudecode_agent,both,subpopulations[0].identification / description,low,unsupported claim,"The bundle states '50,000 Patient admissions from ICU, PICU, and NICU'. The record renders this as 'adult intensive care units, pediatric ... and neonatal ...'; 'adult' is an inference not present in "
2026-08-20b_claude-opus-5-api-generic-v5_rep2,CHORUS,claudecode_agent,both,at_risk_populations,low,missing supported information,"Omitted although the bundle supports it: released admissions include PICU and NICU stays, i.e. minors. The fact is recorded only as prose under human_subject_research.special_populations while the dec"
2026-08-20b_claude-opus-5-api-generic-v5_rep2,CHORUS,claudecode_agent,both,is_deidentified.identifiable_elements_present,low,other,"Left unset though the bundle supports a value: clinical notes are withheld from the enclave and stored locally, imaging de-identification was 'in process', and a privacy scan tool for medical records "
2026-08-20b_claude-opus-5-api-generic-v5_rep2,CHORUS,claudecode_agent,both,distribution_formats,low,missing supported information,"Omitted although the bundle names concrete delivery formats per modality (OMOP tables, DICOM, WFDB, EDF+ and Persyst, OHNLP tokens). These are currently recorded only through `conforms_to` / `conforms"
2026-08-20b_claude-opus-5-api-generic-v5_rep2,CHORUS,claudecode_agent,both,updates.frequency,low,other,"'ongoing, with regular status updates from data contributing sites' describes site progress reporting to project management, not a dataset release or versioning cadence; the bundle states no update fr"
2026-08-20b_claude-opus-5-api-generic-v5_rep2,CHORUS,claudecode_agent,full,file_collections[].collection_type,low,missing supported information,"Internal inconsistency: `collection_type: processed_data` is set for the OMOP EHR and tokenized-notes collections but omitted for the imaging, waveform-telemetry and EEG collections, which are describ"
2026-08-20b_claude-opus-5-api-generic-v5_rep2,CHORUS,claudecode_agent,core,resources / acquisition_methods,low,missing supported information,"Projection differences from the full record: the holdout test set moves from `subsets` (where it carried `is_data_split: true`) into `resources`, losing the split designation; and the content of the f"
2026-08-20b_claude-opus-5-api-generic-v5_rep2,CHORUS,claudecode_agent,both,description,low,unsupported claim,'Data are accessed through the Bridge2AI AI/ML for Clinical Care Collaborative Cloud enclave after registration and signature of a licensing agreement' conflates the general 'OMOP and telemetry in enc
2026-08-20b_claude-opus-5-api-generic-v5_rep2,CM4AI,claudecode_agent,core,distributions,high,unsupported claim,"Slot `distributions` is not present in the Dataset/CoreDataset slot inventory supplied in the schema digest, and neither are its child keys `path`, `format`, `media_type`, `md5`. The digest lists `dis"
2026-08-20b_claude-opus-5-api-generic-v5_rep2,CM4AI,claudecode_agent,core,distributions,high,other,"Content-not-in-full: the core record states ten per-file MD5 checksums (6d066e6b9d762284c6aa5d0b44565568, 6c1a86520eec2696ec19444eb8a8b428, df79632753989ef23b0a3df6604d4af1, 8642317c321126213240af4837"
2026-08-20b_claude-opus-5-api-generic-v5_rep2,CM4AI,claudecode_agent,core,notes,medium,other,"`notes` is specified as residual content only, after every fitting slot is used. Three distinct blocks of content here belong in declared slots that the core record leaves empty: the recommended citat"
2026-08-20b_claude-opus-5-api-generic-v5_rep2,CM4AI,claudecode_agent,core,citation,medium,missing supported information,Omission the bundle clearly supports and the full record carries: the recommended citation is given verbatim on the June 2026 Dataverse record. Present in the full record's `citation`; absent from the
2026-08-20b_claude-opus-5-api-generic-v5_rep2,CM4AI,claudecode_agent,core,third_party_sharing,medium,missing supported information,"Omission the bundle clearly supports and the full record carries: ThirdPartySharing with `is_shared: true` and details of MassIVE, SRA/BioProject, Figshare, NDEx and U-BRITE distribution. Present in t"
2026-08-20b_claude-opus-5-api-generic-v5_rep2,CM4AI,claudecode_agent,core,relationships,medium,missing supported information,Omission the bundle clearly supports and the full record carries: Relationships describing cross-modality linkage by protein/gene and containment edges in derived cell maps. Present in the full record
2026-08-20b_claude-opus-5-api-generic-v5_rep2,CM4AI,claudecode_agent,core,direct_collection,medium,missing supported information,"Omission relative to the full record: the full record carries a DirectCollection object with `is_direct: false` and the cell-line provenance detail (MDA-MB-468 RRID CVCL_0419, ATCC; KOLF2.1J RRID CVCL"
2026-08-20b_claude-opus-5-api-generic-v5_rep2,CM4AI,claudecode_agent,full,total_size_bytes,medium,missing supported information,"Omission the bundle supports: the June 2026 Dataverse record states per-file sizes (4.6 GB, 4.2 GB, 3.8 GB, 1.1 MB, 171.8 KB, 135.8 KB, 113.3 KB, 93.9 KB, 73.3 KB, 30.2 KB). The record justifies omiss"
2026-08-20b_claude-opus-5-api-generic-v5_rep2,CM4AI,claudecode_agent,full,creators[5].affiliations[0].name,low,inconsistent identifier/count,"Cross-record inconsistency in evidence handling for the same disputed fact. Andrej Sali's affiliation is recorded as 'University of California San Diego' per the higher-ranked Dataverse source, with t"
2026-08-20b_claude-opus-5-api-generic-v5_rep2,CM4AI,claudecode_agent,both,instances[0].counts,low,dataset/release/temporal scope error,"`counts: 53788` is the project-wide immunofluorescence image total from the CM4AI portal (tier 2), not a count scoped to the June 2026 release that is this record's declared referent. The sibling `sou"
2026-08-20b_claude-opus-5-api-generic-v5_rep2,CM4AI,claudecode_agent,both,funders[0].grants[0].id,low,inconsistent identifier/count,"The Grant `id` is `https://reporter.nih.gov/project-details/11211616`, a resolver URL. The v5 rule permits a URL in a `uriorcurie` slot only where no declared prefix covers the identifier; no NIH RePO"
2026-08-20b_claude-opus-5-api-generic-v5_rep2,CM4AI,claudecode_agent,full,file_collections[*].id,low,other,Fragment identifiers are minted on the dataset DOI in the form `doi:10.18130/V3/HIGT4C#immunofluorescence-images`. This conforms to the minting rule (the referent exists only within this record; the f
2026-08-20b_claude-opus-5-api-generic-v5_rep2,CM4AI,claudecode_agent,both,conforms_to_class,low,other,"Correctly differentiated (`Dataset` in full, `CoreDataset` in core). Noted only to confirm the pairing was checked and is consistent."
2026-08-20b_claude-opus-5-api-generic-v5_rep2,VOICE,claudecode_agent,core,distributions,high,unsupported claim,"The slot `distributions` is not present in the supplied schema digest for Dataset, and the core record introduces it with sub-keys (`format`, `media_type`, `path`, `conforms_to`, `conforms_to_standard"
2026-08-20b_claude-opus-5-api-generic-v5_rep2,VOICE,claudecode_agent,core,distributions[0].format,high,unsupported claim,Value `ZIP` and `media_type: application/zip` are unsupported by the bundle. No source states that the features folder is distributed as a zip archive. Likewise `distributions[2].format: JSON` / `medi
2026-08-20b_claude-opus-5-api-generic-v5_rep2,VOICE,claudecode_agent,core,data_collectors[*].role,high,other,"The digest declares no enum on DataCollector.role, but the full record uses controlled-vocabulary-style values (`researcher`, `academic_institution`, `third_party`) matching the Maintainer.role enum, "
2026-08-20b_claude-opus-5-api-generic-v5_rep2,VOICE,claudecode_agent,core,ethical_reviews[3].contact_person,high,unsupported claim,"`contact_person: {name: Yael Bensoussan}` is asserted for the USF IRB review of the feasibility study. The bundle names Yael Bensoussan as corresponding author of the feasibility publication, not as t"
2026-08-20b_claude-opus-5-api-generic-v5_rep2,VOICE,claudecode_agent,core,other_tasks,high,dataset/release/temporal scope error,The core record adds `other_tasks` with content about pediatric developmental norms and early screening tools. The full record has no `other_tasks` slot. Core must not state content the full record do
2026-08-20b_claude-opus-5-api-generic-v5_rep2,VOICE,claudecode_agent,core,raw_sources,high,missing supported information,The core record adds `raw_sources` (RawData) restating raw WAV audio and its Synapse access URL. The full record populates `raw_data_sources` but not `raw_sources`. Core must not introduce a slot the 
2026-08-20b_claude-opus-5-api-generic-v5_rep2,VOICE,claudecode_agent,core,data_governance.committee_contact,medium,missing supported information,`committee_contact: {email: DACO@b2ai-voice.org}` uses a Person object whose only populated field is `email`. The full record omits `committee_contact` entirely and carries the address inside `access_
2026-08-20b_claude-opus-5-api-generic-v5_rep2,VOICE,claudecode_agent,core,regulatory_restrictions.governance_committee_contact,medium,missing supported information,"`{email: DACO@b2ai-voice.org}` — a Person-ranged field populated with an office mailbox and no name, and absent from the full record."
2026-08-20b_claude-opus-5-api-generic-v5_rep2,VOICE,claudecode_agent,both,id,medium,missing supported information,"`id` is `doi:10.13026/8xbn-nq66`, the version-specific DOI for v3.1.0, while `related_datasets` declares `is_version_of` pointing at `10.13026/37yb-1t42`, the concept DOI. Naming a version DOI as the "
2026-08-20b_claude-opus-5-api-generic-v5_rep2,VOICE,claudecode_agent,both,subsets / resources,medium,other,"The full record places the five disease cohorts in `subsets` (DataSubset, with `is_subpopulation: true`, `is_data_split: false`); the core record places the same five cohorts in `resources` (Dataset)."
2026-08-20b_claude-opus-5-api-generic-v5_rep2,VOICE,claudecode_agent,full,file_collections[*],medium,other,"All three FileCollection entries omit `file_count` and `total_bytes`, and the top-level `total_file_count` and `total_size_bytes` are omitted. This is correct — the bundle gives no byte sizes — but pe"
2026-08-20b_claude-opus-5-api-generic-v5_rep2,VOICE,claudecode_agent,full,creators[*].affiliations[*],medium,other,Every Organization object is populated with `name` only; no `id` is supplied. This is correct under the evidence boundary (the bundle names no ROR identifiers) but means no creator affiliation is mach
2026-08-20b_claude-opus-5-api-generic-v5_rep2,VOICE,claudecode_agent,both,creators[*].principal_investigator,medium,other,"All twenty Creator objects use `principal_investigator` for every named individual, including Isaac Bevers (described in the same object's `notes` as the developer of the b2aiprep library) and Micah B"
2026-08-20b_claude-opus-5-api-generic-v5_rep2,VOICE,claudecode_agent,both,publisher,medium,inconsistent identifier/count,`publisher: https://physionet.org` is a bare origin URL in a `uriorcurie`-ranged slot. The bundle attests PhysioNet as publisher but the value is a homepage rather than an identifier for the publishin
2026-08-20b_claude-opus-5-api-generic-v5_rep2,VOICE,claudecode_agent,both,license,low,dataset/release/temporal scope error,`license: Bridge2AI Voice Registered Access License` is attested verbatim by PhysioNet for both the adult and pediatric datasets. However `license_and_use_terms.license_terms` additionally describes t
2026-08-20b_claude-opus-5-api-generic-v5_rep2,VOICE,claudecode_agent,both,conforms_to_standard,low,missing supported information,Only `BIDS` is declared. The bundle also names FHIR profiles for voice as a biomarker among the consortium's supporting materials (`external_resources`). Those profiles are a consortium output rather 
2026-08-20b_claude-opus-5-api-generic-v5_rep2,VOICE,claudecode_agent,both,created_on / last_updated_on,low,other,"Both omitted. `issued: '2026-05-01T00:00:00Z'` is populated from the v3.1.0 publication date. The bundle supports no creation timestamp, so omission is correct; noted only to confirm the omission is d"
2026-08-20b_claude-opus-5-api-generic-v5_rep2,VOICE,claudecode_agent,both,download_url,low,missing supported information,Omitted at top level. Correct — the bundle states the files are behind credentialed access and PhysioNet exposes no direct download URI. `distribution_formats[*].access_urls` carries the landing pages
2026-08-20b_claude-opus-5-api-generic-v5_rep2,VOICE,claudecode_agent,full,variables[*],low,other,"Nineteen VariableMetadata entries are supplied, but the bundle documents far more columns via the per-file JSON data dictionaries. The subset chosen is representative rather than complete, and no `sou"
2026-08-20b_claude-opus-5-api-generic-v5_rep2,VOICE,claudecode_agent,core,notes,low,missing supported information,"The core `notes` absorbs participant compensation, splits, and instance relationships — three topics the full record carries in dedicated structured slots (`participant_compensation`, `splits`, `relat"
2026-08-20b_claude-opus-5-api-generic-v5_rep2,VOICE,claudecode_agent,both,collection_timeframes[0],low,missing supported information,`start_date` and `end_date` are both omitted with the reason recorded in `source_caveats`. Correct handling. However the feasibility publication does supply a concrete window (5 June – 28 July 2023) f
2026-08-20b_claude-opus-5-api-generic-v5_rep2,VOICE,claudecode_agent,both,language,low,other,"`language: en` is correct for the released data. The bundle notes Spanish protocols under development and, in the IRB inclusion criteria, that participants speaking 'the English or Spanish language' a"
2026-08-20b_claude-opus-5-api-generic-v5_rep2,VOICE,claudecode_agent,both,instances[0].data_topic,low,other,"`B2AI_TOPIC:25` (Phenotype) is chosen for the participant instance. Defensible, but `B2AI_TOPIC:36` (Voice) or `B2AI_TOPIC:6` (Demographics) are equally available and the participant record spans all "
2026-08-20b_claude-opus-5-api-generic-v5_rep2,VOICE,claudecode_agent,both,instances[0].data_substrate,low,other,`B2AI_SUBSTRATE:41` (Tab-separated values) describes the storage format of the phenotype tables rather than the participant instance itself. The slot asks for the substrate of the instance; a particip
2026-08-20b_claude-opus-5-api-generic-v5_rep3,AI_READI,claudecode_agent,full,conforms_to_standard,high,other,"Value list contains `DICOM` and `CDS`, but the top-level `conforms_to_standard` enum in the schema digest permits only DICOM, BIDS, OMOP_CDM, WFDB, OPEN_MHEALTH, ESDS, CDS, RO_CRATE, FHIR, OTHER — DIC"
2026-08-20b_claude-opus-5-api-generic-v5_rep3,AI_READI,claudecode_agent,full,funders[0].grants[0].id,high,inconsistent identifier/count,Grant `id` is declared `uriorcurie`. The value is a full NIH RePORTER resolver URL (`https://reporter.nih.gov/search/yatARMM-qUyKAhnQgsCTAQ/project-details/10885481`). This is acceptable only where no
2026-08-20b_claude-opus-5-api-generic-v5_rep3,AI_READI,claudecode_agent,full,human_subject_research.irb_approval,medium,other,"The schema digest lists `irb_approval`, `regulatory_compliance` and `special_populations` among HumanSubjectResearch's accepted slots without declaring them multivalued in the digest. Both records emi"
2026-08-20b_claude-opus-5-api-generic-v5_rep3,AI_READI,claudecode_agent,full,at_risk_populations.special_protections,medium,other,Same shape ambiguity as `human_subject_research.irb_approval`: emitted as a list where the digest does not state multivalency.
2026-08-20b_claude-opus-5-api-generic-v5_rep3,AI_READI,claudecode_agent,full,regulatory_restrictions.regulatory_restrictions,medium,other,Same shape ambiguity: emitted as a list where the digest does not state multivalency for the inner `regulatory_restrictions` key of ExportControlRegulatoryRestrictions.
2026-08-20b_claude-opus-5-api-generic-v5_rep3,AI_READI,claudecode_agent,core,resources[].distributions,medium,inconsistent identifier/count,"The `distributions` key with sub-keys `path`, `bytes`, `format`, `media_type`, `conforms_to`, `conforms_to_standard` is used on nine resource entries. The supplied schema digest is for the full `Datas"
2026-08-20b_claude-opus-5-api-generic-v5_rep3,AI_READI,claudecode_agent,core,resources,medium,inconsistent identifier/count,"In the full record, `resources` has range `Dataset` and `file_collections` has range `FileCollection` with `path`, `file_count`, `total_bytes` and `collection_type`. The core record collapses nine Fil"
2026-08-20b_claude-opus-5-api-generic-v5_rep3,AI_READI,claudecode_agent,full,publisher,low,inconsistent identifier/count,"`publisher` is declared `uriorcurie`. The value `https://fairhub.io/` is a platform homepage rather than an identifier for the publishing organization. The bundle names the publisher as ""FAIRhub"" (FAI"
2026-08-20b_claude-opus-5-api-generic-v5_rep3,AI_READI,claudecode_agent,full,data_governance.accountable_organization.id,low,other,"`ROR:01yc7t268` for Washington University in St. Louis is attested in the FAIRhub API (`managingOrganizationIdentifierValue: https://ror.org/01yc7t268`), so the identifier is grounded and correctly re"
2026-08-20b_claude-opus-5-api-generic-v5_rep3,AI_READI,claudecode_agent,full,creators[0].principal_investigator.id,low,other,`ORCID:0000-0002-7452-1648` for Aaron Lee is attested in the FAIRhub API `responsiblePartyInvestigatorIdentifierValue` and correctly rendered as a CURIE. No defect. Noted for the record.
2026-08-20b_claude-opus-5-api-generic-v5_rep3,AI_READI,claudecode_agent,full,creators,low,other,`creators` is multivalued and the bundle names sixteen study principal investigators plus a named Writing Committee in the Nature Metabolism author list. The record emits a single Creator carrying the
2026-08-20b_claude-opus-5-api-generic-v5_rep3,AI_READI,claudecode_agent,full,creators[0].affiliations[0],low,other,"The Organization object carries only `name: AI-READI Consortium` with no `id`. The bundle supplies ROR identifiers for the seven collaborating institutions but none for the Consortium itself, so omiss"
2026-08-20b_claude-opus-5-api-generic-v5_rep3,AI_READI,claudecode_agent,full,instances[0].data_substrate,low,missing supported information,"`data_substrate` is omitted while `data_topic` is populated. The bundle describes the instance data as spanning DICOM images, waveform data, CSV/tabular data and time-series physiological data — sever"
2026-08-20b_claude-opus-5-api-generic-v5_rep3,AI_READI,claudecode_agent,full,variables,low,unsupported claim,"Twenty-three VariableMetadata objects are emitted, each with the required `variable_name`. The bundle's Table 2 lists roughly forty clinical laboratory analytes with units and reference ranges; the re"
2026-08-20b_claude-opus-5-api-generic-v5_rep3,AI_READI,claudecode_agent,full,variables[].minimum_value / maximum_value,low,other,"Laboratory reference ranges from Table 2 (e.g. HbA1c 4.0–6.0%, glucose 62–125 mg/dL, creatinine 0.38–1.02 / 0.51–1.18 mg/dL) are recorded as prose in `notes` rather than in the declared `minimum_value"
2026-08-20b_claude-opus-5-api-generic-v5_rep3,AI_READI,claudecode_agent,full,subsets[].id,low,other,"Fragment identifiers `doi:10.60775/fairhub.3#train` etc. are minted on an attested DOI. These name parts of this dataset that exist nowhere outside the record, so minting is the correct treatment. No "
2026-08-20b_claude-opus-5-api-generic-v5_rep3,AI_READI,claudecode_agent,core,notes,low,other,"The core `notes` field absorbs content that the core schema arguably has homes for: the recommended split description, participant compensation (USD 200, payment timing, non-proration, transport reimb"
2026-08-20b_claude-opus-5-api-generic-v5_rep3,AI_READI,claudecode_agent,core,citation,low,missing supported information,"The full record populates `citation` with the FAIRhub-recommended form; the core record omits it. The core caveat lists `citation` among slots with ""no core counterpart"". The core schema was not suppl"
2026-08-20b_claude-opus-5-api-generic-v5_rep3,AI_READI,claudecode_agent,core,total_file_count / total_size_bytes,low,missing supported information,"The full record populates both (356343 and 3815969779678). The core record omits both while stating the same figures in prose within `description`. If CoreDataset declares these slots, structured valu"
2026-08-20b_claude-opus-5-api-generic-v5_rep3,AI_READI,claudecode_agent,both,conforms_to_standard,low,other,`CDS` is emitted at the top level and on every file collection. The enum permits `CDS`. The bundle attests CDS v0.1.1 throughout. Correct.
2026-08-20b_claude-opus-5-api-generic-v5_rep3,AI_READI,claudecode_agent,full,known_limitations,low,unsupported claim,"British spellings appear in quoted-adjacent prose: `tumour` (anomalies, data_collectors), `centimetre` (anomalies), `oedema` (data_collectors, ethical_reviews context). The v5 rule requires American E"
2026-08-20b_claude-opus-5-api-generic-v5_rep3,AI_READI,claudecode_agent,core,anomalies / data_collectors,low,other,"British spellings `tumour`, `centimetre`, `oedema` carried over from the full record into core prose. Same defect as above."
2026-08-20b_claude-opus-5-api-generic-v5_rep3,AI_READI,claudecode_agent,full,known_biases[1].bias_description,low,other,British spelling `generalizability` is correct American form and appears correctly; but `harmonised` does not appear. Checking: `generalisability` appears in quoted BMJ text within source_caveats cont
2026-08-20b_claude-opus-5-api-generic-v5_rep3,AI_READI,claudecode_agent,full,instances[0].data_topic,medium,other,"`B2AI_TOPIC:43` maps to `Diabetes` in the supplied vocabulary, which fits. However the instance is a whole participant carrying ophthalmic imaging, ECG, mHealth, SDoH and demographic data; a single to"
2026-08-20b_claude-opus-5-api-generic-v5_rep3,AI_READI,claudecode_agent,both,sensitive_elements[0].sensitive_elements_present,medium,other,"Set to `false` with details explaining that the controlled-access dataset does contain race, ethnicity, sex, zip code, genetic sequencing data, past health records, medications and accident reports. T"
2026-08-20b_claude-opus-5-api-generic-v5_rep3,AI_READI,claudecode_agent,both,is_deidentified.identifiable_elements_present,medium,other,"Set to `false`. The FAIRhub API records `deIdentType: NoDeIdentification` with `deIdentDirect: true` and `deIdentHIPAA: true`, and `deIdentDetails` stating no identifiers were collected. The RO-Crate "
2026-08-20b_claude-opus-5-api-generic-v5_rep3,AI_READI,claudecode_agent,full,issued,low,other,`2025-11-17T00:00:00Z` carries the required UTC offset and matches the FAIRhub v3.0.0 `dateValue` of 2025-11-17 with `dateType: Available`. Correct.
2026-08-20b_claude-opus-5-api-generic-v5_rep3,AI_READI,claudecode_agent,full,doi,low,other,"`10.60775/fairhub.3` is the bare DOI in a `string`-ranged slot, per the v5 rule. Correct. Note the contrasting and also-correct `doi:` CURIE form used in `version_access.latest_version_doi` (`uriorcur"
2026-08-20b_claude-opus-5-api-generic-v5_rep3,AI_READI,claudecode_agent,full,related_datasets[].target_dataset,low,inconsistent identifier/count,"`DatasetRelationship.target_dataset` is a required key. Values mix `doi:` CURIEs (fairhub.2, fairhub.1, the two article DOIs) with bare URLs (docs.aireadi.org, aireadi.org). The digest does not state "
2026-08-20b_claude-opus-5-api-generic-v5_rep3,AI_READI,claudecode_agent,full,license,low,other,`AI-READI custom license v2.0` matches the FAIRhub `rightsName` verbatim. Correct. The archival DOI is carried in `license_and_use_terms.license_terms` prose and in `external_resources`; there is no d
2026-08-20b_claude-opus-5-api-generic-v5_rep3,AI_READI,claudecode_agent,full,download_url,low,other,"Omitted. The bundle gives no direct data URL — access requires verified-ID login and license acceptance, and the FAIRhub `files` array is empty. Omission is correct; `page` carries the landing page."
2026-08-20b_claude-opus-5-api-generic-v5_rep3,AI_READI,claudecode_agent,full,existing_uses,low,missing supported information,"Omitted. The healthsheet answers ""No"" to whether the dataset has been used for any tasks already. The FAIRhub API records `cited: 0`. Omission rather than a negative assertion is consistent with the s"
2026-08-20b_claude-opus-5-api-generic-v5_rep3,AI_READI,claudecode_agent,full,errata,low,other,Omitted. The healthsheet erratum question has an empty response. Omission correct.
2026-08-20b_claude-opus-5-api-generic-v5_rep3,AI_READI,claudecode_agent,full,extension_mechanism,low,missing supported information,"Omitted. The healthsheet states there is currently no mechanism for others to extend or augment the dataset outside the project team. This is a clearly-supported negative fact, and `ExtensionMechanism"
2026-08-20b_claude-opus-5-api-generic-v5_rep3,AI_READI,claudecode_agent,full,data_protection_impacts,low,missing supported information,"Omitted. The healthsheet states explicitly ""No, a data protection impact analysis has not been conducted."" Same borderline case as `extension_mechanism`: an explicit documented negative, omitted under"
2026-08-20b_claude-opus-5-api-generic-v5_rep3,AI_READI,claudecode_agent,full,use_repository,low,missing supported information,"Omitted. The healthsheet answers ""No"" to whether a repository links to papers using the dataset. Omission consistent with convention."
2026-08-20b_claude-opus-5-api-generic-v5_rep3,AI_READI,claudecode_agent,full,other_tasks,low,missing supported information,"Omitted. No bundle content clearly identifies tasks beyond the original intent, though `future_use_impacts` and `intended_uses` cover adjacent ground. Defensible."
2026-08-20b_claude-opus-5-api-generic-v5_rep3,AI_READI,claudecode_agent,full,compression,low,missing supported information,Omitted. No compression format is stated for the distributed dataset in any tier-1 source. Correct omission.
2026-08-20b_claude-opus-5-api-generic-v5_rep3,AI_READI,claudecode_agent,full,created_on / last_updated_on / modified_by / was_derived_from,low,missing supported information,"All omitted. The FAIRhub API gives `created_at: 1763366400` (a Unix timestamp corresponding to 2025-11-17), which duplicates `issued`. Omitting `created_on` avoids asserting a distinct creation event "
2026-08-20b_claude-opus-5-api-generic-v5_rep3,AI_READI,claudecode_agent,full,purposes[3],medium,dataset/release/temporal scope error,"""To increase access to and quality of AI/ML research by recruiting and training personnel"" is drawn from NIH RePORTER Specific Aim 3 (tier 4, the lowest-ranked source) and from the Nature Metabolism w"
2026-08-20b_claude-opus-5-api-generic-v5_rep3,AI_READI,claudecode_agent,full,intended_uses[2],medium,dataset/release/temporal scope error,"`use_category: Training and workforce development` with usage_notes describing the internship program. Same scope issue as purposes[3]: this describes a project activity that used the data internally,"
2026-08-20b_claude-opus-5-api-generic-v5_rep3,AI_READI,claudecode_agent,core,intended_uses[2],low,dataset/release/temporal scope error,"Same finding as the full record — the workforce-development intended use is carried across, so the core does not introduce content the full lacks, but it inherits the scope drift."
2026-08-20b_claude-opus-5-api-generic-v5_rep3,AI_READI,claudecode_agent,full,keywords,low,other,"Seven keywords match the FAIRhub `subject` list and the RO-Crate `keywords` verbatim, with `Diabetes mellitus` capitalized as FAIRhub renders it (RO-Crate uses lowercase `diabetes mellitus`). Trivial "
2026-08-20b_claude-opus-5-api-generic-v5_rep3,AI_READI,claudecode_agent,both,ethical_reviews[1].review_details,low,other,"Names four individuals (Camille Nebeker, Debra Mathews, Kadija Ferryman, Nicholas Evans) as conducting ethical review, from the RO-Crate `ethicalReview` field. `EthicalReview` declares a `contact_pers"
2026-08-20b_claude-opus-5-api-generic-v5_rep3,AI_READI,claudecode_agent,full,collection_timeframes[0],low,other,`start_date: 2023-07-19` and `end_date: 2025-05-01` match the FAIRhub `dateType: Collected` value `2023-07-19/2025-05-01`. The `timeframe_details` correctly notes the BMJ-sourced pilot window (18 July
2026-08-20b_claude-opus-5-api-generic-v5_rep3,AI_READI,claudecode_agent,full,source_caveats,medium,inconsistent identifier/count,"The caveat block is thorough and correctly flags publisher, participant count, collection period, enrollment target, age eligibility, study end, project-name expansion, license versioning and blood vo"
2026-08-20b_claude-opus-5-api-generic-v5_rep3,AI_READI,claudecode_agent,both,description,high,other,"Opens ""The Artificial Intelligence Ready and Equitable Atlas for Diabetes Insights (AI-READI)"". The record's own `source_caveats` states that the higher-ranked tier-1 sources (FAIRhub study_descriptio"
2026-08-20b_claude-opus-5-api-generic-v5_rep3,AI_READI,claudecode_agent,core,source_caveats,low,missing supported information,"Core caveat correctly declares the projection choices (resources standing in for file_collections and subsets, file counts moved to prose, slots folded into notes). This is the right use of the slot. "
2026-08-20b_claude-opus-5-api-generic-v5_rep3,AI_READI,claudecode_agent,core,conforms_to_class,low,inconsistent identifier/count,"`CoreDataset` — correct for a core record, and correctly differs from the full record's `Dataset`."
2026-08-20b_claude-opus-5-api-generic-v5_rep3,AI_READI,claudecode_agent,core,header,low,other,"All fifteen required header lines present and verbatim, including `# Sources:` naming both the bundle and the full-record path, and `# Phase 4 reconciliation: completed`. Correct."
2026-08-20b_claude-opus-5-api-generic-v5_rep3,AI_READI,claudecode_agent,full,header,low,other,All thirteen required header lines present and verbatim. Correct.
2026-08-20b_claude-opus-5-api-generic-v5_rep3,AI_READI,claudecode_agent,both,id,low,inconsistent identifier/count,"`doi:10.60775/fairhub.3` in a `uriorcurie` required slot, rendered as a CURIE rather than a resolver URL. Correct per v5. Identical across both records, preserving the pairing."
2026-08-20b_claude-opus-5-api-generic-v5_rep3,AI_READI,claudecode_agent,core,informed_consent[0].consent_documentation,medium,unsupported claim,"The core record appends notification content (invitation letters, emails, REDCap interface, FAQ) into `consent_documentation`, folding in what the full record holds in a separate `collection_notificat"
2026-08-20b_claude-opus-5-api-generic-v5_rep3,AI_READI,claudecode_agent,core,instances[0].notes,low,other,"Appends ""All instances are part of the same prospective data generation project, with currently one study visit per participant"" — content the full record holds in `relationships`. Supported by the bu"
2026-08-20b_claude-opus-5-api-generic-v5_rep3,AI_READI,claudecode_agent,both,data_governance.committee_name,low,inconsistent identifier/count,"`Data Access Committee` is drawn from the BMJ protocol (tier 3), which says requirements for controlled access were ""being currently developed by the Data Access Committee"". The RO-Crate (tier 1) name"
2026-08-20b_claude-opus-5-api-generic-v5_rep3,CHORUS,claudecode_agent,full,creators,high,unsupported claim,"Six Creator objects are emitted, each carrying a single `principal_investigator`. The bundle (cohort_2_webinar) labels these six people as the ""Bridge2AI CHoRUS Leadership Team"", not as principal inve"
2026-08-20b_claude-opus-5-api-generic-v5_rep3,CHORUS,claudecode_agent,core,creators,high,other,Same defect as the full record: five of the six Creator objects assert `principal_investigator` for people the bundle identifies only as leadership team members.
2026-08-20b_claude-opus-5-api-generic-v5_rep3,CHORUS,claudecode_agent,full,funders[0].grants[0].id,high,inconsistent identifier/count,`Grant.id` is declared `uriorcurie` and names something outside this dataset (an NIH award). A resolver URL (https://reporter.nih.gov/project-details/10472824) is used where the grant is attested in t
2026-08-20b_claude-opus-5-api-generic-v5_rep3,CHORUS,claudecode_agent,core,funders[0].grants[0].id,high,inconsistent identifier/count,Identical defect to the full record: resolver URL for an externally-referenced grant identifier in a `uriorcurie` slot.
2026-08-20b_claude-opus-5-api-generic-v5_rep3,CHORUS,claudecode_agent,full,data_governance.committee_contact.id,high,missing supported information,`Person.id` is `uriorcurie`. A `mailto:` URI is used to identify a person. The v5 rule requires a personal-identifier registry entry; the bundle supplies no ORCID or other registry identifier for Jare
2026-08-20b_claude-opus-5-api-generic-v5_rep3,CHORUS,claudecode_agent,core,data_governance.committee_contact.id,high,inconsistent identifier/count,Identical defect to the full record: `mailto:` URI used as a Person identifier where no registry identifier is attested.
2026-08-20b_claude-opus-5-api-generic-v5_rep3,CHORUS,claudecode_agent,full,id,medium,unsupported claim,`https://chorus4ai.org/#dataset` is a minted fragment on the project homepage URL. The fragment `#dataset` is not attested in the bundle as a dataset identifier; the homepage anchor list shows a 'Data
2026-08-20b_claude-opus-5-api-generic-v5_rep3,CHORUS,claudecode_agent,full,publisher,medium,other,"`publisher` is declared `uriorcurie` and should identify the publishing organization. The value `https://chorus4ai.org/` is a website URL, not an organization identifier, and duplicates `page`. The bu"
2026-08-20b_claude-opus-5-api-generic-v5_rep3,CHORUS,claudecode_agent,core,publisher,medium,inconsistent identifier/count,"Identical defect: website URL used as an organization identifier in a `uriorcurie` slot, duplicating `page`."
2026-08-20b_claude-opus-5-api-generic-v5_rep3,CHORUS,claudecode_agent,full,instances[1].counts,medium,unsupported claim,`counts: 1600000000` renders the website's '1.6 Billion Rows of EHR OMOP data' as an exact integer. The source states a rounded magnitude; emitting a precise count asserts a precision the bundle does 
2026-08-20b_claude-opus-5-api-generic-v5_rep3,CHORUS,claudecode_agent,core,instances[1].counts,medium,other,Identical over-precision: '1.6 Billion' rendered as 1600000000.
2026-08-20b_claude-opus-5-api-generic-v5_rep3,CHORUS,claudecode_agent,full,instances[0].counts,medium,other,"`counts: 50000` for the admission instance takes the tier-2 website figure, which is correct under the ranking rule, but the count is attached to an Instance object carrying no caveat; the disagreemen"
2026-08-20b_claude-opus-5-api-generic-v5_rep3,CHORUS,claudecode_agent,full,conforms_to_standard,medium,other,"`OTHER` is emitted without any indication of which standard it stands for. The bundle names OHNLP, EDF+ and Persyst as additional schemas; a single unqualified `OTHER` collapses three distinct standar"
2026-08-20b_claude-opus-5-api-generic-v5_rep3,CHORUS,claudecode_agent,core,conforms_to_standard,medium,other,Identical defect: unqualified `OTHER` standing for three distinct unlisted standards.
2026-08-20b_claude-opus-5-api-generic-v5_rep3,CHORUS,claudecode_agent,core,notes,medium,missing supported information,The core `notes` appends a sentence absent from the full record's `notes`: 'A sequestered holdout portion of the dataset is provisioned for external validation of AI-developed models rather than for m
2026-08-20b_claude-opus-5-api-generic-v5_rep3,CHORUS,claudecode_agent,core,subsets,medium,other,"The full record's `subsets` entry (the CHoRUS holdout test set, `is_data_split: true`) is dropped from the core record without the information being carried into a structured core slot; it is demoted "
2026-08-20b_claude-opus-5-api-generic-v5_rep3,CHORUS,claudecode_agent,core,splits,medium,other,The full record's `splits` entry describing the sequestered holdout is dropped entirely from the core record; the holdout/development partition is a substantive fact the bundle supports and the core s
2026-08-20b_claude-opus-5-api-generic-v5_rep3,CHORUS,claudecode_agent,core,direct_collection,medium,other,The full record's `direct_collection` object (`is_direct: false`) is dropped and its content folded as prose into `acquisition_methods[0].acquisition_details`. The boolean assertion that collection wa
2026-08-20b_claude-opus-5-api-generic-v5_rep3,CHORUS,claudecode_agent,core,third_party_sharing,medium,missing supported information,"The full record's `third_party_sharing` (`is_shared: true` with distribution detail) is dropped from the core record with no equivalent. The bundle clearly supports it (controlled external access, lic"
2026-08-20b_claude-opus-5-api-generic-v5_rep3,CHORUS,claudecode_agent,core,participant_privacy,medium,other,"The full record's `participant_privacy` object (anonymization_method, reidentification_risk, data_linkage) is dropped from the core record. Its content is only partially recoverable from `is_deidentif"
2026-08-20b_claude-opus-5-api-generic-v5_rep3,CHORUS,claudecode_agent,full,created_by,low,other,'CHoRUS Consortium' is asserted as the entity primarily responsible for creating the resource. The bundle uses 'CHoRUS Consortium' as a website heading and mentions '60+ CHoRUS consortium members'; it
2026-08-20b_claude-opus-5-api-generic-v5_rep3,CHORUS,claudecode_agent,full,status,low,inconsistent identifier/count,"The value is a multi-sentence narrative about release state. The slot description gives examples of short controlled-vocabulary-like values ('draft, published, deprecated'). Prose here is not a schema"
2026-08-20b_claude-opus-5-api-generic-v5_rep3,CHORUS,claudecode_agent,core,status,low,other,"Same narrative-prose value as the full record, duplicating `description` and `updates` content."
2026-08-20b_claude-opus-5-api-generic-v5_rep3,CHORUS,claudecode_agent,full,maintainers[2],low,other,The third Maintainer object describes the GitHub organization and its 28 repositories rather than naming an individual or organization responsible for maintenance. This is repository/external-resource
2026-08-20b_claude-opus-5-api-generic-v5_rep3,CHORUS,claudecode_agent,core,maintainers[2],low,other,"Identical defect: GitHub organization description occupying a Maintainer object, duplicating `external_resources`."
2026-08-20b_claude-opus-5-api-generic-v5_rep3,CHORUS,claudecode_agent,full,maintainers[1],low,other,"The Maintainer object collapses two distinct contacts (dbold@emory.edu at Emory University and jared.houghtaling@tuftsmedicine.org at Tufts Medicine) into a single object, contrary to the v2 rule requ"
2026-08-20b_claude-opus-5-api-generic-v5_rep3,CHORUS,claudecode_agent,core,maintainers[1],low,other,Identical collapsing of two distinct maintainer contacts into one object.
2026-08-20b_claude-opus-5-api-generic-v5_rep3,CHORUS,claudecode_agent,full,known_biases,low,other,"Only `selection_bias` is recorded. The bundle repeatedly foregrounds bias management, social determinants of health, and 'balanced and diverse cohort' sampling; the single object is defensible, but `r"
2026-08-20b_claude-opus-5-api-generic-v5_rep3,CHORUS,claudecode_agent,full,"instances[2..7,11]",low,inconsistent identifier/count,"Several Instance objects (demographics, diagnoses, procedures, nursing flowsheets, medication administration, SDoH) carry no `counts` and no `data_substrate`, and repeat `B2AI_TOPIC:4` for three disti"
2026-08-20b_claude-opus-5-api-generic-v5_rep3,CHORUS,claudecode_agent,core,"instances[2..7,11]",low,other,"Identical repeated use of `B2AI_TOPIC:4` as a catch-all across procedures, nursing flowsheets and admissions."
2026-08-20b_claude-opus-5-api-generic-v5_rep3,CHORUS,claudecode_agent,full,license,low,missing supported information,"The `license` slot is omitted while `ip_restrictions.restrictions` states the MIT License for software. Omission is defensible (the data are not MIT-licensed) and the caveat explains it, but a reader "
2026-08-20b_claude-opus-5-api-generic-v5_rep3,CHORUS,claudecode_agent,full,distribution_dates[0].release_dates,low,inconsistent identifier/count,"The value contains an en-dash ('August–September 2025') and mixes a vague window with a specific program-start date (2025-11-17). The program start date is the AIM-AHEAD training cohort start, which i"
2026-08-20b_claude-opus-5-api-generic-v5_rep3,CHORUS,claudecode_agent,core,distribution_dates[0].release_dates,low,inconsistent identifier/count,Identical conflation of the AIM-AHEAD Cohort 2 program start date with a dataset distribution date.
2026-08-20b_claude-opus-5-api-generic-v5_rep3,CHORUS,claudecode_agent,full,source_caveats,low,other,"The caveat states the program manager email 'appears to contain a typographical error in the domain' (cmccrary@mgh.havard.edu). Observing the anomaly is appropriate, but the same string is then reprod"
2026-08-20b_claude-opus-5-api-generic-v5_rep3,CHORUS,claudecode_agent,full,at_risk_populations,low,unsupported claim,`at_risk_groups_included: true` is inferred from the presence of PICU and NICU admissions. The bundle states the cohort includes PICU/NICU admissions but never characterizes any population as at-risk 
2026-08-20b_claude-opus-5-api-generic-v5_rep3,CHORUS,claudecode_agent,core,at_risk_populations,low,unsupported claim,Identical inference of `at_risk_groups_included: true` from PICU/NICU presence alone.
2026-08-20b_claude-opus-5-api-generic-v5_rep3,CHORUS,claudecode_agent,full,human_subject_research.involves_human_subjects,low,unsupported claim,`true` is inferred rather than attested. The bundle never uses the phrase 'human subjects research' about the dataset and records no IRB approval; the record correctly omits `irb_approval` and `ethics
2026-08-20b_claude-opus-5-api-generic-v5_rep3,CHORUS,claudecode_agent,full,external_resources[3],low,missing supported information,"Two distinct external resources (the Bridge2AI CHoRUS program page and the AIM-AHEAD call for applications) are collapsed into a single ExternalResource object, contrary to the one-object-per-entity r"
2026-08-20b_claude-opus-5-api-generic-v5_rep3,CHORUS,claudecode_agent,core,external_resources[3],low,other,Identical collapsing of two distinct external resources into one object.
2026-08-20b_claude-opus-5-api-generic-v5_rep3,CHORUS,claudecode_agent,full,notes,low,other,The banner text is quoted with its source misspelling ('repoitory') but without an explicit marker that the misspelling is the source's; a reader cannot distinguish transcription fidelity from a trans
2026-08-20b_claude-opus-5-api-generic-v5_rep3,CHORUS,claudecode_agent,full,description,low,dataset/release/temporal scope error,"The description mixes American and British/mixed spellings inconsistently with the v5 American-English rule in adjacent slots: 'standardized' and 'characterizing' are American, but the record elsewher"
2026-08-20b_claude-opus-5-api-generic-v5_rep3,CM4AI,claudecode_agent,core,distributions,high,unsupported claim,The slot `distributions` is not present in the supplied CoreDataset/Dataset slot inventory. The digest declares `distribution_formats` (DistributionFormat[]) and `file_collections` (FileCollection[]) 
2026-08-20b_claude-opus-5-api-generic-v5_rep3,CM4AI,claudecode_agent,core,distributions[*].compression,high,other,"Compression is declared per-object only on FileCollection/DataSubset/Dataset, not on the undeclared `distributions` objects; carried here as part of an unschema'd structure."
2026-08-20b_claude-opus-5-api-generic-v5_rep3,CM4AI,claudecode_agent,core,file_collections,medium,inconsistent identifier/count,"The full record populates `file_collections` with ten FileCollection objects carrying declared keys (`id`, `path`, `collection_type`, `compression`, `issued`, `description`). The core record drops `fi"
2026-08-20b_claude-opus-5-api-generic-v5_rep3,CM4AI,claudecode_agent,core,sampling_strategies[0].source_data,medium,missing supported information,Content new to the core record: 'No data were collected from individuals. All measurements derive from two established human cell lines...'. In the full record this material is carried by `direct_coll
2026-08-20b_claude-opus-5-api-generic-v5_rep3,CM4AI,claudecode_agent,core,notes,medium,other,"Content new to the core record: the full release citation string is appended to `notes` with the preamble 'Release citation, for which the core schema declares no dedicated slot'. The full record carr"
2026-08-20b_claude-opus-5-api-generic-v5_rep3,CM4AI,claudecode_agent,core,source_caveats,medium,inconsistent identifier/count,Core adds caveat (12) about distribution sizes being transcribed as human-readable values with no exact byte counts asserted; this caveat does not appear in the full record. Core states content the fu
2026-08-20b_claude-opus-5-api-generic-v5_rep3,CM4AI,claudecode_agent,full,total_size_bytes,medium,missing supported information,"Omitted while `total_file_count: 10` is populated. The bundle supplies per-file human-readable sizes only (e.g. '3.8 GB', '113.3 KB'), not byte counts, so omission is defensible; flagged only because "
2026-08-20b_claude-opus-5-api-generic-v5_rep3,CM4AI,claudecode_agent,both,creators[*],medium,missing supported information,Creator objects carry `id` (ORCID CURIE) and `affiliations` but no `name` on any of the 37 entries. The bundle states each author's name explicitly in the release citation and author list. The Creator
2026-08-20b_claude-opus-5-api-generic-v5_rep3,CM4AI,claudecode_agent,both,creators[36].principal_investigator,medium,inconsistent identifier/count,"The `principal_investigator` key is nested inside the Creator object for Trey Ideker with the same ORCID as that Creator's own `id`, producing a self-referential Person. The bundle supports Ideker as "
2026-08-20b_claude-opus-5-api-generic-v5_rep3,CM4AI,claudecode_agent,both,publisher,medium,unsupported claim,`publisher` is set to ROR:0153tk833. No source in the bundle states a ROR identifier for the University of Virginia as such; the string 'https://ror.org/0153tk833' appears in the June 2026 Dataverse r
2026-08-20b_claude-opus-5-api-generic-v5_rep3,CM4AI,claudecode_agent,both,instances[0].counts,medium,unsupported claim,"counts: 53788 is attached to an Instance whose `instance_type` describes a four-channel image of MDA-MB-468 cells. The figure 53,788 is the cumulative CM4AI project-wide immunofluorescent image count "
2026-08-20b_claude-opus-5-api-generic-v5_rep3,CM4AI,claudecode_agent,both,instances[1].counts,medium,unsupported claim,"counts: 1374 is attached to an AP-MS bait-prey interaction Instance. The bundle gives 1,374 as the project-wide 'Protein Interactions' figure on cm4ai.org without apportioning it to AP-MS specifically"
2026-08-20b_claude-opus-5-api-generic-v5_rep3,CM4AI,claudecode_agent,both,ethical_reviews[0].reviewing_organization,medium,unsupported claim,'The Hastings Center' is asserted as the reviewing organization for Vardit Ravitsky. The bundle gives only an email domain (thehastingscenter.org) in the June 2026 record and lists the Hastings Center
2026-08-20b_claude-opus-5-api-generic-v5_rep3,CM4AI,claudecode_agent,both,ethical_reviews[1].reviewing_organization,medium,unsupported claim,'Simon Fraser University' is asserted as reviewing organization for Jean-Christophe Belisle-Pipon on the basis of the sfu.ca email domain. The bundle names him as an ethical review contact and separat
2026-08-20b_claude-opus-5-api-generic-v5_rep3,CM4AI,claudecode_agent,both,ethical_reviews[2].reviewing_organization,medium,other,'Cell Maps for Artificial Intelligence Ethics module' is placed in `reviewing_organization`. A project module is not an organization; the slot's declared sense is the body that conducted ethics review
2026-08-20b_claude-opus-5-api-generic-v5_rep3,CM4AI,claudecode_agent,both,data_governance.accountable_organization,medium,unsupported claim,"University of California San Diego is asserted as accountable organization. The record's own `source_caveats` states 'the sources do not use the phrase ""accountable organization"" themselves' and that "
2026-08-20b_claude-opus-5-api-generic-v5_rep3,CM4AI,claudecode_agent,both,created_on,medium,inconsistent identifier/count,"created_on is set to 2025-02-27T00:00:00Z, transcribed from the June 2026 Dataverse 'Data Creation Date' field. The same record gives Deposit Date 2025-02-27, and the dataset is described as covering "
2026-08-20b_claude-opus-5-api-generic-v5_rep3,CM4AI,claudecode_agent,both,last_updated_on,low,unsupported claim,"2026-07-15T00:00:00Z is derived from file-level publication dates on three image archives within version 2.0, which postdate the version publication date. This is disclosed in caveat (4), but the deri"
2026-08-20b_claude-opus-5-api-generic-v5_rep3,CM4AI,claudecode_agent,both,created_by,low,other,The value is a multi-clause descriptive sentence about the project and its NIH program membership rather than the name of a person or organization primarily responsible for creating the resource. Pros
2026-08-20b_claude-opus-5-api-generic-v5_rep3,CM4AI,claudecode_agent,both,status,low,inconsistent identifier/count,"Value 'published (beta, interim release)' packs three states into one string. The slot description gives examples of single-token states (draft, published, deprecated); the beta/interim qualification "
2026-08-20b_claude-opus-5-api-generic-v5_rep3,CM4AI,claudecode_agent,both,external_resources[3],low,other,The Nature 2025 U2OS cell-map publication is included as an external resource with a caveat noting it concerns a different cell line and is 'related methodology rather than ... documentation of this d
2026-08-20b_claude-opus-5-api-generic-v5_rep3,CM4AI,claudecode_agent,both,related_datasets[*].relationship_type,low,dataset/release/temporal scope error,"All four prior releases are typed `is_new_version_of`, which asserts that this deposit is a new version of each. The record's own `source_caveats` on the last entry concedes these are 'separate Datave"
2026-08-20b_claude-opus-5-api-generic-v5_rep3,CM4AI,claudecode_agent,both,related_datasets[*].description,low,other,"DatasetRelationship objects carry `target_dataset` and `description` but no `name` or `title` for the target, even though the bundle states each release's full title. Descriptive prose is used where d"
2026-08-20b_claude-opus-5-api-generic-v5_rep3,CM4AI,claudecode_agent,both,funders[0].grants,low,inconsistent identifier/count,"Grant objects carry only `name` holding an award number (1OT2OD032742-01, 5U54HG012513-02). The bundle also supplies, for OT2OD032742, the award amount (5,289,382), project start (2022-09-01), project"
2026-08-20b_claude-opus-5-api-generic-v5_rep3,CM4AI,claudecode_agent,both,conforms_to_standard,low,dataset/release/temporal scope error,RO_CRATE is asserted at dataset level. The bundle supports RO-Crate packaging for the metadata package and for the FAIRSCAPE-generated provenance packages; the released ZIP archives of images and mass
2026-08-20b_claude-opus-5-api-generic-v5_rep3,CM4AI,claudecode_agent,both,maintainers[*],low,inconsistent identifier/count,"Maintainer objects place person and organization names inside free-text `maintainer_details` prose (e.g. 'Trey Ideker, University of California San Diego, is the designated point of contact...'), whil"
2026-08-20b_claude-opus-5-api-generic-v5_rep3,CM4AI,claudecode_agent,both,data_collectors[*],low,missing supported information,"Laboratory heads and institutions are named inside `collector_details` prose while the object's `name`/`id` fields are left empty, so no collector is machine-identifiable despite the bundle naming Kro"
2026-08-20b_claude-opus-5-api-generic-v5_rep3,CM4AI,claudecode_agent,both,raw_sources,low,other,"Six RawData objects each describe a MassIVE, SRA or Figshare deposit in `raw_data_details` prose but leave `access_url` unpopulated on all six, even though the range declares that key and the bundle n"
2026-08-20b_claude-opus-5-api-generic-v5_rep3,CM4AI,claudecode_agent,both,raw_data_sources[*].access_details,low,inconsistent identifier/count,"Access routes are given as prose ('Available from the American Type Culture Collection (ATCC)') with no identifier; the bundle supplies RRIDs (CVCL_0419, CVCL_B5P3) which are placed in `source_descrip"
2026-08-20b_claude-opus-5-api-generic-v5_rep3,CM4AI,claudecode_agent,both,keywords,low,other,"The keyword list is transcribed from the Dataverse record but drops the ontology term URIs the bundle attaches to most keywords (e.g. NCIT_C16309 for 'AI', CHEBI_45863 for 'paclitaxel', CL_0000746 for"
2026-08-20b_claude-opus-5-api-generic-v5_rep3,CM4AI,claudecode_agent,both,collection_timeframes[0],low,inconsistent identifier/count,`start_date` and `end_date` are unpopulated although the object range declares both and the bundle states project start 2022-09-01 and project end 2026-08-31 (NIH RePORTER) plus a project completion o
2026-08-20b_claude-opus-5-api-generic-v5_rep3,CM4AI,claudecode_agent,both,compression,low,dataset/release/temporal scope error,"Dataset-level `compression: zip` is asserted, but the bundle also lists non-archive release artifacts in earlier releases (JSON RO-Crate metadata files, HTML datasheets and provenance graphs) and the "
2026-08-20b_claude-opus-5-api-generic-v5_rep3,CM4AI,claudecode_agent,both,instances[*].sampling_strategies,low,other,"Instance objects declare a `sampling_strategies` key but none is populated, while dataset-level `sampling_strategies` describes two distinct sampling axes (molecular panel selection vs. cellular backg"
2026-08-20b_claude-opus-5-api-generic-v5_rep3,CM4AI,claudecode_agent,full,relationships[0].relationship_details,low,other,"Single Relationships object bundles two structurally distinct relationship kinds into one prose value: cross-modality keying by protein/gene identity, and within-modality bait-prey and co-elution edge"
2026-08-20b_claude-opus-5-api-generic-v5_rep3,CM4AI,claudecode_agent,core,relationships,low,missing supported information,Omitted from the core record although present in the full record and supported by the bundle (protein/gene keying across modalities; bait-prey and co-elution edges). If `relationships` exists in CoreD
2026-08-20b_claude-opus-5-api-generic-v5_rep3,CM4AI,claudecode_agent,core,direct_collection,low,missing supported information,"Omitted from the core record although present in the full record with is_direct: false and supported by the bundle. Its substance was relocated into `sampling_strategies[0].source_data`, which is a di"
2026-08-20b_claude-opus-5-api-generic-v5_rep3,CM4AI,claudecode_agent,core,third_party_sharing,low,missing supported information,"Omitted from the core record although present in the full record (is_shared: true, with MassIVE/NCBI/Figshare deposits and embargo note) and clearly supported by the bundle's External Data Links secti"
2026-08-20b_claude-opus-5-api-generic-v5_rep3,CM4AI,claudecode_agent,core,citation,low,missing supported information,"Omitted as a slot; the citation string is instead placed inside `notes`. If CoreDataset declares `citation` this is a misplacement; if it does not, the accompanying meta-commentary about schema covera"
2026-08-20b_claude-opus-5-api-generic-v5_rep3,CM4AI,claudecode_agent,core,total_file_count,low,missing supported information,Omitted from the core record although present in the full record (10) and directly countable from the June 2026 file table.
2026-08-20b_claude-opus-5-api-generic-v5_rep3,CM4AI,claudecode_agent,both,id,info,inconsistent identifier/count,`id` uses the CURIE form doi:10.18130/V3/HIGT4C while the string-ranged `doi` slot correctly carries the bare 10.18130/V3/HIGT4C. Consistent with the digest's guidance; noted for completeness.
2026-08-20b_claude-opus-5-api-generic-v5_rep3,CM4AI,claudecode_agent,both,file_collections[*].id / related_datasets[*].target_dataset,info,inconsistent identifier/count,"Internal file-collection identifiers are minted as fragments on the dataset DOI (doi:10.18130/V3/HIGT4C#apms-...), and related-dataset targets use attested DOIs in CURIE form. Both conform to the mint"
2026-08-20b_claude-opus-5-api-generic-v5_rep3,VOICE,claudecode_agent,core,distributions,high,unsupported claim,"The slot `distributions` is not present in the supplied CoreDataset/Dataset slot inventory, and neither are the keys used inside it (`path`, `format`, `media_type`, `conforms_to` at object level). Thi"
2026-08-20b_claude-opus-5-api-generic-v5_rep3,VOICE,claudecode_agent,core,distributions[0].format / distributions[3].format,high,other,Values `JSON` and `TSV` are asserted as enum-like tokens for an enum (`format`) that the supplied digest never defines. Additionally the accompanying `source_caveats` explicitly admits the value is wr
2026-08-20b_claude-opus-5-api-generic-v5_rep3,VOICE,claudecode_agent,core,resources,high,inconsistent identifier/count,"`resources` has declared range Dataset, whose only required key is `id`, but the five cohort objects here carry only `id`, `name`, `description`. In the full record these same five cohorts are correct"
2026-08-20b_claude-opus-5-api-generic-v5_rep3,VOICE,claudecode_agent,core,subsets,high,unsupported claim,Omission the bundle clearly supports and the full record carries: the five disease/control cohorts are documented as composition subsets with explicit inclusion/exclusion criteria (project documentati
2026-08-20b_claude-opus-5-api-generic-v5_rep3,VOICE,claudecode_agent,core,at_risk_populations.assent_procedures / at_risk_populations.guardian_consent,medium,other,"Content stated in the core record that the full record does not state. The core adds guardian consent and assent detail (one-or-both parents, verbal assent, no assent sought under age seven). The clai"
2026-08-20b_claude-opus-5-api-generic-v5_rep3,VOICE,claudecode_agent,core,is_deidentified.identifiers_removed,medium,inconsistent identifier/count,Content stated in the core record that the full record does not state as a structured list. The full record has only `method` and `deidentification_details`; the core adds a populated `identifiers_rem
2026-08-20b_claude-opus-5-api-generic-v5_rep3,VOICE,claudecode_agent,core,annotation_analyses,medium,unsupported claim,Content stated in the core record that the full record does not state. `annotation_analyses` is present in both slot inventories but populated only in core. The substance (no IAA computed; single labe
2026-08-20b_claude-opus-5-api-generic-v5_rep3,VOICE,claudecode_agent,core,other_tasks,medium,dataset/release/temporal scope error,Content stated in the core record that the full record does not state. The full record has no `other_tasks`. The claim itself is weakly supported: the bundle documents planned future releases (additio
2026-08-20b_claude-opus-5-api-generic-v5_rep3,VOICE,claudecode_agent,core,raw_sources,medium,other,Content stated in the core record that the full record does not state. `raw_sources` (range RawData) is populated only in core; the full record carries the equivalent information in `raw_data_sources`
2026-08-20b_claude-opus-5-api-generic-v5_rep3,VOICE,claudecode_agent,full,publisher,medium,missing supported information,"`publisher` is declared `uriorcurie` and is populated with `RRID:SCR_007345`. That RRID identifies PhysioNet as a *resource/registry entry*, taken from the PhysioNet citation block where it appears as"
2026-08-20b_claude-opus-5-api-generic-v5_rep3,VOICE,claudecode_agent,core,publisher,medium,other,"Same defect as the full record: `RRID:SCR_007345` used in a `uriorcurie` publisher slot, derived from a citation string rather than from any statement of publisher identity."
2026-08-20b_claude-opus-5-api-generic-v5_rep3,VOICE,claudecode_agent,both,conforms_to / conforms_to_standard,medium,dataset/release/temporal scope error,BIDS is asserted as the standard the dataset's own content follows. The bundle states that raw audio files and questionnaire data 'were converted to be compliant with the Brain Imaging Data Structure 
2026-08-20b_claude-opus-5-api-generic-v5_rep3,VOICE,claudecode_agent,full,instances[1].data_substrate,medium,missing supported information,"`B2AI_SUBSTRATE:30` (Parquet) is used for the recording-level instance. The instance is 'Audio recording of a single acoustic task, represented by derived features'; Parquet is the container format of"
2026-08-20b_claude-opus-5-api-generic-v5_rep3,VOICE,claudecode_agent,core,data_substrate (instances[1]),low,inconsistent identifier/count,Duplicates the full record's `B2AI_SUBSTRATE:30` choice for the recording instance; see the full-record finding.
2026-08-20b_claude-opus-5-api-generic-v5_rep3,VOICE,claudecode_agent,both,at_risk_populations.at_risk_groups_included,medium,unsupported claim,"Asserted `false`. The dataset demonstrably enrolls adults with mild cognitive impairment, Alzheimer's disease and other dementias, and with psychiatric diagnoses including schizophrenia and bipolar di"
2026-08-20b_claude-opus-5-api-generic-v5_rep3,VOICE,claudecode_agent,both,confidential_elements[0].confidential_elements_present,medium,unsupported claim,Asserted `false` with the gloss that the documentation 'states that the released dataset does not contain' privileged data. The bundle's actual text is a bare 'No' answer to the healthsheet question a
2026-08-20b_claude-opus-5-api-generic-v5_rep3,VOICE,claudecode_agent,both,known_limitations (missing pediatric-scope entry),medium,dataset/release/temporal scope error,"Internal inconsistency with the chosen referent. The record repeatedly states the pediatric cohort is 'released as a separate dataset', yet `known_limitations` never records the absence of the pediatr"
2026-08-20b_claude-opus-5-api-generic-v5_rep3,VOICE,claudecode_agent,both,description,low,unsupported claim,"States 'recruited across five sites in North America (United States and Canada)'. The bundle supports five recording sites and supports USA and Canada as collection countries, but does not state that "
2026-08-20b_claude-opus-5-api-generic-v5_rep3,VOICE,claudecode_agent,both,description,low,missing supported information,"States the consortium 'anticipates an eventual enrollment of 10,000 participants by 2027'. The bundle gives 'Enrollment Count (Anticipated by 2027): 10,000' inside the *version 2.0.0* study-metadata b"
2026-08-20b_claude-opus-5-api-generic-v5_rep3,VOICE,claudecode_agent,both,source_caveats,low,dataset/release/temporal scope error,"The caveat states the 61,937 figure is from 'the project documentation ... for version 3.0' and prefers PhysioNet per-feature counts. This is a reasonable resolution, but the two figures are not actua"
2026-08-20b_claude-opus-5-api-generic-v5_rep3,VOICE,claudecode_agent,full,creators,low,other,Sixteen Creator objects each carry a `principal_investigator` (range Person) even where the bundle describes the individual as a lead investigator or module lead rather than a principal investigator. 
2026-08-20b_claude-opus-5-api-generic-v5_rep3,VOICE,claudecode_agent,core,creators,low,other,Same defect as the full record: `principal_investigator` used as a generic person slot for fourteen individuals the bundle does not describe as principal investigators.
2026-08-20b_claude-opus-5-api-generic-v5_rep3,VOICE,claudecode_agent,both,creators[*].affiliations[*].name,low,other,Affiliation names are populated but no `id` is supplied for any Organization. This is correct under the evidence boundary (the bundle supplies no ROR identifiers and none may be inferred) and is noted
2026-08-20b_claude-opus-5-api-generic-v5_rep3,VOICE,claudecode_agent,both,license,low,other,"`license` is declared `string` and holds 'Bridge2AI Voice Registered Access License', which matches the bundle exactly. Noted as conforming; no defect. Included for completeness because the paired `li"
2026-08-20b_claude-opus-5-api-generic-v5_rep3,VOICE,claudecode_agent,both,version_access.latest_version_doi,low,other,"`doi:10.13026/37yb-1t42` is given as the latest-version DOI. This is supported by the PhysioNet pages for versions 1.1, 3.0.0 and 3.1.0, all of which show it as 'DOI (latest version)'. Noted as confor"
2026-08-20b_claude-opus-5-api-generic-v5_rep3,VOICE,claudecode_agent,both,id,low,dataset/release/temporal scope error,"`doi:10.13026/8xbn-nq66` identifies version 3.1.0 specifically, while `version_access` presents the record as covering the version series. Using the version-specific DOI as the record `id` is defensib"
2026-08-20b_claude-opus-5-api-generic-v5_rep3,VOICE,claudecode_agent,both,collection_timeframes[0],low,other,`start_date` and `end_date` are omitted and only `timeframe_details` is populated. This is correct — the bundle gives no calendar bounds for the released collection — and the accompanying `source_cave
2026-08-20b_claude-opus-5-api-generic-v5_rep3,VOICE,claudecode_agent,both,data_governance.accountable_organization,low,inconsistent identifier/count,Organization object carries `name` but no `id`. Correct under the evidence boundary (no organisation identifier in the bundle). Noted as conforming.
2026-08-20b_claude-opus-5-api-generic-v5_rep3,VOICE,claudecode_agent,both,data_governance.committee_contact,low,missing supported information,Omission the bundle arguably supports: the bundle repeatedly gives DACO@b2ai-voice.org as the access-committee contact. That address is currently buried in `stewardship_roles` prose. `committee_contac
2026-08-20b_claude-opus-5-api-generic-v5_rep3,VOICE,claudecode_agent,both,download_url,low,missing supported information,"Omitted from both records. Defensible, since the PhysioNet files require credentialing and there is no direct data URL; the landing page is correctly in `page` and the Synapse route is in `distributio"
2026-08-20b_claude-opus-5-api-generic-v5_rep3,VOICE,claudecode_agent,both,language,low,other,"`language: en` is asserted at record level. The bundle supports English-only data collection, so this is grounded, but the slot description ('Language in which the information is expressed') is ambigu"
2026-08-22_claude-opus-5-api-generic-v5_rep1,AI_READI,claudecode_agent,core,distributions,high,unsupported claim,"The slot `distributions` is not in the supplied Dataset/CoreDataset slot inventory, and the object keys used (`path`, `format`, `media_type`, `bytes`, `conforms_to`, `conforms_to_standard`, `notes`) d"
2026-08-22_claude-opus-5-api-generic-v5_rep1,AI_READI,claudecode_agent,core,distributions[*].format,high,unsupported claim,"Values `TXT`, `CSV`, `JSON` are asserted against an enumeration the supplied digest does not define, and the record's own notes concede DICOM has no representation in that enumeration. Assigning `form"
2026-08-22_claude-opus-5-api-generic-v5_rep1,AI_READI,claudecode_agent,full,file_collections[*].conforms_to_standard,high,other,"`CDS` is used as an enum value in every file_collection (and at dataset level). The permitted values for `conforms_to_standard` per the digest are DICOM, BIDS, OMOP_CDM, WFDB, OPEN_MHEALTH, ESDS, CDS,"
2026-08-22_claude-opus-5-api-generic-v5_rep1,AI_READI,claudecode_agent,both,creators[0].id,medium,inconsistent identifier/count,"`https://aireadi.org/` is used as the identifier for the Creator object. The bundle attests this URL as the project website, not as an identifier for the AI-READI Consortium as an agent. No registry i"
2026-08-22_claude-opus-5-api-generic-v5_rep1,AI_READI,claudecode_agent,both,creators[0].affiliations,medium,unsupported claim,"Eight organizations are listed as affiliations of the single Creator object. The bundle attests these as the lead sponsor, collaborators and study sites of the study (study_description.json), not as a"
2026-08-22_claude-opus-5-api-generic-v5_rep1,AI_READI,claudecode_agent,both,funders[1].grants[*].id,medium,missing supported information,Identifiers `https://reporter.nih.gov/search/yatARMM-qUyKAhnQgsCTAQ/project-details/10885481#P30DK035816` and `...#UL1TR003096` are fragments minted on a URL that identifies a *different* award (OT2OD
2026-08-22_claude-opus-5-api-generic-v5_rep1,AI_READI,claudecode_agent,full,creators,medium,missing supported information,"`credit_roles` is omitted although the bundle supplies role information for the Nature Metabolism author groupings (Writing Committee, Principal Investigators, Research/Technical/Clinical Staff, Proje"
2026-08-22_claude-opus-5-api-generic-v5_rep1,AI_READI,claudecode_agent,full,existing_uses,medium,missing supported information,Omitted from the full record but present in the core record. The bundle supports it (healthsheet uses §1: 'Has the dataset been used for any tasks already?' → 'No'; FAIRhub API `cited: 0`). Core state
2026-08-22_claude-opus-5-api-generic-v5_rep1,AI_READI,claudecode_agent,full,use_repository,medium,missing supported information,Omitted from the full record but present in the core record. The bundle supports it (healthsheet uses §3: 'Is there a repository that links to any or all papers or systems that use the dataset?' → 'No
2026-08-22_claude-opus-5-api-generic-v5_rep1,AI_READI,claudecode_agent,full,other_tasks,medium,missing supported information,"Omitted from the full record but present in the core record. Core asserts reuse of the CDS specification and FAIRhub platform as an additional supported task, drawing on Nature Metabolism and the heal"
2026-08-22_claude-opus-5-api-generic-v5_rep1,AI_READI,claudecode_agent,full,data_protection_impacts,medium,missing supported information,"Omitted from the full record but present in the core record. The bundle supports it directly (healthsheet collection §12: 'No, a data protection impact analysis has not been conducted'). Core states c"
2026-08-22_claude-opus-5-api-generic-v5_rep1,AI_READI,claudecode_agent,full,extension_mechanism,medium,missing supported information,"Omitted from the full record but present in the core record. The bundle supports it (healthsheet maintenance §7: 'No, currently there is no mechanism for others to extend or augment the AI-READI datas"
2026-08-22_claude-opus-5-api-generic-v5_rep1,AI_READI,claudecode_agent,full,labeling_strategies,medium,missing supported information,"Omitted from the full record but present in the core record. The bundle supports it (healthsheet labeling section, all items answered N/A with the rationale that the dataset is hypothesis-agnostic; RO"
2026-08-22_claude-opus-5-api-generic-v5_rep1,AI_READI,claudecode_agent,full,regulatory_restrictions.confidentiality_level,medium,missing supported information,"Omitted from the full record but populated as `restricted` in the core record, with a core note explaining the mapping from the RO-Crate's 'HL7:2N (normal)'. Core states content the full record does n"
2026-08-22_claude-opus-5-api-generic-v5_rep1,AI_READI,claudecode_agent,full,citation,medium,unsupported claim,The full record's `citation` gives a formatted citation. The core record drops `citation` entirely and relocates the same text into `notes`. This is an inconsistency between the paired records: the co
2026-08-22_claude-opus-5-api-generic-v5_rep1,AI_READI,claudecode_agent,core,informed_consent[0].withdrawal_mechanism,medium,other,The withdrawal_mechanism value has notification content appended ('Participants were notified of the data collection in advance: every individual was aware of it...'). This belongs to `collection_noti
2026-08-22_claude-opus-5-api-generic-v5_rep1,AI_READI,claudecode_agent,core,is_deidentified.deidentification_details,medium,missing supported information,"Participant-privacy content (participant identifier scheme, re-identification risk, watermarking, dissemination controls) has been folded into deidentification_details because `participant_privacy` wa"
2026-08-22_claude-opus-5-api-generic-v5_rep1,AI_READI,claudecode_agent,core,notes,medium,other,"Participant compensation content ('a 200 US dollar stipend for the study visit, paid after final data receipt and device return...') is placed in free-text `notes`. The full record carries this in `pa"
2026-08-22_claude-opus-5-api-generic-v5_rep1,AI_READI,claudecode_agent,both,id,low,inconsistent identifier/count,"`doi:10.60775/fairhub.3` is used as the record id, and subset/file_collection ids are minted as fragments on it (`doi:10.60775/fairhub.3#training-split`). A `doi:` CURIE does not admit a fragment comp"
2026-08-22_claude-opus-5-api-generic-v5_rep1,AI_READI,claudecode_agent,full,publisher,low,inconsistent identifier/count,Declared range is `uriorcurie`. Value `https://fairhub.io/` is a website URL rather than an identifier for the publishing organization. The bundle states `publisherName: FAIRhub` with no registry iden
2026-08-22_claude-opus-5-api-generic-v5_rep1,AI_READI,claudecode_agent,both,related_datasets[*].target_dataset,low,inconsistent identifier/count,"Mixed identifier forms in one multivalued slot: `doi:10.60775/fairhub.2`, `doi:10.1038/s42255-024-01165-x` (CURIEs) alongside `https://docs.aireadi.org/` and `https://aireadi.org/` (URLs). The URLs na"
2026-08-22_claude-opus-5-api-generic-v5_rep1,AI_READI,claudecode_agent,full,instances[0].data_substrate,low,missing supported information,"`data_substrate` omitted while `data_topic` is populated. The bundle amply supports substrate terms for a multimodal dataset (DICOM=11, Waveform Data=49, Time-series data=69, Physiological data=70, He"
2026-08-22_claude-opus-5-api-generic-v5_rep1,AI_READI,claudecode_agent,full,instances[0].data_topic,low,other,"A single topic `B2AI_TOPIC:43` (Diabetes) is chosen for a dataset the bundle describes as spanning ophthalmic imaging (24), waveform/EKG (37/10), mHealth (18), glucose monitoring (38), activity monito"
2026-08-22_claude-opus-5-api-generic-v5_rep1,AI_READI,claudecode_agent,full,subsets,low,unsupported claim,"Three DataSubset objects are populated with only `id`, `name`, `description`, `is_data_split`, `is_subpopulation`. The demographic composition of each split (counts by race/ethnicity, sex, diabetes st"
2026-08-22_claude-opus-5-api-generic-v5_rep1,AI_READI,claudecode_agent,full,distribution_formats[*].format,low,inconsistent identifier/count,"Values `DICOM`, `CSV`, `JSON`, `Markdown` are free strings on a DistributionFormat object whose `format` range the digest does not constrain, so this is shape-valid; but the same concepts are given as"
2026-08-22_claude-opus-5-api-generic-v5_rep1,AI_READI,claudecode_agent,core,distribution_formats[3],low,other,A DistributionFormat object is emitted carrying only a `notes` value explaining that DICOM cannot be expressed in the enumeration. This populates a multivalued slot with an object that names no format
2026-08-22_claude-opus-5-api-generic-v5_rep1,AI_READI,claudecode_agent,full,variables[*],low,other,"`variables` lists 33 VariableMetadata objects, but the bundle's Table 2 enumerates roughly 40 laboratory analytes with units and reference ranges, and the environmental sensor records 11 named multi-s"
2026-08-22_claude-opus-5-api-generic-v5_rep1,AI_READI,claudecode_agent,full,keywords,low,other,"The keyword list merges the seven FAIRhub dataset subjects with two study-level keywords ('Data Sharing', 'Exploratory Data Collection') drawn from study_description.json. The bundle distinguishes dat"
2026-08-22_claude-opus-5-api-generic-v5_rep1,AI_READI,claudecode_agent,both,license,low,missing supported information,"Value is a prose composite: 'AI-READI custom license v2.0 (AI-READI Data License Agreement, Version 2.0)'. The bundle gives `rightsName: AI-READI custom license v2.0` with `rightsURI: https://doi.org/"
2026-08-22_claude-opus-5-api-generic-v5_rep1,AI_READI,claudecode_agent,full,notes,low,other,The `notes` slot carries substantial content that has structured homes elsewhere in the schema: return-of-results procedures and incidental-finding referral pathways are dataset-adjacent study procedu
2026-08-22_claude-opus-5-api-generic-v5_rep1,AI_READI,claudecode_agent,both,source_caveats,low,inconsistent identifier/count,"Item (12) states the per-directory sizes sum to 3,815,969,360,064 bytes and 356,334 files. Summing the nine directory sizes in the bundle's structure description gives 3,815,969,283,564 and the file c"
2026-08-22_claude-opus-5-api-generic-v5_rep1,AI_READI,claudecode_agent,full,total_size_bytes,low,other,"3815969779678 is taken from the FAIRhub API `size` field, which is correct and attested. However the record simultaneously asserts in source_caveats that the directory sums differ, without resolving w"
2026-08-22_claude-opus-5-api-generic-v5_rep1,AI_READI,claudecode_agent,core,conforms_to_class,low,other,"Set to `CoreDataset`, which is correct per the digest. Noting for completeness that the full record sets `Dataset`; these are consistent."
2026-08-22_claude-opus-5-api-generic-v5_rep1,AI_READI,claudecode_agent,both,collection_timeframes[1],low,missing supported information,"The second CollectionTimeframe object populates only `timeframe_details` and `source_caveats`, leaving `start_date`/`end_date` empty although the prose names 2022-09-01, 2023-07-18, 2023-11-30, 2023-1"
2026-08-22_claude-opus-5-api-generic-v5_rep1,AI_READI,claudecode_agent,full,data_governance.committee_members,low,unsupported claim,"Omitted although the bundle names sixteen Principal Investigators with ORCIDs and affiliations in study_description.json `overallOfficialList`, and names four individuals as responsible for ethical re"
2026-08-22_claude-opus-5-api-generic-v5_rep1,AI_READI,claudecode_agent,both,at_risk_populations.special_protections,low,other,The value states inclusion/exclusion criteria rather than protections. The field asks what safeguards were applied to at-risk populations; the answer given is that such populations were excluded. That
2026-08-22_claude-opus-5-api-generic-v5_rep1,AI_READI,claudecode_agent,full,download_url,low,missing supported information,Omitted. The bundle supplies `conditionsOfAccess: https://fairhub.io/datasets/3/access` (RO-Crate) and the FAIRhub v3 page shows an 'Access this dataset' action. Whether an access-gated landing page q
2026-08-22b_claude-opus-5-api-generic-v5_rep1,AI_READI,claudecode_agent,core,distributions,high,unsupported claim,"The slot `distributions` does not exist in the supplied schema digest for the Dataset/CoreDataset class. The digest lists `distribution_formats` (DistributionFormat[]), `file_collections` (FileCollect"
2026-08-22b_claude-opus-5-api-generic-v5_rep1,AI_READI,claudecode_agent,core,distributions[].bytes / distributions[].path / distributions[].format,high,inconsistent identifier/count,"Consequence of the above: the byte counts (302931703, 176182781, 55625676514, 1069466876718, 1317625293027, 1155908809724, 174381046406, 38313536220, 4169006971) and directory paths are bundle-support"
2026-08-22b_claude-opus-5-api-generic-v5_rep1,AI_READI,claudecode_agent,core,total_file_count / total_size_bytes,high,missing supported information,Omission the bundle clearly supports and the full record populates. The FAIRhub API states `fileCount: 356343` and `size: 3815969779678`; the full record carries both as `total_file_count` and `total_
2026-08-22b_claude-opus-5-api-generic-v5_rep1,AI_READI,claudecode_agent,core,citation,medium,missing supported information,"Omission the bundle clearly supports. The RO-Crate `associatedPublication` gives the dataset citation verbatim; the full record populates `citation`. The core record moves this text into `notes` (""Rec"
2026-08-22b_claude-opus-5-api-generic-v5_rep1,AI_READI,claudecode_agent,core,subsets / splits,medium,missing supported information,"Omission the bundle clearly supports. The README publishes the full 70/15/15 split table with per-partition counts by race/ethnicity, sex, diabetes status and mean age; the full record represents this"
2026-08-22b_claude-opus-5-api-generic-v5_rep1,AI_READI,claudecode_agent,core,variables,medium,missing supported information,Omission the bundle clearly supports. The BMJ Open protocol tables 1–4 and the healthsheet device section supply named variables with units and reference ranges; the full record emits 35 VariableMetad
2026-08-22b_claude-opus-5-api-generic-v5_rep1,AI_READI,claudecode_agent,core,relationships,medium,inconsistent identifier/count,"Content relocated rather than represented. The full record carries a `Relationships` object stating that all instances belong to one project, that there is one visit per participant, and that records "
2026-08-22b_claude-opus-5-api-generic-v5_rep1,AI_READI,claudecode_agent,core,collection_consents / consent_revocations / collection_notifications,medium,missing supported information,"Three distinct declared slots in the full record are collapsed into `informed_consent[0]` in the core record. The notification narrative (personalized mailed and emailed invitations, REDCap interface,"
2026-08-22b_claude-opus-5-api-generic-v5_rep1,AI_READI,claudecode_agent,core,participant_privacy / participant_compensation,medium,other,"Omissions the bundle clearly supports and the full record populates. The healthsheet states a USD 200 participant stipend, transportation assistance, and the schedule of returned results; it also stat"
2026-08-22b_claude-opus-5-api-generic-v5_rep1,AI_READI,claudecode_agent,core,third_party_sharing,medium,missing supported information,Omission the bundle clearly supports. The license agreement §3.A and §3.C govern onward conveyance and third-party model vendors; the full record carries a `ThirdPartySharing` object with `is_shared: 
2026-08-22b_claude-opus-5-api-generic-v5_rep1,AI_READI,claudecode_agent,both,funders[0].grants[0].id,low,inconsistent identifier/count,`Grant.id` is declared `uriorcurie`. The value `https://reporter.nih.gov/project-details/10471118` is a resolver URL for an NIH project record. No prefix for NIH RePORTER project IDs is declared in th
2026-08-22b_claude-opus-5-api-generic-v5_rep1,AI_READI,claudecode_agent,both,creators[0].affiliations,low,unsupported claim,"Two Organization objects are listed under a single Creator to represent a source conflict (Washington University in St. Louis per FAIRhub, University of Washington per RO-Crate). This is a reasonable "
2026-08-22b_claude-opus-5-api-generic-v5_rep1,AI_READI,claudecode_agent,both,related_datasets[2].target_dataset,low,inconsistent identifier/count,"`target_dataset` is a required scalar on DatasetRelationship. The value is a prose sentence — ""FAIRhub dataset 4, the smaller mini-subset of AI-READI release 3.0.0 made available for pipeline developm"
2026-08-22b_claude-opus-5-api-generic-v5_rep1,AI_READI,claudecode_agent,both,related_datasets[0] / related_datasets[1],low,unsupported claim,"Two relationships (`is_new_version_of` and `replaces`) are asserted against the same target `10.60775/fairhub.2`. The bundle supports `is_new_version_of` directly (version list, changelog). `replaces`"
2026-08-22b_claude-opus-5-api-generic-v5_rep1,AI_READI,claudecode_agent,both,regulatory_restrictions.confidentiality_level,low,unsupported claim,"Value `restricted` is an inference, not a bundle statement. The RO-Crate states `HL7:2N (normal)` and FAIRhub states access type `PublicDownloadSelfAttestationRequired`. Neither maps to the enum term "
2026-08-22b_claude-opus-5-api-generic-v5_rep1,AI_READI,claudecode_agent,both,license_and_use_terms.data_use_permission,low,unsupported claim,"Value `disease_specific_research` is an inference from the access attestation (""Agreeing to use the data only for type 2 diabetes related research""). No source names a DUO-style permission code. The m"
2026-08-22b_claude-opus-5-api-generic-v5_rep1,AI_READI,claudecode_agent,both,human_subject_research.regulatory_compliance,low,inconsistent identifier/count,"The statement that the study ""is recorded as not regulated by the FDA as either a drug or a device study and as having no Data Monitoring Committee"" duplicates content also placed in `regulatory_restr"
2026-08-22b_claude-opus-5-api-generic-v5_rep1,AI_READI,claudecode_agent,both,sensitive_elements[1],low,missing supported information,"The second SensitiveElement object omits `sensitive_elements_present` while listing the controlled-access variables. Since these variables are explicitly absent from this release, leaving the boolean "
2026-08-22b_claude-opus-5-api-generic-v5_rep1,AI_READI,claudecode_agent,full,subsets[].id,low,inconsistent identifier/count,"Three minted fragment identifiers (`doi:10.60775/fairhub.3#split-train`, `#split-validation`, `#split-test`) and eleven in `file_collections[].id`. These label parts of this dataset with no external r"
2026-08-22b_claude-opus-5-api-generic-v5_rep1,AI_READI,claudecode_agent,both,at_risk_populations.at_risk_groups_included,low,other,"Set to `false`. The bundle supports this for the released cohort (no minors, no pregnant participants, no prisoners, consent capacity required). However `special_protections` then describes protection"
2026-08-22b_claude-opus-5-api-generic-v5_rep1,AI_READI,claudecode_agent,core,conforms_to_class,low,other,"Correctly set to `CoreDataset`, matching the digest's guidance. Noted only because `conforms_to_schema` in both records points at the full schema URI `https://w3id.org/bridge2ai/data-sheets-schema` wh"
2026-08-22b_claude-opus-5-api-generic-v5_rep1,AI_READI,claudecode_agent,both,instances[0].data_topic,low,other,"`B2AI_TOPIC:43` (Diabetes) is a defensible single choice, but the instance is multimodal and the vocabulary offers several equally applicable terms the record does not use (e.g. 24=Ophthalmic Imaging,"
2026-08-22b_claude-opus-5-api-generic-v5_rep1,AI_READI,claudecode_agent,both,known_biases[2].affected_subsets,low,inconsistent identifier/count,`affected_subsets` holds a prose sentence naming aggregate counts rather than references to the declared subset entities. In the full record three DataSubset objects with minted ids exist and could be
2026-08-22b_claude-opus-5-api-generic-v5_rep1,AI_READI,claudecode_agent,both,source_caveats,info,inconsistent identifier/count,"The record-level `source_caveats` correctly documents the Washington University in St. Louis / University of Washington conflict, the Equitable-vs-Exploratory title conflict, the 4000/4000+/4600 enrol"
2026-08-22b_claude-opus-5-api-generic-v5_rep1,AI_READI,claudecode_agent,both,conforms_to_standard,info,other,"All seven enum values used (CDS, WFDB, OMOP_CDM, ESDS, DICOM, OPEN_MHEALTH, RO_CRATE) are members of the permitted DataStandardEnum list in the digest, and each is independently attested in the FAIRhu"
2026-08-22b_claude-opus-5-api-generic-v5_rep1,AI_READI,claudecode_agent,both,issued,info,other,"`2025-11-17T00:00:00Z` carries the required UTC offset per the digest's RFC 3339 note. The date is attested by FAIRhub (`dateValue: 2025-11-17`, dateType Available) and the RO-Crate (`datePublished: 1"
2026-08-22b_claude-opus-5-api-generic-v5_rep1,AI_READI,claudecode_agent,core,header,info,other,"All fourteen required core header lines are present and verbatim, including `# Sources:` naming both the bundle and the phase-1 full record, and `# Phase 4 reconciliation: completed`. No defect."
2026-08-22c_claude-opus-5-api-generic-v5_rep1,AI_READI,claudecode_agent,full,conforms_to_standard,high,other,"The declared enum for `conforms_to_standard` permits only DICOM, BIDS, OMOP_CDM, WFDB, OPEN_MHEALTH, ESDS, CDS, RO_CRATE, FHIR, OTHER. The record emits `DICOM` at top level and inside several `file_co"
2026-08-22c_claude-opus-5-api-generic-v5_rep1,AI_READI,claudecode_agent,full,publisher,high,inconsistent identifier/count,"`publisher` is declared `uriorcurie`. The value `https://fairhub.io/` is a bare resolver URL for a publisher named in the DataCite record only as the string ""FAIRhub"". No prefix in the schema covers F"
2026-08-22c_claude-opus-5-api-generic-v5_rep1,AI_READI,claudecode_agent,full,creators[0].id,high,missing supported information,"`Creator.id` is `uriorcurie`. The value `https://aireadi.org/` is the project marketing website, minted by the record as a stand-in identifier for the organizational creator ""AI-READI Consortium"". The"
2026-08-22c_claude-opus-5-api-generic-v5_rep1,AI_READI,claudecode_agent,core,creators[0].id,high,inconsistent identifier/count,Same defect as the full record: `https://aireadi.org/` minted as an identifier for the AI-READI Consortium where the bundle supplies none.
2026-08-22c_claude-opus-5-api-generic-v5_rep1,AI_READI,claudecode_agent,full,funders[0].grants,high,inconsistent identifier/count,"`grants` has range `Grant[]`, and each Grant carries `id` of range `uriorcurie`. Both entries use NIH RePORTER search-and-project-details URLs as Grant identifiers. These URLs are attested in the bund"
2026-08-22c_claude-opus-5-api-generic-v5_rep1,AI_READI,claudecode_agent,core,funders[0].grants,high,inconsistent identifier/count,Same as full record: award number OT2OD032644 stated only in `notes`; Grant `id` values are RePORTER page URLs.
2026-08-22c_claude-opus-5-api-generic-v5_rep1,AI_READI,claudecode_agent,full,ethical_reviews[0].contact_person,medium,inconsistent identifier/count,"`contact_person` has range `Person`, whose `id` is `uriorcurie`. The value `mailto:hsdrely@uw.edu` is a mailto URI for a team mailbox (the ""IRB Reliance Team""), not a person. The RO-Crate gives this a"
2026-08-22c_claude-opus-5-api-generic-v5_rep1,AI_READI,claudecode_agent,core,ethical_reviews[0].contact_person,medium,other,Same defect as the full record: team mailbox `mailto:hsdrely@uw.edu` instantiated as a Person.
2026-08-22c_claude-opus-5-api-generic-v5_rep1,AI_READI,claudecode_agent,full,creators[0].source_caveats,medium,other,"`Creator` does not declare `source_caveats` in the object-range digest supplied (Creator accepts `affiliations`, `credit_roles`, `notes`, `principal_investigator`, `source_caveats`). Re-checking the d"
2026-08-22c_claude-opus-5-api-generic-v5_rep1,AI_READI,claudecode_agent,full,creators[0].affiliations,medium,inconsistent identifier/count,"Eight ROR CURIEs are asserted as affiliations of the single organizational creator ""AI-READI Consortium"". Seven of the eight ROR values (01yc7t268, 008s83205, 0168r3w48, 00za53h95, 009avj582, 00f54p05"
2026-08-22c_claude-opus-5-api-generic-v5_rep1,AI_READI,claudecode_agent,core,creators[0].affiliations,medium,inconsistent identifier/count,"Same as full record: `ROR:00cvxb145` is attested in the bundle only as a study-site location identifier, not as an organizational affiliation of the consortium."
2026-08-22c_claude-opus-5-api-generic-v5_rep1,AI_READI,claudecode_agent,full,known_biases[1].affected_subsets,medium,other,`affected_subsets` is multivalued. Both entries in the record pack several distinct affected groups into one semicolon-delimited string ('Populations outside the four recruited race/ethnicity categori
2026-08-22c_claude-opus-5-api-generic-v5_rep1,AI_READI,claudecode_agent,full,known_biases[2].affected_subsets,medium,other,Same collapsing defect: 'Hispanic participants; male participants; insulin-controlled participants' is one string where three list elements are called for.
2026-08-22c_claude-opus-5-api-generic-v5_rep1,AI_READI,claudecode_agent,core,known_biases[1].affected_subsets,medium,other,Same collapsing defect as the full record.
2026-08-22c_claude-opus-5-api-generic-v5_rep1,AI_READI,claudecode_agent,core,known_biases[2].affected_subsets,medium,other,Same collapsing defect as the full record.
2026-08-22c_claude-opus-5-api-generic-v5_rep1,AI_READI,claudecode_agent,full,human_subject_research.irb_approval,medium,inconsistent identifier/count,"`irb_approval` is multivalued but holds a single long prose block combining the protocol number, approval date, approval-letter URL, renewal cadence, reliance agreements and the FAIRhub review-status "
2026-08-22c_claude-opus-5-api-generic-v5_rep1,AI_READI,claudecode_agent,full,human_subject_research.regulatory_compliance,medium,other,"`regulatory_compliance` is multivalued but holds one prose block covering FDA status, DMC absence, HIPAA Safe Harbor, ClinicalTrials.gov registration and NIH GDS obligations — five separable complianc"
2026-08-22c_claude-opus-5-api-generic-v5_rep1,AI_READI,claudecode_agent,core,human_subject_research.irb_approval,medium,other,Same collapsing defect as the full record.
2026-08-22c_claude-opus-5-api-generic-v5_rep1,AI_READI,claudecode_agent,core,human_subject_research.regulatory_compliance,medium,other,Same collapsing defect as the full record.
2026-08-22c_claude-opus-5-api-generic-v5_rep1,AI_READI,claudecode_agent,full,data_governance.stewardship_roles,medium,other,"`stewardship_roles` is multivalued but holds a single paragraph naming at least five distinct stewardship roles (site data managers, site PIs, central project team, AI-READI team as maintainer, Washin"
2026-08-22c_claude-opus-5-api-generic-v5_rep1,AI_READI,claudecode_agent,core,data_governance.stewardship_roles,medium,other,Same collapsing defect as the full record.
2026-08-22c_claude-opus-5-api-generic-v5_rep1,AI_READI,claudecode_agent,full,at_risk_populations.special_protections,medium,other,"`special_protections` is multivalued but carries one paragraph combining the age floor, the pregnancy and gestational-diabetes exclusions, the type 1 diabetes exclusion, the consent-capacity requireme"
2026-08-22c_claude-opus-5-api-generic-v5_rep1,AI_READI,claudecode_agent,core,at_risk_populations.special_protections,medium,other,Same collapsing defect as the full record.
2026-08-22c_claude-opus-5-api-generic-v5_rep1,AI_READI,claudecode_agent,full,ip_restrictions.restrictions,medium,other,"`restrictions` is multivalued but holds a single paragraph combining title/ownership retention, the reserved-rights clause, the separate-license requirement for publishers exceeding five figures, the "
2026-08-22c_claude-opus-5-api-generic-v5_rep1,AI_READI,claudecode_agent,core,ip_restrictions.restrictions,medium,other,Same collapsing defect as the full record.
2026-08-22c_claude-opus-5-api-generic-v5_rep1,AI_READI,claudecode_agent,full,external_resources[9].external_resources,medium,other,"The final ExternalResource entry bundles three unrelated documents — the REDCap forms PDF, the IRB approval letter and the participant consent form — into a single object. Each is a distinct external "
2026-08-22c_claude-opus-5-api-generic-v5_rep1,AI_READI,claudecode_agent,core,external_resources[9].external_resources,medium,other,Same collapsing defect as the full record.
2026-08-22c_claude-opus-5-api-generic-v5_rep1,AI_READI,claudecode_agent,full,sampling_strategies[0].representative_verification,medium,missing supported information,`representative_verification` is multivalued and carries a single element whose content is a negation ('No representativeness verification was performed') followed by mitigating context. Recording an 
2026-08-22c_claude-opus-5-api-generic-v5_rep1,AI_READI,claudecode_agent,core,sampling_strategies[0].representative_verification,medium,other,Same as the full record.
2026-08-22c_claude-opus-5-api-generic-v5_rep1,AI_READI,claudecode_agent,full,license,low,dataset/release/temporal scope error,"`license` is a string slot and the value 'AI-READI Data License Agreement, Version 2.0' is supported. However the FAIRhub dataset pages label the license 'Health Data License' and the DataCite `rights"
2026-08-22c_claude-opus-5-api-generic-v5_rep1,AI_READI,claudecode_agent,core,license,low,other,Same as the full record.
2026-08-22c_claude-opus-5-api-generic-v5_rep1,AI_READI,claudecode_agent,full,file_collections[*].id,low,inconsistent identifier/count,The nine FileCollection identifiers are minted as fragments on `https://fairhub.io/datasets/3` (e.g. `#cardiac_ecg`). Fragment-on-an-attested-identifier is the sanctioned minting pattern and these nam
2026-08-22c_claude-opus-5-api-generic-v5_rep1,AI_READI,claudecode_agent,full,subsets[*].id,low,other,"Split subset identifiers minted as fragments on the FAIRhub dataset URL. The pattern is correct for labels internal to this record; no attested identifier exists for the splits, so this is compliant. "
2026-08-22c_claude-opus-5-api-generic-v5_rep1,AI_READI,claudecode_agent,full,instances[0].data_topic,low,missing supported information,"A single `data_topic` (`B2AI_TOPIC:43`, Diabetes) is asserted for an instance that the same object's `notes` describes as spanning survey, clinical, imaging, waveform, wearable and environmental modal"
2026-08-22c_claude-opus-5-api-generic-v5_rep1,AI_READI,claudecode_agent,core,instances[0].data_topic,low,other,Same as the full record.
2026-08-22c_claude-opus-5-api-generic-v5_rep1,AI_READI,claudecode_agent,full,is_deidentified.identifiers_removed,low,other,The clause 'stated in the Nature Metabolism comment to be in order to prevent stigmatization of findings' embeds source attribution inside a content field. Source commentary belongs in `source_caveats
2026-08-22c_claude-opus-5-api-generic-v5_rep1,AI_READI,claudecode_agent,core,is_deidentified.identifiers_removed,low,other,Same embedded source attribution as the full record.
2026-08-22c_claude-opus-5-api-generic-v5_rep1,AI_READI,claudecode_agent,full,known_biases[0].bias_description,low,other,'The BMJ Open protocol states explicitly that...' embeds source attribution in a content field.
2026-08-22c_claude-opus-5-api-generic-v5_rep1,AI_READI,claudecode_agent,core,known_biases[0].bias_description,low,other,Same embedded source attribution as the full record.
2026-08-22c_claude-opus-5-api-generic-v5_rep1,AI_READI,claudecode_agent,full,regulatory_restrictions.notes,low,other,"The note explains that HL7:2N was 'mapped here to restricted'. This is a defensible editorial decision, but HL7 2N denotes *normal* confidentiality, and the schema also offers `unrestricted`. The mapp"
2026-08-22c_claude-opus-5-api-generic-v5_rep1,AI_READI,claudecode_agent,core,regulatory_restrictions.notes,low,other,Same interpretive mapping as the full record.
2026-08-22c_claude-opus-5-api-generic-v5_rep1,AI_READI,claudecode_agent,full,license_and_use_terms.data_use_permission,low,other,`disease_specific_research` is a permitted enum value and is well supported by the access condition ('agree to use the data only for type 2 diabetes related research'). However the license simultaneou
2026-08-22c_claude-opus-5-api-generic-v5_rep1,AI_READI,claudecode_agent,full,distribution_dates[*].release_dates,low,dataset/release/temporal scope error,"`release_dates` values embed the version number and DOI inside the date string (e.g. '2024-05-03 (version 1.0.0, DOI 10.60775/fairhub.1)'). The DOI and version are content that belongs in structured s"
2026-08-22c_claude-opus-5-api-generic-v5_rep1,AI_READI,claudecode_agent,core,distribution_dates[*].release_dates,low,other,Same concatenation as the full record.
2026-08-22c_claude-opus-5-api-generic-v5_rep1,AI_READI,claudecode_agent,full,variables[1].notes,low,other,"The `Age` variable carries a `source_caveats` recording the FAIRhub-versus-BMJ disagreement about the 85-year ceiling, which is correct placement. But the same variable's `maximum_value: 85.0` is asse"
2026-08-22c_claude-opus-5-api-generic-v5_rep1,AI_READI,claudecode_agent,full,conforms_to_class,low,other,Correctly `Dataset`. No defect; recorded to confirm the paired records differ appropriately (core states `CoreDataset`).
2026-08-22c_claude-opus-5-api-generic-v5_rep1,AI_READI,claudecode_agent,core,distributions,low,inconsistent identifier/count,"Per-directory file counts (4,515; 7; 2,232; 7,969; 56,478; 173,721; 93,921; 15,245; 2,246) are carried inside `notes` prose because CoreDistribution declares no file-count field. The `source_caveats` "
2026-08-22c_claude-opus-5-api-generic-v5_rep1,AI_READI,claudecode_agent,core,notes,low,dataset/release/temporal scope error,"The core `notes` reproduces the full record's `notes` verbatim, including the FAIRhub view count (24,636) and citation count (0). These are platform telemetry captured at scrape time rather than durab"
2026-08-22c_claude-opus-5-api-generic-v5_rep1,AI_READI,claudecode_agent,full,notes,low,inconsistent identifier/count,Same telemetry concern: view and citation counts are point-in-time platform statistics.
2026-08-22c_claude-opus-5-api-generic-v5_rep1,CHORUS,claudecode_agent,full,creators,high,unsupported claim,"Five of six Creator objects (Bihorac, Jiang, Strekalova, Rashidi, Kwong) place the named individual in `principal_investigator`, a Person-ranged slot reserved for the PI. The bundle names only ROSENTH"
2026-08-22c_claude-opus-5-api-generic-v5_rep1,CHORUS,claudecode_agent,core,creators,high,other,"Same defect as the full record: five leadership-team members are encoded as `principal_investigator`, a role the bundle attributes only to Eric S. Rosenthal."
2026-08-22c_claude-opus-5-api-generic-v5_rep1,CHORUS,claudecode_agent,full,funders[0].grants[0].id,high,inconsistent identifier/count,"The Grant object carries only an `id` set to the NIH RePORTER URL, while the actual grant identifiers stated in the bundle (OT2OD032701, 1OT2OD032701-01, application ID 10472824, award amount 5880300,"
2026-08-22c_claude-opus-5-api-generic-v5_rep1,CHORUS,claudecode_agent,core,funders[0].grants[0].id,high,inconsistent identifier/count,"Same defect as the full record: grant number, award amount and project period are carried in prose `notes` while the only structured field is a resolver URL."
2026-08-22c_claude-opus-5-api-generic-v5_rep1,CHORUS,claudecode_agent,full,creators[*].affiliations[*],medium,other,"Organization objects carry `name` only, with no `id`. This is acceptable under the evidence boundary (the bundle supplies no registry identifiers), but it should be noted that no organization identifi"
2026-08-22c_claude-opus-5-api-generic-v5_rep1,CHORUS,claudecode_agent,full,acquisition_methods[0].was_directly_observed,medium,unsupported claim,Set to true for retrospective extraction of pre-existing hospital records. The bundle states collection is retrospective and site-mediated; `direct_collection[0].is_direct` in the same record is set t
2026-08-22c_claude-opus-5-api-generic-v5_rep1,CHORUS,claudecode_agent,core,acquisition_methods[0].was_directly_observed,medium,unsupported claim,"Set to true as in the full record, but the core record omits `direct_collection` entirely, so the counterbalancing statement that collection was not direct is absent. The core record therefore asserts"
2026-08-22c_claude-opus-5-api-generic-v5_rep1,CHORUS,claudecode_agent,core,direct_collection,medium,missing supported information,"Omitted from the core record though present and evidence-supported in the full record (retrospective, site-mediated extraction from hospital source systems). Core is a projection of full; dropping thi"
2026-08-22c_claude-opus-5-api-generic-v5_rep1,CHORUS,claudecode_agent,core,splits,medium,missing supported information,"Omitted from the core record although the full record populates it and the bundle clearly supports it (NIH RePORTER: 'The dataset will also provision a holdout test set, accessible for model external "
2026-08-22c_claude-opus-5-api-generic-v5_rep1,CHORUS,claudecode_agent,core,third_party_sharing,medium,missing supported information,Omitted from the core record although present in the full record and supported by the bundle (controlled-access sharing with AIM-AHEAD trainees outside the contributing institutions; stated goal of a 
2026-08-22c_claude-opus-5-api-generic-v5_rep1,CHORUS,claudecode_agent,full,instances[2].counts,low,other,"`counts: 7642` is labeled 'Admission with radiology imaging data' and takes the tier-2 figure, which is correct under the ranking rule. However the accompanying source_caveats states the two sources '"
2026-08-22c_claude-opus-5-api-generic-v5_rep1,CHORUS,claudecode_agent,core,instances[2].counts,low,inconsistent identifier/count,Same inconsistency between the instance-level caveat ('not necessarily in conflict') and the top-level caveat ('disagree') as in the full record.
2026-08-22c_claude-opus-5-api-generic-v5_rep1,CHORUS,claudecode_agent,full,conforms_to_standard,low,other,"Includes `OTHER` without the record making explicit which standard `OTHER` stands for. The prose in `conforms_to` names EDF+, Persyst and the OHNLP open-source schema, so the value is defensible, but "
2026-08-22c_claude-opus-5-api-generic-v5_rep1,CHORUS,claudecode_agent,full,data_collectors[*].role,low,other,"`role` on DataCollector is populated with free-text values ('data contributing centers', 'data site manager', 'clinical collaborator', 'coordinating sub-teams'). The schema digest lists no enum constr"
2026-08-22c_claude-opus-5-api-generic-v5_rep1,CHORUS,claudecode_agent,full,maintainers[*].role,low,other,"All three Maintainer objects are assigned `role: academic_institution`. The first (Ciera McCrary, Program Manager) and second (two named individuals handling access requests) describe persons rather t"
2026-08-22c_claude-opus-5-api-generic-v5_rep1,CHORUS,claudecode_agent,core,maintainers[*].role,low,other,Same as the full record: individual contacts assigned the institutional enum value `academic_institution`.
2026-08-22c_claude-opus-5-api-generic-v5_rep1,CHORUS,claudecode_agent,full,external_resources[*].external_resources,low,inconsistent identifier/count,"Each ExternalResource object packs a URL plus a descriptive gloss into the single `external_resources` string field, using an em-dash separator. This is prose in a field the schema types as a plain st"
2026-08-22c_claude-opus-5-api-generic-v5_rep1,CHORUS,claudecode_agent,core,external_resources[*].external_resources,low,inconsistent identifier/count,Same combined URL-plus-gloss string construction as the full record.
2026-08-22c_claude-opus-5-api-generic-v5_rep1,CHORUS,claudecode_agent,full,at_risk_populations.at_risk_groups_included,low,unsupported claim,Set to true. Its own source_caveats concedes the value is 'inferred from the stated PICU and NICU admissions' rather than stated by the bundle. Inference of a boolean the sources do not assert sits at
2026-08-22c_claude-opus-5-api-generic-v5_rep1,CHORUS,claudecode_agent,core,at_risk_populations.at_risk_groups_included,low,unsupported claim,Same inferred boolean as the full record.
2026-08-22c_claude-opus-5-api-generic-v5_rep1,CHORUS,claudecode_agent,full,created_by,low,other,"'CHoRUS Consortium' is asserted as the creating entity. The bundle uses 'CHoRUS Consortium' (chorus4ai.org section heading) and 'CHoRUS Network' (GitHub), and NIH RePORTER names Massachusetts General "
2026-08-22c_claude-opus-5-api-generic-v5_rep1,CHORUS,claudecode_agent,core,notes,info,other,"The core record's `source_caveats` abridges the full record's version, dropping the specific detail about the RePORTER typographical error and truncated sentence while retaining the general statement."
2026-08-22c_claude-opus-5-api-generic-v5_rep1,CHORUS,claudecode_agent,core,(whole record),info,missing supported information,No slot in the core record states content absent from the full record. Every core value is a verbatim or lightly abridged projection of the corresponding full value; the divergences are omissions (dir
2026-08-22c_claude-opus-5-api-generic-v5_rep1,CHORUS,claudecode_agent,both,conforms_to_class,info,other,"Correctly differentiated: `Dataset` in the full record, `CoreDataset` in the core record. Header blocks likewise match their prescribed forms, including the core-only `# Sources:` and `# Phase 4 recon"
2026-08-22c_claude-opus-5-api-generic-v5_rep1,CHORUS,claudecode_agent,both,id,info,inconsistent identifier/count,"Both records use `https://chorus4ai.org/` as the dataset identifier. This is a project website rather than a dataset identifier, but the bundle supplies no DOI, accession or repository identifier for "
2026-08-22c_claude-opus-5-api-generic-v5_rep1,CM4AI,claudecode_agent,core,distributions,high,unsupported claim,"The `distributions` slot is not present in the supplied schema digest for `Dataset`, and no `Distribution` object range with keys `path`, `format`, `media_type`, `bytes`, `md5`, `conforms_to_standard`"
2026-08-22c_claude-opus-5-api-generic-v5_rep1,CM4AI,claudecode_agent,core,distributions[*].bytes,high,unsupported claim,"Byte counts (116019, 139059, 175923, 96154, 30925, 75059, 1153434) are not stated anywhere in the declared bundle. The bundle gives only rounded human-readable sizes ('113.3 KB', '135.8 KB', '171.8 KB"
2026-08-22c_claude-opus-5-api-generic-v5_rep1,CM4AI,claudecode_agent,core,distributions[9].conforms_to_standard,high,other,`conforms_to_standard` is declared multivalued in the digest (DataStandardEnum [many]). The core record supplies the bare scalar `RO_CRATE` rather than a list. The full record uses the list form corre
2026-08-22c_claude-opus-5-api-generic-v5_rep1,CM4AI,claudecode_agent,core,distribution_formats[1].media_type,medium,other,The core record changes the RO-Crate media type from `application/ld+json` (full record) to `application/json` and attaches a `source_caveats` asserting that 'the schema's media_type enumeration has n
2026-08-22c_claude-opus-5-api-generic-v5_rep1,CM4AI,claudecode_agent,core,notes,medium,missing supported information,"The `notes` slot is used to carry content that belongs in structured slots rather than residual content. It restates the full citation (which the full record holds in `citation`), the `direct_collecti"
2026-08-22c_claude-opus-5-api-generic-v5_rep1,CM4AI,claudecode_agent,full,funders[0].grants[0].id,medium,inconsistent identifier/count,"`Grant.id` is declared `uriorcurie`. The value `https://reporter.nih.gov/project-details/11211616` is a resolver URL for an NIH RePORTER application record, used as the identifier of a grant. The bund"
2026-08-22c_claude-opus-5-api-generic-v5_rep1,CM4AI,claudecode_agent,both,creators[*].principal_investigator.id,medium,other,Two ORCID values in the bundle are written without the `https://orcid.org/` prefix in the Dataverse source ('Marquez C ... ORCID: 0000-0003-3960-420X'). Both records normalize this to `ORCID:0000-0003
2026-08-22c_claude-opus-5-api-generic-v5_rep1,CM4AI,claudecode_agent,full,instances[*].data_substrate,low,other,Substrate assignments are interpretive rather than transcribed. B2AI_SUBSTRATE:59 (Size Exclusion Chromatography-Mass Spectrometry Data) and B2AI_SUBSTRATE:64 (Perturb-seq Data) are well supported. B2
2026-08-22c_claude-opus-5-api-generic-v5_rep1,CM4AI,claudecode_agent,full,instances[3].counts,low,unsupported claim,"`counts: 11739` is attached to the gene-level CRISPRi perturbation instance. The bundle states 11,739 targeted genes, so the number is supported, but `counts` on an Instance denotes the number of inst"
2026-08-22c_claude-opus-5-api-generic-v5_rep1,CM4AI,claudecode_agent,core,creators,low,other,"The core record reproduces all 46 creators from the full record verbatim, including the `source_caveats` on Sali A. Consistent with the full record and supported by the bundle; no divergence found."
2026-08-22c_claude-opus-5-api-generic-v5_rep1,CM4AI,claudecode_agent,both,publisher,low,inconsistent identifier/count,"`publisher: ROR:0153tk833` names the University of Virginia. The ROR identifier appears verbatim in the June 2026 Dataverse release (author affiliations for Clark T, Al Manir S, Levinson MA, Niestroy "
2026-08-22c_claude-opus-5-api-generic-v5_rep1,CM4AI,claudecode_agent,core,distributions[*].md5,low,other,"All ten MD5 checksums transcribe correctly from the June 2026 release listing. The three IF-image checksums correctly differ from the October 2025 same-named archives, and the source_caveats correctly"
2026-08-22c_claude-opus-5-api-generic-v5_rep1,CM4AI,claudecode_agent,full,total_file_count,low,missing supported information,`total_file_count: 10` matches the ten files listed in the June 2026 release. `total_size_bytes` is correctly omitted rather than back-computed from rounded sizes — the treatment the core record's `di
2026-08-22c_claude-opus-5-api-generic-v5_rep1,CM4AI,claudecode_agent,both,issued / last_updated_on,low,other,"`issued: 2026-06-17T00:00:00Z` follows the Dataverse publication date over the CM4AI portal's conflicting 'June 17, 2025', consistent with the declared ranking (tier 1 june_2026_dataverse_release over"
2026-08-22c_claude-opus-5-api-generic-v5_rep1,VOICE,claudecode_agent,core,distributions,high,other,"The `distributions` slot is not present in the supplied schema digest for Dataset/CoreDataset, and the objects written under it carry keys (`format`, `media_type`, `path`, `notes`, `source_caveats`) t"
2026-08-22c_claude-opus-5-api-generic-v5_rep1,VOICE,claudecode_agent,core,file_collections,high,unsupported claim,"Content that the full record carries in `file_collections` (three FileCollection objects with `id`, `collection_type`, `path` and per-file record counts) is not present in the core record under that s"
2026-08-22c_claude-opus-5-api-generic-v5_rep1,VOICE,claudecode_agent,core,subpopulations,medium,unsupported claim,"The second Subpopulation object states 'The five cohort categories are voice disorders, respiratory disorders, neurological and neurodegenerative disorders, mood and psychiatric disorders, and control"
2026-08-22c_claude-opus-5-api-generic-v5_rep1,VOICE,claudecode_agent,full,subsets,medium,dataset/release/temporal scope error,"The `subsets` list presents five entries as if they were the five disease cohort categories, but substitutes 'Controls' for the pediatric cohort named in the source documentation. Since the pediatric "
2026-08-22c_claude-opus-5-api-generic-v5_rep1,VOICE,claudecode_agent,core,relationships,medium,missing supported information,"The full record populates `relationships` (healthsheet statement that instances are unrelated, plus the participant_id/session_id/task_name linkage). The core record omits it. The digest lists `relati"
2026-08-22c_claude-opus-5-api-generic-v5_rep1,VOICE,claudecode_agent,core,splits,medium,missing supported information,The full record populates `splits` with the release's explicit statement that no recommended train/validation/test splits are provided and that researchers should create their own. The core record omi
2026-08-22c_claude-opus-5-api-generic-v5_rep1,VOICE,claudecode_agent,core,subsets,medium,missing supported information,"The full record carries five DataSubset objects describing the recruited cohorts with their diagnoses and gold-standard validation methods. The core record omits `subsets` entirely, retaining only the"
2026-08-22c_claude-opus-5-api-generic-v5_rep1,VOICE,claudecode_agent,core,citation,medium,missing supported information,The full record carries the PhysioNet-supplied recommended citation verbatim. The core record omits `citation` although the slot is available and the bundle states the citation explicitly.
2026-08-22c_claude-opus-5-api-generic-v5_rep1,VOICE,claudecode_agent,core,variables,medium,missing supported information,"The full record populates six VariableMetadata objects (participant_id, session_id, task_name, n_frames, spectrogram, mel_spectrogram) drawn from the release's Data Description. The core record omits "
2026-08-22c_claude-opus-5-api-generic-v5_rep1,VOICE,claudecode_agent,core,direct_collection,low,missing supported information,"The full record populates `direct_collection` with `is_direct: true` and the healthsheet's supporting text. The core record omits it, though the bundle states plainly that data was collected 'Directly"
2026-08-22c_claude-opus-5-api-generic-v5_rep1,VOICE,claudecode_agent,core,collection_consents,low,missing supported information,"The full record populates two CollectionConsent objects. The core record omits `collection_consents`; the substance is partly covered by `informed_consent`, but the consent-scope statement about non-r"
2026-08-22c_claude-opus-5-api-generic-v5_rep1,VOICE,claudecode_agent,core,collection_notifications,low,missing supported information,The full record populates `collection_notifications` with the IRB-approved notification procedure. The core record omits it.
2026-08-22c_claude-opus-5-api-generic-v5_rep1,VOICE,claudecode_agent,core,consent_revocations,low,missing supported information,"The full record populates `consent_revocations` with the withdrawal rules, including the point at which voice data can no longer be removed. The core record omits the slot; the `informed_consent.withd"
2026-08-22c_claude-opus-5-api-generic-v5_rep1,VOICE,claudecode_agent,core,participant_privacy,low,missing supported information,"The full record populates a ParticipantPrivacy object with anonymization method, linkage practice, an eleven-item privacy_techniques list and a reidentification_risk statement. The core record omits `"
2026-08-22c_claude-opus-5-api-generic-v5_rep1,VOICE,claudecode_agent,core,participant_compensation,low,missing supported information,"The full record records the gift-card amounts and session caps. The core record omits `participant_compensation`, although the documentation states the figures explicitly."
2026-08-22c_claude-opus-5-api-generic-v5_rep1,VOICE,claudecode_agent,core,third_party_sharing,low,missing supported information,The full record populates `third_party_sharing` with `is_shared: true` and the DTUA redistribution restrictions. The core record omits it.
2026-08-22c_claude-opus-5-api-generic-v5_rep1,VOICE,claudecode_agent,full,instances,low,inconsistent identifier/count,The Instance object for acoustic recordings assigns `data_substrate: B2AI_SUBSTRATE:49` (Waveform Data) while the same object's note states the release contains derived feature tensors rather than wav
2026-08-22c_claude-opus-5-api-generic-v5_rep1,VOICE,claudecode_agent,full,instances,low,other,"The Instance object for questionnaire and clinical records assigns `data_substrate: B2AI_SUBSTRATE:80` (Questionnaire response data), but the object's own description says the records are held as tab-"
2026-08-22c_claude-opus-5-api-generic-v5_rep1,VOICE,claudecode_agent,both,id,low,inconsistent identifier/count,"`id` is set to `doi:10.13026/8xbn-nq66`, the version-3.1.0 DOI, while `version_access.latest_version_doi` is `doi:10.13026/37yb-1t42`, the concept DOI PhysioNet assigns to the latest version. Both val"
2026-08-22c_claude-opus-5-api-generic-v5_rep1,VOICE,claudecode_agent,both,known_biases,low,unsupported claim,The DatasetBias object with `bias_type: measurement_bias` includes `affected_subsets: ['Disease cohorts recruited predominantly at a single site']`. The bundle states that participants were screened f
2026-08-22c_claude-opus-5-api-generic-v5_rep1,VOICE,claudecode_agent,both,collection_timeframes,low,other,"`timeframe_details` combines a twelve-month collection window (drawn from the healthsheet, describing an earlier release) with the 2022-09-01 to 2026-11-30 project period from NIH RePORTER, a tier-4 s"
2026-08-22c_claude-opus-5-api-generic-v5_rep1,VOICE,claudecode_agent,both,publisher,low,inconsistent identifier/count,"`publisher` is set to `https://physionet.org`, a bare URL in a `uriorcurie`-ranged slot. No declared prefix in the digest covers PhysioNet as an organization, so a URL is the permitted fallback; noted"
2026-08-22c_claude-opus-5-api-generic-v5_rep1,VOICE,claudecode_agent,both,human_subject_research,low,missing supported information,"`irb_approval` and `regulatory_compliance` are written as single-element lists whose sole element is a multi-sentence paragraph. The digest does not declare these as multivalued, so list form may be a"
2026-08-22c_claude-opus-5-api-generic-v5_rep1,VOICE,claudecode_agent,both,at_risk_populations,low,dataset/release/temporal scope error,`guardian_consent` is a single-element list containing a paragraph; same shape question as human_subject_research. Substantively the object is also in tension with itself: `at_risk_groups_included: fa
2026-08-22c_claude-opus-5-api-generic-v5_rep1,VOICE,claudecode_agent,both,sensitive_elements,low,other,"The fourth SensitiveElement object sets `sensitive_elements_present: false` and then describes what was removed. Within a list of elements that are present, an object flagged false to describe absent "
2026-08-22c_claude-opus-5-api-generic-v5_rep1,VOICE,claudecode_agent,both,data_governance,low,missing supported information,`committee_contact` is unpopulated although the bundle repeatedly gives DACO@b2ai-voice.org as the access committee contact; the address appears only inside `access_review_process` prose. The digest d
2026-08-22c_claude-opus-5-api-generic-v5_rep1,VOICE,claudecode_agent,both,download_url,low,missing supported information,"`download_url` is unpopulated in both records. The bundle states the PhysioNet content page and the Synapse controlled-access location, but neither is a direct data URL — PhysioNet requires credential"
2026-08-22c_claude-opus-5-api-generic-v5_rep1,VOICE,claudecode_agent,both,total_file_count,low,other,"`total_file_count` and `total_size_bytes` are unpopulated. The bundle enumerates individual files and per-feature record counts but states no file total or byte total, so omission is correct."
2026-08-22c_claude-opus-5-api-generic-v5_rep1,VOICE,claudecode_agent,both,use_repository,low,other,Unpopulated in both records. The healthsheet answers the corresponding question with 'No' — there is no repository linking papers or systems that use the dataset — so omission is correct rather than a
2026-08-22c_claude-opus-5-api-generic-v5_rep2,AI_READI,claudecode_agent,core,distributions,high,unsupported claim,"The core record uses a top-level slot `distributions` with per-entry keys `path`, `bytes`, `format`, `media_type`, `conforms_to`, `conforms_to_standard` and `notes`. No such slot appears in the suppli"
2026-08-22c_claude-opus-5-api-generic-v5_rep2,AI_READI,claudecode_agent,both,conforms_to_standard,high,unsupported claim,"The value `CDS` is emitted at the dataset level and inside every file_collection/distribution entry. The digest's permitted enum list for `conforms_to_standard` is DICOM, BIDS, OMOP_CDM, WFDB, OPEN_MH"
2026-08-22c_claude-opus-5-api-generic-v5_rep2,AI_READI,claudecode_agent,full,file_collections,medium,inconsistent identifier/count,"Two entries mint identifiers that do not follow the stated minting rule. `https://fairhub.io/datasets/3#root-metadata-files` is a fragment on an attested URL and is acceptable, but the nine other entr"
2026-08-22c_claude-opus-5-api-generic-v5_rep2,AI_READI,claudecode_agent,full,subsets,medium,inconsistent identifier/count,"Three DataSubset entries are minted as fragments on the FAIRhub landing page URL (`https://fairhub.io/datasets/3#training-split` etc.). These labels have no referent outside this record, so minting is"
2026-08-22c_claude-opus-5-api-generic-v5_rep2,AI_READI,claudecode_agent,core,instances,medium,inconsistent identifier/count,The core `instances[0].notes` absorbs content that the full record carries in the dedicated slots `relationships` and `splits` (per-participant directory linkage; the 70/15/15 recommended split with 1
2026-08-22c_claude-opus-5-api-generic-v5_rep2,AI_READI,claudecode_agent,core,informed_consent,medium,other,"`informed_consent[0].notes` states participant compensation (200 USD, payment timing, non-proration, travel reimbursement, rideshare assistance). In the full record this is a separate `participant_com"
2026-08-22c_claude-opus-5-api-generic-v5_rep2,AI_READI,claudecode_agent,core,informed_consent,medium,other,"`informed_consent[0].consent_documentation` additionally absorbs the notification narrative (invitation letter, email, links, access codes, QR codes, REDCap interface) that the full record carries as "
2026-08-22c_claude-opus-5-api-generic-v5_rep2,AI_READI,claudecode_agent,core,is_deidentified,medium,inconsistent identifier/count,"`is_deidentified.deidentification_details` absorbs the privacy-technique content (tiered access, verified ID login, watermarking, BAA-scoped storage, third-party model prohibition, device privacy desi"
2026-08-22c_claude-opus-5-api-generic-v5_rep2,AI_READI,claudecode_agent,core,data_governance,medium,other,`data_governance.notes` states the third-party onward-sharing constraint that the full record carries as `third_party_sharing` (ThirdPartySharing with `is_shared: true`). The core record therefore nev
2026-08-22c_claude-opus-5-api-generic-v5_rep2,AI_READI,claudecode_agent,core,description,medium,missing supported information,"The core `description` appends citation text ('Citation follows the instructions at https://docs.aireadi.org; the release cites as ""AI-READI Consortium. (2025)...""'). The digest declares a dedicated `"
2026-08-22c_claude-opus-5-api-generic-v5_rep2,AI_READI,claudecode_agent,core,notes,medium,unsupported claim,"The core `notes` closes with a compressed inventory of measured variables ('Measured domains include the laboratory panel (HbA1c, glucose, insulin, C-peptide, NT-proBNP, ...)'). The full record carrie"
2026-08-22c_claude-opus-5-api-generic-v5_rep2,AI_READI,claudecode_agent,both,conforms_to_class,medium,other,"Both records declare `conforms_to_class` consistent with their own class (Dataset / CoreDataset), which is correct. However `conforms_to_schema` is identical in both (`https://w3id.org/bridge2ai/data-"
2026-08-22c_claude-opus-5-api-generic-v5_rep2,AI_READI,claudecode_agent,full,creators,low,other,"A single Creator object carries eight `affiliations` spanning the lead sponsor, seven collaborating organizations and three data-collection sites, plus a `notes` field listing sixteen named principal "
2026-08-22c_claude-opus-5-api-generic-v5_rep2,AI_READI,claudecode_agent,both,creators,low,unsupported claim,"ROR identifiers are supplied for eight organizations. The bundle attests ROR values for Washington University in St. Louis (01yc7t268), National Institutes of Health (01cwqze88), California Medical In"
2026-08-22c_claude-opus-5-api-generic-v5_rep2,AI_READI,claudecode_agent,both,funders,low,inconsistent identifier/count,"`funders[0].grants[0].id` is `https://reporter.nih.gov/project-details/10471118`, a resolver URL in a `uriorcurie`-ranged slot. The bundle attests this exact URL, and no schema-declared prefix covers "
2026-08-22c_claude-opus-5-api-generic-v5_rep2,AI_READI,claudecode_agent,both,funders,low,other,"Three FundingMechanism objects are emitted, but `funders[0].notes` additionally names NIH grants P30DK035816 and UL1TR003096 in prose rather than as separate grants entries or separate FundingMechanis"
2026-08-22c_claude-opus-5-api-generic-v5_rep2,AI_READI,claudecode_agent,both,instances,low,missing supported information,"`data_topic: B2AI_TOPIC:43` (Diabetes) is asserted, and `data_substrate` is omitted. Omission of data_substrate is defensible given the multimodal mix, but the record could equally have justified it e"
2026-08-22c_claude-opus-5-api-generic-v5_rep2,AI_READI,claudecode_agent,both,regulatory_restrictions,low,unsupported claim,`confidentiality_level: restricted` is asserted while the note concedes the RO-Crate (tier 1) records 'HL7:2N (normal)'. The record substitutes its own judgment for a tier-1 source value without a sam
2026-08-22c_claude-opus-5-api-generic-v5_rep2,AI_READI,claudecode_agent,both,regulatory_restrictions,low,unsupported claim,"`hipaa_compliant: compliant` is asserted. The bundle states the release contains no PHI and that HIPAA de-identification was checked, but no source characterizes the dataset with a HIPAA compliance st"
2026-08-22c_claude-opus-5-api-generic-v5_rep2,AI_READI,claudecode_agent,both,license_and_use_terms,low,other,"`data_use_permission: disease_specific_research` is asserted. The bundle supports this for the public set (access requires agreeing to type 2 diabetes related research only), but the licence itself gr"
2026-08-22c_claude-opus-5-api-generic-v5_rep2,AI_READI,claudecode_agent,both,related_datasets,low,unsupported claim,"`related_datasets[1].target_dataset` is `https://fairhub.io/datasets/4`. The bundle's FAIRhub API record states only `""child"": 4` — an internal integer. Constructing a resolvable dataset URL from that"
2026-08-22c_claude-opus-5-api-generic-v5_rep2,AI_READI,claudecode_agent,both,human_subject_research,low,inconsistent identifier/count,"`irb_approval`, `regulatory_compliance` and `special_populations` are each emitted as single-element lists containing long multi-clause prose. Where the digest declares these as lists, distinct facts "
2026-08-22c_claude-opus-5-api-generic-v5_rep2,AI_READI,claudecode_agent,both,collection_timeframes,low,inconsistent identifier/count,Three CollectionTimeframe objects are emitted but only the first carries `start_date`/`end_date`. The second describes the pilot window (18 July 2023 to 30 November 2023) entirely in prose despite bot
2026-08-22c_claude-opus-5-api-generic-v5_rep2,AI_READI,claudecode_agent,both,known_biases,low,other,"`affected_subsets` is populated on only two of five DatasetBias objects, and where populated contains a full sentence ('All participants.', 'The full release; the suggested validation and test splits "
2026-08-22c_claude-opus-5-api-generic-v5_rep2,AI_READI,claudecode_agent,both,at_risk_populations,low,other,"`special_protections` is a single-element list whose value is a paragraph combining the eligibility floor (≥40), ceiling (≤85), consent capacity, pregnancy and gestational-diabetes exclusions, and the"
2026-08-22c_claude-opus-5-api-generic-v5_rep2,AI_READI,claudecode_agent,full,variables,low,inconsistent identifier/count,"`variables` lists 30 VariableMetadata objects, and `source_caveats` correctly concedes the list is representative rather than exhaustive and that laboratory reference ranges were recorded as `notes` r"
2026-08-22c_claude-opus-5-api-generic-v5_rep2,AI_READI,claudecode_agent,full,variables,low,other,"`Monofilament test response` sets `categories: ['yes; no']` — a single string containing two semicolon-separated categories, where the field takes a list of categories. Should be two entries."
2026-08-22c_claude-opus-5-api-generic-v5_rep2,AI_READI,claudecode_agent,both,description,low,inconsistent identifier/count,"The description uses British spellings inconsistent with the declared American-English requirement in one place ('enrolment' appears throughout collection_timeframes, sampling_strategies, known_biases"
2026-08-22c_claude-opus-5-api-generic-v5_rep2,AI_READI,claudecode_agent,core,acquisition_methods,low,other,"Core and full are byte-identical here, which is correct, but the core record omits `direct_collection` (DirectCollection with `is_direct: true`) present in the full record. The bundle clearly supports"
2026-08-22c_claude-opus-5-api-generic-v5_rep2,AI_READI,claudecode_agent,core,collection_consents,low,missing supported information,"The full record carries a `collection_consents` (CollectionConsent) object describing the consent-request mechanics; the core record drops it, folding part of the content into `informed_consent.consen"
2026-08-22c_claude-opus-5-api-generic-v5_rep2,AI_READI,claudecode_agent,core,consent_revocations,low,missing supported information,"The full record carries `consent_revocations` (ConsentRevocation); the core record drops the object and retains only `informed_consent.withdrawal_mechanism`. The retained text covers the same fact, so"
2026-08-22c_claude-opus-5-api-generic-v5_rep2,AI_READI,claudecode_agent,both,source_caveats,info,other,"The top-level `source_caveats` is exemplary in flagging the Washington University in St. Louis vs. University of Washington same-tier conflict, the 'Equitable' vs 'Exploratory' acronym divergence, the"
2026-08-22c_claude-opus-5-api-generic-v5_rep2,AI_READI,claudecode_agent,both,is_deidentified,info,other,"The Safe Harbor (tier 3, Nature comment) vs. no-identifiers-collected (tier 1, FAIRhub) conflict is correctly resolved toward tier 1 with the caveat recorded. No defect."
2026-08-22c_claude-opus-5-api-generic-v5_rep2,CHORUS,claudecode_agent,full,funders[0].grants[0].id,high,inconsistent identifier/count,"The Grant object's `id` is populated with the NIH RePORTER project-details URL (https://reporter.nih.gov/project-details/10472824). This is a landing page for the project record, not an identifier for"
2026-08-22c_claude-opus-5-api-generic-v5_rep2,CHORUS,claudecode_agent,core,funders[0].grants[0].id,high,inconsistent identifier/count,Identical to the full record: grant identity carried by a resolver URL while the attested award numbers sit in prose `notes`.
2026-08-22c_claude-opus-5-api-generic-v5_rep2,CHORUS,claudecode_agent,full,machine_annotation_tools[2],medium,unsupported claim,`CTP-deid` is entered as a machine annotation tool with the description 'CHoRUS repository supporting de-identification of clinical imaging data.' The bundle lists CTP-deid in the chorus-ai repository
2026-08-22c_claude-opus-5-api-generic-v5_rep2,CHORUS,claudecode_agent,core,machine_annotation_tools[2],medium,unsupported claim,"Identical unsupported inference about CTP-deid's function, self-declared as inferred in its own source_caveats."
2026-08-22c_claude-opus-5-api-generic-v5_rep2,CHORUS,claudecode_agent,full,instances[1].counts,medium,inconsistent identifier/count,"`counts: 7642` is attached to an instance declared as 'Radiology imaging study extracted from hospital PACS'. The bundle states '7,642 Admissions with Radiology Data' — a count of admissions, not of i"
2026-08-22c_claude-opus-5-api-generic-v5_rep2,CHORUS,claudecode_agent,core,instances[1].counts,medium,inconsistent identifier/count,Same unit mismatch: count of admissions with radiology data attached to an instance typed as an imaging study.
2026-08-22c_claude-opus-5-api-generic-v5_rep2,CHORUS,claudecode_agent,full,data_governance.committee_members,medium,unsupported claim,The six named individuals are the 'Bridge2AI CHoRUS Leadership Team' as listed in the cohort 2 webinar. The bundle nowhere describes them as members of a data access or governance committee; the recor
2026-08-22c_claude-opus-5-api-generic-v5_rep2,CHORUS,claudecode_agent,core,data_governance.committee_members,medium,other,Same: leadership-team roster placed in `committee_members` while the record's caveat concedes no access committee is described in the bundle.
2026-08-22c_claude-opus-5-api-generic-v5_rep2,CHORUS,claudecode_agent,full,data_governance.committee_contact,medium,unsupported claim,"Ciera McCrary is identified in the bundle as 'MGH, Program Manager' under a 'Contact Us' heading on the project website. She is not attested as a contact for any governance or access committee; the bu"
2026-08-22c_claude-opus-5-api-generic-v5_rep2,CHORUS,claudecode_agent,core,data_governance.committee_contact,medium,other,Same role overstatement for the program-manager contact placed in `committee_contact`.
2026-08-22c_claude-opus-5-api-generic-v5_rep2,CHORUS,claudecode_agent,full,direct_collection[0].is_direct,medium,unsupported claim,`is_direct: false` is a boolean assertion the bundle does not make; the record's own source_caveats states the value is inferred and that 'the sources do not use the terms direct or third-party collec
2026-08-22c_claude-opus-5-api-generic-v5_rep2,CHORUS,claudecode_agent,full,acquisition_methods[0].was_reported_by_subjects,medium,missing supported information,`was_reported_by_subjects: false` is asserted with no supporting statement in the bundle. The sources describe retrospective extraction from hospital systems but never address whether any element (e.g
2026-08-22c_claude-opus-5-api-generic-v5_rep2,CHORUS,claudecode_agent,core,acquisition_methods[0].was_reported_by_subjects,medium,unsupported claim,Same unsupported negative boolean assertion.
2026-08-22c_claude-opus-5-api-generic-v5_rep2,CHORUS,claudecode_agent,full,at_risk_populations.at_risk_groups_included,medium,other,"`at_risk_groups_included: true` is derived from the presence of PICU and NICU admissions. The bundle states PICU/NICU coverage but never characterizes any population as at-risk, nor does it use that f"
2026-08-22c_claude-opus-5-api-generic-v5_rep2,CHORUS,claudecode_agent,core,at_risk_populations.at_risk_groups_included,medium,other,Same: at-risk framing and group-specific protections constructed from general access-control statements the bundle does not tie to minors.
2026-08-22c_claude-opus-5-api-generic-v5_rep2,CHORUS,claudecode_agent,full,ethical_reviews[0],medium,missing supported information,The EthicalReview object carries no ethics review at all — its own source_caveats states 'no institutional review board approval or ethics committee determination is reported in the bundle.' The `revi
2026-08-22c_claude-opus-5-api-generic-v5_rep2,CHORUS,claudecode_agent,core,ethical_reviews[0],medium,other,"Same: ethics-program description occupying a slot that asks for ethical review, with the record itself conceding no review is reported."
2026-08-22c_claude-opus-5-api-generic-v5_rep2,CHORUS,claudecode_agent,full,human_subject_research,medium,other,"The object populates `involves_human_subjects` and `special_populations` but its source_caveats concedes no IRB approval or ethics board is stated. More materially, the bundle never states that the da"
2026-08-22c_claude-opus-5-api-generic-v5_rep2,CHORUS,claudecode_agent,core,human_subject_research.involves_human_subjects,medium,other,Same: regulatory determination asserted as a boolean where the bundle supplies only the fact that the data are patient-derived.
2026-08-22c_claude-opus-5-api-generic-v5_rep2,CHORUS,claudecode_agent,full,subsets[0].id,low,inconsistent identifier/count,"`https://chorus4ai.org/#holdout-test-set` is a minted fragment on an attested base URI, which is permitted for a part of this dataset. However the object populates only id/name/description/is_data_spl"
2026-08-22c_claude-opus-5-api-generic-v5_rep2,CHORUS,claudecode_agent,full,conforms_to_standard,low,unsupported claim,`OTHER` is emitted once to cover both the EDF+/Persyst EEG schemas and the OHNLP note schema — two distinct non-registered standards collapsed into a single enum value. The enum admits no finer distin
2026-08-22c_claude-opus-5-api-generic-v5_rep2,CHORUS,claudecode_agent,full,status,low,inconsistent identifier/count,`status` has range string and its description offers examples of the draft/published/deprecated kind. The value here is a two-clause narrative sentence about ongoing acquisition. The content is bundle
2026-08-22c_claude-opus-5-api-generic-v5_rep2,CHORUS,claudecode_agent,core,status,low,other,"Same: narrative progress sentence in a status slot, duplicating updates.update_details."
2026-08-22c_claude-opus-5-api-generic-v5_rep2,CHORUS,claudecode_agent,full,distribution_formats,low,other,"Each DistributionFormat object populates only `format`, and packs three separate facts into that one string — the format/schema, the access control level, and the metadata-publication state. The class"
2026-08-22c_claude-opus-5-api-generic-v5_rep2,CHORUS,claudecode_agent,core,distribution_formats,low,other,Same overloading of the `format` string with access-control and metadata-status content across all nine objects.
2026-08-22c_claude-opus-5-api-generic-v5_rep2,CHORUS,claudecode_agent,full,creators,low,other,Every Creator object uses `principal_investigator` for all six named individuals. The bundle designates only Eric S. Rosenthal as principal investigator (NIH RePORTER); the other five are listed as 'B
2026-08-22c_claude-opus-5-api-generic-v5_rep2,CHORUS,claudecode_agent,core,creators,low,other,Same: five leadership-team members typed as principal_investigator without bundle support.
2026-08-22c_claude-opus-5-api-generic-v5_rep2,CHORUS,claudecode_agent,full,maintainers[0].maintainer_details,low,other,"The maintainer_details string embeds the commentary-flagged email 'cmccrary@mgh.havard.edu' inline. The typo is separately flagged in the sibling source_caveats, so the transcription is defensible, bu"
2026-08-22c_claude-opus-5-api-generic-v5_rep2,CHORUS,claudecode_agent,full,known_limitations[2].limitation_description,low,unsupported claim,'at 14 contributing hospitals in the United States' — the bundle attests 14 contributing hospitals and separately gives 'United States of America' as the GitHub organization's location. It does not st
2026-08-22c_claude-opus-5-api-generic-v5_rep2,CHORUS,claudecode_agent,core,known_limitations[2].limitation_description,low,dataset/release/temporal scope error,Same unattested US geographic scoping of the contributing hospitals.
2026-08-22c_claude-opus-5-api-generic-v5_rep2,CHORUS,claudecode_agent,full,notes,low,other,The `notes` slot carries the website banner quotation and the software licensing facts. The MIT/Apache-2.0 licensing of chorus-ai repositories is a fact about software rather than about the dataset; i
2026-08-22c_claude-opus-5-api-generic-v5_rep2,CHORUS,claudecode_agent,core,notes,low,unsupported claim,"The core `notes` adds a sentence not present in the full record's `notes`: 'The project sequesters a holdout test set, drawn from the same collection, for external validation of AI/ML models.' The hol"
2026-08-22c_claude-opus-5-api-generic-v5_rep2,CHORUS,claudecode_agent,core,subsets,low,missing supported information,The full record carries `subsets` with the holdout test set as a DataSubset; the core record omits the slot and instead mentions the holdout set in prose within `notes`. If CoreDataset declares `subse
2026-08-22c_claude-opus-5-api-generic-v5_rep2,CHORUS,claudecode_agent,core,third_party_sharing,low,missing supported information,Present in the full record (`is_shared: true` with supporting notes) and absent from the core record. The projection drops a bundle-supported governance fact without an evident reason; confirm whether
2026-08-22c_claude-opus-5-api-generic-v5_rep2,CHORUS,claudecode_agent,core,relationships / anomalies / splits,low,other,"Neither record populates these, correctly — the bundle supports none of them. Noted only to confirm the omissions were audited and are not gaps."
2026-08-22c_claude-opus-5-api-generic-v5_rep2,CM4AI,claudecode_agent,core,distributions,high,unsupported claim,"The slot `distributions` is not in the supplied schema digest for Dataset/CoreDataset, and its member keys (`path`, `format`, `media_type`, `compression`, `md5`, `conforms_to_standard`, `notes`) do no"
2026-08-22c_claude-opus-5-api-generic-v5_rep2,CM4AI,claudecode_agent,core,distributions[*].md5,high,other,`md5` is not a declared key on any object range in the digest. In the full record the equivalent value is carried as `distribution_formats[].checksum` with an `MD5:` prefix. Bare `md5` keys are non-sc
2026-08-22c_claude-opus-5-api-generic-v5_rep2,CM4AI,claudecode_agent,core,file_collections,high,missing supported information,"Omitted from the core record while the full record populates ten FileCollection objects. The per-file identity (minted fragment ids on the release DOI), collection_type terms (raw_data / processed_dat"
2026-08-22c_claude-opus-5-api-generic-v5_rep2,CM4AI,claudecode_agent,core,other_tasks,high,other,Core states an OtherTask ('the project's Cell Mapping Toolkit provides a flexible and generalizable framework enabling researchers to integrate and construct cell maps from multiple input modalities')
2026-08-22c_claude-opus-5-api-generic-v5_rep2,CM4AI,claudecode_agent,core,informed_consent,high,unsupported claim,Core states an InformedConsent object with `consent_obtained: false`. The full record has no `informed_consent` slot; it expresses the equivalent evidence under `collection_consents` (a CollectionCons
2026-08-22c_claude-opus-5-api-generic-v5_rep2,CM4AI,claudecode_agent,core,collection_consents,medium,missing supported information,"Present in the full record (one CollectionConsent object describing ethical sourcing of MDA-MB-468 from ATCC and KOLF2.1J from HipSci under MTA) but omitted from core, where its content was relocated "
2026-08-22c_claude-opus-5-api-generic-v5_rep2,CM4AI,claudecode_agent,core,relationships,medium,missing supported information,"Omitted from core while the full record populates it with a Relationships object describing inter-instance relations (bait-to-prey AP-MS links, SEC-MS co-elution, cross-modality joins on shared protei"
2026-08-22c_claude-opus-5-api-generic-v5_rep2,CM4AI,claudecode_agent,core,third_party_sharing,medium,missing supported information,"Omitted from core while the full record populates it (`is_shared: true`, naming MassIVE, NCBI SRA, Figshare, the CM4AI portal on U-BRITE, and NIH CFDE curation). The bundle supports it directly from t"
2026-08-22c_claude-opus-5-api-generic-v5_rep2,CM4AI,claudecode_agent,full,citation,medium,missing supported information,Populated in the full record with the Dataverse-supplied citation string; omitted from core without explanation. The bundle supports it identically for both records.
2026-08-22c_claude-opus-5-api-generic-v5_rep2,CM4AI,claudecode_agent,both,instances[0].counts,medium,inconsistent identifier/count,"`counts: 53788` is attached to an Instance object whose `instance_type` describes a four-channel immunofluorescence image of MDA-MB-468 cells. The bundle attributes 53,788 immunofluorescent images to "
2026-08-22c_claude-opus-5-api-generic-v5_rep2,CM4AI,claudecode_agent,both,instances[2].counts,medium,dataset/release/temporal scope error,"`counts: 1374` is attached to an Instance object describing an AP-MS pull-down result in treated MDA-MB-468 cells. The bundle's 1,374 figure is a project-wide 'Protein Interactions' counter from cm4ai"
2026-08-22c_claude-opus-5-api-generic-v5_rep2,CM4AI,claudecode_agent,both,description,medium,unsupported claim,"'The release is distributed as ten ZIP archives totalling roughly 12.6 GB' — the 12.6 GB total is a summation the bundle does not state. The Dataverse page lists ten per-file sizes (4.6 GB, 4.2 GB, 3."
2026-08-22c_claude-opus-5-api-generic-v5_rep2,CM4AI,claudecode_agent,both,description,medium,other,'hierarchical directed acyclic graphs whose nodes are protein assemblies resolved at increasing physical scale' is offered as a description of the computed cell maps absent from this release. The defi
2026-08-22c_claude-opus-5-api-generic-v5_rep2,CM4AI,claudecode_agent,both,creators[*].affiliations[*].id,medium,other,`ROR:0153tk833` is asserted as the University of Virginia's ROR identifier on five creators. The June 2026 Dataverse release does render the string 'https://ror.org/0153tk833' in the affiliation posit
2026-08-22c_claude-opus-5-api-generic-v5_rep2,CM4AI,claudecode_agent,both,publisher,medium,unsupported claim,"`publisher: ROR:0153tk833` names the University of Virginia. The bundle identifies the University of Virginia Dataverse (LibraData) as the hosting repository and the depositing institution, but nowher"
2026-08-22c_claude-opus-5-api-generic-v5_rep2,CM4AI,claudecode_agent,both,creators[*].credit_roles,low,missing supported information,"`credit_roles` is never populated on any of the 46 Creator objects, though the CM4AI preprint (tier 3) states a detailed contribution breakdown for a partially overlapping author set (study design, co"
2026-08-22c_claude-opus-5-api-generic-v5_rep2,CM4AI,claudecode_agent,both,funders[0].grants,low,missing supported information,"Three grant identifiers are collapsed into a single FundingMechanism keyed on grantor 'National Institutes of Health'. The Grant objects carry only `name`; the award amount (USD 5,289,382, FY2025) and"
2026-08-22c_claude-opus-5-api-generic-v5_rep2,CM4AI,claudecode_agent,both,collection_timeframes[0],low,inconsistent identifier/count,"The object carries only `timeframe_details` and `source_caveats`; `start_date` and `end_date` are deliberately withheld. The reasoning given is sound (RePORTER dates describe the award period, not a c"
2026-08-22c_claude-opus-5-api-generic-v5_rep2,CM4AI,claudecode_agent,both,total_file_count,low,missing supported information,Omitted with the justification (in `source_caveats`) that archive sizes are rounded. That reasoning applies to `total_size_bytes` but not to `total_file_count`: the June 2026 release page states '1 to
2026-08-22c_claude-opus-5-api-generic-v5_rep2,CM4AI,claudecode_agent,full,file_collections[*].id,low,other,Fragment identifiers are minted on the release DOI in the form `doi:10.18130/V3/HIGT4C#cm4ai_ifimages_MDA-MB-468_untreated`. This is the permitted minting case (a part of this dataset with no external
2026-08-22c_claude-opus-5-api-generic-v5_rep2,CM4AI,claudecode_agent,both,conforms_to_standard,low,other,"Only `RO_CRATE` is listed. The bundle also attests that CM4AI dataset schemas are expressed in JSON-Schema and that provenance uses the EVI Evidence Graph Ontology and PROV-O, but none of those map to"
2026-08-22c_claude-opus-5-api-generic-v5_rep2,CM4AI,claudecode_agent,both,subpopulations[0].distribution,low,unsupported claim,"Donor descriptions ('51-year-old Black female', 'healthy male Northern European donor') are drawn from the CM4AI preprint (tier 3) and correctly caveated. Note that the preprint writes 'black female' "
2026-08-22c_claude-opus-5-api-generic-v5_rep2,CM4AI,claudecode_agent,both,sensitive_elements[0].sensitive_elements_present,low,unsupported claim,"Asserted `false`. The bundle states Human Subjects: No and De-identified Samples: Yes, but makes no affirmative statement that the dataset contains no sensitive elements. The local `source_caveats` ac"
2026-08-22c_claude-opus-5-api-generic-v5_rep2,CM4AI,claudecode_agent,both,is_deidentified.identifiable_elements_present,low,other,"Asserted `false` on the basis of the release's 'De-identified Samples: Yes' plus the preprint's statement that the data cannot be matched to a human subject with current knowledge. Defensible, but the"
2026-08-22c_claude-opus-5-api-generic-v5_rep2,CM4AI,claudecode_agent,both,regulatory_restrictions.confidentiality_level,low,other,"`unrestricted` is asserted. The bundle supports that all ten June 2026 files are public with no access request, but the same release marks two perturb-seq external deposits as embargoed and the record"
2026-08-22c_claude-opus-5-api-generic-v5_rep2,CM4AI,claudecode_agent,both,external_resources[0],low,missing supported information,"Four distinct MassIVE deposits (SEC-MS KOLF2.1J, SEC-MS MDA-MB-468, AP-MS paclitaxel, AP-MS vorinostat) are collapsed into a single ExternalResource object. The v2 rule requires one object per distinc"
2026-08-22c_claude-opus-5-api-generic-v5_rep2,CM4AI,claudecode_agent,both,external_resources[4],low,missing supported information,"Three distinct software resources (Cell Mapping Toolkit, FAIRSCAPE, Integrative Modeling Platform), each with its own URL and license, are collapsed into one ExternalResource object. These are individ"
2026-08-22c_claude-opus-5-api-generic-v5_rep2,CM4AI,claudecode_agent,both,related_datasets[3].target_dataset,low,unsupported claim,"`doi:10.18130/V3/DXWOS5` for the May 2024 release is taken from the CM4AI preprint's Data and Software Availability Statement, which cites it as 'https://doi.org/10.18130/V3/DXWOS5'. The tier-2 cm4ai."
2026-08-22c_claude-opus-5-api-generic-v5_rep2,CM4AI,claudecode_agent,both,existing_uses[*],low,missing supported information,"All three ExistingUse objects populate only `notes`; the declared `examples` key is never used. The v3 rule directs that where the evidence answers a declared field, that field should be populated rat"
2026-08-22c_claude-opus-5-api-generic-v5_rep2,CM4AI,claudecode_agent,both,preprocessing_strategies[0],low,missing supported information,"Describes the MuSIC pipeline in detail while the same records state that computed cell maps are not included in this release. The local caveat resolves the tension explicitly, but the slot's declared "
2026-08-22c_claude-opus-5-api-generic-v5_rep2,CM4AI,claudecode_agent,both,data_governance.committee_contact,low,unsupported claim,"Person object carries `name` and `email` but no `id`. The bundle supplies no ORCID for Jillian Parker in the governance context, though the same release's author list gives ORCID:0000-0003-4535-3486 f"
2026-08-22c_claude-opus-5-api-generic-v5_rep2,CM4AI,claudecode_agent,both,maintainers[*],low,other,"All four Maintainer objects place person names, institutions and email addresses inside free-text `maintainer_details` rather than in structured fields. Maintainer's declared keys per the digest are o"
2026-08-22c_claude-opus-5-api-generic-v5_rep2,CM4AI,claudecode_agent,both,instances[*].data_substrate,low,other,"B2AI_SUBSTRATE:56 (Immunofluorescence Image), :59 (SEC-MS Data), :58 (Mass Spectrometry Data) and :64 (Perturb-seq Data) are all defensible term choices. Note that instance[2] (AP-MS pull-down) uses :"
2026-08-22c_claude-opus-5-api-generic-v5_rep2,CM4AI,claudecode_agent,both,errata,low,other,"The single Erratum object describes a revision to the June 2025 release, not to the release this record describes. The caveat states plainly that no errata are recorded against June 2026. Populating `"
2026-08-22c_claude-opus-5-api-generic-v5_rep2,VOICE,claudecode_agent,core,distributions,high,unsupported claim,"The slot `distributions` is not present in the supplied Dataset/CoreDataset slot inventory (98 slots listed; the inventory declares `distribution_formats`, `distribution_dates`, and `file_collections`"
2026-08-22c_claude-opus-5-api-generic-v5_rep2,VOICE,claudecode_agent,core,data_governance.committee_contact,high,missing supported information,"`committee_contact` has declared range `Person`. The core record supplies `{email: DACO@b2ai-voice.org}`. `email` is not a documented key on Person in the digest, and the value is an office mailbox, n"
2026-08-22c_claude-opus-5-api-generic-v5_rep2,VOICE,claudecode_agent,core,data_collectors[].role,medium,inconsistent identifier/count,The full record uses the permitted `DataCollector.role` enum values (`researcher`). The core record replaces them with free prose (`Research teams coordinating and administering the collection protoco
2026-08-22c_claude-opus-5-api-generic-v5_rep2,VOICE,claudecode_agent,core,informed_consent[].notes,medium,missing supported information,"Compensation content (electronic gift cards; $40 under 90 minutes, $80 over 90 minutes, max three sessions and $120) is folded into `informed_consent[0].notes` in the core record. The full record carr"
2026-08-22c_claude-opus-5-api-generic-v5_rep2,VOICE,claudecode_agent,core,preprocessing_strategies,medium,other,"The core record adds detail not present in the full record's corresponding slot: spectrogram dimension `201 by T`, the enumeration of the six sparc articulators, and the torchaudio pitch range 80–500 "
2026-08-22c_claude-opus-5-api-generic-v5_rep2,VOICE,claudecode_agent,core,notes,medium,unsupported claim,"The recommended citation is relocated into `notes`. The `citation` slot is present in the Dataset inventory and the full record populates it; if the core schema also declares `citation`, moving attest"
2026-08-22c_claude-opus-5-api-generic-v5_rep2,VOICE,claudecode_agent,full,maintainers[1].maintainer_details,medium,unsupported claim,States that T-CAIREM is 'a data publishing platform maintained by the Temerty Center for Artificial Intelligence Research and Education in Medicine (T-CAIREM) at the University of South Florida's part
2026-08-22c_claude-opus-5-api-generic-v5_rep2,VOICE,claudecode_agent,full,creators[3].credit_roles / creators[4].credit_roles / creators[8].credit_roles,medium,unsupported claim,"CRediT roles are assigned to Sigaras (`software`), Ghosh (`software`, `data_curation`) and Johnson (`data_curation`, `software`) on the basis of module leadership and library contribution rather than "
2026-08-22c_claude-opus-5-api-generic-v5_rep2,VOICE,claudecode_agent,full,publisher,low,inconsistent identifier/count,`publisher` has declared range `uriorcurie`. The value `https://physionet.org/` is a bare site URL rather than an identifier for the publishing organization; no PhysioNet identifier appears in the bun
2026-08-22c_claude-opus-5-api-generic-v5_rep2,VOICE,claudecode_agent,both,instances[1].data_substrate,low,other,`B2AI_SUBSTRATE:30` (Parquet) is used for the 'Audio recording with derived acoustic features' instance. The substrate chosen describes the container format of the released features rather than the au
2026-08-22c_claude-opus-5-api-generic-v5_rep2,VOICE,claudecode_agent,both,instances[2].data_substrate,low,inconsistent identifier/count,"`B2AI_SUBSTRATE:80` (Questionnaire response data) is applied to the 'Questionnaire and survey response' instance while the released artifacts are TSV tables; consistent with the content reading, but i"
2026-08-22c_claude-opus-5-api-generic-v5_rep2,VOICE,claudecode_agent,full,sampling_strategies[0],low,inconsistent identifier/count,"`is_representative: false` is emitted twice within the same object (once before `strategies`, once after). Duplicate mapping key in YAML — the second silently overrides the first. Values agree, so no "
2026-08-22c_claude-opus-5-api-generic-v5_rep2,VOICE,claudecode_agent,full,sampling_strategies[0].representative_verification,low,inconsistent identifier/count,Indentation of the list under `representative_verification` is inconsistent with sibling sequences (the `- >-` item is at the same indent level as the key rather than nested as elsewhere in the file).
2026-08-22c_claude-opus-5-api-generic-v5_rep2,VOICE,claudecode_agent,core,conforms_to_class,low,other,"Set to `CoreDataset`, which is correct per the slot description. Noted only because the paired records necessarily differ here; no defect."
2026-08-22c_claude-opus-5-api-generic-v5_rep2,VOICE,claudecode_agent,both,id,low,inconsistent identifier/count,`id` is `doi:10.13026/8xbn-nq66` (version-specific 3.1.0 DOI) while `version_access.latest_version_doi` is `doi:10.13026/37yb-1t42` (version-independent). Internally coherent given the stated referent
2026-08-22c_claude-opus-5-api-generic-v5_rep2,VOICE,claudecode_agent,both,collection_timeframes,low,missing supported information,"Only a duration ('12 months') is recorded, with no `start_date` or `end_date`, correctly caveated as drawn from a healthsheet written against an earlier version. The bundle does supply a bounded windo"
2026-08-22c_claude-opus-5-api-generic-v5_rep2,VOICE,claudecode_agent,full,file_collections,low,other,"`file_count` and `total_bytes` are omitted from every FileCollection, and `total_file_count` / `total_size_bytes` are omitted at Dataset level. The bundle gives per-feature record counts but no file c"
2026-08-22c_claude-opus-5-api-generic-v5_rep2,VOICE,claudecode_agent,core,source_caveats,low,missing supported information,"The core source_caveats asserts which slots 'the core schema does not declare' (subsets, splits, relationships, variables, file_collections, direct_collection, collection_consents, collection_notifica"
2026-08-22c_claude-opus-5-api-generic-v5_rep3,AI_READI,claudecode_agent,core,sampling_strategies[0].is_sample,medium,missing supported information,"Core asserts `is_sample: true`, which the full record does not state and which contradicts both records' own prose (""all enrolled participants for the covered period are included rather than a further"
2026-08-22c_claude-opus-5-api-generic-v5_rep3,AI_READI,claudecode_agent,both,description,medium,inconsistent identifier/count,"The acronym is expanded as ""Artificial Intelligence Ready and Equitable Atlas for Diabetes Insights"", the form used only by the tier-3 BMJ Open protocol and Nature Metabolism comment. Tier-1 sources ("
2026-08-22c_claude-opus-5-api-generic-v5_rep3,AI_READI,claudecode_agent,both,ethical_reviews[0].source_caveats / human_subject_research.ethics_review_board,medium,other,"The caveat states ""Both are tier-1 or supporting sources and the ranking does not settle the discrepancy"". This misstates the declared ranking: the RO-Crate (tier 1, ""Washington University IRB"") outra"
2026-08-22c_claude-opus-5-api-generic-v5_rep3,AI_READI,claudecode_agent,both,funders,medium,other,Multivalued slot collapsed. Only one FundingMechanism object is emitted; NIH grants P30DK035816 and UL1TR003096 and Research to Prevent Blindness — distinct grantors/grants named in the bundle — are r
2026-08-22c_claude-opus-5-api-generic-v5_rep3,AI_READI,claudecode_agent,both,distribution_formats[4].format,low,other,"`format` holds ""FAIRhub portal with Azure Storage access"", an access route rather than a distribution format. The access conditions belong in `access_urls`/`notes` (both already populated on the same "
2026-08-22c_claude-opus-5-api-generic-v5_rep3,AI_READI,claudecode_agent,full,variables[monofilament_test_response].categories,low,missing supported information,"Two categories are collapsed into one list item, `""yes; no""`, rather than emitted as separate category values."
2026-08-22c_claude-opus-5-api-generic-v5_rep3,AI_READI,claudecode_agent,both,conforms_to_standard,low,other,RO_CRATE is asserted as a standard the dataset content follows. The bundle shows the RO-Crate is a separate external description of the release (delivered via Google Drive); ro-crate-metadata.json is 
2026-08-22c_claude-opus-5-api-generic-v5_rep3,AI_READI,claudecode_agent,both,regulatory_restrictions.confidentiality_level,low,unsupported claim,"Value `restricted` is not stated by any source; the tier-1 RO-Crate records confidentialityLevel ""HL7:2N (normal)"". The record's `notes` acknowledge this is its own mapping onto the enum rather than a"
2026-08-22c_claude-opus-5-api-generic-v5_rep3,AI_READI,claudecode_agent,both,data_governance.committee_name,low,other,"""AI-READI Data Access Committee"" is not a string any source uses. BMJ Open (tier 3) refers to ""the Data Access Committee""; the tier-1 RO-Crate names the governance committee ""AI-READI Consortium"". The"
2026-08-22c_claude-opus-5-api-generic-v5_rep3,AI_READI,claudecode_agent,both,acquisition_methods[0].acquisition_details,low,inconsistent identifier/count,"Internal inconsistency: ""retinal imaging on six devices"", while `collection_mechanisms` in the same record lists seven (Optomed Aurora IQ, iCare EIDON, Heidelberg Spectralis, Heidelberg FLIO, Topcon M"
2026-08-22c_claude-opus-5-api-generic-v5_rep3,AI_READI,claudecode_agent,full,raw_sources[0].access_url,low,inconsistent identifier/count,"`access_url` is set to https://docs.aireadi.org while the same object states the raw data are not shared outside the project team. The URL is documentation, not an access point for the raw data the ob"
2026-08-22c_claude-opus-5-api-generic-v5_rep3,AI_READI,claudecode_agent,full,related_datasets,low,missing supported information,"Supported relationship omitted. The tier-1 FAIRhub API records `""child"": 4` (the mini-subset for pipeline development) and the v3 documentation describes it; this is recorded only as `notes` prose rat"
2026-08-22c_claude-opus-5-api-generic-v5_rep3,AI_READI,claudecode_agent,full,extension_mechanism,low,other,"Supported omission. The healthsheet answers the extension question directly: ""No, currently there is no mechanism for others to extend or augment the AI-READI dataset outside of those who are involved"
2026-08-22c_claude-opus-5-api-generic-v5_rep3,AI_READI,claudecode_agent,full,data_protection_impacts,low,other,"Supported omission. The healthsheet answers: ""No, a data protection impact analysis has not been conducted."" DataProtectionImpact.impact_details is unpopulated."
2026-08-22c_claude-opus-5-api-generic-v5_rep3,AI_READI,claudecode_agent,both,keywords,low,other,"""Salutogenesis"" appears as a keyword but is not in any source keyword list (FAIRhub subject list, study keywordList, RO-Crate keywords). It is a concept discussed in the prose, added here as a discove"
2026-08-22c_claude-opus-5-api-generic-v5_rep3,AI_READI,claudecode_agent,both,creators[0].id / creators[0].affiliations[0].id,low,inconsistent identifier/count,"The same identifier, https://aireadi.org, is used both for the Creator node and for one of its own affiliations, so two distinct nodes carry one identity. The organizational creator's name (""AI-READI "
2026-08-22c_claude-opus-5-api-generic-v5_rep3,AI_READI,claudecode_agent,both,known_biases[2].affected_subsets,low,other,"Value is prose (""All splits and all modalities."") in a slot that, by name and multivalency, expects subset references; the three split subsets minted in the full record are not referenced."
2026-08-22c_claude-opus-5-api-generic-v5_rep3,AI_READI,claudecode_agent,core,notes,low,missing supported information,"The recommended citation is folded into `notes` prose. The full record carries it in the dedicated `citation` slot; if CoreDataset declares `citation`, this is residual-notes use where a fitting slot "
2026-08-22c_claude-opus-5-api-generic-v5_rep3,AI_READI,claudecode_agent,core,distributions,low,inconsistent identifier/count,"Internal inconsistency in format assignment: clinical_data is given `format: CSV / media_type: text/csv` and the two wearable directories `JSON / application/json`, but environment (also CSV per the r"
2026-08-22c_claude-opus-5-api-generic-v5_rep3,AI_READI,claudecode_agent,full,funders[0].grants[0].name,low,inconsistent identifier/count,"Award number and award title are merged into one `name` value (""OT2OD032644: Bridge2AI: Salutogenesis Data Generation Project"") rather than placed in the Grant class's declared fields."
2026-08-22c_claude-opus-5-api-generic-v5_rep3,AI_READI,claudecode_agent,both,sampling_strategies[0].strategies,low,inconsistent identifier/count,"Unrecorded source conflict on the study base window: BMJ Open states patients with an encounter ""between 2020 and 2025"", while the healthsheet and IRB protocol state ""within the past 2 years"". The BMJ"
2026-08-22c_claude-opus-5-api-generic-v5_rep3,AI_READI,claudecode_agent,core,distributions,info,missing supported information,"The `distributions` slot and its keys (`path`, `bytes`, `format`, `media_type`) do not appear in the supplied Dataset digest; conformance can only be checked against the CoreDataset schema, which was "
2026-08-22c_claude-opus-5-api-generic-v5_rep3,AI_READI,claudecode_agent,both,"creators[*].affiliations[*].id, ethical_reviews, data_governance.accountable_organization",info,other,"ROR: and ORCID: CURIEs are used in `uriorcurie` slots in place of the resolver URLs the bundle states. All local parts are evidence-backed, but the supplied digest declares only B2AI_SUBSTRATE and B2A"
2026-08-22c_claude-opus-5-api-generic-v5_rep3,AI_READI,claudecode_agent,both,"at_risk_populations.special_protections, human_subject_research.irb_approval / regulatory_compliance / special_populations, ip_restrictions.restrictions, data_governance.stewardship_roles, version_access.versions_available, external_resources[*].restrictions",info,other,"These are emitted as single-item lists. The supplied digest does not declare multivalency for them, so list-versus-scalar conformance cannot be confirmed; if any is scalar-ranged, the list form will f"
2026-08-22c_claude-opus-5-api-generic-v5_rep3,CHORUS,claudecode_agent,core,resources,high,inconsistent identifier/count,"Core record moves the nine data modalities from `subsets` (DataSubset, used in the full record) into `resources` (range Dataset). The declared full-record schema lists `resources` as ""Sub-resources or"
2026-08-22c_claude-opus-5-api-generic-v5_rep3,CHORUS,claudecode_agent,core,acquisition_methods[0].acquisition_details,high,other,"Core adds content the full record does not state in this slot: the clause ""The data are drawn from clinical systems rather than gathered directly from patients for research purposes."" In the full reco"
2026-08-22c_claude-opus-5-api-generic-v5_rep3,CHORUS,claudecode_agent,core,data_governance.notes,high,missing supported information,"Core adds content absent from the full record's data_governance: ""The dataset is shared beyond the contributing consortium under controlled access, including with trainees provisioned compute on the B"
2026-08-22c_claude-opus-5-api-generic-v5_rep3,CHORUS,claudecode_agent,core,notes,medium,other,"Core notes add a statement not present in the full record's notes: ""The project also sequesters a holdout test set for external model validation; the core schema provides no split-level slot, so this "
2026-08-22c_claude-opus-5-api-generic-v5_rep3,CHORUS,claudecode_agent,core,source_caveats,medium,other,"Core source_caveats add a sentence not in the full record's source_caveats: ""The nine standardized data modalities are carried in `resources` as component datasets."" Core-only content relative to the "
2026-08-22c_claude-opus-5-api-generic-v5_rep3,CHORUS,claudecode_agent,full,instances[0].counts,medium,unsupported claim,"counts: 50000 is drawn from chorus4ai.org's ""Current Released Dataset"" snapshot, where 50,000 is labeled ""Patient admissions from ICU, PICU, and NICU"". The instance_type asserts each instance is a sin"
2026-08-22c_claude-opus-5-api-generic-v5_rep3,CHORUS,claudecode_agent,both,instances[1].counts,medium,unsupported claim,"counts: 1600000000 renders the source's ""1.6 Billion / Rows of EHR OMOP data"" as an exact integer. The source states a rounded magnitude, not a precise count; the integer range forces precision the bu"
2026-08-22c_claude-opus-5-api-generic-v5_rep3,CHORUS,claudecode_agent,both,creators,medium,unsupported claim,"Five of the six Creator objects (Bihorac, Jiang, Strekalova, Rashidi, Kwong) are populated via `principal_investigator`, but the bundle identifies them only as members of the ""Bridge2AI CHoRUS Leaders"
2026-08-22c_claude-opus-5-api-generic-v5_rep3,CHORUS,claudecode_agent,both,creators,medium,unsupported claim,"The bundle does not state that these six individuals created the *dataset*; they are named as the project's leadership team and, for Rosenthal, the award PI. Attributing dataset creatorship is an infe"
2026-08-22c_claude-opus-5-api-generic-v5_rep3,CHORUS,claudecode_agent,both,license_and_use_terms.contact_person,medium,unsupported claim,"Jared Houghtaling is named as `contact_person` for license and use terms. The bundle lists him only under GitHub ""Contact / Request access: dbold@emory.edu or jared.houghtaling@tuftsmedicine.org"" — an"
2026-08-22c_claude-opus-5-api-generic-v5_rep3,CHORUS,claudecode_agent,both,data_governance.accountable_organization,medium,unsupported claim,Massachusetts General Hospital is asserted as the organization accountable for the data over time. The bundle states MGH is the NIH award recipient organization and hosts the program manager; it does 
2026-08-22c_claude-opus-5-api-generic-v5_rep3,CHORUS,claudecode_agent,both,ethical_reviews[0].reviewing_organization,medium,inconsistent identifier/count,"""CHoRUS consortium ethics pillar"" is not a named organization in the bundle. The sources describe an Ethics pillar / ""Ethical and Trustworthy AI"" as a project component and describe ethics focus group"
2026-08-22c_claude-opus-5-api-generic-v5_rep3,CHORUS,claudecode_agent,both,data_collectors[*].role,medium,other,"`role` on DataCollector is populated with free strings (""Data contributing site"", ""Site data manager"", ""Coordinating sub-team""). The digest constrains `role` to an enum only on Maintainer, not on Data"
2026-08-22c_claude-opus-5-api-generic-v5_rep3,CHORUS,claudecode_agent,both,regulatory_restrictions.confidentiality_level,medium,other,"`restricted` is selected from the enum on the basis of ""controlled access"" language in the bundle. The bundle never characterizes a confidentiality level; the mapping from ""controlled access"" to the e"
2026-08-22c_claude-opus-5-api-generic-v5_rep3,CHORUS,claudecode_agent,both,conforms_to_standard,medium,inconsistent identifier/count,"`OTHER` appears once in the top-level list but stands for two distinct non-registered standards (OHNLP schema for notes, EDF+/Persyst for EEG). The enum cannot disambiguate, and the deduplicated singl"
2026-08-22c_claude-opus-5-api-generic-v5_rep3,CHORUS,claudecode_agent,both,known_limitations[4],low,unsupported claim,"limitation_type `temporal_limitation` with the description that retrospective collection means the data reflect recorded practice ""rather than prospectively designed measurements"" is a methodological "
2026-08-22c_claude-opus-5-api-generic-v5_rep3,CHORUS,claudecode_agent,both,known_limitations[3],low,unsupported claim,"representativeness_limitation asserting the dataset ""is therefore specific to acute and critical illness rather than to general hospital or ambulatory care"" is an inference from scope, not a limitatio"
2026-08-22c_claude-opus-5-api-generic-v5_rep3,CHORUS,claudecode_agent,both,known_biases[0].bias_type,low,unsupported claim,"`selection_bias` is assigned by the record; no source names or categorizes any bias in the dataset. The bias_description restates cohort composition facts that are supported, but the categorization as"
2026-08-22c_claude-opus-5-api-generic-v5_rep3,CHORUS,claudecode_agent,both,addressing_gaps[1],low,unsupported claim,"""Existing resources lack a diverse, high-resolution, ethically sourced, AI-ready dataset..."" restates the GitHub About text's goal statement as a gap assertion about the state of existing resources. T"
2026-08-22c_claude-opus-5-api-generic-v5_rep3,CHORUS,claudecode_agent,both,addressing_gaps[2],low,other,"""Sequestered holdout datasets for external validation of models have been unavailable, limiting marketplace adoption"" asserts prior unavailability. The NIH abstract states only that the dataset will p"
2026-08-22c_claude-opus-5-api-generic-v5_rep3,CHORUS,claudecode_agent,both,addressing_gaps[3],low,other,"""Contextual factors ... are commonly absent from clinical datasets"" asserts a general property of clinical datasets. The abstract states only that CHoRUS will ensure such factors are present in its ow"
2026-08-22c_claude-opus-5-api-generic-v5_rep3,CHORUS,claudecode_agent,both,subsets[3] / resources[3] (Nursing flowsheets),low,other,"conforms_to ""OMOP Common Data Model, with schema extensions"" attributes the ""OMOP schema with extensions"" table cell to nursing flowsheets. The record's own source_caveats concede this attribution res"
2026-08-22c_claude-opus-5-api-generic-v5_rep3,CHORUS,claudecode_agent,both,subsets[7] / resources[7] (Waveform telemetry),low,other,"""The published metadata schema is described as an extended PhysioNet schema"" is attributed to telemetry on the same garbled-table column-order basis as the nursing flowsheet attribution, but carries n"
2026-08-22c_claude-opus-5-api-generic-v5_rep3,CHORUS,claudecode_agent,both,instances[3].notes / description,low,other,"""23 Tb"" is transcribed as stated (the source writes ""23 Tb""), which is correct practice, but the description slot elsewhere reproduces it without noting the unit ambiguity (Tb vs TB) in a dataset-size"
2026-08-22c_claude-opus-5-api-generic-v5_rep3,CHORUS,claudecode_agent,both,maintainers[0].maintainer_details,low,other,"The email cmccrary@mgh.havard.edu is reproduced verbatim from the source (correct — it is quoted material) and the typo is disclosed in source_caveats. No defect, but note the address is non-resolving"
2026-08-22c_claude-opus-5-api-generic-v5_rep3,CHORUS,claudecode_agent,both,external_resources[2],low,inconsistent identifier/count,"""www.bridge2ai.org/chorus"" is written without a scheme inside prose. The slot is a free-text ExternalResource field, so this is not a range violation, but it is inconsistent with the other four entrie"
2026-08-22c_claude-opus-5-api-generic-v5_rep3,CHORUS,claudecode_agent,both,status,low,inconsistent identifier/count,The `status` slot's description gives examples of the form draft/published/deprecated — a short state token. Both records populate it with a multi-sentence narrative paragraph. Not a range violation (
2026-08-22c_claude-opus-5-api-generic-v5_rep3,CHORUS,claudecode_agent,full,splits[0],low,other,"Populated only with `split_details` describing the holdout test set. The bundle supports this. Noted only because the paired core record has no counterpart, producing a full-only fact that the core co"
2026-08-22c_claude-opus-5-api-generic-v5_rep3,CHORUS,claudecode_agent,full,direct_collection,low,missing supported information,"Present in full, absent in core, with its content relocated into core's acquisition_methods[0]. If the core schema declares `direct_collection`, the omission is an unnecessary loss of a structured boo"
2026-08-22c_claude-opus-5-api-generic-v5_rep3,CHORUS,claudecode_agent,full,third_party_sharing,low,other,"Present in full, absent in core, with its content relocated into core's data_governance.notes. Same concern as direct_collection: structured `is_shared: true` becomes prose."
2026-08-22c_claude-opus-5-api-generic-v5_rep3,CHORUS,claudecode_agent,both,id,low,inconsistent identifier/count,"The dataset id https://chorus4ai.org/#chorus-dataset is a minted fragment on an attested URL, which conforms to the minting rule. Noted for completeness: the fragment `#chorus-dataset` does not corres"
2026-08-22c_claude-opus-5-api-generic-v5_rep3,CHORUS,claudecode_agent,both,doi / citation / version / license,low,missing supported information,"Omitted. Correct — the bundle states no DOI, no recommended citation, no version identifier, and no dataset license (the MIT statement is scoped to the GitHub project and is correctly confined to ip_r"
2026-08-22c_claude-opus-5-api-generic-v5_rep3,CHORUS,claudecode_agent,both,collection_consents / informed_consent / consent_revocations / collection_notifications,low,missing supported information,"Omitted. Correct: the bundle describes retrospective extraction from clinical systems and community ethics focus groups but states nothing about participant consent, notification, or revocation. Recor"
2026-08-22c_claude-opus-5-api-generic-v5_rep3,CHORUS,claudecode_agent,both,total_size_bytes / total_file_count / compression / download_url,low,missing supported information,"Omitted. Correct: ""23 Tb"" is a modality-level figure not a total, no file counts are given, no compression is stated, and no direct download exists (access is enclave-based and controlled). Recorded a"
2026-08-22c_claude-opus-5-api-generic-v5_rep3,CM4AI,claudecode_agent,core,distributions,high,unsupported claim,"The slot `distributions` is not present in the supplied schema digest for the Dataset/CoreDataset slot inventory. The digest declares `file_collections` (range FileCollection) for grouping files, and "
2026-08-22c_claude-opus-5-api-generic-v5_rep3,CM4AI,claudecode_agent,core,distributions,high,missing supported information,"Content stated in the core record that the full record does not state in the same form: the ten per-file MD5 checksums, file paths, and media types appear in the core record under `distributions` with"
2026-08-22c_claude-opus-5-api-generic-v5_rep3,CM4AI,claudecode_agent,full,file_collections,medium,unsupported claim,"Each FileCollection object embeds file size, MD5 checksum, and publication date as prose inside `description` while leaving the declared structured keys `file_count` and `total_bytes` unpopulated. The"
2026-08-22c_claude-opus-5-api-generic-v5_rep3,CM4AI,claudecode_agent,full,total_file_count,medium,inconsistent identifier/count,"Value 10 is asserted as the total number of files across all file collections. The bundle's June 2026 Dataverse file table lists 10 distributed archive files, which supports the count of top-level arc"
2026-08-22c_claude-opus-5-api-generic-v5_rep3,CM4AI,claudecode_agent,both,ethical_reviews[0].contact_person.id,medium,inconsistent identifier/count,"`mailto:ravitskyv@thehastingscenter.org` is used as the identifier for a Person. The digest declares `id` as `uriorcurie`. A mailto URI is a syntactically valid URI, but the v5 identifier rule states "
2026-08-22c_claude-opus-5-api-generic-v5_rep3,CM4AI,claudecode_agent,both,ethical_reviews[1].contact_person.id,medium,inconsistent identifier/count,`mailto:jean-christophe_belisle-pipon@sfu.ca` is used as the Person identifier. The bundle supplies ORCID:0000-0002-8965-8153 for Jean-Christophe Bélisle-Pipon in the same June 2026 release author met
2026-08-22c_claude-opus-5-api-generic-v5_rep3,CM4AI,claudecode_agent,both,data_governance.committee_contact.id,medium,inconsistent identifier/count,`mailto:jillianparker@health.ucsd.edu` is used as the Person identifier for Jillian Parker. The bundle supplies ORCID:0000-0003-4535-3486 for Parker J in the June 2026 release author metadata; the att
2026-08-22c_claude-opus-5-api-generic-v5_rep3,CM4AI,claudecode_agent,both,funders[0].grants[0].id,medium,inconsistent identifier/count,`https://reporter.nih.gov/project-details/11211616` is a resolver URL used as a Grant identifier in a `uriorcurie`-ranged slot. No schema-declared prefix for NIH RePORTER applications is evident in th
2026-08-22c_claude-opus-5-api-generic-v5_rep3,CM4AI,claudecode_agent,both,funders[1],medium,other,"FundingMechanism object populates only `grantor` with the composite string 'University of Virginia, Frederick Thomas Fund'. This conflates the institution and the named fund into a single grantor valu"
2026-08-22c_claude-opus-5-api-generic-v5_rep3,CM4AI,claudecode_agent,both,instances[1].data_substrate,low,other,"B2AI_SUBSTRATE:59 is 'Size Exclusion Chromatography-Mass Spectrometry Data', which fits the SEC-MS elution profile instance. Correct. Recorded only to note that the neighbouring AP-MS instance uses B2"
2026-08-22c_claude-opus-5-api-generic-v5_rep3,CM4AI,claudecode_agent,both,instances[0].data_topic,medium,other,"B2AI_TOPIC:19 is 'Microscale Imaging'. The immunofluorescence confocal images of subcellular protein localization are plausibly covered, but B2AI_TOPIC:15 'Image' is the more direct term and the vocab"
2026-08-22c_claude-opus-5-api-generic-v5_rep3,CM4AI,claudecode_agent,both,instances[3].data_substrate,medium,other,B2AI_SUBSTRATE:64 'Perturb-seq Data' is used for the single-cell CRISPR interference transcriptional profile instance. This is the correct and most specific term. No defect. Recorded to contrast with 
2026-08-22c_claude-opus-5-api-generic-v5_rep3,CM4AI,claudecode_agent,both,creators,high,inconsistent identifier/count,"Four Creator objects are asserted, each populating only `principal_investigator`. Three of the four (Krogan, Lundberg, Ideker) carry the institutional affiliation as prose inside the nested Person `de"
2026-08-22c_claude-opus-5-api-generic-v5_rep3,CM4AI,claudecode_agent,both,creators,medium,missing supported information,"The Creator class as digested exposes `principal_investigator` (Person), `affiliations`, and `credit_roles`. All four entries characterize the person's contribution in prose inside `description` (e.g."
2026-08-22c_claude-opus-5-api-generic-v5_rep3,CM4AI,claudecode_agent,both,creators,medium,missing supported information,The release citation names 47 authors; four Creator objects are emitted. The source_caveats explain this as a scoping decision forced by the Creator class exposing only `principal_investigator`. This 
2026-08-22c_claude-opus-5-api-generic-v5_rep3,CM4AI,claudecode_agent,both,ethical_reviews[0].reviewing_organization,medium,unsupported claim,"'The Hastings Center' is asserted as the reviewing organization for Vardit Ravitsky, inferred from the mailto domain thehastingscenter.org in the release ethics contact block. The bundle's June 2026 r"
2026-08-22c_claude-opus-5-api-generic-v5_rep3,CM4AI,claudecode_agent,both,ethical_reviews,medium,missing supported information,"Both EthicalReview objects describe named individual ethics contacts and the project's ethics-guideline work, but neither records an IRB approval, ethics committee determination, or compliance certifi"
2026-08-22c_claude-opus-5-api-generic-v5_rep3,CM4AI,claudecode_agent,both,human_subject_research.regulatory_compliance,low,other,"The digest does not show `regulatory_compliance` as a list-ranged slot on HumanSubjectResearch, and the value here is a single-element list containing a long prose paragraph. If the slot is scalar, th"
2026-08-22c_claude-opus-5-api-generic-v5_rep3,CM4AI,claudecode_agent,both,regulatory_restrictions.regulatory_restrictions,low,unsupported claim,Single-element list restating the three governance booleans already asserted structurally in `human_subject_research.involves_human_subjects` (false) and `is_deidentified.identifiable_elements_present
2026-08-22c_claude-opus-5-api-generic-v5_rep3,CM4AI,claudecode_agent,both,license,medium,inconsistent identifier/count,Value 'CC-BY-NC-SA-4.0'. The bundle states the license as 'CC BY-NC-SA 4.0' throughout the Dataverse records and links https://creativecommons.org/licenses/by-nc-sa/4.0/. The hyphenated form is a reas
2026-08-22c_claude-opus-5-api-generic-v5_rep3,CM4AI,claudecode_agent,both,publisher,medium,unsupported claim,`ROR:0153tk833` is asserted as the publisher. The bundle attests this ROR only as an author affiliation identifier attached to five UVA-affiliated authors in the June 2026 release metadata; it does no
2026-08-22c_claude-opus-5-api-generic-v5_rep3,CM4AI,claudecode_agent,both,issued,low,other,'2026-06-17T00:00:00Z' matches the release publication date. Correct RFC 3339 form with UTC offset. No defect.
2026-08-22c_claude-opus-5-api-generic-v5_rep3,CM4AI,claudecode_agent,both,last_updated_on,medium,inconsistent identifier/count,"'2026-07-15T00:00:00Z' is taken from the three immunofluorescence archive file publication dates, while the dataset-level publication date is 2026-06-17. The record's source_caveats explain this choic"
2026-08-22c_claude-opus-5-api-generic-v5_rep3,CM4AI,claudecode_agent,both,created_on,low,inconsistent identifier/count,"'2025-02-27T00:00:00Z' is taken from the Dataverse 'Data Creation Date' and 'Deposit Date' fields, both 2025-02-27. These fields are inherited unchanged across the March 2025, June 2025, October 2025,"
2026-08-22c_claude-opus-5-api-generic-v5_rep3,CM4AI,claudecode_agent,both,conforms_to_standard,medium,inconsistent identifier/count,"`RO_CRATE` is asserted at dataset level. The June 2026 release distributes `cm4ai_release_metadata.zip` containing RO-Crate metadata, and the project descriptor states outputs are packaged as RO-Crate"
2026-08-22c_claude-opus-5-api-generic-v5_rep3,CM4AI,claudecode_agent,core,notes,high,unsupported claim,"The full 47-author citation string is carried in `notes` on the core record because the core schema lacks a `citation` slot. The digest's guidance for `notes` is 'residual content only, after every fi"
2026-08-22c_claude-opus-5-api-generic-v5_rep3,CM4AI,claudecode_agent,both,subpopulations,medium,missing supported information,"Both Subpopulation objects describe cell lines rather than demographic or other subgroups of instances within the dataset. The digest describes this slot as covering 'demographic or other groups, thei"
2026-08-22c_claude-opus-5-api-generic-v5_rep3,CM4AI,claudecode_agent,both,subsets,medium,missing supported information,"Omitted despite clear bundle support. The June 2026 release distributes data partitioned along two crossed axes the bundle states explicitly: cell line (MDA-MB-468, KOLF2.1J and its NPC/neuron/cardiom"
2026-08-22c_claude-opus-5-api-generic-v5_rep3,CM4AI,claudecode_agent,both,content_warnings,low,missing supported information,"Omitted. Correct — the bundle contains no statement of offensive, disturbing, or harmful content, and the data are laboratory measurements from cell lines. Recorded to confirm the omission is evidence"
2026-08-22c_claude-opus-5-api-generic-v5_rep3,CM4AI,claudecode_agent,both,collection_consents,low,missing supported information,"Omitted. Correct — the bundle states no human subjects were involved and data derive from commercially available de-identified cell lines, so no participant consent was obtained or documented. Omissio"
2026-08-22c_claude-opus-5-api-generic-v5_rep3,CM4AI,claudecode_agent,both,confidential_elements,medium,missing supported information,Omitted despite partial bundle support. The June 2026 release states 'Some datasets are under temporary pre-publication embargo' and marks both perturb-seq external datasets as Embargoed. Embargo is a
2026-08-22c_claude-opus-5-api-generic-v5_rep3,CM4AI,claudecode_agent,both,anomalies,low,other,"Omitted. The bundle records one correction event (the June 2025 revision adding RGB images and correcting RO-Crate metadata), which is captured under `errata`. No data-quality anomaly is described in "
2026-08-22c_claude-opus-5-api-generic-v5_rep3,CM4AI,claudecode_agent,both,cleaning_strategies,medium,missing supported information,"Omitted. The bundle's Nature methods describe extensive quality-control and filtering for the U2OS study, but that is a different dataset. For the CM4AI cell-line release the bundle states only that p"
2026-08-22c_claude-opus-5-api-generic-v5_rep3,CM4AI,claudecode_agent,both,labeling_strategies,medium,missing supported information,"Omitted despite bundle support for the imaging modality. The bundle states antibody quality was scored according to a standard HPA protocol with the highest-scoring antibody per protein selected, and "
2026-08-22c_claude-opus-5-api-generic-v5_rep3,CM4AI,claudecode_agent,both,splits,low,missing supported information,"Omitted. Correct — the bundle describes no train/validation/test partitioning of the CM4AI cell-line data. The FileCollection `collection_type` enum offers training_split/test_split/validation_split, "
2026-08-22c_claude-opus-5-api-generic-v5_rep3,CM4AI,claudecode_agent,both,relationships,medium,missing supported information,Omitted. The bundle describes protein-protein interaction networks as a central data product — AP-MS interaction edges and SEC-MS co-elution similarity between protein pairs are literally relationship
2026-08-22c_claude-opus-5-api-generic-v5_rep3,CM4AI,claudecode_agent,both,variables,low,missing supported information,"Omitted. Defensible — the release distributes image archives and packaged mass-spectrometry and perturb-seq products rather than a tabular file with described columns, and `is_tabular` is correctly fa"
2026-08-22c_claude-opus-5-api-generic-v5_rep3,CM4AI,claudecode_agent,both,annotation_analyses,medium,missing supported information,"Omitted. Correct for this release — no inter-annotator agreement statistics are reported for the CM4AI cell-line data. The Nature source reports GPT-4 naming reproducibility and confidence scores, but"
2026-08-22c_claude-opus-5-api-generic-v5_rep3,CM4AI,claudecode_agent,both,machine_annotation_tools,medium,missing supported information,"Omitted despite arguable support. The project descriptor states the MuSIC pipeline uses a large language model approach to name protein assemblies and assign a name confidence score, and uses node2vec"
2026-08-22c_claude-opus-5-api-generic-v5_rep3,CM4AI,claudecode_agent,both,imputation_protocols,low,missing supported information,"Omitted. Correct — the bundle states missing components are documented rather than imputed, which the record captures in `missing_data_documentation.handling_strategy`. No imputation is described."
2026-08-22c_claude-opus-5-api-generic-v5_rep3,CM4AI,claudecode_agent,both,collection_notifications,low,missing supported information,Omitted. Correct — no individuals were notified because no individuals were the subject of collection; the bundle states no human subjects.
2026-08-22c_claude-opus-5-api-generic-v5_rep3,CM4AI,claudecode_agent,both,consent_revocations,low,missing supported information,"Omitted. Correct — no consent was obtained, so no revocation mechanism exists or is described."
2026-08-22c_claude-opus-5-api-generic-v5_rep3,CM4AI,claudecode_agent,both,data_protection_impacts,low,missing supported information,"Omitted. Correct — the bundle describes no DPIA. The ethics work described is value-repository and guideline development, not privacy impact assessment."
2026-08-22c_claude-opus-5-api-generic-v5_rep3,CM4AI,claudecode_agent,both,at_risk_populations,low,missing supported information,"Omitted. Correct — no human subjects, therefore no at-risk population protections to record."
2026-08-22c_claude-opus-5-api-generic-v5_rep3,CM4AI,claudecode_agent,both,informed_consent,low,missing supported information,Omitted. Correct and consistent with the human_subject_research assertion.
2026-08-22c_claude-opus-5-api-generic-v5_rep3,CM4AI,claudecode_agent,both,participant_compensation,low,missing supported information,Omitted. Correct — no participants.
2026-08-22c_claude-opus-5-api-generic-v5_rep3,CM4AI,claudecode_agent,both,participant_privacy,low,missing supported information,"Omitted. Correct — the de-identification status is carried in `is_deidentified`, which is the fitting slot for cell-line-derived data with no participants."
2026-08-22c_claude-opus-5-api-generic-v5_rep3,CM4AI,claudecode_agent,both,extension_mechanism,medium,missing supported information,"Omitted despite partial support. The project descriptor states the Cell Mapping Toolkit is distributed on GitHub (https://github.com/idekerlab/cellmaps_pipeline) with a step-by-step guide, and describ"
2026-08-22c_claude-opus-5-api-generic-v5_rep3,CM4AI,claudecode_agent,both,use_repository,low,missing supported information,"Omitted. Correct — the bundle names no citation index or use-tracking registry for this dataset. The Dataverse page explicitly states 'Sorry, no citations were found.'"
2026-08-22c_claude-opus-5-api-generic-v5_rep3,CM4AI,claudecode_agent,both,other_tasks,medium,unsupported claim,"Omitted. The bundle's intended-use list is captured under `intended_uses` and `tasks`, and no source describes applications beyond the creators' original intent. Defensible omission, though the Nature"
2026-08-22c_claude-opus-5-api-generic-v5_rep3,CM4AI,claudecode_agent,both,parent_datasets,medium,other,"Omitted. The June 2026 release is one in a quarterly series, all of which are recorded under `related_datasets` with relationship_type `is_new_version_of`. No source states a hasPart/isPartOf hierarch"
2026-08-22c_claude-opus-5-api-generic-v5_rep3,CM4AI,claudecode_agent,both,resources,low,missing supported information,"Omitted from both records; the full record uses `file_collections` for the ten archives, which the digest identifies as the correct slot for file groupings ('For file collections, use the file_collect"
2026-08-22c_claude-opus-5-api-generic-v5_rep3,CM4AI,claudecode_agent,both,was_derived_from,medium,missing supported information,Omitted. The digest declares this as a string slot for a resource from which this resource was derived. The bundle attests that the distributed data products derive from raw instrument data deposited 
2026-08-22c_claude-opus-5-api-generic-v5_rep3,CM4AI,claudecode_agent,both,created_by,low,missing supported information,"Omitted while `creators` is populated. Defensible — the digest describes `created_by` as 'the person or organization primarily responsible', and the release names Trey Ideker as point of contact and U"
2026-08-22c_claude-opus-5-api-generic-v5_rep3,CM4AI,claudecode_agent,both,modified_by,low,missing supported information,"Omitted. The bundle names Justin Niestroy as the Dataverse depositor, which the record carries in `maintainers[1].maintainer_details` as prose. Depositor is not clearly 'contributed to modifying or up"
2026-08-22c_claude-opus-5-api-generic-v5_rep3,CM4AI,claudecode_agent,both,total_size_bytes,medium,missing supported information,"Omitted from the full record (and the core schema has no counterpart). Defensible given only rounded display sizes are available, and the record's source_caveats state this explicitly for the core dis"
2026-08-22c_claude-opus-5-api-generic-v5_rep3,CM4AI,claudecode_agent,both,description,medium,other,"The description asserts 'Ten archive files are distributed, of which the three immunofluorescence image archives account for approximately 12.6 GB of the release volume'. The 12.6 GB figure is a compu"
2026-08-22c_claude-opus-5-api-generic-v5_rep3,CM4AI,claudecode_agent,both,description,low,other,The description states MDA-MB-468 donor as 'a 51-year-old Black female'. The project descriptor's wording is 'a 51-year-old black female'. Capitalization is an editorial normalization consistent with 
2026-08-22c_claude-opus-5-api-generic-v5_rep3,CM4AI,claudecode_agent,both,description,medium,inconsistent identifier/count,The description states RRID:CVCL_0419 for MDA-MB-468 and RRID:CVCL_B5P3 for KOLF2.1J. Both are attested verbatim in the project descriptor preprint (tier 3). Correctly sourced. Recorded to note these 
2026-08-22c_claude-opus-5-api-generic-v5_rep3,CM4AI,claudecode_agent,both,sampling_strategies[0].strategies,medium,dataset/release/temporal scope error,"States 'multimodal interrogation of 100 chromatin modifiers and 100 metabolic enzymes'. This figure comes from the bioRxiv project descriptor (tier 3), which describes the project's stated objective. "
2026-08-22c_claude-opus-5-api-generic-v5_rep3,CM4AI,claudecode_agent,both,collection_timeframes,medium,inconsistent identifier/count,"The single CollectionTimeframe populates only `timeframe_details` and `source_caveats`, leaving the declared `start_date` and `end_date` (both range date) empty. The bundle supplies 2025-02-27 as the "
2026-08-22c_claude-opus-5-api-generic-v5_rep3,CM4AI,claudecode_agent,both,source_caveats,medium,other,The record's own source_caveats state 'the release citation lists 47 named authors'. Counting the author list in the June 2026 citation yields 47 names. Verified consistent. However the same caveat bl
2026-08-22c_claude-opus-5-api-generic-v5_rep3,CM4AI,claudecode_agent,both,conforms_to_class,low,other,"Full record declares `Dataset`, core declares `CoreDataset`. Correct per the digest, which specifies Dataset for a full datasheet and CoreDataset for a core one. No defect."
2026-08-22c_claude-opus-5-api-generic-v5_rep3,CM4AI,claudecode_agent,both,doi,low,other,"'10.18130/V3/HIGT4C' is the bare DOI, correctly excluding the doi: CURIE prefix and the resolver URL, per the slot description and the v5 rule that the string-ranged doi slot takes the bare form. Corr"
2026-08-22c_claude-opus-5-api-generic-v5_rep3,CM4AI,claudecode_agent,both,id,medium,inconsistent identifier/count,"`doi:10.18130/V3/HIGT4C` uses the doi: CURIE form in the uriorcurie-ranged id slot, correctly per the v5 rule. The same CURIE form is used consistently for related_datasets targets and version_access."
2026-08-22c_claude-opus-5-api-generic-v5_rep3,CM4AI,claudecode_agent,both,file_collections[*].id / distributions[*].id,medium,inconsistent identifier/count,Sub-part identifiers are minted as fragments on the dataset DOI CURIE (e.g. doi:10.18130/V3/HIGT4C#apms-mda-mb-468-paclitaxel). This follows the v5 minting rule — fragment on an attested identifier fo
2026-08-22c_claude-opus-5-api-generic-v5_rep3,CM4AI,claudecode_agent,both,known_biases,medium,missing supported information,One DatasetBias object with `bias_type: representation_bias`. The bundle's stated bias — 'derived from commercially available de-identified human cell lines ... does not represent all biological varia
2026-08-22c_claude-opus-5-api-generic-v5_rep3,CM4AI,claudecode_agent,both,data_governance,medium,other,`access_review_process` states that files are openly downloadable without an access request AND that a Data Access Committee supervises distribution. These come from different tiers (Dataverse file ta
2026-08-22c_claude-opus-5-api-generic-v5_rep3,CM4AI,claudecode_agent,both,data_governance.accountable_organization,low,missing supported information,Omitted despite the class declaring it (range Organization). The bundle attests UCSD as awardee and the Regents of the University of California as copyright holder. An Organization object without a re
2026-08-22c_claude-opus-5-api-generic-v5_rep3,CM4AI,claudecode_agent,both,license_and_use_terms.contact_person,medium,missing supported information,Omitted despite the class declaring it. The bundle names Jillian Parker as the Data Governance Committee contact and Trey Ideker as the dataset point of contact; either would be a defensible licensing
2026-08-22c_claude-opus-5-api-generic-v5_rep3,CM4AI,claudecode_agent,both,updates.frequency,low,other,'Quarterly' matches the release statement and the portal FAQ ('CM4AI releases data quarterly'). Consistent across tier 1 and tier 2. Correct.
2026-08-22c_claude-opus-5-api-generic-v5_rep3,CM4AI,claudecode_agent,both,version,medium,other,"'2.0' is asserted for the June 2026 release, matching the Dataverse 'Version 2.0' header. Correct. Note the internal inconsistency in the source itself: the October 2025 release is labelled Version 2."
2026-08-22c_claude-opus-5-api-generic-v5_rep3,CM4AI,claudecode_agent,both,status,low,other,"'Beta' is taken from the release title '(Beta)'. Supported. The digest gives 'draft, published, deprecated' as examples but does not constrain the slot to an enum, so 'Beta' is acceptable."
2026-08-22c_claude-opus-5-api-generic-v5_rep3,CM4AI,claudecode_agent,core,distribution_formats,medium,other,"The core record carries both `distributions` (ten per-file objects) and `distribution_formats` (three format objects), which overlap substantially: ZIP/application/zip appears in both. If `distributio"
2026-08-22c_claude-opus-5-api-generic-v5_rep3,CM4AI,claudecode_agent,both,ethical_reviews[0],high,inconsistent identifier/count,"Internal inconsistency between the two records' handling of the Ravitsky affiliation conflict: both assert `reviewing_organization: The Hastings Center` and both flag the conflict in `source_caveats`,"
2026-08-22c_claude-opus-5-api-generic-v5_rep3,CM4AI,claudecode_agent,both,maintainers,medium,other,"Two Maintainer objects both use `role: academic_institution`, but the first describes the CM4AI project consortium and names two individual contacts (Swathi Thaker, Zhandos Sembay) in prose, while the"
2026-08-22c_claude-opus-5-api-generic-v5_rep3,CM4AI,claudecode_agent,both,keywords,low,unsupported claim,"30 keywords, all drawn verbatim from the Dataverse keyword list plus the Subject value 'Medicine, Health and Life Sciences'. Including the Subject as a keyword is a mild category blend but harmless an"
2026-08-22c_claude-opus-5-api-generic-v5_rep3,CM4AI,claudecode_agent,both,external_resources[5],medium,other,The Nature publication entry correctly flags that the U2OS map and its data are distinct from the CM4AI cell-line release. This is the right call and is consistently applied — no U2OS-specific facts (
2026-08-22c_claude-opus-5-api-generic-v5_rep3,CM4AI,claudecode_agent,both,instances,medium,unsupported claim,"Five Instance objects are emitted, one per modality plus one for raw sequence reads. None populates `counts`, which the digest declares as integer. The bundle supplies 11,739 targeted genes for the pe"
2026-08-22c_claude-opus-5-api-generic-v5_rep3,CM4AI,claudecode_agent,both,acquisition_methods,low,other,"Four InstanceAcquisition objects correctly separate the three directly-observed modalities from the one derived product (the perturbation cell atlas), with boolean flags set consistently. `was_validat"
2026-08-22c_claude-opus-5-api-generic-v5_rep3,CM4AI,claudecode_agent,both,preprocessing_strategies,medium,other,"Both PreprocessingStrategy objects describe the MuSIC pipeline and FAIRSCAPE packaging, and the first carries a source_caveat correctly noting that computed cell maps are not in this release. This mea"
2026-08-22c_claude-opus-5-api-generic-v5_rep3,VOICE,claudecode_agent,core,distributions,high,unsupported claim,"The slot `distributions` is not present in the CoreDataset slot inventory supplied in the schema digest, nor is it among the 98 Dataset slots. Its member keys (`path`, `format`, `media_type`) also do "
2026-08-22c_claude-opus-5-api-generic-v5_rep3,VOICE,claudecode_agent,core,distributions,high,unsupported claim,Content appears in the core record that has no counterpart in the full record's corresponding slot. The full record carries this material under `file_collections` with `id` and `collection_type` value
2026-08-22c_claude-opus-5-api-generic-v5_rep3,VOICE,claudecode_agent,full,instances[1].data_substrate,medium,unsupported claim,`data_substrate` is set to B2AI_SUBSTRATE:30 (Parquet) for the instance type 'Audio recording of a single acoustic task'. The substrate term describes the distribution container rather than the instan
2026-08-22c_claude-opus-5-api-generic-v5_rep3,VOICE,claudecode_agent,both,at_risk_populations.at_risk_groups_included,medium,unsupported claim,"Set to false. The bundle states the adult cohort includes participants with mild cognitive impairment, Alzheimer's disease, other dementias, and active psychiatric conditions including bipolar disorde"
2026-08-22c_claude-opus-5-api-generic-v5_rep3,VOICE,claudecode_agent,full,collection_consents,medium,other,"The second CollectionConsent entry ('The consent does not restrict use of the data to non-commercial purposes, to a specific geographic location...') is a restatement of the Consent Type answers from "
2026-08-22c_claude-opus-5-api-generic-v5_rep3,VOICE,claudecode_agent,core,collection_consents,medium,unsupported claim,"Omitted from the core record although the full record populates it and the bundle supports it (project documentation Consent section: consent details, consent type answers). The core schema inventory "
2026-08-22c_claude-opus-5-api-generic-v5_rep3,VOICE,claudecode_agent,core,consent_revocations,medium,unsupported claim,"Omitted from the core record while the full record populates it with the substantive withdrawal-and-retention rule ('research data, including voice recordings, cannot be removed from the database once"
2026-08-22c_claude-opus-5-api-generic-v5_rep3,VOICE,claudecode_agent,core,collection_notifications,medium,missing supported information,"Omitted from the core record although the full record populates it and the bundle supports it (project documentation: 'Yes, participants went through an IRB-approved consent process'; IRB protocol §22"
2026-08-22c_claude-opus-5-api-generic-v5_rep3,VOICE,claudecode_agent,core,direct_collection,medium,missing supported information,Omitted from the core record. The full record carries a DirectCollection object with `is_direct: true`; the core record folds the prose into `acquisition_methods[0].acquisition_details` but loses the 
2026-08-22c_claude-opus-5-api-generic-v5_rep3,VOICE,claudecode_agent,core,participant_privacy,medium,missing supported information,"Omitted from the core record although the full record populates it with anonymization method, five privacy techniques, data linkage and re-identification risk, all supported by the bundle. Some overla"
2026-08-22c_claude-opus-5-api-generic-v5_rep3,VOICE,claudecode_agent,core,participant_compensation,medium,missing supported information,"Omitted from the core record although the full record populates it and the bundle states the amounts explicitly (project documentation: $40 under 90 minutes, $80 over, maximum three sessions and $120)"
2026-08-22c_claude-opus-5-api-generic-v5_rep3,VOICE,claudecode_agent,core,relationships,medium,missing supported information,Omitted from the core record although the full record populates it with the instance-linkage description (participants unrelated; recordings linked to person and encounter via participant_id and sessi
2026-08-22c_claude-opus-5-api-generic-v5_rep3,VOICE,claudecode_agent,core,third_party_sharing,medium,missing supported information,Omitted from the core record although the full record populates it with `is_shared: true` and supporting prose from the project documentation ('The dataset will be distributed broadly to individuals o
2026-08-22c_claude-opus-5-api-generic-v5_rep3,VOICE,claudecode_agent,core,subsets,medium,missing supported information,"Omitted from the core record although the full record carries five DataSubset objects describing the disease cohorts with their inclusion criteria and gold-standard validation methods, all drawn from "
2026-08-22c_claude-opus-5-api-generic-v5_rep3,VOICE,claudecode_agent,core,variables,medium,missing supported information,"Omitted from the core record although the full record carries thirteen VariableMetadata objects with data types, units and value bounds drawn from the PhysioNet Data Description section. If `variables"
2026-08-22c_claude-opus-5-api-generic-v5_rep3,VOICE,claudecode_agent,core,file_collections,medium,missing supported information,Omitted from the core record and replaced by the undeclared `distributions` block. The full record's three FileCollection objects carry `id` and `collection_type` enum values that the substitute block
2026-08-22c_claude-opus-5-api-generic-v5_rep3,VOICE,claudecode_agent,core,citation,medium,missing supported information,"Omitted from the core record although the full record populates it with the PhysioNet-supplied recommended citation, and the bundle supplies it verbatim. Citation is core-relevant discovery metadata."
2026-08-22c_claude-opus-5-api-generic-v5_rep3,VOICE,claudecode_agent,both,id,low,inconsistent identifier/count,"`id` is `doi:10.13026/8xbn-nq66`, the version-3.1.0 DOI, while `version_access.latest_version_doi` is `doi:10.13026/37yb-1t42`, the concept DOI that always resolves to the latest version. Both are sup"
2026-08-22c_claude-opus-5-api-generic-v5_rep3,VOICE,claudecode_agent,full,creators[2],low,missing supported information,A Creator object with twelve `affiliations` and no `principal_investigator` represents 'the collaborating institutions' as a single creator entity. This collapses twelve distinct organizations into on
2026-08-22c_claude-opus-5-api-generic-v5_rep3,VOICE,claudecode_agent,both,funders[0].grants[0].id,low,other,"The Grant `id` is the NIH RePORTER project-details URL rather than a CURIE. The digest declares `id` as `uriorcurie`; no prefix for NIH RePORTER project records is shown in the digest, so a URL is the"
2026-08-22c_claude-opus-5-api-generic-v5_rep3,VOICE,claudecode_agent,both,subsets / file_collections ids,low,inconsistent identifier/count,"Minted fragment identifiers (`https://physionet.org/content/b2ai-voice/3.1.0/#cohort-voice-disorders`, `#features`, etc.) are appended to the dataset landing page URL rather than to the dataset's own "
2026-08-22c_claude-opus-5-api-generic-v5_rep3,VOICE,claudecode_agent,both,description,low,unsupported claim,The description states 'five sites in the United States and Canada'. The bundle states 'five sites in North America' (PhysioNet) and 'There are five recording sites included in the dataset' (project d
2026-08-22c_claude-opus-5-api-generic-v5_rep3,VOICE,claudecode_agent,both,description,low,dataset/release/temporal scope error,"'adult eligibility is 18 to 120 years of age' is drawn from the project documentation Study Metadata section, which is explicitly written against version 2.0.0 and carries the note that eligibility me"
2026-08-22c_claude-opus-5-api-generic-v5_rep3,VOICE,claudecode_agent,both,creators[*].affiliations[*],low,other,"Organization objects carry only `name`. No ROR or other registry identifiers are asserted, which is correct under the evidence boundary since the bundle supplies none. Recorded as a positive check rat"
2026-08-22c_claude-opus-5-api-generic-v5_rep3,VOICE,claudecode_agent,both,ethical_reviews[1].reviewing_organization,low,other,"A single `reviewing_organization` string names three distinct bodies ('Research Ethics Boards of Mount Sinai Hospital, the Hospital for Sick Children and the University of Toronto'). `ethical_reviews`"
2026-08-22c_claude-opus-5-api-generic-v5_rep3,VOICE,claudecode_agent,both,maintainers[3],low,other,The Health Data Nexus maintainer entry states it 'maintains the technical infrastructure for that earlier feature-only release' while the record's own `source_caveats` and `data_governance.source_cave
2026-08-22c_claude-opus-5-api-generic-v5_rep3,VOICE,claudecode_agent,both,collection_timeframes[0],low,other,`start_date` and `end_date` are omitted and only `timeframe_details` ('twelve months') is given. This is correct — the bundle supplies no dates and HIPAA Safe Harbor removed date resolution finer than
2026-08-22c_claude-opus-5-api-generic-v5_rep3,VOICE,claudecode_agent,full,notes,low,unsupported claim,"The `notes` slot carries the full AI-readiness rubric scoring. Per the slot description, notes is for residual content only after every fitting slot is used. The rubric is dataset-level assessment con"
2026-08-22c_claude-opus-5-api-generic-v5_rep3,VOICE,claudecode_agent,both,errata[0],low,dataset/release/temporal scope error,`erratum_url` points to the version 3.1.0 landing page rather than to a distinct erratum document. The bundle states there is no erratum and that changelogs are published with the dataset metadata; th
2026-08-22c_claude-opus-5-api-generic-v5_rep3,VOICE,claudecode_agent,both,data_protection_impacts,low,other,The slot is populated while its own `source_caveats` records that the bundle answers 'No' to whether an impact analysis was conducted. The prose describes ethics review and access governance rather th
2026-08-22c_claude-opus-5-api-generic-v5_rep3,VOICE,claudecode_agent,both,confidential_elements[0],low,other,`confidential_elements_present: false` is asserted while the accompanying `source_caveats` documents that raw voice is withheld and a Certificate of Confidentiality applies. The boolean follows the pr
2026-08-22c_claude-opus-5-api-generic-v5_rep3,VOICE,claudecode_agent,both,cleaning_strategies[0],low,other,The audit protocol is recorded as a cleaning strategy while the attached `source_caveats` notes the bundle answers 'No' to whether pre-processing for cleaning was performed. As with `data_protection_i
2026-08-22c_claude-opus-5-api-generic-v5_rep3,VOICE,claudecode_agent,both,source_caveats,low,inconsistent identifier/count,"The core record's top-level `source_caveats` truncates the full record's award-identifier discussion, dropping the two verbatim corrupted forms ('3TF-OT2ActfOD032720Projectf01S1' and 'Award #3Tf-OTOD0"
2026-08-22c_claude-opus-5-api-generic-v5_rep3,VOICE,claudecode_agent,both,conforms_to_class,low,other,"Full record declares `Dataset`, core declares `CoreDataset` — correct per the digest. Recorded as a positive check."
2026-08-22c_claude-opus-5-api-generic-v5_rep3,VOICE,claudecode_agent,both,doi,low,inconsistent identifier/count,"`doi` is the bare `10.13026/8xbn-nq66`, correctly neither prefixed nor resolved, matching the anchored pattern. Recorded as a positive check."
2026-08-22c_claude-opus-5-api-generic-v5_rep3,VOICE,claudecode_agent,both,raw_sources[0].access_url / extension_mechanism.contribution_url / errata[0].erratum_url,low,other,"All three are declared `uri` ranges and carry URLs, correctly not CURIEs. `distribution_formats[*].access_urls` likewise carries URLs in a `uri[]` range. Recorded as a positive check."
2026-08-28_claude-opus-5-api-generic-v7_rep1,CHORUS,claudecode_agent,full,id,high,unsupported claim,"`id` is set to `https://chorus4ai.org/`, the project website URL, which is also used verbatim as `page`. The bundle supplies no persistent identifier for the dataset itself. Using the landing page URL"
2026-08-28_claude-opus-5-api-generic-v7_rep1,CHORUS,claudecode_agent,full,is_deidentified.method,high,dataset/release/temporal scope error,Slot value asserts imaging de-identification as an applied method. The bundle (cohort_2_webinar) states only that 1000 images are available 'with de-id in process for larger cohort' — de-identificatio
2026-08-28_claude-opus-5-api-generic-v7_rep1,CHORUS,claudecode_agent,full,at_risk_populations.at_risk_groups_included,high,unsupported claim,Boolean `true` is populated by inference from the presence of PICU and NICU admissions; the record's own `source_caveats` states 'The inclusion of minors is inferred'. Under the evidence boundary a bo
2026-08-28_claude-opus-5-api-generic-v7_rep1,CHORUS,claudecode_agent,full,human_subject_research.involves_human_subjects,high,unsupported claim,"Boolean `true` is not stated by any source. The bundle describes retrospective clinical data collection, an ethics pillar, and a legal framework, but no source makes a human-subjects-research determin"
2026-08-28_claude-opus-5-api-generic-v7_rep1,CHORUS,claudecode_agent,full,instances[3].counts,medium,inconsistent identifier/count,"The instance entry 'De-identified radiology image available in the enclave' with counts 1000 carries a `source_caveats` describing a conflict between 1000 images (tier 4) and 7,642 admissions (tier 2)"
2026-08-28_claude-opus-5-api-generic-v7_rep1,CHORUS,claudecode_agent,full,creators,medium,other,"Only one Creator object is emitted, for Eric S. Rosenthal. The bundle (cohort_2_webinar) explicitly names a 'Bridge2AI CHoRUS Leadership Team' of six with affiliations: Eric Rosenthal (Massachusetts G"
2026-08-28_claude-opus-5-api-generic-v7_rep1,CHORUS,claudecode_agent,full,maintainers,medium,missing supported information,"Three of the four Maintainer objects place a person's name, role, organization and email entirely inside the free-text `maintainer_details` field while the declared `role` field is left empty on all f"
2026-08-28_claude-opus-5-api-generic-v7_rep1,CHORUS,claudecode_agent,full,data_collectors[*].role,medium,other,"`role` on DataCollector is a plain string in this class (no enum declared), so 'data contributing site' and 'site data manager' are shape-conformant. However `maintainers[*].role` is enum-constrained "
2026-08-28_claude-opus-5-api-generic-v7_rep1,CHORUS,claudecode_agent,full,license_and_use_terms.data_use_permission,medium,unsupported claim,"Omitted although the bundle supports it. The cohort_2_webinar states access is conditioned on signing a licensing agreement and on institutional ('.edu') email, and eligibility is restricted to specif"
2026-08-28_claude-opus-5-api-generic-v7_rep1,CHORUS,claudecode_agent,full,regulatory_restrictions.hipaa_compliant,medium,unsupported claim,"Omitted. The bundle does not state a HIPAA compliance determination for the dataset, so omission is defensible under the evidence boundary; however the AI-LEARN curriculum item names 'HIPAA/GDPR compl"
2026-08-28_claude-opus-5-api-generic-v7_rep1,CHORUS,claudecode_agent,full,collection_timeframes[0],medium,missing supported information,`start_date` and `end_date` are declared `date`-ranged fields on CollectionTimeframe and are left empty while the award period (2022-09-01 to 2026-11-30) is written into `timeframe_details` prose. The
2026-08-28_claude-opus-5-api-generic-v7_rep1,CHORUS,claudecode_agent,full,status,low,inconsistent identifier/count,"`status` is declared `string` and its description gives examples of controlled vocabulary-like values (draft, published, deprecated). The value here is a full sentence ('Initial dataset released under"
2026-08-28_claude-opus-5-api-generic-v7_rep1,CHORUS,claudecode_agent,full,conforms_to_standard,low,other,"Includes `OTHER` without any indication of which standard `OTHER` denotes. The bundle names EDF+, Persyst and the OHNLP open source schema as the standards not covered by the enum; `conforms_to` does "
2026-08-28_claude-opus-5-api-generic-v7_rep1,CHORUS,claudecode_agent,full,funders[0].grants,low,missing supported information,"`grants` is a declared field of range Grant[] on FundingMechanism and is left empty while the award number OT2OD032701, project number 1OT2OD032701-01, application ID 10472824, award amount 5880300 an"
2026-08-28_claude-opus-5-api-generic-v7_rep1,CHORUS,claudecode_agent,full,doi,low,missing supported information,Omitted. Correct — the bundle supplies no DOI for the dataset. Recorded to confirm the omission is deliberate and not an oversight.
2026-08-28_claude-opus-5-api-generic-v7_rep1,CHORUS,claudecode_agent,full,total_file_count / total_size_bytes,low,missing supported information,"Omitted while the bundle states '23 Tb Waveform data' and '1.6 Billion Rows of EHR OMOP data'. The waveform figure is a size but is stated for one modality only and in ambiguous units (Tb), and no tot"
2026-08-28_claude-opus-5-api-generic-v7_rep1,CHORUS,claudecode_agent,full,language,low,other,"Omitted. The bundle states a 'Working command of English' requirement for training-program applicants, which is a fact about applicants and not about the dataset's content language. Omission is correc"
2026-08-28_claude-opus-5-api-generic-v7_rep1,CHORUS,claudecode_agent,full,maintainers[0].maintainer_details,low,other,"The email 'cmccrary@mgh.havard.edu' is transcribed verbatim from the website, which is correct, and the misspelling is flagged in an adjacent `source_caveats`. This is the right handling; recorded to "
2026-08-28_claude-opus-5-api-generic-v7_rep1,CHORUS,claudecode_agent,full,description,low,inconsistent identifier/count,"The description carries the leadership-team roster ('Eric Rosenthal (Massachusetts General Hospital), Azra Bihorac, Yulia Strekalova, and Parisa Rashidi (University of Florida)...'), which is content "
2026-08-28_claude-opus-5-api-generic-v7_rep1,CHORUS,claudecode_agent,full,is_tabular,low,missing supported information,"Omitted. Correct, since the dataset spans tabular OMOP data, DICOM imaging, waveforms and tokenized text, so no single boolean is true of it. Recorded to confirm the omission is judged rather than ove"
2026-08-28b_claude-opus-5-api-generic-v7_rep1,AI_READI,claudecode_agent,full,creators,medium,missing supported information,"Slot omitted although the bundle clearly supports it. The FAIRhub dataset description declares creator: [{creatorName: ""AI-READI Consortium"", nameType: ""Organizational""}], and the study description an"
2026-08-28b_claude-opus-5-api-generic-v7_rep1,AI_READI,claudecode_agent,full,funders,medium,inconsistent identifier/count,"Shape nonconformance: FundingMechanism declares `grants` (Grant[]), but the award identifier OT2OD032644, the award title ""Bridge2AI: Salutogenesis Data Generation Project"", the award URI, the award a"
2026-08-28b_claude-opus-5-api-generic-v7_rep1,AI_READI,claudecode_agent,full,updates.update_details,medium,dataset/release/temporal scope error,"Internal/factual inaccuracy against the bundle. The README changelog table records ""+1 image device"" for the year 2 data and ""+3 image device"" for the year 3 data (four device additions in total acros"
2026-08-28b_claude-opus-5-api-generic-v7_rep1,AI_READI,claudecode_agent,full,sensitive_elements,medium,other,"An attested tier-1 statement is unrepresented and is in tension with the emitted value. The RO-Crate records `rai:personalSensitiveInformation` as [""EHR"", ""Wearable Monitoring"", ""ECG"", ""Environmental "
2026-08-28b_claude-opus-5-api-generic-v7_rep1,AI_READI,claudecode_agent,full,extension_mechanism,low,other,"Supported omission. The healthsheet maintenance section states: ""No, currently there is no mechanism for others to extend or augment the AI-READI dataset outside of those who are involved in the proje"
2026-08-28b_claude-opus-5-api-generic-v7_rep1,AI_READI,claudecode_agent,full,data_protection_impacts,low,other,"Supported omission. The healthsheet collection section states: ""No, a data protection impact analysis has not been conducted."" This answers DataProtectionImpact.impact_details and is not represented."
2026-08-28b_claude-opus-5-api-generic-v7_rep1,AI_READI,claudecode_agent,full,regulatory_restrictions.hipaa_compliant,low,unsupported claim,"Value `compliant` is an inference beyond what the bundle states. The sources attest only that deIdentHIPAA is true, that ""we checked that no identifiable data per US HIPAA were present in the data"", a"
2026-08-28b_claude-opus-5-api-generic-v7_rep1,AI_READI,claudecode_agent,full,regulatory_restrictions.confidentiality_level,low,other,"The RO-Crate states `confidentialityLevel: ""HL7:2N (normal)""`. The record re-codes this to the schema enum value `restricted` on the basis of the access workflow. The re-coding is disclosed in the sib"
2026-08-28b_claude-opus-5-api-generic-v7_rep1,AI_READI,claudecode_agent,full,regulatory_restrictions.other_compliance,low,other,"Source commentary embedded in a content slot: ""No export control regime is named in the source material."" A statement about what the evidence does not contain belongs in `source_caveats`, not in a fie"
2026-08-28b_claude-opus-5-api-generic-v7_rep1,AI_READI,claudecode_agent,full,external_resources[0].restrictions,low,other,"Mis-slotted content. The `restrictions` list entry mostly describes the resource (""the dataset is otherwise self-contained but relies on this documentation..."", the per-domain content, the version sel"
2026-08-28b_claude-opus-5-api-generic-v7_rep1,AI_READI,claudecode_agent,full,known_biases[1].affected_subsets,low,inconsistent identifier/count,"The multivalued `affected_subsets` list holds a single prose sentence (""All modalities, because the sampling frame governs cohort composition as a whole."") rather than named subsets. The explanatory c"
2026-08-28b_claude-opus-5-api-generic-v7_rep1,AI_READI,claudecode_agent,full,variables[Montreal Cognitive Assessment total score].minimum_value,low,unsupported claim,"`minimum_value: 0.0` is not attested. The bundle states only that the total possible score is 30, that higher numbers represent better performance, that below 24 signals cognitive impairment and that "
2026-08-28b_claude-opus-5-api-generic-v7_rep1,AI_READI,claudecode_agent,full,informed_consent.withdrawal_mechanism,low,missing supported information,"Declared field left empty although the bundle answers it: participants could withdraw consent at any time and cease participation, with data already shared or used remaining in the dataset, as communi"
2026-08-28b_claude-opus-5-api-generic-v7_rep1,AI_READI,claudecode_agent,full,data_governance.accountable_organization,low,missing supported information,"Declared field omitted although the bundle names the accountable party: Washington University in St. Louis appears as managingOrganization, leadSponsor and license Licensor. The information is present"
2026-08-28b_claude-opus-5-api-generic-v7_rep1,AI_READI,claudecode_agent,full,publisher,low,inconsistent identifier/count,"Emitted as the URL https://fairhub.io/ where the FAIRhub dataset description states `publisher: {publisherName: ""FAIRhub""}` and the RO-Crate (also tier 1) states `publisher: ""AI-READI Consortium""`. Th"
2026-08-28b_claude-opus-5-api-generic-v7_rep1,AI_READI,claudecode_agent,full,related_datasets[4].target_dataset,low,other,"`target_dataset` points at https://docs.aireadi.org/, the documentation website, which is not a dataset. The same resource is already recorded under `external_resources`, so the relationship entry add"
2026-08-28b_claude-opus-5-api-generic-v7_rep1,AI_READI,claudecode_agent,full,existing_uses,low,missing supported information,"Attested negative not represented: the healthsheet uses section answers ""Has the dataset been used for any tasks already?"" with ""No"", and ""Is there a repository that links to any or all papers or syst"
2026-08-28b_claude-opus-5-api-generic-v7_rep1,CHORUS,claudecode_agent,full,maintainers[0].maintainer_details,high,other,"The value transcribes the contact email as 'cmccrary@mgh.havard.edu, as printed on the project site' — embedding source commentary inside the detail value. The bundle does print that misspelled addres"
2026-08-28b_claude-opus-5-api-generic-v7_rep1,CHORUS,claudecode_agent,full,creators,medium,unsupported claim,"Five of six Creator objects use `principal_investigator` for individuals the bundle names only as 'Bridge2AI CHoRUS Leadership Team' members, not as principal investigators. Each carries a source_cave"
2026-08-28b_claude-opus-5-api-generic-v7_rep1,CHORUS,claudecode_agent,full,id,medium,inconsistent identifier/count,"`id` is set to https://chorus4ai.org/, which is also the value of `page`. The identifier for the dataset and the landing page for the project are the same URL, so the record's identity collapses into "
2026-08-28b_claude-opus-5-api-generic-v7_rep1,CHORUS,claudecode_agent,full,at_risk_populations.at_risk_groups_included,medium,unsupported claim,"Set to true on the inference that PICU and NICU admissions imply minors. The bundle states the care settings but never characterizes any population as at-risk, and the accompanying source_caveats conc"
2026-08-28b_claude-opus-5-api-generic-v7_rep1,CHORUS,claudecode_agent,full,human_subject_research.involves_human_subjects,medium,unsupported claim,Set to true by inference from the clinical nature of the data. The bundle never states a human-subjects determination for the dataset; the source_caveats itself notes IRB and compliance appear only as
2026-08-28b_claude-opus-5-api-generic-v7_rep1,CHORUS,claudecode_agent,full,data_governance.committee_contact,medium,other,"Jared Houghtaling is placed as `committee_contact` although the bundle names him only as one of two 'Request access' email contacts on the GitHub overview (tier 5), alongside dbold@emory.edu. No commi"
2026-08-28b_claude-opus-5-api-generic-v7_rep1,CHORUS,claudecode_agent,full,data_governance.accountable_organization,medium,unsupported claim,Massachusetts General Hospital is asserted as the accountable organization on the basis of being the NIH award recipient. The bundle states MGH is the awardee organization; it does not state that MGH 
2026-08-28b_claude-opus-5-api-generic-v7_rep1,CHORUS,claudecode_agent,full,instances[3],medium,inconsistent identifier/count,"Two instance entries describe overlapping imaging content with conflicting counts: instances[2] carries counts 7642 ('admissions with radiology data', tier 2) and instances[3] carries counts 1000 ('im"
2026-08-28b_claude-opus-5-api-generic-v7_rep1,CHORUS,claudecode_agent,full,conforms_to_standard,low,other,"Includes `OTHER` without any indication of which standard it stands for. The prose `conforms_to` names OHNLP, EDF+ and Persyst as the standards not covered by the enumerated terms, so the mapping is r"
2026-08-28b_claude-opus-5-api-generic-v7_rep1,CHORUS,claudecode_agent,full,notes,low,inconsistent identifier/count,The note reproduces the website banner about administrative review. This is a statement about the source page's status rather than dataset content; under the digest's guidance it is trust commentary a
2026-08-28b_claude-opus-5-api-generic-v7_rep1,CHORUS,claudecode_agent,full,keywords,low,unsupported claim,"'Bridge2AI' is included as a keyword. The declared naming rule governs composed prose and this is a program name the bundle uses, so it is acceptable, but the keyword list mixes subject terms with a p"
2026-08-28b_claude-opus-5-api-generic-v7_rep1,CHORUS,claudecode_agent,full,citation,low,other,"Omitted, correctly — the bundle states no recommended citation. Noted only to record that the omission was checked and is supported."
2026-08-28b_claude-opus-5-api-generic-v7_rep1,CHORUS,claudecode_agent,full,license,low,other,The scalar `license` slot is omitted while `license_and_use_terms.license_terms` and `ip_restrictions.restrictions` both discuss the MIT License applying to CHoRUS software repositories. The omission 
2026-08-28b_claude-opus-5-api-generic-v7_rep1,CHORUS,claudecode_agent,full,collection_timeframes[0],low,inconsistent identifier/count,"The timeframe object carries only `timeframe_details` and leaves `start_date` and `end_date` empty, while the prose inside it states the funded project period 2022-09-01 to 2026-11-30. Those are award"
2026-08-28b_claude-opus-5-api-generic-v7_rep1,CHORUS,claudecode_agent,full,distribution_formats,low,dataset/release/temporal scope error,"Five DistributionFormat objects populate only `format` with a prose sentence describing the standard and its scope (e.g. 'OMOP Common Data Model tables for demographics, medication administration, pro"
2026-08-28b_claude-opus-5-api-generic-v7_rep1,CHORUS,claudecode_agent,full,subpopulations[0],low,other,"`subpopulation_elements_present` is true but `distribution` is absent, and the object's own source_caveats states no distribution across subgroups is given. The object therefore asserts the presence o"
2026-08-28b_claude-opus-5-api-generic-v7_rep1,CHORUS,claudecode_agent,full,total_size_bytes,low,other,"Omitted although the bundle states '23 Tb' of waveform data. That figure covers only the waveform modality, not the whole dataset, so the omission is correct; the figure is preserved in instances[4].n"
2026-08-28c_claude-opus-5-api-generic-v7_rep1,AI_READI,claudecode_agent,full,conforms_to_standard,high,other,"Enum violation. The `conforms_to_standard` slot is a `DataStandardEnum` whose permitted values are DICOM, BIDS, OMOP_CDM, WFDB, OPEN_MHEALTH, ESDS, CDS, RO_CRATE, FHIR, OTHER. The top-level list conta"
2026-08-28c_claude-opus-5-api-generic-v7_rep1,AI_READI,claudecode_agent,full,creators[0].affiliations[0],high,other,"`affiliations` has range `Organization[]`, and the object supplied carries only `name: AI-READI Consortium`. The AI-READI Consortium is the creator itself (FAIRhub DataCite: creatorName 'AI-READI Cons"
2026-08-28c_claude-opus-5-api-generic-v7_rep1,AI_READI,claudecode_agent,full,creators[0].principal_investigator,medium,other,"Aaron Lee is named in the bundle as principal investigator of the study, not as a creator of the dataset; the FAIRhub creator list contains only the organization. Attaching him under `Creator.principa"
2026-08-28c_claude-opus-5-api-generic-v7_rep1,AI_READI,claudecode_agent,full,license,medium,dataset/release/temporal scope error,"Range is `string` and the value 'AI-READI Data License Agreement v2.0' is supported, but the bundle's tier-1 FAIRhub `rights` block gives `rightsName: 'AI-READI custom license v2.0'` while the license"
2026-08-28c_claude-opus-5-api-generic-v7_rep1,AI_READI,claudecode_agent,full,publisher,medium,inconsistent identifier/count,"Range is `uriorcurie`. The value `https://fairhub.io/` is a bare website URL, not an identifier for the publishing organization, and it duplicates the landing-page host already carried in `page`. The "
2026-08-28c_claude-opus-5-api-generic-v7_rep1,AI_READI,claudecode_agent,full,data_governance.accountable_organization.id,low,inconsistent identifier/count,`ROR:01yc7t268` is correctly CURIE-form for a `uriorcurie` and the ROR is stated in the bundle (FAIRhub managingOrganization and leadSponsor both give https://ror.org/01yc7t268 for Washington Universi
2026-08-28c_claude-opus-5-api-generic-v7_rep1,AI_READI,claudecode_agent,full,subpopulations[0],medium,inconsistent identifier/count,"Internal inconsistency between sibling fields within one object. `subpopulation_elements_present: false` is asserted while `distribution` enumerates race/ethnicity, sex and diabetes-status counts for "
2026-08-28c_claude-opus-5-api-generic-v7_rep1,AI_READI,claudecode_agent,full,sensitive_elements,medium,dataset/release/temporal scope error,"Two objects in the same list assert contradictory booleans (`sensitive_elements_present: false` for the public tier, `true` for the controlled tier) with no field distinguishing which release tier eac"
2026-08-28c_claude-opus-5-api-generic-v7_rep1,AI_READI,claudecode_agent,full,regulatory_restrictions.confidentiality_level,medium,unsupported claim,"The value `restricted` is inferred by the record's own reasoning ('recorded here as ""restricted"" because public download requires verified login...'), while the only attested value in the bundle is th"
2026-08-28c_claude-opus-5-api-generic-v7_rep1,AI_READI,claudecode_agent,full,regulatory_restrictions.hipaa_compliant,medium,other,"Same pattern. `compliant` is a formal enum assertion, but the bundle states only that 'we checked that no identifiable data per US HIPAA were present in the data' and that the public set is stripped o"
2026-08-28c_claude-opus-5-api-generic-v7_rep1,AI_READI,claudecode_agent,full,is_deidentified.identifiable_elements_present,low,inconsistent identifier/count,`false` is asserted while the same object's `source_caveats` records that FAIRhub sets `deIdentType: 'NoDeIdentification'` with `deIdentDirect: true`. The bundle's own detail field resolves this ('No 
2026-08-28c_claude-opus-5-api-generic-v7_rep1,AI_READI,claudecode_agent,full,instances[0].data_topic,medium,missing supported information,"`B2AI_TOPIC:43` is Diabetes, which fits. However `data_substrate` is omitted entirely despite the bundle supporting several substrate terms directly (DICOM=11, Comma-separated values=6, Waveform Data="
2026-08-28c_claude-opus-5-api-generic-v7_rep1,AI_READI,claudecode_agent,full,instances[0].data_topic,low,other,"Only one topic term is carried on a single Instance object, but `data_topic` is single-valued on Instance, so multiple topics (Diabetes=43, Ophthalmic Imaging=24, Waveform=37, mHealth=18, Glucose Moni"
2026-08-28c_claude-opus-5-api-generic-v7_rep1,AI_READI,claudecode_agent,full,file_collections[*].conforms_to_standard,high,other,"Every file_collection carries a `conforms_to_standard` list containing `CDS`. `CDS` is permitted by the enum, so this conforms. Re-checked against the digest: permitted values include `CDS`. No violat"
2026-08-28c_claude-opus-5-api-generic-v7_rep1,AI_READI,claudecode_agent,full,file_collections,medium,unsupported claim,Each collection reuses the RO-Crate subcrate ARK (e.g. `ark:59853/rocrate-b2ai-ai-readi-ecg`) as its `id`. These are attested identifiers from the bundle and are pointed at by nothing else in the reco
2026-08-28c_claude-opus-5-api-generic-v7_rep1,AI_READI,claudecode_agent,full,variables[*].description,medium,inconsistent identifier/count,"`VariableMetadata` does not declare a `description` field in the schema digest. The permitted fields are: `variable_name` (required), `categories`, `data_type`, `derivation`, `examples`, `is_identifie"
2026-08-28c_claude-opus-5-api-generic-v7_rep1,AI_READI,claudecode_agent,full,external_resources[0].external_resources,high,other,"The `ExternalResource` class declares an `external_resources` field, and the record nests a prose blob there listing six URLs. The declared range of the inner `external_resources` is not given in the "
2026-08-28c_claude-opus-5-api-generic-v7_rep1,AI_READI,claudecode_agent,full,external_resources[1],medium,missing supported information,"Two associated publications (Nature Metabolism and BMJ Open) are collapsed into a single `ExternalResource` prose string, and the ClinicalTrials.gov registration plus the NIH RePORTER project are appe"
2026-08-28c_claude-opus-5-api-generic-v7_rep1,AI_READI,claudecode_agent,full,related_datasets,medium,dataset/release/temporal scope error,"Both entries use `relationship_type: is_new_version_of` with `target_dataset` pointing at the older versions. Semantically the current dataset *is a new version of* v2.0.0, and v2.0.0 is a new version"
2026-08-28c_claude-opus-5-api-generic-v7_rep1,AI_READI,claudecode_agent,full,errata,medium,other,"Supported omission is correct here — the healthsheet's erratum question was returned blank, and the record's `source_caveats` says so. No defect. Withdrawn."
2026-08-28c_claude-opus-5-api-generic-v7_rep1,AI_READI,claudecode_agent,full,extension_mechanism,medium,other,"Supported omission of a stated fact. The healthsheet answers the extension question explicitly: 'No, currently there is no mechanism for others to extend or augment the AI-READI dataset outside of tho"
2026-08-28c_claude-opus-5-api-generic-v7_rep1,AI_READI,claudecode_agent,full,existing_uses,medium,other,Supported omission. The healthsheet answers 'Has the dataset been used for any tasks already?' with 'No'. `ExistingUse` permits recording this. Omitted.
2026-08-28c_claude-opus-5-api-generic-v7_rep1,AI_READI,claudecode_agent,full,use_repository,medium,other,Supported omission. The healthsheet answers 'Is there a repository that links to any or all papers or systems that use the dataset?' with 'No'. Omitted rather than recorded.
2026-08-28c_claude-opus-5-api-generic-v7_rep1,AI_READI,claudecode_agent,full,data_protection_impacts,medium,other,"Supported omission. The healthsheet states explicitly: 'No, a data protection impact analysis has not been conducted.' `DataProtectionImpact.impact_details` can carry this stated negative. Omitted."
2026-08-28c_claude-opus-5-api-generic-v7_rep1,AI_READI,claudecode_agent,full,labeling_strategies,medium,other,Supported omission. The bundle states repeatedly and in a dedicated healthsheet section that no labeling was performed and no labels are provided ('N/A - no labels are provided'; RO-Crate `rai:dataAnn
2026-08-28c_claude-opus-5-api-generic-v7_rep1,AI_READI,claudecode_agent,full,annotation_analyses,low,other,"Correctly omitted — no annotation was performed, so there is no agreement to analyze. No defect."
2026-08-28c_claude-opus-5-api-generic-v7_rep1,AI_READI,claudecode_agent,full,imputation_protocols,medium,missing supported information,"Borderline. `missing_data_documentation[0].handling_strategy` states 'Missing values were not imputed', which is the imputation fact. Recording it under missing-data handling is defensible; a dedicate"
2026-08-28c_claude-opus-5-api-generic-v7_rep1,AI_READI,claudecode_agent,full,collection_timeframes[0].source_caveats,medium,dataset/release/temporal scope error,The caveat states the tier-1 FAIRhub date (19 July 2023) is preferred over the tier-3 BMJ figure (18 July 2023) and that BMJ says enrolment continues to 30 November 2026. Correct application of the ra
2026-08-28c_claude-opus-5-api-generic-v7_rep1,AI_READI,claudecode_agent,full,created_on / last_updated_on / modified_by / was_derived_from,low,missing supported information,"All omitted. The bundle supplies `created_at: 1763366400` (FAIRhub, = 2025-11-17) for the dataset record, which is already carried in `issued`. No independent creation or modification timestamp is att"
2026-08-28c_claude-opus-5-api-generic-v7_rep1,AI_READI,claudecode_agent,full,machine_annotation_tools,medium,other,"Correctly omitted — no automated annotation tools were used. However the bundle does describe automated processing tooling (OMOP DQD, automated conversion pipelines, 'automated + custom' processing pe"
2026-08-28c_claude-opus-5-api-generic-v7_rep1,AI_READI,claudecode_agent,full,compression,low,missing supported information,Correctly omitted; the bundle names no compression format for the distribution.
2026-08-28c_claude-opus-5-api-generic-v7_rep1,AI_READI,claudecode_agent,full,subsets,medium,other,"Supported omission, arguably. The recommended train/validation/test partitions are recorded in `splits[0].split_details` as prose. The schema also offers `subsets` (`DataSubset[]`, `is_data_split` fla"
2026-08-28c_claude-opus-5-api-generic-v7_rep1,AI_READI,claudecode_agent,full,resources / parent_datasets,medium,other,"Both omitted. The RO-Crate models the release as a parent crate with nine subcrates via `hasPart`, and each subcrate records `isPartOf` the release. That hierarchy is expressed here through `file_coll"
2026-08-28c_claude-opus-5-api-generic-v7_rep1,AI_READI,claudecode_agent,full,acquisition_methods[0].was_inferred_derived,low,unsupported claim,"Left unset while the three sibling booleans are set true. The bundle's healthsheet answer addresses directly-observed and subject-reported acquisition and does not assert inference/derivation, so leav"
2026-08-28c_claude-opus-5-api-generic-v7_rep1,AI_READI,claudecode_agent,full,notes,medium,other,"The `notes` slot carries substantive dataset content that fitting structured slots exist for: the return-of-results procedures (exam card, Dexcom report by encrypted email, laboratory results at yearl"
2026-08-28c_claude-opus-5-api-generic-v7_rep1,AI_READI,claudecode_agent,full,description,low,other,"Well-formed and grounded. One point: it states 'No labels or annotations are provided' and 'the dataset is deliberately hypothesis-agnostic', both attested. No defect."
2026-08-28c_claude-opus-5-api-generic-v7_rep1,AI_READI,claudecode_agent,full,source_caveats,medium,inconsistent identifier/count,"Item (1) reports the enrollment-target conflict (4,000 tier-1/tier-3 vs 4,600 tier-2 IRB) and states the tier-1 figure is used. Correct under the ranking. Item (4) reports the two expansions of the AI"
2026-08-28c_claude-opus-5-api-generic-v7_rep1,AI_READI,claudecode_agent,full,id,high,inconsistent identifier/count,"`id` is `doi:10.60775/fairhub.3`, a CURIE in a `uriorcurie` slot — correct form. But the `doi` slot separately carries the bare `10.60775/fairhub.3` as required by its own pattern, and `related_datase"
2026-08-28c_claude-opus-5-api-generic-v7_rep1,AI_READI,claudecode_agent,full,maintainers[0],medium,other,"`Maintainer.role` is enum-constrained to: data_subject, third_party, researcher, industry, academic_institution, government_agency, commercial_entity, non_profit_organization, crowdsourced, automated_"
2026-08-28c_claude-opus-5-api-generic-v7_rep1,AI_READI,claudecode_agent,full,data_collectors[*].role,medium,other,"`DataCollector.role` is not enum-constrained per the digest (only `Maintainer.role` is), so the free-text values 'clinical research coordinator', 'data manager', 'research assistant', 'retinal imaging"
2026-08-28c_claude-opus-5-api-generic-v7_rep1,AI_READI,claudecode_agent,full,participant_compensation[0].compensation_amount,medium,dataset/release/temporal scope error,"Value 'USD 200' is a string blending currency and quantity. The bundle states '$200 for the study visit'. Acceptable as free text, but note the IRB protocol (tier 2) says 'There will be a $200 stipend"
2026-08-28c_claude-opus-5-api-generic-v7_rep1,AI_READI,claudecode_agent,full,collection_mechanisms,low,other,"Sixteen distinct mechanism objects, one per instrument class — correct application of the multivalued-entity rule. Each carries only `mechanism_details` prose, which is the only substantive field `Col"
2026-08-28c_claude-opus-5-api-generic-v7_rep1,AI_READI,claudecode_agent,full,ethical_reviews[1].reviewing_organization,medium,unsupported claim,"'AI-READI ethics team' is not an organization named as such in the bundle. The RO-Crate field is `ethicalReview: 'Camille Nebeker, Debra Mathews, Kadija Ferryman, Nicholas Evans'` — four named individ"
2026-08-28c_claude-opus-5-api-generic-v7_rep1,AI_READI,claudecode_agent,full,ethical_reviews[2].reviewing_organization,medium,other,'AI-READI Community Advisory Board' is attested in the BMJ protocol ('A Community Advisory Board of 11 persons from the three sites') and in the IRB protocol ('there will also be a community advisory 
2026-08-28c_claude-opus-5-api-generic-v7_rep1,AI_READI,claudecode_agent,full,human_subject_research.irb_approval,high,other,Range check. `irb_approval` is listed among the fields `HumanSubjectResearch` accepts; the digest does not state its range. The record supplies a list of one prose string. If the declared range is a s
2026-08-28c_claude-opus-5-api-generic-v7_rep1,AI_READI,claudecode_agent,full,at_risk_populations.special_protections,medium,other,"Same range question: supplied as a single-element list of prose. Also, the content is largely *exclusion* criteria (no minors, pregnancy excluded) plus transportation assistance — the former is eligib"
2026-08-28c_claude-opus-5-api-generic-v7_rep1,AI_READI,claudecode_agent,full,ip_restrictions.restrictions,low,missing supported information,"Single-element list of a long prose paragraph covering title/ownership, derivative data, synthetic data and licensee models — four distinct restrictions collapsed into one entry. If the range is a lis"
2026-08-28c_claude-opus-5-api-generic-v7_rep1,AI_READI,claudecode_agent,full,regulatory_restrictions.regulatory_restrictions,low,other,"Same pattern: one prose entry covering the license reference, the NIH GDS Policy security requirement, the general legal-compliance clause and the storage-location restriction."
2026-08-28c_claude-opus-5-api-generic-v7_rep1,AI_READI,claudecode_agent,full,variables,medium,unsupported claim,Coverage gap rather than shape defect. Eleven variables are documented from a dataset the bundle describes as spanning 'over 10 domains' with an uploaded variable list and full per-domain documentatio
2026-08-28c_claude-opus-5-api-generic-v7_rep1,AI_READI,claudecode_agent,full,total_size_bytes,low,inconsistent identifier/count,"3815969779678 matches FAIRhub `size` exactly and is consistent with the '3.82 TB' string. The nine file_collection `total_bytes` sum to 3,815,974,109,064 — approximately 4.3 MB above the declared tota"
2026-08-28c_claude-opus-5-api-generic-v7_rep1,AI_READI,claudecode_agent,full,total_file_count,low,other,"356343 matches FAIRhub exactly. The nine file_collection `file_count` values sum to 356,334 — nine short of the declared total, consistent with the nine root-level metadata files (CHANGELOG.md, datase"
2026-08-28d_claude-opus-5-api-generic-v7_rep1,AI_READI,claudecode_agent,full,conforms_to_standard,high,other,"Value contains `CDS`, which is a permitted value of the DataStandardEnum, but the list also mixes standards attested for sub-collections rather than the dataset as a whole; more seriously, the top-lev"
2026-08-28d_claude-opus-5-api-generic-v7_rep1,AI_READI,claudecode_agent,full,instances[0].data_topic,high,missing supported information,"`B2AI_TOPIC:43` is Diabetes, a topic term, and the slot range accepts it; but the companion slot `data_substrate` is omitted while the bundle clearly supports it (the healthsheet states instances enco"
2026-08-28d_claude-opus-5-api-generic-v7_rep1,AI_READI,claudecode_agent,full,publisher,high,inconsistent identifier/count,"Range is `uriorcurie`. The value `https://fairhub.io/` is a bare website URL, not an identifier for the publishing organization, and no declared prefix covers FAIRhub. The FAIRhub structured metadata "
2026-08-28d_claude-opus-5-api-generic-v7_rep1,AI_READI,claudecode_agent,full,creators,high,missing supported information,"Omitted entirely, though the bundle clearly supports it. The FAIRhub structured metadata declares `creator: [{creatorName: ""AI-READI Consortium"", nameType: ""Organizational""}]`, and the RO-Crate declar"
2026-08-28d_claude-opus-5-api-generic-v7_rep1,AI_READI,claudecode_agent,full,funders[0].grants,high,inconsistent identifier/count,"`FundingMechanism` declares a `grants` field of range `Grant[]`, and the bundle supplies award number OT2OD032644 with award title ""Bridge2AI: Salutogenesis Data Generation Project"" and award URI. The"
2026-08-28d_claude-opus-5-api-generic-v7_rep1,AI_READI,claudecode_agent,full,ethical_reviews[1].reviewing_organization,high,unsupported claim,"The value ""AI-READI ethics team"" is not attested anywhere in the bundle. The RO-Crate states `""ethicalReview"": ""Camille Nebeker, Debra Mathews, Kadija Ferryman, Nicholas Evans""` — a list of named pers"
2026-08-28d_claude-opus-5-api-generic-v7_rep1,AI_READI,claudecode_agent,full,data_governance.committee_contact,medium,missing supported information,"Omission the bundle supports. `DataGovernance` declares `committee_contact` of range `Person`, and the bundle supplies a central contact: Aaron Lee, MD, ORCID 0000-0002-7452-1648, email contact@airead"
2026-08-28d_claude-opus-5-api-generic-v7_rep1,AI_READI,claudecode_agent,full,license_and_use_terms.contact_person,medium,missing supported information,"Omitted though `LicenseAndUseTerms` declares `contact_person` of range `Person`; the license and the documentation both direct licensees to the AI-READI contact, and the bundle names Aaron Lee with OR"
2026-08-28d_claude-opus-5-api-generic-v7_rep1,AI_READI,claudecode_agent,full,human_subject_research.ethics_review_board,medium,other,"The value embeds source commentary and a full postal address inside what should be an identifying value: 'The RO-Crate metadata names the reviewing body ""Washington University IRB"" with the contact po"
2026-08-28d_claude-opus-5-api-generic-v7_rep1,AI_READI,claudecode_agent,full,sensitive_elements,medium,other,Internal inconsistency left unreconciled across sibling entries. Entry [0] asserts `sensitive_elements_present: false` for the public dataset; entry [2] asserts `sensitive_elements_present: true` citi
2026-08-28d_claude-opus-5-api-generic-v7_rep1,AI_READI,claudecode_agent,full,external_resources,medium,inconsistent identifier/count,"Every entry populates only the free-text `external_resources` field; the declared `archival` (boolean) and `future_guarantees` fields are populated on only the first entry, and `restrictions` on only "
2026-08-28d_claude-opus-5-api-generic-v7_rep1,AI_READI,claudecode_agent,full,labeling_strategies,medium,missing supported information,"Omitted. The bundle answers the labeling questions explicitly and repeatedly: 'N/A - no labels are provided. No specific labeling was performed in the dataset, as the dataset is a hypothesis-agnostic "
2026-08-28d_claude-opus-5-api-generic-v7_rep1,AI_READI,claudecode_agent,full,existing_uses,medium,missing supported information,"Omitted though the bundle answers directly: healthsheet uses question 1, 'Has the dataset been used for any tasks already?' — response 'No'. An attested negative is supportable content for this slot; "
2026-08-28d_claude-opus-5-api-generic-v7_rep1,AI_READI,claudecode_agent,full,use_repository,medium,missing supported information,"Omitted though the bundle answers directly: healthsheet uses question 3, 'Is there a repository that links to any or all papers or systems that use the dataset?' — response 'No'. The FAIRhub landing p"
2026-08-28d_claude-opus-5-api-generic-v7_rep1,AI_READI,claudecode_agent,full,errata,medium,missing supported information,Omitted. The healthsheet maintenance question 3 asks 'Is there an erratum?' and the response field is empty in the source. An empty source response is not the same as an absent question; the record gi
2026-08-28d_claude-opus-5-api-generic-v7_rep1,AI_READI,claudecode_agent,full,discouraged_uses,medium,missing supported information,"Omitted, although the healthsheet motivation question 3 ('Are there any types of usage or applications that are discouraged from using this dataset?') is answered with a pointer to the license restric"
2026-08-28d_claude-opus-5-api-generic-v7_rep1,AI_READI,claudecode_agent,full,created_on,low,missing supported information,"Omitted although the bundle supplies `created_at: 1763366400` in the FAIRhub API record for dataset 3 (corresponding to 2025-11-17T00:00:00Z), the same instant given in `issued`. Not a defect of corre"
2026-08-28d_claude-opus-5-api-generic-v7_rep1,AI_READI,claudecode_agent,full,was_derived_from,low,missing supported information,"Omitted. The bundle establishes that v3.0.0 supersedes and incorporates v1.0.0 and v2.0.0 content ('This version has more subjects/patients represented in the data'), which the record captures in `rel"
2026-08-28d_claude-opus-5-api-generic-v7_rep1,AI_READI,claudecode_agent,full,is_tabular,low,other,"Set to `false`. Defensible for a 3.82 TB multimodal collection dominated by DICOM, but the bundle states the collection 'encompass[es] tabular data, imaging data, and physiological signal/waveform dat"
2026-08-28d_claude-opus-5-api-generic-v7_rep1,AI_READI,claudecode_agent,full,license,low,missing supported information,"Range is `string` and the value 'AI-READI custom license v2.0' matches the `rightsName` in the structured metadata, so the shape conforms. However the FAIRhub landing pages label the license 'Health D"
2026-08-28d_claude-opus-5-api-generic-v7_rep1,AI_READI,claudecode_agent,full,subsets,low,inconsistent identifier/count,"Three split subsets are minted with fragment identifiers, but no other value in the record points at any of them — `splits[0].split_details` describes the partition in prose without referencing the fr"
2026-08-28d_claude-opus-5-api-generic-v7_rep1,AI_READI,claudecode_agent,full,annotation_analyses,low,other,"Omitted, which is correct given no labels were produced, but the bundle explicitly answers the inter-annotator agreement questions ('N/A - no labels are provided'), so an entry carrying that attested "
2026-08-28d_claude-opus-5-api-generic-v7_rep1,AI_READI,claudecode_agent,full,collection_timeframes[0].source_caveats,low,inconsistent identifier/count,The caveat correctly records the 2023-07-19 vs 18 July 2023 discrepancy and the preference. Minor: the two dates differ by one day and the caveat does not note that the protocol publication is tier 3 
2026-08-28d_claude-opus-5-api-generic-v7_rep1,AI_READI,claudecode_agent,full,notes,low,missing supported information,"Contains biospecimen and device-loan content that has fitting structured homes: the device loans and discounts are acknowledgements better placed in `source_caveats` or omitted, and the biorepository "
2026-08-28d_claude-opus-5-api-generic-v7_rep1,AI_READI,claudecode_agent,full,variables,low,missing supported information,"22 VariableMetadata entries are supplied but the clinical laboratory panel in the bundle enumerates roughly 40 named analytes with units and reference ranges (NT-proBNP pg/mL, Troponin-T ng/L, HbA1c %"
2026-09-01_claude-opus-5-api-generic-v7_rep1,AI_READI,claudecode_agent,full,"collection_timeframes[1].timeframe_details, relationships[0].relationship_details",major,unsupported claim,"Both state that ""approximately four to ten percent of participants are expected to return for a follow-up examination in year four"". No source states a range. The healthsheet (collection q5) says ""App"
2026-09-01_claude-opus-5-api-generic-v7_rep1,AI_READI,claudecode_agent,full,download_url,minor,inconsistent identifier/count,"Set to https://fairhub.io/datasets/3/access, which is the conditions-of-access / request page (RO-Crate `conditionsOfAccess`), not a URL pointing at the data. The slot description explicitly excludes "
2026-09-01_claude-opus-5-api-generic-v7_rep1,AI_READI,claudecode_agent,full,data_governance.committee_name,minor,other,"""AI-READI Data Access Committee"" is a coined proper name. The BMJ protocol says only ""the Data Access Committee""; the RO-Crate (tier 1) gives `dataGovernanceCommittee` as ""AI-READI Consortium"". Use on"
2026-09-01_claude-opus-5-api-generic-v7_rep1,AI_READI,claudecode_agent,full,data_governance.committee_contact,minor,unsupported claim,"Aaron Lee (ORCID:0000-0002-7452-1648) is asserted as the access-committee contact. The bundle names him as study PI, responsible party, overall official and central study contact (contact@aireadi.org)"
2026-09-01_claude-opus-5-api-generic-v7_rep1,AI_READI,claudecode_agent,full,sensitive_elements[1],minor,dataset/release/temporal scope error,"Referent drift. The record's declared referent is the public v3.0.0 release (id doi:10.60775/fairhub.3, described as containing no PHI, with sex/race/ethnicity/medications removed), and sensitive_elem"
2026-09-01_claude-opus-5-api-generic-v7_rep1,AI_READI,claudecode_agent,full,data_protection_impacts,minor,other,"The single DataProtectionImpact object carries only the statement that no impact analysis has been conducted. The class has no boolean to carry a negative (unlike Confidentiality or ContentWarning), s"
2026-09-01_claude-opus-5-api-generic-v7_rep1,AI_READI,claudecode_agent,full,extension_mechanism.extension_details,minor,other,"Leads with the statement that no mechanism exists for outside contribution, then adds that the project maintains GitHub and Zenodo presences ""for its software and guidelines"" — which the bundle does n"
2026-09-01_claude-opus-5-api-generic-v7_rep1,AI_READI,claudecode_agent,full,informed_consent[0].withdrawal_mechanism,minor,missing supported information,"Declared field left empty although the bundle supports it: the healthsheet (collection q10) states participants could withdraw consent at any time and cease participation, with data already shared or "
2026-09-01_claude-opus-5-api-generic-v7_rep1,AI_READI,claudecode_agent,full,"variables[particulate_matter], variables[nitrogen_oxides], variables[multispectral_light_intensity]",minor,missing supported information,"Distinct measured channels are collapsed into single VariableMetadata entries: the bundle enumerates PM1.0, PM2.5, PM4 and PM10 as separate particulate fractions, NO and NO2 as separate gases, and ele"
2026-09-01_claude-opus-5-api-generic-v7_rep1,AI_READI,claudecode_agent,full,"subsets, splits",minor,other,"The same train/validation/test partition is stated twice: once in prose in splits[0].split_details and once as three DataSubset objects. The three minted fragment ids (#split-train, #split-validation,"
2026-09-01_claude-opus-5-api-generic-v7_rep1,AI_READI,claudecode_agent,full,creators[0],minor,missing supported information,"The attested creator — FAIRhub `creator`: ""AI-READI Consortium"", nameType Organizational — appears only inside creators[0].notes as source commentary, while the object's id is the project website and "
2026-09-01_claude-opus-5-api-generic-v7_rep1,AI_READI,claudecode_agent,full,regulatory_restrictions.confidentiality_level,minor,other,"Set to `restricted`. The bundle states `confidentialityLevel`: ""HL7:2N (normal)"" (RO-Crate) and `accessType`: ""PublicDownloadSelfAttestationRequired"" (FAIRhub). The enum mapping is the record's interp"
2026-09-01_claude-opus-5-api-generic-v7_rep1,AI_READI,claudecode_agent,full,source_caveats,info,other,"Item (1) states that the FAIRhub expansion ""Exploratory"" ""is used in this record where the expansion is needed"", but the record never expands the acronym anywhere. The caveat documents a resolution th"
2026-09-01_claude-opus-5-api-generic-v7_rep1,AI_READI,claudecode_agent,full,subpopulations,info,inconsistent identifier/count,"Inconsistent internal treatment: entries [0] and [1] set subpopulation_elements_present: false, entries [2] (diabetes status) and [3] (age) omit the boolean although diabetes status and age are not am"
2026-09-01_claude-opus-5-api-generic-v7_rep1,AI_READI,claudecode_agent,full,"human_subject_research.irb_approval, human_subject_research.regulatory_compliance, human_subject_research.special_populations, at_risk_populations.special_protections, ip_restrictions.restrictions, regulatory_restrictions.regulatory_restrictions, data_governance.stewardship_roles",info,other,These string-typed sub-slots are emitted as YAML lists. The schema digest supplied above annotates multivalence only via object ranges (e.g. `committee_members: Person[]`) and declares no multivalence
2026-09-01_claude-opus-5-api-generic-v7_rep1,AI_READI,claudecode_agent,full,license,info,dataset/release/temporal scope error,"The value embeds the rights URI inside the license name string: ""AI-READI custom license v2.0 (https://doi.org/10.5281/zenodo.17555036)"". The sources carry these as separate fields (`rightsName` / `ri"
2026-09-01_claude-opus-5-api-generic-v7_rep1,CHORUS,claudecode_agent,full,id,high,inconsistent identifier/count,"`id` is set to `https://chorus4ai.org/`, which is also the value of `page`. The dataset identifier and the project landing page are the same URI, so the record asserts that the dataset entity and the "
2026-09-01_claude-opus-5-api-generic-v7_rep1,CHORUS,claudecode_agent,full,created_by,medium,unsupported claim,"`created_by` is `CHoRUS Consortium`. The bundle names 'CHoRUS Consortium' (chorus4ai.org section heading) so the string is attested, but the awarded organization on the NIH RePORTER record is Massachu"
2026-09-01_claude-opus-5-api-generic-v7_rep1,CHORUS,claudecode_agent,full,status,medium,unsupported claim,"`status` reads 'Partially released under controlled access, with an anticipated final dataset still in preparation'. This is a composed summary sentence rather than a status token; the slot descriptio"
2026-09-01_claude-opus-5-api-generic-v7_rep1,CHORUS,claudecode_agent,full,language,medium,unsupported claim,"`language: en` is not supported by the bundle. No source states the language of the dataset content. The webinar's eligibility list requires trainees to have a 'Working command of English', which is a"
2026-09-01_claude-opus-5-api-generic-v7_rep1,CHORUS,claudecode_agent,full,keywords,medium,unsupported claim,"Several keywords are composed rather than drawn from the bundle. 'intensive care unit' (sources say ICU, PICU, NICU), 'AI-ready dataset' (attested: 'AI-ready data set'), 'multimodal data' and 'medical"
2026-09-01_claude-opus-5-api-generic-v7_rep1,CHORUS,claudecode_agent,full,conforms_to_standard,high,missing supported information,"The list omits `OPEN_MHEALTH`-style precision problems but more importantly includes a single `OTHER` to cover three distinct non-registered standards named in `conforms_to` (EDF+, Persyst, OHNLP sche"
2026-09-01_claude-opus-5-api-generic-v7_rep1,CHORUS,claudecode_agent,full,creators,high,other,"The slot is multivalued and the bundle names six leadership-team members (Eric Rosenthal/MGH, Azra Bihorac/University of Florida, Xiaoqian Jiang/UTHealth Houston, Yulia Strekalova/University of Florid"
2026-09-01_claude-opus-5-api-generic-v7_rep1,CHORUS,claudecode_agent,full,creators,medium,unsupported claim,"`credit_roles: [project_administration, supervision]` for Eric S. Rosenthal is not supported. The bundle states only that he is 'Principal investigator' on the NIH RePORTER record and appears first on"
2026-09-01_claude-opus-5-api-generic-v7_rep1,CHORUS,claudecode_agent,full,funders,high,missing supported information,"`FundingMechanism` declares a `grants` key of range `Grant[]`, and the bundle supplies grant identifiers (project number 1OT2OD032701-01, core project number OT2OD032701, application ID 10472824, awar"
2026-09-01_claude-opus-5-api-generic-v7_rep1,CHORUS,claudecode_agent,full,funders.grantor,medium,inconsistent identifier/count,"`grantor` reads 'National Institutes of Health (NIH) Common Fund, Bridge2AI program'. This packs the funding agency and the program into one string. The bundle attests 'NIH Common Fund's Bridge2AI pro"
2026-09-01_claude-opus-5-api-generic-v7_rep1,CHORUS,claudecode_agent,full,instances,high,dataset/release/temporal scope error,`counts: 50000` on the ICU/PICU/NICU admission instance takes the tier-2 figure while the tier-4 webinar states 'over 45K unique admissions' as of August 2025. The disagreement is disclosed in the top
2026-09-01_claude-opus-5-api-generic-v7_rep1,CHORUS,claudecode_agent,full,instances,high,inconsistent identifier/count,"`counts: 7642` (admissions with radiology data) is in direct tension with the tier-4 webinar's '1000 images available'. The record's top-level caveat correctly notes the units differ, but the instance"
2026-09-01_claude-opus-5-api-generic-v7_rep1,CHORUS,claudecode_agent,full,instances,medium,other,`data_substrate: B2AI_SUBSTRATE:37` (Relational Database) is used for both the admission instance and the OMOP row instance. OMOP data are described in the bundle as rows in the OMOP CDM; 37 is a plau
2026-09-01_claude-opus-5-api-generic-v7_rep1,CHORUS,claudecode_agent,full,instances,medium,missing supported information,"`data_topic: B2AI_TOPIC:37` (Waveform) is assigned to the EEG waveform instance. B2AI_TOPIC:10 (EKG) is not right either, but the bundle explicitly describes EEG as 'Waveform EEG (hospital database)' "
2026-09-01_claude-opus-5-api-generic-v7_rep1,CHORUS,claudecode_agent,full,instances,medium,inconsistent identifier/count,"The `instances` entry for waveform telemetry places '23 Tb of waveform data' in `notes`. The Instance class has no size field, so notes is the residual location, but the same fact is also asserted in "
2026-09-01_claude-opus-5-api-generic-v7_rep1,CHORUS,claudecode_agent,full,human_subject_research,high,other,"`involves_human_subjects: true` is well supported, but the `irb_approval` and `ethics_review_board` fields are absent while `special_populations` carries prose. That is correct given the evidence. How"
2026-09-01_claude-opus-5-api-generic-v7_rep1,CHORUS,claudecode_agent,full,at_risk_populations,high,unsupported claim,"`at_risk_groups_included: true` is inferred, not stated. The bundle states the released admissions come 'from ICU, PICU, and NICU'. That minors are present follows from PICU/NICU, but no source charac"
2026-09-01_claude-opus-5-api-generic-v7_rep1,CHORUS,claudecode_agent,full,is_deidentified,medium,unsupported claim,"`identifiable_elements_present: true` is an inference. The bundle documents de-identification activity in process for imaging, tokenization of notes, and 'approaches that limit re-identification', whi"
2026-09-01_claude-opus-5-api-generic-v7_rep1,CHORUS,claudecode_agent,full,participant_privacy,medium,other,"`privacy_techniques` lists 'A clinical trials processor de-identification component, maintained in the CTP-deid repository'. The bundle shows only a repository named `CTP-deid` in the chorus-ai reposi"
2026-09-01_claude-opus-5-api-generic-v7_rep1,CHORUS,claudecode_agent,full,preprocessing_strategies,medium,unsupported claim,The DeGauss geocoding entry states that geocoding allows 'contextual factors such as geographic distance to the nearest hospital to be attached to records'. The bundle attests the UF-Geocoding reposit
2026-09-01_claude-opus-5-api-generic-v7_rep1,CHORUS,claudecode_agent,full,distribution_formats,medium,other,"The `DistributionFormat` class declares `access_urls` and `download_url` (range `uri`), which are left empty across all five entries while the access route is described only in `data_governance`. That"
2026-09-01_claude-opus-5-api-generic-v7_rep1,CHORUS,claudecode_agent,full,data_governance,high,missing supported information,"`committee_name`, `committee_members` and `committee_contact` are all empty while the access contacts (dbold@emory.edu, jared.houghtaling@tuftsmedicine.org) and the program manager (Ciera McCrary, MGH"
2026-09-01_claude-opus-5-api-generic-v7_rep1,CHORUS,claudecode_agent,full,license_and_use_terms,medium,other,"`license_terms` mixes two different objects: the data license (controlled access, signed licensing agreement) and the software license (MIT for the chorus-ai GitHub organization, Apache-2.0 on some re"
2026-09-01_claude-opus-5-api-generic-v7_rep1,CHORUS,claudecode_agent,full,license,medium,missing supported information,"The top-level `license` slot is omitted. This is defensible for the data (controlled access, no named data license), and omitting is better than writing MIT, which governs only the software. Flagged s"
2026-09-01_claude-opus-5-api-generic-v7_rep1,CHORUS,claudecode_agent,full,ethical_reviews,high,unsupported claim,Both entries invent organization names not present in the bundle: 'CHoRUS consortium Ethics pillar (Ethical and Trustworthy AI)' and 'CHoRUS consortium legal and ethics workstream'. The NIH abstract n
2026-09-01_claude-opus-5-api-generic-v7_rep1,CHORUS,claudecode_agent,full,maintainers,medium,missing supported information,"The first `Maintainer` entry omits `role` for the second and third entries while setting `role: academic_institution` on the first. The enum permits `academic_institution`, so the value is valid, but "
2026-09-01_claude-opus-5-api-generic-v7_rep1,CHORUS,claudecode_agent,full,external_resources,medium,other,"Four separate ExternalResource objects each wrap a single string inside the multivalued `external_resources` sub-key, producing a list of objects each containing a one-item list. The nesting is schema"
2026-09-01_claude-opus-5-api-generic-v7_rep1,CHORUS,claudecode_agent,full,notes,medium,other,"The site-wide banner quoted in `notes` reproduces the source's typo 'repoitory' without flagging it, unlike the `maintainers` entry which explicitly flags the 'mgh.havard.edu' typo. Inconsistent treat"
2026-09-01_claude-opus-5-api-generic-v7_rep1,CHORUS,claudecode_agent,full,collection_timeframes,medium,unsupported claim,"`timeframe_details` equates the data collection window with the NIH award period (2022-09-01 to 2026-11-30). The award dates are attested, but no source states that retrospective clinical data were *c"
2026-09-01_claude-opus-5-api-generic-v7_rep1,CHORUS,claudecode_agent,full,known_limitations,high,inconsistent identifier/count,"The coverage_limitation entry asserts 'imaging was limited to 1000 images' as a current limitation while `instances` asserts 7,642 admissions with radiology data. The record therefore states two diffe"
2026-09-01_claude-opus-5-api-generic-v7_rep1,CHORUS,claudecode_agent,full,known_limitations,medium,unsupported claim,"The representativeness_limitation entry states the 14 hospitals are 'in the United States'. The GitHub organization page lists 'United States of America' as the org location, and eligibility for the t"
2026-09-01_claude-opus-5-api-generic-v7_rep1,CHORUS,claudecode_agent,full,known_biases,medium,other,"Omitted, but the bundle supports at least one entry. The NIH abstract and GitHub README both state that patient-focused efforts 'determine the ethical and legal approaches to manage privacy and bias',"
2026-09-01_claude-opus-5-api-generic-v7_rep1,CHORUS,claudecode_agent,full,collection_consents,medium,missing supported information,"Omitted. Correct — the bundle documents no patient consent process, and retrospective EHR extraction typically proceeds under waiver. Flagged so the omission is recorded as evidence-driven rather than"
2026-09-01_claude-opus-5-api-generic-v7_rep1,CHORUS,claudecode_agent,full,discouraged_uses,medium,missing supported information,"Omitted. The bundle provides no statement of discouraged or prohibited uses beyond access control. Correct omission, recorded for completeness."
2026-09-01_claude-opus-5-api-generic-v7_rep1,CHORUS,claudecode_agent,full,citation,medium,missing supported information,"Omitted. Correct — no recommended citation appears in the bundle. However, the chorus4ai.org disclaimer ('This project is funded by the NIH under award number OT2OD032701. The content on this website "
2026-09-01_claude-opus-5-api-generic-v7_rep1,CHORUS,claudecode_agent,full,total_file_count / total_size_bytes / file_collections,medium,other,"All omitted. `total_size_bytes` could arguably be derived from '23 Tb Waveform data', but that figure covers one modality only, not the whole dataset, and the unit ('Tb' — bits or bytes, decimal or bi"
2026-09-01_claude-opus-5-api-generic-v7_rep1,CHORUS,claudecode_agent,full,version / doi / issued / distribution_dates,medium,missing supported information,"All omitted, consistent with the top-level `source_caveats` which states the bundle gives no release date, DOI, version identifier, or recommended citation. Correct and internally consistent."
2026-09-01_claude-opus-5-api-generic-v7_rep1,CHORUS,claudecode_agent,full,splits,medium,inconsistent identifier/count,"The holdout test set is described in `splits` as prose but no `DataSubset` is created for it and no fragment identifier is minted, even though `tasks` references external validation against it and `in"
2026-09-01_claude-opus-5-api-generic-v7_rep1,CHORUS,claudecode_agent,full,existing_uses,medium,other,"Two ExistingUse objects are emitted, the first containing a single quoted sentence and the second containing two composed examples. The first entry's single quoted string 'Datasets are being used for "
2026-09-01_claude-opus-5-api-generic-v7_rep1,CHORUS,claudecode_agent,full,acquisition_methods,medium,unsupported claim,The clinical-notes entry sets `was_inferred_derived: true`. Tokenization is a transformation of directly-observed clinical documentation rather than inference or derivation of new facts; `was_directly
2026-09-01_claude-opus-5-api-generic-v7_rep1,CHORUS,claudecode_agent,full,description,medium,dataset/release/temporal scope error,The description states 'more than 60 consortium members'. The source reads '60+ CHoRUS consortium members across 20 different institutions'. Faithful. However the description also states data are 'con
2026-09-01_claude-opus-5-api-generic-v7_rep1,CHORUS,claudecode_agent,full,data_governance.access_review_process,medium,other,The value is a long paragraph fusing two distinct access routes: the general CHoRUS request route (email dbold@emory.edu / jared.houghtaling@tuftsmedicine.org) and the AIM-AHEAD training-program route
2026-09-01_claude-opus-5-api-generic-v7_rep1,CM4AI,claudecode_agent,full,instances,high,unsupported claim,"Each Instance object carries a key `instance_details`, which the schema digest does not declare for the Instance class. Instance accepts only `counts`, `data_substrate`, `data_topic`, `instance_type`,"
2026-09-01_claude-opus-5-api-generic-v7_rep1,CM4AI,claudecode_agent,full,funders[0].grants[0],high,unsupported claim,"Grant objects carry keys `grant_number` and `grant_title`; the schema digest gives no required or accepted-key list for Grant, and these key names are not attested anywhere in the digest. The same sha"
2026-09-01_claude-opus-5-api-generic-v7_rep1,CM4AI,claudecode_agent,full,funders[0].grants[0].id,high,inconsistent identifier/count,"The value `https://reporter.nih.gov/project-details/11211616` is a resolver/landing-page URL used as an `id` (uriorcurie) for a grant. This is a project page for the award, not an identifier minted fo"
2026-09-01_claude-opus-5-api-generic-v7_rep1,CM4AI,claudecode_agent,full,creators[*].id (nine entries),high,missing supported information,"Nine creators without ORCIDs in the bundle are given minted fragment identifiers on the dataset DOI landing URL, e.g. `https://dataverse.lib.virginia.edu/dataset.xhtml?persistentId=doi:10.18130/V3/HIG"
2026-09-01_claude-opus-5-api-generic-v7_rep1,CM4AI,claudecode_agent,full,ethical_reviews[*].contact_person.email / data_governance.committee_contact.email / license_and_use_terms.contact_person.email / regulatory_restrictions.governance_committee_contact.email,high,unsupported claim,Person objects carry an `email` key. The schema digest does not attest `email` as a Person slot; no Person key list is given. If Person does not declare `email` this is an invented key. The email addr
2026-09-01_claude-opus-5-api-generic-v7_rep1,CM4AI,claudecode_agent,full,creators[*].affiliations[*].name,high,other,"Organization objects carry a `name` key; the schema digest supplies no accepted-key list for Organization, so `name` is unverified against the digest. This affects ~45 affiliation objects plus data_go"
2026-09-01_claude-opus-5-api-generic-v7_rep1,CM4AI,claudecode_agent,full,related_datasets[*],high,other,Each DatasetRelationship object carries a `description` key alongside the required `relationship_type` and `target_dataset`. DatasetRelationship accepts the same slots as the top-level Dataset listing
2026-09-01_claude-opus-5-api-generic-v7_rep1,CM4AI,claudecode_agent,full,publisher,medium,inconsistent identifier/count,"`publisher` is declared `uriorcurie`. The value `https://dataverse.lib.virginia.edu` is a bare host URL, not an identifier for the publishing organization. The bundle names the publisher as University"
2026-09-01_claude-opus-5-api-generic-v7_rep1,CM4AI,claudecode_agent,full,id,medium,inconsistent identifier/count,"The record `id` is `https://doi.org/10.18130/V3/HIGT4C`, the DOI resolver URL. The `doi` slot correctly carries the bare `10.18130/V3/HIGT4C`. For a `uriorcurie` slot where a `doi:` prefix is availabl"
2026-09-01_claude-opus-5-api-generic-v7_rep1,CM4AI,claudecode_agent,full,created_by,medium,other,"Value `Niestroy, Justin` is transcribed from the Dataverse `Depositor` field. `created_by` asks for the person or organization primarily responsible for creating the resource; the depositor is the per"
2026-09-01_claude-opus-5-api-generic-v7_rep1,CM4AI,claudecode_agent,full,last_updated_on,medium,unsupported claim,"`2026-07-15T00:00:00Z` is taken from the publication date of the three immunofluorescence image files within the release, not from any stated dataset-level modification date. The bundle gives Publicat"
2026-09-01_claude-opus-5-api-generic-v7_rep1,CM4AI,claudecode_agent,full,creators[*].credit_roles,medium,missing supported information,"No creator carries `credit_roles`, yet the bundle's preprint states a detailed Contributions paragraph for the overlapping author set of the Nature paper and the CM4AI preprint describes module-level "
2026-09-01_claude-opus-5-api-generic-v7_rep1,CM4AI,claudecode_agent,full,conforms_to,medium,other,`conforms_to` is set to `RO-Crate` and `conforms_to_standard` to `RO_CRATE`. This is supported by the bundle ('packaged ... as AI-ready datasets in RO-Crate format'). However RO-Crate describes the *p
2026-09-01_claude-opus-5-api-generic-v7_rep1,CM4AI,claudecode_agent,full,total_size_bytes,medium,other,"`total_file_count: 10` is populated but `total_size_bytes` is omitted, while seven of ten file_collections carry `total_bytes`. The three IF archives are displayed only in GB, so a complete aggregate "
2026-09-01_claude-opus-5-api-generic-v7_rep1,CM4AI,claudecode_agent,full,file_collections[*].total_bytes,low,unsupported claim,Seven `total_bytes` values are back-computed from Dataverse's rounded human-readable sizes (e.g. 113.3 KB -> 116019). These are derived precision the bundle does not state; a reader will take 116019 a
2026-09-01_claude-opus-5-api-generic-v7_rep1,CM4AI,claudecode_agent,full,instances[2].counts,low,inconsistent identifier/count,"`counts: 11739` is placed on the Instance whose `instance_type` is 'Single-cell CRISPRi perturbation transcriptional profile'. 11,739 is the number of *targeted genes* in the atlas, not the number of "
2026-09-01_claude-opus-5-api-generic-v7_rep1,CM4AI,claudecode_agent,full,status,low,other,"`status: Beta`. The bundle's release title carries '(Beta)' and the version is 2.0. The slot description gives examples 'draft, published, deprecated'. 'Beta' is attested in the source title so this i"
2026-09-01_claude-opus-5-api-generic-v7_rep1,CM4AI,claudecode_agent,full,created_on,low,inconsistent identifier/count,"`2025-02-27T00:00:00Z` is the Dataverse 'Data Creation Date' and also the 'Deposit Date' for this and for the March 2025, June 2025 and October 2025 releases — the same date is carried forward unchang"
2026-09-01_claude-opus-5-api-generic-v7_rep1,CM4AI,claudecode_agent,full,collection_timeframes[0],low,unsupported claim,`start_date: 2025-02-27` reuses the Dataverse Data Creation Date as a collection start. The bundle nowhere states when data collection began; the project period (2022-09-01 to 2026-08-31) is an award 
2026-09-01_claude-opus-5-api-generic-v7_rep1,CM4AI,claudecode_agent,full,language,low,unsupported claim,"`language: en` is not stated anywhere in the bundle. It is a near-certain inference from the documentation being in English, but it is an inference rather than an attested fact. Marginal."
2026-09-01_claude-opus-5-api-generic-v7_rep1,CM4AI,claudecode_agent,full,is_tabular,low,unsupported claim,"`is_tabular: false` is not stated in the bundle. It is inferable from the content types (images, mass-spec archives, sequence data), but the SEC-MS and Perturb-seq derived products are plausibly tabul"
2026-09-01_claude-opus-5-api-generic-v7_rep1,CM4AI,claudecode_agent,full,acquisition_methods[*],low,unsupported claim,"All four InstanceAcquisition objects set `was_directly_observed: true` and leave `was_inferred_derived`, `was_reported_by_subjects`, `was_validated_verified` unset. The bundle does describe validation"
2026-09-01_claude-opus-5-api-generic-v7_rep1,CM4AI,claudecode_agent,full,annotation_analyses,low,missing supported information,"Omitted. The bundle describes reproducibility assessment of GPT-4 assembly naming via semantic similarity across five replicate runs (SapBERT), which is an analysis of annotation quality. This relates"
2026-09-01_claude-opus-5-api-generic-v7_rep1,CM4AI,claudecode_agent,full,cleaning_strategies,low,missing supported information,Omitted while `preprocessing_strategies` is populated from the MuSIC pipeline description. The bundle states CRISPR screen 'resulting data are currently being QCed' and describes AP-MS quality-control
2026-09-01_claude-opus-5-api-generic-v7_rep1,CM4AI,claudecode_agent,full,splits / subsets,low,missing supported information,"Both omitted. The release has clear logical partitions by cell line and treatment condition (MDA-MB-468 untreated/paclitaxel/vorinostat; KOLF2.1J undifferentiated/NPC/neuron/cardiomyocyte), which are "
2026-09-01_claude-opus-5-api-generic-v7_rep1,CM4AI,claudecode_agent,full,download_url,low,other,Omitted at dataset level while `distribution_formats[0].access_urls` carries the Dataverse landing page. The bundle supplies an API access pattern (`https://dataverse.lib.virginia.edu/api/access/dataf
2026-09-01_claude-opus-5-api-generic-v7_rep1,CM4AI,claudecode_agent,full,notes,low,other,"The `notes` value states project organization (three pillars, six modules, collaborating institutions). This is descriptive content about the producing project that could sit in `description`; `notes`"
2026-09-01_claude-opus-5-api-generic-v7_rep1,CM4AI,claudecode_agent,full,source_caveats,low,dataset/release/temporal scope error,"The dataset-level `source_caveats` is long and carries several distinct concerns (referent selection, the 563-vs-464 conflict, portal aggregate counts, the U2OS/Nature scoping decision, byte-size conv"
2026-09-01_claude-opus-5-api-generic-v7_rep1,CM4AI,claudecode_agent,full,keywords,low,other,The keyword list is transcribed verbatim from Dataverse and includes 'AP-MS' and 'affinity purification' plus 'perturb-seq' and 'perturbation sequencing' and 'iPSC' and 'induced pluripotent stem cell'
2026-09-01_claude-opus-5-api-generic-v7_rep1,VOICE,claudecode_agent,full,id,high,dataset/release/temporal scope error,"The record id is `doi:10.13026/37yb-1t42`, the DOI that resolves to the latest PhysioNet version, while the record declares `version: 3.1.0` and a `citation` whose DOI is 10.13026/8xbn-nq66. The `doi`"
2026-09-01_claude-opus-5-api-generic-v7_rep1,VOICE,claudecode_agent,full,was_derived_from,medium,dataset/release/temporal scope error,"Value is `https://www.synapse.org/Synapse:syn72370534/`, the Synapse controlled-access distribution point for the raw audio. The bundle presents Synapse as an access route for the raw audio (chunk c01"
2026-09-01_claude-opus-5-api-generic-v7_rep1,VOICE,claudecode_agent,full,issued,medium,dataset/release/temporal scope error,"`issued: '2026-05-01T00:00:00Z'` is the publication date of version 3.1.0, which is consistent with `version: 3.1.0`, but conflicts with `id`/`doi` pointing at the version-agnostic latest-version DOI."
2026-09-01_claude-opus-5-api-generic-v7_rep1,VOICE,claudecode_agent,full,instances[0].data_substrate,medium,other,`B2AI_SUBSTRATE:41` (Tab-separated values) is assigned to the participant-level instance. The substrate term is meant to describe the data substrate of the instance; a research participant's data in t
2026-09-01_claude-opus-5-api-generic-v7_rep1,VOICE,claudecode_agent,full,collection_timeframes[0],low,missing supported information,"Only `timeframe_details` is populated ('The data were collected over a period of 12 months'), taken from the project documentation healthsheet. The bundle supports no start or end date for the dataset"
2026-09-01_claude-opus-5-api-generic-v7_rep1,VOICE,claudecode_agent,full,creators[15],low,inconsistent identifier/count,"The final Creator entry carries no `principal_investigator`, only an affiliation named 'Bridge2AI-Voice Consortium' plus a `notes` string describing the consortium's size. Affiliation is declared as `"
2026-09-01_claude-opus-5-api-generic-v7_rep1,VOICE,claudecode_agent,full,sampling_strategies[0],low,missing supported information,"`is_random` is omitted while `is_sample: true` and `is_representative: false` are set. The bundle states the sampling method explicitly ('Sampling Method: Non-Probability Sample', chunk c008), which s"
2026-09-01_claude-opus-5-api-generic-v7_rep1,VOICE,claudecode_agent,full,distribution_formats[*].download_url,low,unsupported claim,"Each DistributionFormat carries `access_urls` but no `download_url`, and the top-level `download_url` slot is also unpopulated. This is defensible — the bundle shows the PhysioNet files are gated behi"
2026-09-01_claude-opus-5-api-generic-v7_rep1,VOICE,claudecode_agent,full,existing_uses[0].examples,low,inconsistent identifier/count,"`examples` is populated with a single prose string rather than a list. The digest does not declare a range for `examples` on ExistingUse, so this may validate, but the sibling `intended_uses[*].exampl"
2026-09-01_claude-opus-5-api-generic-v7_rep1,VOICE,claudecode_agent,full,content_warnings[0].source_caveats,low,other,"The caveat correctly records that project documentation and PhysioNet disagree about whether free-speech transcripts are present in the release, and correctly prefers PhysioNet as higher-ranked. Howev"
2026-09-01_claude-opus-5-api-generic-v7_rep1,VOICE,claudecode_agent,full,notes,low,other,"The `notes` slot carries the full AI-readiness rubric scoring (FAIRness 100%, characterization 80%, sustainability 50%, computability 75%, and the criterion-level pass/fail detail). This is bundle-sup"
2026-09-01_claude-opus-5-api-generic-v7_rep1,VOICE,claudecode_agent,full,related_datasets[0].target_dataset,low,dataset/release/temporal scope error,"`doi:10.13026/mf9s-5r03` is given as the pediatric dataset's identifier. The bundle (chunk c020) states this DOI as the pediatric project's latest-version DOI, while the version described in the accom"
2026-09-01_claude-opus-5-api-generic-v7_rep1,VOICE,claudecode_agent,full,external_resources[4],low,missing supported information,"The Bridge2AI-Voice FHIR profiles entry carries only a prose `external_resources` string with no URL, licence or archival flag, while every sibling entry carries at least a URL. The bundle (chunk c010"
2026-09-01_claude-opus-5-api-generic-v7_rep2,AI_READI,claudecode_agent,full,creators[0].affiliations,high,other,"Ten organizational identifiers are asserted as `ROR:` CURIEs (ROR:01yc7t268, ROR:00cvxb145, ROR:008s83205, ROR:0168r3w48, ROR:00za53h95, ROR:009avj582, ROR:00f54p054, ROR:0156zyn36, ROR:03r0ha626, ROR"
2026-09-01_claude-opus-5-api-generic-v7_rep2,AI_READI,claudecode_agent,full,creators,medium,other,"The slot is multivalued and the bundle names a distinct, enumerable Writing Committee, Principal Investigator list, staff list, project manager list and intern list (Nature Metabolism consortium autho"
2026-09-01_claude-opus-5-api-generic-v7_rep2,AI_READI,claudecode_agent,full,creators[0].notes,medium,other,Source commentary is embedded in the Creator object rather than confined to `source_caveats`. The note explains that the creator of record is the AI-READI Consortium and that Lee is 'named study princ
2026-09-01_claude-opus-5-api-generic-v7_rep2,AI_READI,claudecode_agent,full,data_governance.committee_name,medium,unsupported claim,`committee_name: AI-READI Data Access Committee` is a synthesized name. The BMJ Open protocol (tier 3) says 'The requirements for controlled access data sets are being currently developed by the Data 
2026-09-01_claude-opus-5-api-generic-v7_rep2,AI_READI,claudecode_agent,full,data_governance.committee_contact,medium,unsupported claim,"Aaron Y. Lee (ORCID:0000-0002-7452-1648) is placed as the governance committee contact. The bundle supports him as study PI, responsible party, and central study contact (centralContactEMail contact@a"
2026-09-01_claude-opus-5-api-generic-v7_rep2,AI_READI,claudecode_agent,full,conforms_to_standard,medium,other,"`RO_CRATE` is included in the dataset-level list. The bundle shows an RO-Crate metadata file describing the dataset (ro-crate-metadata.json, conformsTo https://w3id.org/ro/crate/1.2-DRAFT), which is a"
2026-09-01_claude-opus-5-api-generic-v7_rep2,AI_READI,claudecode_agent,full,file_collections[10].id,medium,inconsistent identifier/count,"`ark:59853/rocrate-b2ai-aireadi-release-3-0-0#root-metadata` is a minted fragment for a 'Root metadata files' collection that no other value in the record points at. Under the minting rule, a fragment"
2026-09-01_claude-opus-5-api-generic-v7_rep2,AI_READI,claudecode_agent,full,file_collections[10].file_count,medium,unsupported claim,"`file_count: 9` is computed by counting the nine entries in the FAIRhub `metadataFileList` (CHANGELOG.md, dataset_description.json, dataset_structure_description.json, healthsheet.md, LICENSE.txt, par"
2026-09-01_claude-opus-5-api-generic-v7_rep2,AI_READI,claudecode_agent,full,instances[0].data_topic,medium,missing supported information,"`B2AI_TOPIC:43` (Diabetes) is asserted as the single topic for an instance the record itself describes as spanning survey, clinical, retinal imaging, ECG, environmental, CGM and wearable activity data"
2026-09-01_claude-opus-5-api-generic-v7_rep2,AI_READI,claudecode_agent,full,publisher,low,inconsistent identifier/count,"`publisher: https://fairhub.io/` is a resolver URL in a slot whose declared range is `uriorcurie`. The bundle states the publisherName as 'FAIRhub' (FAIRhub dataset description, `publisher.publisherNa"
2026-09-01_claude-opus-5-api-generic-v7_rep2,AI_READI,claudecode_agent,full,related_datasets,low,unsupported claim,Four DatasetRelationship entries use `is_new_version_of` (twice) and `is_described_by` (twice). The two version relationships are supported by the FAIRhub versions list. The two `is_described_by` entr
2026-09-01_claude-opus-5-api-generic-v7_rep2,AI_READI,claudecode_agent,full,external_resources[5],low,unsupported claim,The ClinicalTrials.gov entry carries a `source_caveats` that characterizes the BMJ Open citation ('Clinicaltrials.org approval number STUDY00016228') as the IRB protocol number 'rather than a trial re
2026-09-01_claude-opus-5-api-generic-v7_rep2,AI_READI,claudecode_agent,full,is_deidentified.method,low,inconsistent identifier/count,The value merges two source statements into one causal narrative: FAIRhub's 'No identifiers were collected so no active de-identification was necessary but we checked that no identifiable data per US 
2026-09-01_claude-opus-5-api-generic-v7_rep2,AI_READI,claudecode_agent,full,sampling_strategies[0].is_representative,low,unsupported claim,`is_representative: false` is asserted. The bundle supports non-representativeness by design (deliberate equal-proportion balancing rather than mirroring the US population; healthsheet limitations on 
2026-09-01_claude-opus-5-api-generic-v7_rep2,AI_READI,claudecode_agent,full,regulatory_restrictions.hipaa_compliant,low,unsupported claim,"`hipaa_compliant: compliant` is an enum determination the bundle does not make. Sources state that the release contains no PHI, that FAIRhub's deIdentHIPAA flag is true, and that results were returned"
2026-09-01_claude-opus-5-api-generic-v7_rep2,AI_READI,claudecode_agent,full,acquisition_methods[0].was_inferred_derived,low,unsupported claim,"`was_inferred_derived: false` is asserted, but the record elsewhere documents derived values: BMI and waist-hip ratio are calculated (`variables`), log CS is computed from errors and the final correct"
2026-09-01_claude-opus-5-api-generic-v7_rep2,AI_READI,claudecode_agent,full,total_size_bytes,low,inconsistent identifier/count,`3815969779678` is taken from the FAIRhub API `data.size` field and is supported. Note for consistency only: the sum of the nine subcrate `total_bytes` values recorded in `file_collections` is approxi
2026-09-01_claude-opus-5-api-generic-v7_rep2,AI_READI,claudecode_agent,full,human_subject_research.ethics_review_board,low,inconsistent identifier/count,"The value quotes the RO-Crate's organization name 'Washington University IRB' while simultaneously reciting a University of Washington Human Subjects Division postal address, presenting the conflict i"
2026-09-01_claude-opus-5-api-generic-v7_rep2,AI_READI,claudecode_agent,full,errata,low,missing supported information,"Omission. The healthsheet maintenance section asks 'Is there an erratum?' and the response is empty, which is an absence of information rather than an assertion of none. Correctly omitted here; flagge"
2026-09-01_claude-opus-5-api-generic-v7_rep2,AI_READI,claudecode_agent,full,existing_uses,low,missing supported information,Omission that the bundle arguably supports as an explicit negative: the healthsheet uses section asks 'Has the dataset been used for any tasks already?' and answers 'No'. The schema's ExistingUse clas
2026-09-01_claude-opus-5-api-generic-v7_rep2,AI_READI,claudecode_agent,full,use_repository,low,missing supported information,"Omission that the bundle supports as an explicit negative: the healthsheet asks whether there is a repository linking papers or systems that use the dataset and answers 'No'. As with `existing_uses`, "
2026-09-01_claude-opus-5-api-generic-v7_rep2,AI_READI,claudecode_agent,full,annotation_analyses / labeling_strategies / machine_annotation_tools / imputation_protocols,low,other,"All four are omitted. This is correct — the healthsheet labeling section answers 'N/A - no labels are provided' repeatedly, states 'no labeling was performed', and the RO-Crate records `rai:dataAnnota"
2026-09-01_claude-opus-5-api-generic-v7_rep2,AI_READI,claudecode_agent,full,compression,low,missing supported information,"Omitted, correctly: the bundle names no compression format for the release. Confirmed against the FAIRhub `format` list (application/dicom, text/markdown, text/csv, application/json), which contains n"
2026-09-01_claude-opus-5-api-generic-v7_rep2,CHORUS,claudecode_agent,full,creators[1..5].principal_investigator,high,other,"Five of the six Creator entries (Bihorac, Jiang, Strekalova, Rashidi, Kwong) place the person in the `principal_investigator` slot. The bundle describes these individuals only as members of the 'Bridg"
2026-09-01_claude-opus-5-api-generic-v7_rep2,CHORUS,claudecode_agent,full,data_governance.access_review_process,moderate,unsupported claim,"The registration form (name, email, institution), the signed licensing agreement, the compute-provisioning email, and the '.edu' email requirement are stated in cohort_2_webinar exclusively in the con"
2026-09-01_claude-opus-5-api-generic-v7_rep2,CHORUS,claudecode_agent,full,license_and_use_terms.license_terms,moderate,other,"Same over-generalization as data_governance.access_review_process: the licensing agreement and institutional-email requirement are attested only for training-program participants, not as the terms gov"
2026-09-01_claude-opus-5-api-generic-v7_rep2,CHORUS,claudecode_agent,full,data_governance.committee_members,moderate,other,The two entries are the access-request contacts printed on the chorus-ai GitHub page ('Request access: dbold@emory.edu or jared.houghtaling@tuftsmedicine.org'). The bundle names no committee and the r
2026-09-01_claude-opus-5-api-generic-v7_rep2,CHORUS,claudecode_agent,full,funders[0].notes,moderate,inconsistent identifier/count,"FundingMechanism declares `grants` (range Grant[]). The award identifiers and amounts (OT2OD032701, 1OT2OD032701-01, application ID 10472824, USD 5,880,300, project period 2022-09-01 to 2026-11-30) ar"
2026-09-01_claude-opus-5-api-generic-v7_rep2,CHORUS,claudecode_agent,full,data_governance.accountable_organization,moderate,unsupported claim,'Massachusetts General Hospital' as the organization accountable for the data over time is an inference from the NIH RePORTER awardee organization field plus the MGH-based program manager. The bundle 
2026-09-01_claude-opus-5-api-generic-v7_rep2,CHORUS,claudecode_agent,full,at_risk_populations.at_risk_groups_included,low,unsupported claim,"Set to true solely from the website statement that released admissions come from 'ICU, PICU, and NICU'. The bundle never characterizes the cohort as an at-risk population, describes no assent, guardia"
2026-09-01_claude-opus-5-api-generic-v7_rep2,CHORUS,claudecode_agent,full,preprocessing_strategies[4],low,unsupported claim,"Joins two independent statements into one causal claim: the GitHub repository listing says UF-Geocoding is 'Open source code to geocode OMOP Location entities via DeGauss', and the NIH abstract separa"
2026-09-01_claude-opus-5-api-generic-v7_rep2,CHORUS,claudecode_agent,full,known_limitations[2].limitation_description,low,unsupported claim,"'at 14 contributing hospitals in the United States' — the bundle states 14 data contributing hospitals and gives the chorus-ai GitHub organization location as 'United States of America', but never sta"
2026-09-01_claude-opus-5-api-generic-v7_rep2,CHORUS,claudecode_agent,full,maintainers[0].role,low,other,`academic_institution` is the closest available enum value but the entity described is a hospital program-management office; the bundle does not characterize the maintainer's organizational type. Eith
2026-09-01_claude-opus-5-api-generic-v7_rep2,CHORUS,claudecode_agent,full,description,low,dataset/release/temporal scope error,"Describes the released admissions as coming from 'adult, pediatric, and neonatal intensive care units'. The source (chorus4ai.org) writes 'ICU, PICU, and NICU'; 'adult' is an expansion the source does"
2026-09-01_claude-opus-5-api-generic-v7_rep2,CHORUS,claudecode_agent,full,machine_annotation_tools,low,missing supported information,"Omitted, though the bundle repeatedly names the OHNLP toolkit as the automated tool used to extract and tokenize clinical notes (cohort_2_webinar modality table; also reflected in preprocessing_strate"
2026-09-01_claude-opus-5-api-generic-v7_rep2,CHORUS,claudecode_agent,full,external_resources,low,missing supported information,"Omitted, though the bundle supplies dataset-level external resources: the chorus-ai GitHub organization (28 repositories, package status page, chorus-developer documentation guide, Chorus_SOP, chorus-"
2026-09-01_claude-opus-5-api-generic-v7_rep2,CHORUS,claudecode_agent,full,creators[1..5].source_caveats,low,other,"The identical caveat sentence is repeated verbatim on five sibling objects. Not a validation defect, but the same trust annotation stated five times where one record-level or slot-level statement woul"
2026-09-01_claude-opus-5-api-generic-v7_rep2,CHORUS,claudecode_agent,full,notes,low,other,Top-level `notes` holds only the website banner quotation ('This repoitory is under review for potential modification in compliance with Administration directives'). This is admissible residual conten
2026-09-01_claude-opus-5-api-generic-v7_rep2,CM4AI,claudecode_agent,full,instances[0].instance_details,high,unsupported claim,"The Instance class in the schema digest does not declare an `instance_details` key. Permitted keys are counts, data_substrate, data_topic, instance_type, label, label_description, missing_information,"
2026-09-01_claude-opus-5-api-generic-v7_rep2,CM4AI,claudecode_agent,full,creators[4].id,high,unsupported claim,"The id value `Uma Axelsson` is neither a URI nor a CURIE, and the given name 'Uma' appears nowhere in the declared bundle — the bundle states only 'Axelsson U (KTH Royal Institute of Technology,)'. Th"
2026-09-01_claude-opus-5-api-generic-v7_rep2,CM4AI,claudecode_agent,full,creators[0].affiliations[0].id,high,unsupported claim,`https://ror.org/0168r3w48` is supplied for University of California San Diego. The declared bundle nowhere states a ROR identifier for UCSD; the only ROR identifier appearing anywhere in the bundle i
2026-09-01_claude-opus-5-api-generic-v7_rep2,CM4AI,claudecode_agent,full,publisher,medium,inconsistent identifier/count,"`publisher` is populated with `doi:10.18130/V3/HIGT4C`, the dataset's own DOI, which identifies the dataset rather than the organization responsible for making it available. The bundle supports Univer"
2026-09-01_claude-opus-5-api-generic-v7_rep2,CM4AI,claudecode_agent,full,conforms_to,medium,unsupported claim,"`conforms_to` is set to `RO-Crate` and `conforms_to_standard` to `RO_CRATE`. RO-Crate is the packaging format for the metadata and provenance graphs (the `cm4ai_release_metadata.zip` archive and, in p"
2026-09-01_claude-opus-5-api-generic-v7_rep2,CM4AI,claudecode_agent,full,file_collections[*].total_bytes,medium,other,"Inconsistent unit conversion across sibling values. The three IF archives use decimal conversion (4.6 GB → 4600000000), while the small archives use binary conversion (113.3 KB → 116019; 1.1 MB → 1153"
2026-09-01_claude-opus-5-api-generic-v7_rep2,CM4AI,claudecode_agent,full,creators[38].source_caveats,medium,other,"The Andrej Sali affiliation conflict is correctly identified, but the v5 disagreement rule is not applied. The June 2026 Dataverse release (tier 1) and the Nature publication / bioRxiv preprint (tier "
2026-09-01_claude-opus-5-api-generic-v7_rep2,CM4AI,claudecode_agent,full,distribution_formats[0].access_urls,medium,other,"The Dataverse landing page URL is placed in `access_urls`. The schema declares `access_urls` as `uri[]`, so the type is correct, but a landing page is not a data access URL — the slot description for "
2026-09-01_claude-opus-5-api-generic-v7_rep2,CM4AI,claudecode_agent,full,data_governance.committee_name,low,other,`CM4AI Data Access Committee` is a synthesized name. The June 2026 release labels the field 'Data Governance Committee' and names a contact; the preprint refers to 'A Data Access Committee' without a 
2026-09-01_claude-opus-5-api-generic-v7_rep2,CM4AI,claudecode_agent,full,created_by,low,unsupported claim,`created_by` is populated with the project name 'Cell Maps for Artificial Intelligence (CM4AI)'. The bundle attributes copyright to the Regents of the University of California (with Stanford holding r
2026-09-01_claude-opus-5-api-generic-v7_rep2,CM4AI,claudecode_agent,full,creators[1].name,low,unsupported claim,"`Tim Clark` expands the bundle's 'Clark T' / 'Clark, T'. The bioRxiv preprint author list gives 'Timothy Clark'. 'Tim' is a diminutive appearing nowhere in the bundle. Minor, but an unattested form of"
2026-09-01_claude-opus-5-api-generic-v7_rep2,CM4AI,claudecode_agent,full,creators[4].name,low,other,The name value `U Axelsson` inverts the bundle's 'Axelsson U' (surname-initial order) into initial-surname order without evidence that 'U' is a given-name initial rather than part of a differently ord
2026-09-01_claude-opus-5-api-generic-v7_rep2,CM4AI,claudecode_agent,full,collection_timeframes[0],low,inconsistent identifier/count,"The timeframe carries the NIH award period (2022-09-01 to 2026-08-31) as `start_date`/`end_date`. This is the funding period, not the period during which data were collected — the slot description ask"
2026-09-01_claude-opus-5-api-generic-v7_rep2,CM4AI,claudecode_agent,full,external_resources,low,inconsistent identifier/count,"Every entry places prose in the `external_resources` sub-key rather than distinguishing the resources. The class declares `external_resources`, `archival`, `future_guarantees`, `restrictions`, `notes`"
2026-09-01_claude-opus-5-api-generic-v7_rep2,CM4AI,claudecode_agent,full,keywords,low,other,"`Medicine, Health and Life Sciences` is the Dataverse Subject field, not a keyword. The bundle lists it under 'Subject' and lists the twenty-nine keywords separately under 'Keyword'. Minor conflation "
2026-09-01_claude-opus-5-api-generic-v7_rep2,CM4AI,claudecode_agent,full,total_file_count,low,other,"Set to 10, matching the June 2026 release file listing, which is correct for that release. However `file_collections` also enumerates exactly 10 entries, so the value is consistent. Flagged only to no"
2026-09-01_claude-opus-5-api-generic-v7_rep2,CM4AI,claudecode_agent,full,instances[1].data_substrate,low,unsupported claim,"SEC-MS elution profiles are mapped to B2AI_SUBSTRATE:59 (Size Exclusion Chromatography-Mass Spectrometry Data), which fits. AP-MS interactions are mapped to B2AI_SUBSTRATE:58 (Mass Spectrometry Data) "
2026-09-01_claude-opus-5-api-generic-v7_rep2,CM4AI,claudecode_agent,full,errata[0],low,dataset/release/temporal scope error,"The erratum describes a revision to the June 2025 release (a different dataset, doi:10.18130/V3/F3TD5R), not to the dataset this record describes. The `notes` field discloses this. An erratum against "
2026-09-01_claude-opus-5-api-generic-v7_rep2,CM4AI,claudecode_agent,full,existing_uses,low,unsupported claim,"Both entries describe training and dissemination activities (CodeFest, internship) rather than research, commercial or analytical uses of the dataset. The bundle does not state any downstream research"
2026-09-01_claude-opus-5-api-generic-v7_rep2,CM4AI,claudecode_agent,full,at_risk_populations,low,missing supported information,"Omitted. Defensible given the bundle states no human subjects are involved, but `human_subject_research.involves_human_subjects: false` is asserted and the parallel `at_risk_populations.at_risk_groups"
2026-09-01_claude-opus-5-api-generic-v7_rep2,CM4AI,claudecode_agent,full,download_url,low,missing supported information,"Omitted. The bundle supplies the Dataverse Data Access API base (`https://dataverse.lib.virginia.edu/api/access/datafile/`) and the release landing page, but no direct download URL for the dataset as "
2026-09-01_claude-opus-5-api-generic-v7_rep2,VOICE,claudecode_agent,full,purposes[0].source_caveats,high,unsupported claim,"The caveat asserts a source disagreement between the project documentation (10,000 voices) and the IRB protocol (30,000 participants) and states 'both figures are recorded', but the response text reco"
2026-09-01_claude-opus-5-api-generic-v7_rep2,VOICE,claudecode_agent,full,id,medium,dataset/release/temporal scope error,"The record's `id` is set to `doi:10.13026/8xbn-nq66`, the version-specific DOI for v3.1.0. The bundle states a latest-version DOI (10.13026/37yb-1t42) that is version-independent and is already carrie"
2026-09-01_claude-opus-5-api-generic-v7_rep2,VOICE,claudecode_agent,full,conforms_to,medium,dataset/release/temporal scope error,"`conforms_to` states BIDS v1.9.0 and `conforms_to_standard` is set to BIDS, but the source_caveats correctly note that BIDS describes the raw-audio dataset layout and phenotype folder organization, no"
2026-09-01_claude-opus-5-api-generic-v7_rep2,VOICE,claudecode_agent,full,distribution_formats[0].access_urls,medium,inconsistent identifier/count,"The `access_urls` value `https://physionet.org/content/b2ai-voice/3.1.0/` is the landing page for the project, identical to the top-level `page` slot. The bundle contains no direct download URL for th"
2026-09-01_claude-opus-5-api-generic-v7_rep2,VOICE,claudecode_agent,full,variables,medium,other,"Only six variables are described (participant_id, session_id, task_name, n_frames, spectrogram, mel_spectrogram), while the bundle enumerates many more released columns and files with data dictionarie"
2026-09-01_claude-opus-5-api-generic-v7_rep2,VOICE,claudecode_agent,full,instances[0].data_substrate,low,other,"`B2AI_SUBSTRATE:41` is 'Tab-separated values' in the supplied enumeration, applied to an instance whose type is 'Study participant'. The substrate for a participant-level instance in this dataset is e"
2026-09-01_claude-opus-5-api-generic-v7_rep2,VOICE,claudecode_agent,full,collection_mechanisms[3],low,other,"The fourth collection mechanism describes reproschema-ui for the pediatric cohort, and its own source_caveats concede that this applies to a separate dataset rather than the adult release this record "
2026-09-01_claude-opus-5-api-generic-v7_rep2,VOICE,claudecode_agent,full,ethical_reviews[1],low,dataset/release/temporal scope error,"The second ethical review (Hospital for Sick Children REB) governs the pediatric cohort, released as a separate dataset, and the entry's own source_caveats say so. Same out-of-scope pattern as collect"
2026-09-01_claude-opus-5-api-generic-v7_rep2,VOICE,claudecode_agent,full,at_risk_populations.source_caveats,low,dataset/release/temporal scope error,"The assent_procedures and guardian_consent fields describe pediatric protections, and the caveat concedes the adult release contains only participants aged 18 and over. The populated fields therefore "
2026-09-01_claude-opus-5-api-generic-v7_rep2,VOICE,claudecode_agent,full,publisher,low,inconsistent identifier/count,"`publisher` has range `uriorcurie`; the value `https://physionet.org` is a bare origin URL rather than an identifier for the publishing organization. The bundle names PhysioNet, maintained by the MIT "
2026-09-01_claude-opus-5-api-generic-v7_rep2,VOICE,claudecode_agent,full,keywords,low,other,"Keywords are taken from the v3.1.0 PhysioNet topics (health, biomarkers, bridge2ai, voice). The v3.0.0 and v1.1 records list only 'bridge2ai' and 'voice'. Preferring the non-superseded v3.1.0 list is "
2026-09-01_claude-opus-5-api-generic-v7_rep2,VOICE,claudecode_agent,full,external_resources[5],low,missing supported information,"The FHIR profiles entry carries only a `notes` value with no `archival` flag, no URL and no restrictions, unlike the five sibling entries. The bundle states only 'B2Ai-Voice | FHIR — Description: FHIR"
2026-09-01_claude-opus-5-api-generic-v7_rep2,VOICE,claudecode_agent,full,annotation_analyses,low,missing supported information,"Omitted. The bundle supports a populated value: the healthsheet states one labeler per instance, that inter-annotator agreement was therefore not assessed, and that human-level performance 'varies wid"
2026-09-01_claude-opus-5-api-generic-v7_rep2,VOICE,claudecode_agent,full,use_repository,low,missing supported information,"Omitted, correctly: the healthsheet explicitly answers 'No' to whether a repository links to papers or systems that use the dataset. Recorded to confirm the omission is evidence-backed rather than an "
2026-09-01_claude-opus-5-api-generic-v7_rep2,VOICE,claudecode_agent,full,is_tabular,low,missing supported information,Omitted. The bundle describes a mixed release: TSV phenotype tables and static features (tabular) alongside Parquet dense tensor files (not row-and-column in the intended sense). A boolean cannot repr
2026-09-01_claude-opus-5-api-generic-v7_rep2,VOICE,claudecode_agent,full,total_file_count,low,other,"Omitted. The bundle enumerates the phenotype folder tree file by file and names nine Parquet files plus two TSV feature files and a metadata file, so a count could in principle be derived, but the bun"
2026-09-01_claude-opus-5-api-generic-v7_rep2,VOICE,claudecode_agent,full,compression,low,other,Omitted. The bundle names Parquet as the container format but states no compression codec; Parquet's internal compression is not one of the enum values and is not attested. Omission correct.
2026-09-01_claude-opus-5-api-generic-v7_rep2,VOICE,claudecode_agent,full,download_url,low,missing supported information,"Omitted, correctly: files are behind credentialed access and the bundle supplies no direct download URL, only landing pages and the Synapse controlled-access route (already captured in raw_data_source"
2026-09-01_claude-opus-5-api-generic-v7_rep2,VOICE,claudecode_agent,full,imputation_protocols,low,missing supported information,"Omitted, correctly: the healthsheet states no cleaning was performed and describes no imputation; missing_data_documentation.handling_strategy already records that no imputation is applied."
2026-09-01_claude-opus-5-api-generic-v7_rep2,VOICE,claudecode_agent,full,subsets,low,missing supported information,"Omitted. The bundle describes disease cohorts and the pediatric/adult division, but the cohorts are represented in `subpopulations` and the pediatric dataset in `related_datasets`, and no value elsewh"
2026-09-01_claude-opus-5-api-generic-v7_rep2,VOICE,claudecode_agent,full,file_collections,low,missing supported information,"Omitted. The bundle enumerates a folder tree in detail (features/, metadata/, phenotype/ with subfolders), which would support FileCollection entries, but no file_count or total_bytes figures are stat"
2026-09-01_claude-opus-5-api-generic-v7_rep2,VOICE,claudecode_agent,full,created_on,low,other,"Omitted. The bundle states a project start of 2022-09-01 (NIH RePORTER, tier 4) but that dates the award, not the dataset record; no dataset creation timestamp is attested. Omission correct."
2026-09-01_claude-opus-5-api-generic-v7_rep2,VOICE,claudecode_agent,full,last_updated_on,low,missing supported information,"Omitted, though `issued` carries the v3.1.0 publication date 2026-05-01. The bundle supplies no separate modification timestamp distinct from the release date. Omission defensible."
2026-09-01_claude-opus-5-api-generic-v7_rep3,AI_READI,claudecode_agent,full,conforms_to_standard,high,other,"The slot's enum (DataStandardEnum) permits only DICOM, BIDS, OMOP_CDM, WFDB, OPEN_MHEALTH, ESDS, CDS, RO_CRATE, FHIR, OTHER. The top-level list is valid, but the value ordering aside, this is acceptab"
2026-09-01_claude-opus-5-api-generic-v7_rep3,AI_READI,claudecode_agent,full,creators[0].affiliations[0],high,other,"Organization object populated with `name` only and no `id`. Not a validation failure, but the AI-READI Consortium is the sole declared creator and the record elsewhere carries a ROR identifier (ROR:01"
2026-09-01_claude-opus-5-api-generic-v7_rep3,AI_READI,claudecode_agent,full,creators[0].source_caveats,medium,inconsistent identifier/count,"`source_caveats` is declared as a trust annotation about sibling slots, but this value also carries substantive dataset content ('The healthsheet states that the dataset was created by members of the "
2026-09-01_claude-opus-5-api-generic-v7_rep3,AI_READI,claudecode_agent,full,funders[0].grants[0].id,medium,inconsistent identifier/count,Grant `id` is `uriorcurie` and is populated with a NIH RePORTER resolver URL. The v5 rule directs that a `uriorcurie` slot take a CURIE where a prefix is declared; no NIH RePORTER prefix is declared i
2026-09-01_claude-opus-5-api-generic-v7_rep3,AI_READI,claudecode_agent,full,funders[0].notes,low,inconsistent identifier/count,"The NIH RePORTER record's award amount (5,026,499 USD) and project period (2022-09-01 to 2025-08-31) come from a tier-4 source and are correctly attributed, but the note conflates the original 2022 aw"
2026-09-01_claude-opus-5-api-generic-v7_rep3,AI_READI,claudecode_agent,full,data_governance.accountable_organization,high,inconsistent identifier/count,"Washington University in St. Louis (ROR:01yc7t268) is recorded as the accountable organization without caveat at this location, while `source_caveats` at the record root documents that the bundle does"
2026-09-01_claude-opus-5-api-generic-v7_rep3,AI_READI,claudecode_agent,full,regulatory_restrictions.hipaa_compliant,medium,unsupported claim,"Set to `compliant`. The bundle supports that the public release was de-identified via the HIPAA Privacy Rule Safe Harbor method and that the team verified no HIPAA identifiers were present, but no sou"
2026-09-01_claude-opus-5-api-generic-v7_rep3,AI_READI,claudecode_agent,full,sensitive_elements,medium,inconsistent identifier/count,"Two SensitiveElement objects assert opposite values of `sensitive_elements_present` (false, then true) for the same dataset. Each carries a caveat noting the other, which is the correct handling of sa"
2026-09-01_claude-opus-5-api-generic-v7_rep3,AI_READI,claudecode_agent,full,instances[0].data_substrate,low,other,"Omitted. The bundle states the dataset comprises tabular data, imaging data and physiological signal/waveform data across DICOM, CSV, JSON and WFDB. No single B2AI_SUBSTRATE term covers a multimodal i"
2026-09-01_claude-opus-5-api-generic-v7_rep3,AI_READI,claudecode_agent,full,subpopulations[0].subpopulation_elements_present,medium,inconsistent identifier/count,"Set to `false` on the ground that the healthsheet states the dataset does not identify demographic sub-populations, yet the same object's `distribution` field supplies aggregate counts by race/ethnici"
2026-09-01_claude-opus-5-api-generic-v7_rep3,AI_READI,claudecode_agent,full,is_deidentified.method,high,inconsistent identifier/count,"The value opens with the FAIRhub de-identification type string 'NoDeIdentification', which in context means no active de-identification was necessary because no identifiers were collected. Presented a"
2026-09-01_claude-opus-5-api-generic-v7_rep3,AI_READI,claudecode_agent,full,human_subject_research.irb_approval,medium,unsupported claim,"States initial IRB approval received December 20, 2022. The bundle's healthsheet supports this date. However the record's `collection_timeframes` gives an actual study start of 2023-07-19 and the NIH "
2026-09-01_claude-opus-5-api-generic-v7_rep3,AI_READI,claudecode_agent,full,at_risk_populations,medium,unsupported claim,"`at_risk_groups_included: false` is an inference the bundle does not directly state. The IRB protocol's protected-populations checkboxes are unfilled in the retrieved form, and the record's own `sourc"
2026-09-01_claude-opus-5-api-generic-v7_rep3,AI_READI,claudecode_agent,full,variables,low,unsupported claim,Eight VariableMetadata objects are supplied against a dataset whose clinical_data directory maps one-to-one to OMOP CDM tables and whose BMJ Open protocol tabulates roughly forty laboratory analytes w
2026-09-01_claude-opus-5-api-generic-v7_rep3,AI_READI,claudecode_agent,full,variables[0].minimum_value / maximum_value,medium,missing supported information,"HbA1c is given a unit but no reference range, while the BMJ Open protocol supplies 4.0–6.0 % for HbA1c. Several other variables in the record likewise omit ranges the bundle states. If reference range"
2026-09-01_claude-opus-5-api-generic-v7_rep3,AI_READI,claudecode_agent,full,total_file_count,high,inconsistent identifier/count,"356343 is stated as the dataset total, and the record's root `source_caveats` correctly notes that the nine datatype directories sum to 356,334 with the nine-file difference attributable to root-level"
2026-09-01_claude-opus-5-api-generic-v7_rep3,AI_READI,claudecode_agent,full,total_size_bytes,medium,inconsistent identifier/count,"3815969779678 is taken from the FAIRhub API `data.size`. The nine file_collections `total_bytes` values sum to 3,815,974,377,264, which exceeds the declared total by roughly 4.6 GB. Neither the bundle"
2026-09-01_claude-opus-5-api-generic-v7_rep3,AI_READI,claudecode_agent,full,download_url,medium,missing supported information,"Omitted. The bundle supplies `contentUrl: https://doi.org/10.60775/fairhub.3` in the RO-Crate and an access URL `https://fairhub.io/datasets/3/access`, and the FAIRhub page carries an 'Access this dat"
2026-09-01_claude-opus-5-api-generic-v7_rep3,AI_READI,claudecode_agent,full,distribution_formats,medium,inconsistent identifier/count,"Four DistributionFormat objects are given with `format`, `media_type` and `notes`, but none carries `access_urls` or `download_url` despite the bundle supplying the FAIRhub dataset URL and the access-"
2026-09-01_claude-opus-5-api-generic-v7_rep3,AI_READI,claudecode_agent,full,compression,low,missing supported information,Omitted. Nothing in the bundle states a compression format for the release. Correct omission.
2026-09-01_claude-opus-5-api-generic-v7_rep3,AI_READI,claudecode_agent,full,existing_uses,medium,missing supported information,"Omitted, while `use_repository[0].repository_details` records that the healthsheet states the dataset had not been used for any tasks at the time of writing. That negative statement is evidence about "
2026-09-01_claude-opus-5-api-generic-v7_rep3,AI_READI,claudecode_agent,full,use_repository[0].repository_details,medium,inconsistent identifier/count,"Mixes three distinct facts: FAIRhub usage statistics (views 24,636, citations 0), the healthsheet's statement that no repository links papers using the dataset, and the citation requirement. The middl"
2026-09-01_claude-opus-5-api-generic-v7_rep3,AI_READI,claudecode_agent,full,discouraged_uses,medium,missing supported information,"Omitted while `prohibited_uses` carries six entries. The bundle's healthsheet answers the discouraged-use question by pointing at the licence restrictions, which are already captured under `prohibited"
2026-09-01_claude-opus-5-api-generic-v7_rep3,AI_READI,claudecode_agent,full,other_tasks,medium,missing supported information,Omitted. The bundle supports that the dataset is hypothesis-agnostic and intended to support applications beyond those originally planned — the healthsheet describes it as 'aimed at facilitating multi
2026-09-01_claude-opus-5-api-generic-v7_rep3,AI_READI,claudecode_agent,full,annotation_analyses / machine_annotation_tools,low,missing supported information,"Both omitted, consistent with `labeling_strategies` recording that no labels are provided and no annotation was performed. Correct omissions."
2026-09-01_claude-opus-5-api-generic-v7_rep3,AI_READI,claudecode_agent,full,imputation_protocols,medium,other,Omitted. The bundle states under cleaning that missing data 'that can be directly filled from other portions of an individual's record' were filled during quality control. That is a form of determinis
2026-09-01_claude-opus-5-api-generic-v7_rep3,AI_READI,claudecode_agent,full,subsets,medium,missing supported information,"Omitted while the bundle clearly describes a public release and a controlled-access release containing additional variables (5-digit zip code, sex, race, ethnicity, genetic sequencing data, past healt"
2026-09-01_claude-opus-5-api-generic-v7_rep3,AI_READI,claudecode_agent,full,parent_datasets / resources,low,missing supported information,"Both omitted. The RO-Crate declares nine subcrates via `hasPart`, which are represented as `file_collections` rather than as `resources`. Given the slot description directs file groupings to `file_col"
2026-09-01_claude-opus-5-api-generic-v7_rep3,AI_READI,claudecode_agent,full,related_datasets[1].target_dataset / related_datasets[2].target_dataset,medium,inconsistent identifier/count,"Both use `doi:` CURIEs to point at journal articles rather than datasets. `DatasetRelationship.target_dataset` is required and the relationship type `is_described_by` is a permitted enum member, so th"
2026-09-01_claude-opus-5-api-generic-v7_rep3,AI_READI,claudecode_agent,full,related_datasets,medium,dataset/release/temporal scope error,"Version 1.0.0 (DOI 10.60775/fairhub.1) is described in `version_access.versions_available` but has no DatasetRelationship entry, while version 2.0.0 does. The bundle supports both prior versions equal"
2026-09-01_claude-opus-5-api-generic-v7_rep3,AI_READI,claudecode_agent,full,errata,low,unsupported claim,"Omitted. The healthsheet's erratum question was returned with an empty response in the bundle, so there is no evidence of any erratum. Correct omission — an empty source answer is not evidence of abse"
2026-09-01_claude-opus-5-api-generic-v7_rep3,AI_READI,claudecode_agent,full,was_derived_from,medium,other,"Omitted. The bundle states that recruitment pools were identified by screening electronic health records at the three sites, and `raw_data_sources` records those EHR systems. However the dataset insta"
2026-09-01_claude-opus-5-api-generic-v7_rep3,AI_READI,claudecode_agent,full,created_on / last_updated_on / modified_by,low,missing supported information,"All omitted. The bundle supplies `created_at: 1763366400` (2025-11-17) in the FAIRhub API and `datePublished: 11/17/25` in the RO-Crate, both of which are the publication date already carried in `issu"
2026-09-01_claude-opus-5-api-generic-v7_rep3,AI_READI,claudecode_agent,full,collection_timeframes[0].source_caveats,medium,missing supported information,Correctly records the 2023-07-19 versus 18 July 2023 disagreement and the preference. However `timeframe_details` also states 'Approximately 4 percent of participants are expected to undergo a follow-
2026-09-01_claude-opus-5-api-generic-v7_rep3,AI_READI,claudecode_agent,full,description,medium,inconsistent identifier/count,"States collection 'between July 19, 2023 and May 1, 2025' and '2,280 adults'. Both are supported. The description also asserts the dataset is 'harmonized across three data collection sites' and names "
2026-09-01_claude-opus-5-api-generic-v7_rep3,AI_READI,claudecode_agent,full,is_tabular,low,other,"Set to `false`. The dataset contains substantial tabular content (OMOP CDM CSVs, participants.tsv, manifest.tsv) alongside imaging and waveform data, so it is not purely tabular; `false` is the correc"
2026-09-01_claude-opus-5-api-generic-v7_rep3,AI_READI,claudecode_agent,full,purposes / addressing_gaps / tasks,medium,other,"Three purposes, three gaps and three tasks are recorded, and several restate one another in different words — the salutogenesis objective appears in `purposes[0]`, `purposes[1]`, `tasks[1]` and `addre"
2026-09-01_claude-opus-5-api-generic-v7_rep3,AI_READI,claudecode_agent,full,keywords,low,other,Nine keywords drawn from the FAIRhub subject list and the study keyword list. 'Retinal imaging' appears once here but the FAIRhub source lists it twice with differing capitalization ('Retinal Imaging'
2026-09-01_claude-opus-5-api-generic-v7_rep3,AI_READI,claudecode_agent,full,notes,medium,other,"Carries two facts: device-manufacturer loans/discounts, and the 'repository is under review for potential modification in compliance with Administration directives' notice. The second is a statement a"
2026-09-01_claude-opus-5-api-generic-v7_rep3,AI_READI,claudecode_agent,full,license,high,dataset/release/temporal scope error,"Populated with the string 'AI-READI custom license v2.0', matching the FAIRhub `rights.rightsName`. The FAIRhub pages elsewhere label it 'Health Data License' and the RO-Crate gives `license: https://"
2026-09-01_claude-opus-5-api-generic-v7_rep3,AI_READI,claudecode_agent,full,ip_restrictions.restrictions,medium,other,"The second sentence ('The healthsheet reports no additional third-party intellectual property restrictions beyond those in the license') is a statement that something is absent. Per the v2 rule, a val"
2026-09-01_claude-opus-5-api-generic-v7_rep3,AI_READI,claudecode_agent,full,regulatory_restrictions.notes,medium,inconsistent identifier/count,Records that the RO-Crate's `confidentialityLevel` of 'HL7:2N (normal)' does not map onto the schema's `confidentiality_level` enum (unrestricted/restricted/confidential) and is therefore carried in p
2026-09-01_claude-opus-5-api-generic-v7_rep3,AI_READI,claudecode_agent,full,data_governance.committee_contact / committee_members / appeal_process / access_decision_timeframe,low,missing supported information,"All omitted. The bundle names a Data Access Committee in the BMJ Open protocol but gives no membership, contact, appeal route or decision timeframe, stating only that controlled-access requirements we"
2026-09-01_claude-opus-5-api-generic-v7_rep3,AI_READI,claudecode_agent,full,data_governance.access_review_process,medium,dataset/release/temporal scope error,Combines the public self-attestation flow with the controlled-access data use agreement and the BMJ Open note that requirements were still being developed. The BMJ Open statement is tier-3 and dates f
2026-09-01_claude-opus-5-api-generic-v7_rep3,AI_READI,claudecode_agent,full,conforms_to_schema / conforms_to_class,low,other,"Correctly set to the bridge2ai data-sheets-schema URI and `Dataset` respectively, and correctly distinguished from `conforms_to`, which carries the dataset's own content standards. No defect."
2026-09-01_claude-opus-5-api-generic-v7_rep3,AI_READI,claudecode_agent,full,file_collections[*].id,medium,inconsistent identifier/count,All nine use fragments on the dataset DOI (e.g. `doi:10.60775/fairhub.3#cardiac_ecg`). Per the v5/v6 rules this is the correct minting pattern for a part of this dataset. However no other value in the
2026-09-01_claude-opus-5-api-generic-v7_rep3,AI_READI,claudecode_agent,full,file_collections[*].collection_type,low,other,"All nine are set to `processed_data`. This is accurate — every directory holds standardized, converted output rather than device-native raw files, and the record states raw data are retained but not s"
2026-09-01_claude-opus-5-api-generic-v7_rep3,AI_READI,claudecode_agent,full,file_collections[1].file_count,medium,inconsistent identifier/count,"clinical_data is given 7 files at 176,182,781 bytes. The bundle's structure description supports both figures. However the same directory is described as containing 'each CSV file ... a one-to-one map"
2026-09-01_claude-opus-5-api-generic-v7_rep3,AI_READI,claudecode_agent,full,file_collections[*].conforms_to / conforms_to_standard,low,other,"Each collection carries both a prose `conforms_to` naming the standards and a `conforms_to_standard` enum list. This is the pattern the digest asks for — prose in the source's words, enum for queryabi"
2026-09-01_claude-opus-5-api-generic-v7_rep3,AI_READI,claudecode_agent,full,acquisition_methods[0].was_inferred_derived,medium,unsupported claim,Omitted while the other three booleans are set. The bundle does not state that any data were inferred or derived from other data — the healthsheet answer covers directly observable and subject-reporte
2026-09-01_claude-opus-5-api-generic-v7_rep3,AI_READI,claudecode_agent,full,collection_mechanisms,low,other,"Twelve CollectionMechanism objects, each one distinct instrument or instrument family, correctly not collapsed. Consistent with the v2 one-object-per-entity rule. No defect."
2026-09-01_claude-opus-5-api-generic-v7_rep3,AI_READI,claudecode_agent,full,sampling_strategies[0].is_sample,medium,other,"Set to `false` with `strategies` explaining that 'The dataset itself contains all participants enrolled within the collection window rather than a sample of them', matching the healthsheet's 'The data"
2026-09-01_claude-opus-5-api-generic-v7_rep3,AI_READI,claudecode_agent,full,sampling_strategies[0].representative_verification,medium,missing supported information,Omitted while `is_representative: false` is asserted. The healthsheet states representativeness was not validated; recording that explicitly would answer the field. Currently the reader cannot tell wh
2026-09-01_claude-opus-5-api-generic-v7_rep3,AI_READI,claudecode_agent,full,raw_data_sources[*].source_description,low,other,All nine entries populate the required `source_description`; several also carry `raw_data_format` or `source_type` or `access_details`. Population is uneven — the EHR entry has `source_type` but no fo
2026-09-01_claude-opus-5-api-generic-v7_rep3,AI_READI,claudecode_agent,full,preprocessing_strategies[4],medium,inconsistent identifier/count,"The watermarking entry describes a distribution-security control, not a preprocessing step applied to the data in preparation for analysis. It duplicates material already in `regulatory_restrictions.r"
2026-09-01_claude-opus-5-api-generic-v7_rep3,AI_READI,claudecode_agent,full,cleaning_strategies[1],medium,other,"Contains the audit statement ('has not undergone any formal external audits, but has been reviewed internally by AI-READI team members'). Audit history is not a cleaning procedure; it belongs in `note"
2026-09-01_claude-opus-5-api-generic-v7_rep3,AI_READI,claudecode_agent,full,labeling_strategies[0],medium,other,"The single object records that no labeling was performed and enumerates the sub-questions that consequently have no answer. Per the v2 rule, a value stating that information is absent has not answered"
2026-09-01_claude-opus-5-api-generic-v7_rep3,AI_READI,claudecode_agent,full,is_deidentified.identifiers_removed,medium,missing supported information,"Omitted while the bundle lists precisely what was removed from the public release: HIPAA Safe Harbor identifiers, sex, race/ethnicity, and medications. That enumeration currently sits in `deidentifica"
2026-09-01_claude-opus-5-api-generic-v7_rep3,AI_READI,claudecode_agent,full,informed_consent[0].consent_type,low,other,"Carries both the substantive description (written, electronic or in-person) and the FAIRhub registry code 'ConsentSpecifiedNotElsewhereCategorised'. Both are attested and the ordering puts the substan"
2026-09-01_claude-opus-5-api-generic-v7_rep3,AI_READI,claudecode_agent,full,participant_compensation[0].compensation_amount,medium,missing supported information,Given as the string '200 US dollars'. The bundle's healthsheet says '$200 for the study visit' and the IRB protocol says 'a $200 stipend'. Consistent. However the IRB protocol also states 'The amount 
2026-09-01_claude-opus-5-api-generic-v7_rep3,AI_READI,claudecode_agent,full,ethical_reviews[1].reviewing_organization,low,unsupported claim,'AI-READI ethics team' is not an organization the bundle names as such; the RO-Crate lists four individuals under `ethicalReview`. Coining a body name for a list of people is a mild fabrication of str
2026-09-01_claude-opus-5-api-generic-v7_rep3,AI_READI,claudecode_agent,full,ethical_reviews[1].review_details,medium,other,"Bundles the four named ethics reviewers, the general ELSI commitment, the bioethicist guidance, and the Native Biodata Consortium engagement into one value. The Native Biodata Consortium engagement co"
2026-09-01_claude-opus-5-api-generic-v7_rep3,AI_READI,claudecode_agent,full,distribution_dates[0].release_dates,medium,inconsistent identifier/count,Gives all three version dates in one string. The slot is singular-valued within a multivalued DistributionDate list; three distinct release events would more naturally be three objects. Not a validati
2026-09-01_claude-opus-5-api-generic-v7_rep3,AI_READI,claudecode_agent,full,version_access.latest_version_doi,low,inconsistent identifier/count,`doi:10.60775/fairhub.3` as a `uriorcurie` with a declared `doi:` prefix. Correct form per the v5 rule.
2026-09-01_claude-opus-5-api-generic-v7_rep3,AI_READI,claudecode_agent,full,version_access.versions_available,medium,inconsistent identifier/count,"A single string enumerating all three versions with their DOIs, dates, participant counts and sizes. The field is a list; three versions should be three entries."
2026-09-01_claude-opus-5-api-generic-v7_rep3,AI_READI,claudecode_agent,full,updates.frequency,low,other,"'Approximately once a year', matching the healthsheet and RO-Crate `rai:dataReleaseMaintenancePlan`. Correct."
2026-09-01_claude-opus-5-api-generic-v7_rep3,AI_READI,claudecode_agent,full,external_resources[0].archival,medium,other,"Omitted on both entries. The bundle states the dataset is self-contained and relies on documentation only for provenance context, and that the documentation is CC-BY 4.0. Nothing states whether the do"
2026-09-01_claude-opus-5-api-generic-v7_rep3,AI_READI,claudecode_agent,full,content_warnings[0],medium,other,`content_warnings_present: false` with a note restating the healthsheet's negative answer. A ContentWarning object whose entire content is 'there are no content warnings' populates the slot without wa
2026-09-01_claude-opus-5-api-generic-v7_rep3,AI_READI,claudecode_agent,full,confidential_elements[0],medium,other,"Same pattern as content_warnings: `confidential_elements_present: false` plus a restatement of the negative. Consider omitting, though the explicit 'no personally identifiable information is included'"
2026-09-01_claude-opus-5-api-generic-v7_rep3,AI_READI,claudecode_agent,full,data_protection_impacts[0],medium,other,The single object's entire content is 'No data protection impact analysis has been conducted for the dataset.' This is a value recording that something does not exist. Omit the slot.
2026-09-01_claude-opus-5-api-generic-v7_rep3,AI_READI,claudecode_agent,full,extension_mechanism.extension_details,medium,other,States that no mechanism exists for outside contribution. Same absence-recording pattern; omit the slot.
2026-09-01_claude-opus-5-api-generic-v7_rep3,AI_READI,claudecode_agent,full,retention_limit.retention_details,low,other,'There are no limits on the retention of the data' is a substantive policy statement rather than a bare absence — a reader learns that data will not be deleted on a schedule. Retention is justified he
2026-09-01_claude-opus-5-api-generic-v7_rep3,AI_READI,claudecode_agent,full,raw_sources[0].access_url,medium,missing supported information,"Omitted, correctly, since the raw data are explicitly not shared. But the RawData object's entire content is that the raw data exist and are not shared — again an absence-shaped value. It carries the "
2026-09-01_claude-opus-5-api-generic-v7_rep3,AI_READI,claudecode_agent,full,anomalies,low,other,"Five DataAnomaly objects, each a distinct failure mode, correctly not collapsed. The fifth mixes three device-specific quality issues (Optomed handheld variability, Spectralis operator dependence, FLI"
2026-09-01_claude-opus-5-api-generic-v7_rep3,AI_READI,claudecode_agent,full,known_biases[2].affected_subsets,medium,other,Populated with a single string naming both race/ethnicity groups and diabetes severity groups. The field is a list; two distinct subset families should be two entries.
2026-09-01_claude-opus-5-api-generic-v7_rep3,AI_READI,claudecode_agent,full,known_biases[*].bias_type,low,other,"All four values (selection_bias, sampling_bias, representation_bias, measurement_bias) are members of the declared BiasTypeEnum. Correct."
2026-09-01_claude-opus-5-api-generic-v7_rep3,AI_READI,claudecode_agent,full,known_limitations[*].limitation_type,low,other,"All five values (representativeness_limitation, coverage_limitation, scope_limitation ×2, temporal_limitation) are members of the declared enum. Two entries share `scope_limitation` for genuinely dist"
2026-09-01_claude-opus-5-api-generic-v7_rep3,AI_READI,claudecode_agent,full,splits[0].split_details,medium,inconsistent identifier/count,"Carries the full split rationale, proportions, counts and per-split age statistics in one prose block, and duplicates the aggregate counts already in `subpopulations[0].distribution`. The overlap betw"
2026-09-01_claude-opus-5-api-generic-v7_rep3,AI_READI,claudecode_agent,full,instances[0].data_topic,low,other,`B2AI_TOPIC:43` (Diabetes). Correct CURIE form against the declared vocabulary and an apt single term for a dataset whose organizing condition is type 2 diabetes.
2026-09-01_claude-opus-5-api-generic-v7_rep3,AI_READI,claudecode_agent,full,instances[0].label,low,other,"`false`, consistent with `labeling_strategies` and the healthsheet's repeated 'no labels are provided'. Correct."
2026-09-01_claude-opus-5-api-generic-v7_rep3,AI_READI,claudecode_agent,full,instances[0].missing_information,medium,missing supported information,Omitted while `missing_data_documentation` at the top level carries the same material. The Instance-level field would carry per-instance missingness; the bundle's statement that 'not all modalities ar
2026-09-01_claude-opus-5-api-generic-v7_rep3,AI_READI,claudecode_agent,full,relationships[0].relationship_details,medium,inconsistent identifier/count,"States 'approximately 4 to 10 percent of participants are expected to be invited for a follow-up examination in year 4', hedging across the same 4%/10% source disagreement flagged at `collection_timef"
2026-09-01_claude-opus-5-api-generic-v7_rep3,AI_READI,claudecode_agent,full,source_caveats,high,dataset/release/temporal scope error,The root caveat is thorough and correctly records seven disagreements with rankings and preferences. Two further disagreements identified in this audit are not covered: the 4% versus 10% longitudinal 
2026-09-01_claude-opus-5-api-generic-v7_rep3,AI_READI,claudecode_agent,full,citation,medium,unsupported claim,"Gives the FAIRhub dataset citation from the RO-Crate `associatedPublication`. The bundle also states, in the licence and the healthsheet and both FAIRhub pages, that users must follow the citation ins"
2026-09-01_claude-opus-5-api-generic-v7_rep3,CHORUS,claudecode_agent,full,creators[1..5].principal_investigator,high,inconsistent identifier/count,"Azra Bihorac, Xiaoqian Jiang, Yulia Strekalova, Parisa Rashidi and Manlik Kwong are placed in the `principal_investigator` slot. The bundle names them only as members of the ""Bridge2AI CHoRUS Leadersh"
2026-09-01_claude-opus-5-api-generic-v7_rep3,CHORUS,claudecode_agent,full,"creators[*].principal_investigator.id, creators[*].affiliations[*].id, data_governance.accountable_organization.id",high,inconsistent identifier/count,"Identifiers are minted for entities that exist outside this record — persons (`https://chorus4ai.org/#person-eric-s-rosenthal`, `#person-azra-bihorac`, etc.) and organizations (`#organization-massachu"
2026-09-01_claude-opus-5-api-generic-v7_rep3,CHORUS,claudecode_agent,full,creators[*].id,medium,missing supported information,"Fragment identifiers (`#creator-rosenthal`, `#creator-bihorac`, `#creator-jiang`, `#creator-strekalova`, `#creator-rashidi`, `#creator-kwong`, `#creator-consortium`) are minted for Creator objects tha"
2026-09-01_claude-opus-5-api-generic-v7_rep3,CHORUS,claudecode_agent,full,data_governance.committee_contact / license_and_use_terms.contact_person,medium,missing supported information,"The bundle supplies named contacts — ""Request access: dbold@emory.edu or jared.houghtaling@tuftsmedicine.org"" (github_organization_overview) and ""Ciera McCrary, MGH, Program Manager, cmccrary@mgh.hava"
2026-09-01_claude-opus-5-api-generic-v7_rep3,CHORUS,claudecode_agent,full,at_risk_populations.at_risk_groups_included,medium,unsupported claim,"Set to `true` on the record's own reasoning that ICU/PICU/NICU admissions imply children and neonates. The bundle nowhere characterizes the cohort as containing at-risk or special populations, describ"
2026-09-01_claude-opus-5-api-generic-v7_rep3,CHORUS,claudecode_agent,full,human_subject_research,medium,unsupported claim,"Internal inconsistency: the record is willing to infer `at_risk_populations.at_risk_groups_included: true` from the ICU/PICU/NICU composition, yet omits `human_subject_research` entirely, although the"
2026-09-01_claude-opus-5-api-generic-v7_rep3,CHORUS,claudecode_agent,full,instances[1].data_substrate,low,unsupported claim,"`B2AI_SUBSTRATE:37` (Relational Database) is assigned to OMOP EHR rows. The bundle states only ""1.6 Billion Rows of EHR OMOP data"" and that data are standardized to the OMOP Common Data Model; no sour"
2026-09-01_claude-opus-5-api-generic-v7_rep3,CHORUS,claudecode_agent,full,subpopulations[2],low,unsupported claim,"Recasts contextual/SDoH data elements (""data elements feature appropriate contextual factors such as geographic distance to the nearest hospital"") as a subpopulation identification. The bundle present"
2026-09-01_claude-opus-5-api-generic-v7_rep3,CHORUS,claudecode_agent,full,acquisition_methods[0].was_directly_observed,low,unsupported claim,"Set to `true` for retrospective extraction of records already documented by clinicians and devices. The bundle describes ""Retrospective data collection"" and acquisition of existing EHR, PACS, telemetr"
2026-09-01_claude-opus-5-api-generic-v7_rep3,CHORUS,claudecode_agent,full,license_and_use_terms.license_terms / data_governance.access_review_process,low,inconsistent identifier/count,"The AIM-AHEAD training-program registration and licensing-agreement procedure is stated twice, in near-identical prose, across two slots. One statement belongs in the access-review field (the process)"
2026-09-01_claude-opus-5-api-generic-v7_rep3,CHORUS,claudecode_agent,full,funders[0].grants[0].id,low,inconsistent identifier/count,"`https://reporter.nih.gov/project-details/10472824` is the NIH RePORTER landing page for the award, not an identifier of the grant. The grant identifier attested by the bundle is the project number 1O"
2026-09-01_claude-opus-5-api-generic-v7_rep3,CM4AI,claudecode_agent,full,publisher,high,unsupported claim,Value `ROR:0153tk833` is not supported by the bundle as an identifier for the publisher. The bundle contains the string `https://ror.org/0153tk833` only inside the June 2026 Dataverse author-affiliati
2026-09-01_claude-opus-5-api-generic-v7_rep3,CM4AI,claudecode_agent,full,creators[*].affiliations[*].id,high,inconsistent identifier/count,"Four Creator entries (ORCID:0000-0003-4060-7360, ORCID:0000-0003-4647-3877, ORCID:0000-0003-0384-8499, ORCID:0000-0002-1103-3882) plus ORCID:0000-0002-6644-8284 carry `affiliations: [{id: ROR:0153tk83"
2026-09-01_claude-opus-5-api-generic-v7_rep3,CM4AI,claudecode_agent,full,creators,high,missing supported information,"Nine of the 47 authors listed in the bundle's Dataverse citation (Axelsson U, Chinn B, Fall J, Johannesson A, Khaliq H, Muralidharan M, Pan E, Polacco B, Zhang Y) are omitted from the creators list en"
2026-09-01_claude-opus-5-api-generic-v7_rep3,CM4AI,claudecode_agent,full,data_governance.committee_contact / regulatory_restrictions.governance_committee_contact,medium,unsupported claim,"Both slots are populated with `id: ORCID:0000-0003-4535-3486`, which the bundle attests as the ORCID of author 'Parker J'. The bundle names the Data Governance Committee contact as 'Jillian Parker (ji"
2026-09-01_claude-opus-5-api-generic-v7_rep3,CM4AI,claudecode_agent,full,data_governance.committee_members,medium,unsupported claim,Vardit Ravitsky (ORCID:0000-0002-7080-8801) and Jean-Christophe Bélisle-Pipon (ORCID:0000-0002-8965-8153) are listed as members of the 'CM4AI Data Access Committee'. The bundle names them only as 'Eth
2026-09-01_claude-opus-5-api-generic-v7_rep3,CM4AI,claudecode_agent,full,data_governance.committee_name,medium,unsupported claim,`CM4AI Data Access Committee` is a composed name. The May 2024 preprint states 'A Data Access Committee will supervise ethical matters related to dataset distribution and potential dual licensing for 
2026-09-01_claude-opus-5-api-generic-v7_rep3,CM4AI,claudecode_agent,full,license_and_use_terms.contact_person,medium,unsupported claim,"Populated with `id: ORCID:0000-0002-1708-8454` (Trey Ideker). The bundle lists Ideker as the dataset's Point of Contact on the Dataverse landing page, but nowhere designates him as the contact for lic"
2026-09-01_claude-opus-5-api-generic-v7_rep3,CM4AI,claudecode_agent,full,instances[3].data_substrate,medium,other,"The perturb-seq instance is assigned `B2AI_SUBSTRATE:64` (Perturb-seq Data), which fits, but the paired `data_topic: B2AI_TOPIC:34` (Transcriptome) is a weaker fit than the available B2AI_TOPIC:12 (Ge"
2026-09-01_claude-opus-5-api-generic-v7_rep3,CM4AI,claudecode_agent,full,total_file_count,medium,missing supported information,"Set to 10, matching the June 2026 file listing ('1 to 10 of 10 Files'). However `file_collections` enumerates file_count values of 3+2+2+2+1 = 10, which is consistent, while `total_size_bytes` is omit"
2026-09-01_claude-opus-5-api-generic-v7_rep3,CM4AI,claudecode_agent,full,file_collections[*].compression,medium,other,"Every file collection carries `compression: zip` and the top-level record also carries `compression: zip`. The release metadata archive and all others are indeed .zip per the bundle, so the values are"
2026-09-01_claude-opus-5-api-generic-v7_rep3,CM4AI,claudecode_agent,full,related_datasets[3].target_dataset,low,unsupported claim,"`doi:10.18130/V3/DXWOS5` (May 2024 Data Release) is drawn from the bioRxiv preprint's Data and Software Availability Statement, which cites 'Clark T, Mohan J, Schaffer L, Obernier K, et al. Cell Maps "
2026-09-01_claude-opus-5-api-generic-v7_rep3,CM4AI,claudecode_agent,full,related_datasets[*].name,low,other,"`DatasetRelationship` in the schema digest requires only `relationship_type` and `target_dataset` and otherwise accepts the same slots as the top-level Dataset listing, so `name` is valid. No defect; "
2026-09-01_claude-opus-5-api-generic-v7_rep3,CM4AI,claudecode_agent,full,last_updated_on,low,unsupported claim,"Set to `2026-07-15T00:00:00Z`, the publication date of the three immunofluorescence image archives. The Dataverse landing page gives the dataset publication date as 2026-06-17 and the version as 2.0; "
2026-09-01_claude-opus-5-api-generic-v7_rep3,CM4AI,claudecode_agent,full,status,low,unsupported claim,"'Beta release, published' is a composed two-part value. The bundle supports 'Beta' (from the title and the portal's 'June 2026 Data Release (Beta)') and the files are marked Published in the Dataverse"
2026-09-01_claude-opus-5-api-generic-v7_rep3,CM4AI,claudecode_agent,full,language,low,unsupported claim,"`en` is not stated anywhere in the bundle. It is a safe inference from the documents being in English, but is not attested."
2026-09-01_claude-opus-5-api-generic-v7_rep3,CM4AI,claudecode_agent,full,collection_timeframes[0],low,unsupported claim,"The start_date 2022-09-01 and end_date 2026-08-31 are the NIH RePORTER project period, not a data collection timeframe. The `timeframe_details` correctly characterizes them as the project period 'duri"
2026-09-01_claude-opus-5-api-generic-v7_rep3,CM4AI,claudecode_agent,full,sampling_strategies[0].strategies[1],low,dataset/release/temporal scope error,States imaging of '464 proteins of interest ... under each of three treatment conditions'. The June 2026 file listing carries no per-file descriptions; 464 is carried over from the October 2025 releas
2026-09-01_claude-opus-5-api-generic-v7_rep3,CM4AI,claudecode_agent,full,funders[0].notes,low,inconsistent identifier/count,"Grant identifiers (1OT2OD032742-01, OT2OD032742, application 11211616, 3OT2OD032742-01S2), the award amount and the project period are recorded as prose in `notes` rather than in the `grants` slot, wh"
2026-09-01_claude-opus-5-api-generic-v7_rep3,CM4AI,claudecode_agent,full,external_resources[5].notes,low,missing supported information,The Nature 2025 publication (doi:10.1038/s41586-025-08878-3) is included under external_resources with a note explaining it concerns U2OS cells and is 'a separate study rather than a description of th
2026-09-01_claude-opus-5-api-generic-v7_rep3,CM4AI,claudecode_agent,full,preprocessing_strategies / labeling_strategies / cleaning_strategies,low,missing supported information,"All four preprocessing_strategies entries, the labeling_strategies entry, and cleaning_strategies[0] describe the MuSIC pipeline and FAIRSCAPE packaging — steps that produce cell maps which, per the r"
2026-09-01_claude-opus-5-api-generic-v7_rep3,CM4AI,claudecode_agent,full,notes,low,dataset/release/temporal scope error,"Carries the CM4AI portal's project-wide totals (1,374 protein interactions; 53,788 immunofluorescent images; 7,023 proteins; 11,739 genes; 21.4 TB) with a correct caveat that these are cumulative acro"
2026-09-01_claude-opus-5-api-generic-v7_rep3,CM4AI,claudecode_agent,full,conforms_to_standard,low,other,"`RO_CRATE` is correct and attested. Note however that `conforms_to` prose also describes JSON-Schema, JSON-LD, RDF-XML and the EVI Evidence Graph Ontology; only RO-Crate maps to a permitted enum term,"
2026-09-01_claude-opus-5-api-generic-v7_rep3,CM4AI,claudecode_agent,full,is_tabular,low,unsupported claim,"Set to `false`. Defensible for a release dominated by image archives and RO-Crate packages, but not stated by any source; the SEC-MS and perturb-seq archives plausibly contain tabular content. Unattes"
2026-09-01_claude-opus-5-api-generic-v7_rep3,VOICE,claudecode_agent,full,updates,major,other,"Shape defect. The schema digest declares `updates` as a single-valued slot of range UpdatePlan (no [many] marker), but the record emits it as a YAML list (`updates:` followed by `- frequency: ...`). E"
2026-09-01_claude-opus-5-api-generic-v7_rep3,VOICE,claudecode_agent,full,creators,major,other,"Supported omission. The bundle amply attests dataset authorship — the PhysioNet v3.1.0 author list names Bensoussan, Sigaras, Rameau, Elemento, Powell, Dorr, Payne, Ravitsky, Bélisle-Pipon, Bahr, Watt"
2026-09-01_claude-opus-5-api-generic-v7_rep3,VOICE,claudecode_agent,full,content_warnings[0].warnings[0],moderate,unsupported claim,"Unsupported value. The warning that phenotype tables 'contain self-reported responses to instruments covering depression, suicidal ideation, anxiety, post-traumatic stress, substance use and psychiatr"
2026-09-01_claude-opus-5-api-generic-v7_rep3,VOICE,claudecode_agent,full,funders[0],moderate,inconsistent identifier/count,"Structure under-used. FundingMechanism declares `grants` with range Grant[], but the record places all award identifiers (OT2OD032720, 3OT2OD032720-01S1, 1OT2OD032720-01, 3OT2OD032720-01S3, applicatio"
2026-09-01_claude-opus-5-api-generic-v7_rep3,VOICE,claudecode_agent,full,file_collections,moderate,other,"Supported omission. The bundle supplies explicit, named directory trees for the v3.1.0 release — a `features` folder (nine named Parquet files plus static_features.tsv and audio_quality_metrics.tsv), "
2026-09-01_claude-opus-5-api-generic-v7_rep3,VOICE,claudecode_agent,full,instances[1].counts,minor,unsupported claim,"Inferred value. 32,522 is stated in the bundle as the record count for torchaudio_pitch.parquet specifically, not as a total number of recordings in v3.1.0. The record adopts the largest per-feature c"
2026-09-01_claude-opus-5-api-generic-v7_rep3,VOICE,claudecode_agent,full,external_resources[6],minor,other,Slot misuse. The final ExternalResource entry states 'The dataset itself is self-contained and does not rely on external resources for interpretation' with `archival: false`. This is a negative statem
2026-09-01_claude-opus-5-api-generic-v7_rep3,VOICE,claudecode_agent,full,labeling_strategies[0].inter_annotator_agreement,minor,unsupported claim,Inferred value. 'Not assessed' is a conclusion the record draws; the bundle states only 'Single labeler per data' and 'How many labelers provide a label per instance? 1'. The absence of a second label
2026-09-01_claude-opus-5-api-generic-v7_rep3,VOICE,claudecode_agent,full,data_governance.accountable_organization,minor,other,"Supported omission. The Data Transfer and Use Agreement names the University of South Florida Board of Trustees as the provider institution, and the healthsheet names the NIH as supporting the dataset"
2026-09-01_claude-opus-5-api-generic-v7_rep3,VOICE,claudecode_agent,full,errata / updates.update_details,minor,inconsistent identifier/count,"Internal tension. `updates.update_details` states 'There is no separate erratum document; a changelog for each dataset version is published online with the dataset metadata', while the `errata` slot i"
2026-09-01_claude-opus-5-api-generic-v7_rep3,VOICE,claudecode_agent,full,distribution_dates[0].release_dates,minor,missing supported information,"Incomplete against the bundle. The healthsheet states the v1.0 dataset 'was published and made available at the end of November, 2024', and the PhysioNet references cite a Health Data Nexus v1.0 (DOI "
2026-09-01_claude-opus-5-api-generic-v7_rep3,VOICE,claudecode_agent,full,external_resources[5].archival,minor,unsupported claim,Inferred value. `archival: true` is asserted for the Interspeech 2024 protocol publication on the basis of its ISCA archive URL. The bundle provides the URL but makes no statement about archival guara
2026-09-01_claude-opus-5-api-generic-v7_rep3,VOICE,claudecode_agent,full,subsets,minor,other,"Supported omission. The bundle's Table 1 defines the disease cohorts (voice disorders, respiratory, neurological/neurodegenerative, mood and psychiatric, controls) as explicit partitions with per-coho"
gate_test,CHORUS,claudecode_agent,both,creators,medium,unsupported claim,"Five of the six Creator objects place Azra Bihorac, Xiaoqian Jiang, Yulia Strekalova, Parisa Rashidi and Manlik Kwong in the `principal_investigator` field. The bundle names only ROSENTHAL, ERIC S. as"
gate_test,CHORUS,claudecode_agent,both,is_deidentified / preprocessing_strategies,medium,other,'image de-identification using a CTP-based tool' and 'CTP-based image de-identification' expand the bare GitHub repository name 'CTP-deid' (listed with no description in the bundle) into a claim about
gate_test,CHORUS,claudecode_agent,both,ethical_reviews,medium,other,"The EthicalReview class documents IRB approvals, ethics committee reviews and compliance certifications. The bundle describes community-facing ethics focus groups and analysis of the legal/regulatory "
gate_test,CHORUS,claudecode_agent,both,known_limitations (limitation-metadata-pending) / instances / distribution_formats,medium,dataset/release/temporal scope error,"The per-modality assignment of 'metadata published' vs 'planned', and of metadata-schema strings ('OMOP schema with extensions', 'PhysioNet schema extended', 'DICOM schema') to particular data types, "
gate_test,CHORUS,claudecode_agent,both,distribution_formats / preprocessing_strategies,medium,other,"Strings that the bundle presents in the 'Published metadata schema' column ('Yes (OMOP schema with extensions)', 'Yes (PhysioNet schema extended)', 'Yes (OHNLP open source schema)') are repurposed as "
gate_test,CHORUS,claudecode_agent,both,data_governance.access_review_process,medium,other,"The registration form, licensing agreement, compute provisioning and '.edu' email requirement all come from AIM-AHEAD Bridge2AI for Clinical Care Training Program eligibility slides and describe acces"
gate_test,CHORUS,claudecode_agent,both,data_governance.committee_contact,low,other,Jared Houghtaling is given as the governance committee contact. The bundle lists him only as one of two 'Request access' email contacts on the GitHub README; no committee is named anywhere and no comm
gate_test,CHORUS,claudecode_agent,both,maintainers (maintainer-access-contact-emory),low,unsupported claim,'Access requests are handled at Emory University' infers the institution from the email domain emory.edu; the bundle states only the address 'dbold@emory.edu' with no name or affiliation. Similarly 'T
gate_test,CHORUS,claudecode_agent,full,distribution_formats[format-dicom].media_type,low,unsupported claim,"`media_type: application/dicom` is not stated anywhere in the bundle; it is supplied from general knowledge of the DICOM IANA type. It is also absent from the core record, so the two records disagree "
gate_test,CHORUS,claudecode_agent,both,at_risk_populations.at_risk_groups_included,low,unsupported claim,The boolean asserts inclusion of at-risk groups; the record's own `source_caveats` concedes this is inferred from the presence of PICU and NICU admissions rather than stated. The bundle documents no p
gate_test,CHORUS,claudecode_agent,both,subsets (full) / resources (core) — holdout test set,low,dataset/release/temporal scope error,"The NIH abstract uses future tense ('The dataset will also provision a holdout test set', 'sequestering holdout datasets'). Both records present the holdout set as an existing partition of the release"
gate_test,CHORUS,claudecode_agent,both,description vs confidential_elements,low,inconsistent identifier/count,"Internal inconsistency: the description says 'Every data type is under controlled access ... except clinical notes, which remain stored locally', which reads as clinical notes being outside controlled"
gate_test,CHORUS,claudecode_agent,both,instances[instance-imaging-study].counts,low,inconsistent identifier/count,"`instance_type` is 'Radiology imaging study' but the count 7,642 is, per the bundle, the number of admissions with radiology data. The unit of the count does not match the declared instance type; the "
gate_test,CHORUS,claudecode_agent,both,preprocessing_strategies (preprocessing-geocoding) / cleaning_strategies (cleaning-characterization-reports),low,unsupported claim,"Both steps are asserted as procedures applied to this dataset on the basis of the existence of GitHub repositories (UF-Geocoding, a fork of bihorac-LAB/Exposome; CHoRUSReports). The bundle establishes"
gate_test,CHORUS,claudecode_agent,both,status,low,other,"The slot's declared intent is a short status term (e.g. draft, published, deprecated). Both records place two sentences of release-state narrative here; the same content already appears in `descriptio"
gate_test,CHORUS,claudecode_agent,both,machine_annotation_tools,low,missing supported information,"Omitted although the bundle supports it: the OHNLP toolkit performs automated extraction and tokenization of clinical notes, and a 'Privacy Scan tool for medical records' is listed among the organizat"
gate_test,CHORUS,claudecode_agent,both,external_resources,low,missing supported information,"Omitted although the bundle names several dataset-level external resources: the chorus-ai GitHub organization (28 repositories), the Chorus_SOP documentation site, the chorus-mapping repository, the p"
gate_test,CHORUS,claudecode_agent,core,resources,low,inconsistent identifier/count,"The holdout test set is carried in `resources` (generic sub-resource) rather than as a subset, so the `is_data_split: true` distinction present in the full record's `subsets` entry is lost in the proj"
gate_test,CHORUS,claudecode_agent,full,notes,low,other,"The second sentence restates the funding award OT2OD032701, already carried structurally in `funders`. Per the residual-content rule, `notes` should hold only what no structured slot or the descriptio"
2026-09-04_claude-opus-5-api-generic-v8_rep1,CM4AI,claudecode_api,full,"creators[*].affiliations[*].id, creators[*].id, data_governance.committee_contact.id",major,unsupported claim,"Identifiers for people and organizations outside this dataset were minted as fragments on the repository base URL (e.g. `https://dataverse.lib.virginia.edu/#organization-ucsd`, `#person-axelsson-u`, `"
2026-09-04_claude-opus-5-api-generic-v8_rep1,CM4AI,claudecode_api,full,related_datasets[0..3].relationship_type,major,inconsistent identifier/count,"Relationship direction is inverted. This record is the June 2026 release; the October 2025 (10.18130/V3/K7TGEM), June 2025 (10.18130/V3/F3TD5R), March 2025 (10.18130/V3/B35XWX) and May 2024 (10.18130/"
2026-09-04_claude-opus-5-api-generic-v8_rep1,CM4AI,claudecode_api,full,instances[*].instance_description,major,unsupported claim,"`instance_description` is not a key the schema digest declares on Instance (permitted: counts, data_substrate, data_topic, instance_type, label, label_description, missing_information, notes, sampling"
2026-09-04_claude-opus-5-api-generic-v8_rep1,CM4AI,claudecode_api,full,id,minor,inconsistent identifier/count,`id` is written as the doi.org resolver URL `https://doi.org/10.18130/V3/HIGT4C` while `version_access.latest_version_doi` renders the same DOI as the CURIE `doi:10.18130/V3/HIGT4C`. The range is `uri
2026-09-04_claude-opus-5-api-generic-v8_rep1,CM4AI,claudecode_api,full,"preprocessing_strategies, labeling_strategies, machine_annotation_tools",minor,missing supported information,"These slots describe the MuSIC pipeline that produces computed cell maps — node2vec/HPA embedding, contrastive co-embedding, community detection, GO/Reactome alignment and LLM assembly naming. The rel"
2026-09-04_claude-opus-5-api-generic-v8_rep1,CM4AI,claudecode_api,full,machine_annotation_tools[0].tools,minor,other,"`tools` is populated with a single semicolon-joined prose string naming five distinct tools. Where the range is multivalued, emit one entry per tool so the list represents what it declares rather than"
2026-09-04_claude-opus-5-api-generic-v8_rep1,CM4AI,claudecode_api,full,ethical_reviews[2],minor,dataset/release/temporal scope error,The entry describes the CM4AI Ethics Module's Value-Sensitive Design methodology and states that the team 'is formulating the CM4AI Life Cycle' — a programme of work in progress from the tier-3 prepri
2026-09-04_claude-opus-5-api-generic-v8_rep1,CM4AI,claudecode_api,full,prohibited_uses[0].prohibition_reason,minor,other,The value is the prohibition itself ('These laboratory data are not to be used in clinical decision-making or in any context involving patient care without appropriate regulatory oversight and approva
2026-09-04_claude-opus-5-api-generic-v8_rep1,CM4AI,claudecode_api,full,discouraged_uses[0],minor,inconsistent identifier/count,Commercial use is not discouraged but disallowed by the CC BY-NC-SA 4.0 terms absent a separate negotiated license; the same fact is already carried in `license_and_use_terms.license_terms` and `data_
2026-09-04_claude-opus-5-api-generic-v8_rep1,CM4AI,claudecode_api,full,data_collectors[2],minor,inconsistent identifier/count,The entry ('PPI networks are downloaded from the Krogan Laboratory's deposition archive and IF images from the Lundberg Laboratory's deposition archive for downstream processing') describes the MuSIC 
2026-09-04_claude-opus-5-api-generic-v8_rep1,CM4AI,claudecode_api,full,maintainers[2],minor,other,"Justin Niestroy is stated in the bundle as the Dataverse Depositor, not as a maintainer; the entry's own text says 'depositor of record'. Depositor is a distinct role and answers a neighbouring concer"
2026-09-04_claude-opus-5-api-generic-v8_rep1,CM4AI,claudecode_api,full,file_collections[*].total_bytes,minor,other,"Seven byte figures are conversions of the repository's one-decimal KB/MB values at 1 KB = 1024 bytes. The derivation is disclosed in each entry's `notes` and in `source_caveats`, which is correct prac"
2026-09-04_claude-opus-5-api-generic-v8_rep1,CM4AI,claudecode_api,full,language,minor,unsupported claim,"`language: en` is not stated anywhere in the declared bundle. The dataset comprises image archives, mass-spectrometry tables and sequence data; no source asserts a language for the resource. Omit."
2026-09-04_claude-opus-5-api-generic-v8_rep1,CM4AI,claudecode_api,full,publisher,minor,inconsistent identifier/count,`publisher: https://dataverse.lib.virginia.edu/` is a bare host URL the bundle never states as such; the bundle names the publisher as 'University of Virginia Dataverse' and shows only an API path und
2026-09-04_claude-opus-5-api-generic-v8_rep1,CM4AI,claudecode_api,full,was_derived_from,minor,missing supported information,The slot's range is a single string naming a resource this one derives from; the value names two distinct cell lines ('MDA-MB-468 breast cancer cell line and KOLF2.1J induced pluripotent stem cell lin
2026-09-04_claude-opus-5-api-generic-v8_rep1,CM4AI,claudecode_api,full,is_tabular,minor,unsupported claim,"`false` is an inference from the ZIP/image/mass-spectrometry composition rather than a statement in the bundle. The release contains tabular mass-spectrometry and perturb-seq outputs alongside images,"
2026-09-04b_claude-opus-5-api-generic-v8_rep1,CM4AI,claudecode_api,full,related_datasets,high,inconsistent identifier/count,All four inter-release relationships are semantically inverted. The record is the June 2026 release (published 2026-06-17); it declares `relationship_type: is_previous_version_of` toward the October 2
2026-09-04b_claude-opus-5-api-generic-v8_rep1,CM4AI,claudecode_api,full,instances[0].instance_description,high,unsupported claim,"`instance_description` is not a key the schema digest declares on Instance. Instance accepts only `counts`, `data_substrate`, `data_topic`, `instance_type`, `label`, `label_description`, `missing_info"
2026-09-04b_claude-opus-5-api-generic-v8_rep1,CM4AI,claudecode_api,full,total_size_bytes,high,inconsistent identifier/count,Arithmetic error in the record's own derived figure. Summing the sizes the june_2026_dataverse_release file table displays — 3.8 GB + 4.6 GB + 4.2 GB + 113.3 KB + 135.8 KB + 171.8 KB + 93.9 KB + 30.2 
2026-09-04b_claude-opus-5-api-generic-v8_rep1,CM4AI,claudecode_api,full,"creators[].affiliations[].id, creators[].id, data_governance.committee_contact.id",high,unsupported claim,"Minted identifiers for entities outside this dataset. Fragment identifiers of the form `https://dataverse.lib.virginia.edu/cm4ai#person-axelsson-u`, `#person-chinn-b`, `#person-fall-j`, `#person-johan"
2026-09-04b_claude-opus-5-api-generic-v8_rep1,CM4AI,claudecode_api,full,data_governance.committee_contact.id,high,inconsistent identifier/count,"Identity split for one person. Jillian Parker is identified as `https://orcid.org/0000-0003-4535-3486` in `creators` but as the minted `https://dataverse.lib.virginia.edu/cm4ai#person-parker-j` here, "
2026-09-04b_claude-opus-5-api-generic-v8_rep1,CM4AI,claudecode_api,full,"creators[].id, creators[].principal_investigator.orcid, ethical_reviews[].contact_person.id, data_governance.committee_contact.orcid",medium,inconsistent identifier/count,"Resolver URLs written into `uriorcurie` slots where a declared prefix covers the identifier. ORCIDs are written as `https://orcid.org/0000-...` throughout rather than as `ORCID:` CURIEs, and the Unive"
2026-09-04b_claude-opus-5-api-generic-v8_rep1,CM4AI,claudecode_api,full,preprocessing_strategies,medium,missing supported information,Processing that produces an output this release does not contain is stated as preprocessing of this dataset. Entries 3 and 4 describe contrastive co-embedding of PPI and image embeddings and multi-res
2026-09-04b_claude-opus-5-api-generic-v8_rep1,CM4AI,claudecode_api,full,labeling_strategies,medium,missing supported information,"Annotation of cell maps (alignment to Gene Ontology and Reactome, LLM naming with confidence scores) is stated as this dataset's labeling strategy, but its subject is the cell map, which the release s"
2026-09-04b_claude-opus-5-api-generic-v8_rep1,CM4AI,claudecode_api,full,extension_mechanism.extension_details,medium,missing supported information,"Two problems. The passage describing the Cell Mapping Toolkit as 'a series of Python packages, each pip-installable and linked to user documentation ... a flexible and generalizable framework for cell"
2026-09-04b_claude-opus-5-api-generic-v8_rep1,CM4AI,claudecode_api,full,external_resources[].archival,medium,unsupported claim,"`archival` is asserted true for the MassIVE and Figshare deposits and false for the cm4ai.org portal and NDEx, but the bundle makes no statement about the archival status or long-term guarantees of an"
2026-09-04b_claude-opus-5-api-generic-v8_rep1,CM4AI,claudecode_api,full,distribution_formats[0].notes,medium,other,"Access-route content placed in a format object. The note carries the 1.9 GB per-file download limit, the statement that the dataset is too large to download in one operation, the Data Access API, and "
2026-09-04b_claude-opus-5-api-generic-v8_rep1,CM4AI,claudecode_api,full,file_collections[1].description,medium,unsupported claim,A protein count is carried onto files it was not stated for. '464 proteins of interest' is stated by october_2025_dataverse_release and june_2025_dataverse_release for their image archives; june_2026_
2026-09-04b_claude-opus-5-api-generic-v8_rep1,CM4AI,claudecode_api,full,file_collections[].resources[].bytes,medium,inconsistent identifier/count,"Rounded display sizes presented as exact byte counts. The Dataverse file table shows '3.8 GB', '113.3 KB', '1.1 MB' and so on; these are rendered as 3800000000, 113300, 1100000 with no per-file indica"
2026-09-04b_claude-opus-5-api-generic-v8_rep1,CM4AI,claudecode_api,full,ethical_reviews[0].review_details,medium,other,Ongoing project-level ethics activity is stated in place of an ethical review of this dataset. The text describes the CM4AI Ethics module's Value-Sensitive Design methodology and says the team 'is for
2026-09-04b_claude-opus-5-api-generic-v8_rep1,CM4AI,claudecode_api,full,prohibited_uses[1],medium,other,"License terms restated as a prohibition, duplicating `license_and_use_terms` and `ip_restrictions`. The release's own 'Prohibited Uses' section lists exactly one item (clinical decision-making without"
2026-09-04b_claude-opus-5-api-generic-v8_rep1,CM4AI,claudecode_api,full,regulatory_restrictions.regulatory_restrictions,medium,other,"The single list entry, 'The release records FDA Regulated: No.', states the absence of a restriction rather than a restriction, and states it as a fact about the release page rather than about the dat"
2026-09-04b_claude-opus-5-api-generic-v8_rep1,CM4AI,claudecode_api,full,creators[45].principal_investigator,low,inconsistent identifier/count,"Self-nesting. The Creator object for Trey Ideker carries a `principal_investigator` Person that is the same individual as the Creator itself, with the same id, name and ORCID. The PI role is attested "
2026-09-04b_claude-opus-5-api-generic-v8_rep1,CM4AI,claudecode_api,full,funders[0].notes,low,unsupported claim,"Two different NIH records conflated in one note. The grant number carried is 1OT2OD032742-01, which is the funding line the release states; the note then supplies the award amount 5289382, project sta"
2026-09-04b_claude-opus-5-api-generic-v8_rep1,CM4AI,claudecode_api,full,language,low,unsupported claim,"`language: en` is not stated anywhere in the bundle. It is a safe inference from the prose, but it is an inference rather than an attested value."
2026-09-04b_claude-opus-5-api-generic-v8_rep1,CM4AI,claudecode_api,full,last_updated_on,low,inconsistent identifier/count,2026-07-15 is derived from the publication date of the three immunofluorescence archives in the file table rather than from any statement that the dataset was last updated on that date. The derivation
2026-09-04b_claude-opus-5-api-generic-v8_rep1,CM4AI,claudecode_api,full,maintainers[2],low,unsupported claim,"Depositor recorded as maintainer. The Dataverse metadata states 'Depositor: Niestroy, Justin' and 'Deposit Date 2025-02-27'; deposit is not maintenance, and the bundle does not state that this person "
2026-09-04b_claude-opus-5-api-generic-v8_rep1,CM4AI,claudecode_api,full,ip_restrictions.restrictions,low,dataset/release/temporal scope error,The copyright allocation ('Copyright the Regents of the University of California except where otherwise noted; spatial proteomics raw image data ... Leland Stanford Junior University') is stated by ma
2026-09-04b_claude-opus-5-api-generic-v8_rep1,CM4AI,claudecode_api,full,distribution_formats[0].access_urls,low,inconsistent identifier/count,"The value is the dataset landing page, not an access URL for the distribution. The slot sits beside `download_url` in DistributionFormat; the landing page is already carried in the top-level `page`."
2026-09-04b_claude-opus-5-api-generic-v8_rep1,CM4AI,claudecode_api,full,is_tabular,low,unsupported claim,"`false` is a reasonable reading of a release composed of image archives and zipped mass-spectrometry and sequencing outputs, but no source states the dataset's structural form; the value is inferred f"
2026-09-04b_claude-opus-5-api-generic-v8_rep1,CM4AI,claudecode_api,full,created_by,low,other,"Supported omission. The Dataverse metadata names a depositor ('Niestroy, Justin', deposit date 2025-02-27), which answers `created_by` directly; the slot is left empty while the same fact is placed in"
2026-09-04c_claude-opus-5-api-generic-v8_rep1,CM4AI,claudecode_api,full,data_governance,medium,dataset/release/temporal scope error,"The `notes` field states ""The CM4AI project preprint states that a Data Access Committee will supervise ethical matters related to dataset distribution and potential dual licensing for commercial use"""
2026-09-04c_claude-opus-5-api-generic-v8_rep1,CM4AI,claudecode_api,full,external_resources[1] (Nature 2025 publication),low,unsupported claim,`archival: true` is asserted for the Nature publication but no passage in the bundle states that the resource is archived or guaranteed to persist. The boolean is an inference from the resource being 
2026-09-04c_claude-opus-5-api-generic-v8_rep1,CM4AI,claudecode_api,full,subpopulations,low,inconsistent identifier/count,Both entries describe donors of the source cell lines (MDA-MB-468 donor demographics from the preprint; KOLF2.1J donor from the preprint) rather than subpopulations represented among data instances in
2026-09-04c_claude-opus-5-api-generic-v8_rep1,CM4AI,claudecode_api,full,ethical_reviews[0].contact_person.id,low,inconsistent identifier/count,"A `mailto:` URI is used as the Person identifier. The schema declares `id` as `uriorcurie` and no personal-identifier prefix value is attested in the bundle for Vardit Ravitsky in this role, so a reso"
2026-09-04c_claude-opus-5-api-generic-v8_rep1,CM4AI,claudecode_api,full,ethical_reviews[0],low,other,The entry names two ethical review contacts in `review_details` prose but populates `contact_person` with only one (Vardit Ravitsky). Jean-Christophe Bélisle-Pipon is named in prose only. Since `conta
2026-09-04c_claude-opus-5-api-generic-v8_rep1,CM4AI,claudecode_api,full,file_collections[*].resources[*].notes,low,other,Each File carries `notes: Reported size N.N KB/GB` rather than populating the `bytes` slot. This is correct restraint — the unit base is unstated in the source and `bytes` is declared integer — and `s
2026-09-04c_claude-opus-5-api-generic-v8_rep1,CM4AI,claudecode_api,full,total_file_count,low,inconsistent identifier/count,"`total_file_count: 10` matches the release page's explicit statement ""1 to 10 of 10 Files"" and equals the sum of the six file_collections' file_count values (2+2+3+1+1+1=10). Because it is both stated"
2026-09-04d_claude-opus-5-api-generic-v8_rep1,VOICE,claudecode_api,full,id,high,other,"The record `id` is `doi:10.13026/8xbn-nq66`, a CURIE built on a DOI. The v5 rule permits a `doi:` CURIE in a `uriorcurie` slot, so the form is acceptable, but the person fragments minted beneath it (`"
2026-09-04d_claude-opus-5-api-generic-v8_rep1,VOICE,claudecode_api,full,creators,high,unsupported claim,Sixteen Creator entries are emitted but only a subset is receipted by a passage that states that specific entry. The bundle supports Bensoussan and Elemento as co-principal investigators (c009: 'co-le
2026-09-04d_claude-opus-5-api-generic-v8_rep1,VOICE,claudecode_api,full,creators,medium,unsupported claim,"`Creator.description` is used to carry role commentary ('Lead investigator, voice disorders cohort', 'Co-principal investigator of the Voice project and first-listed author of the version 3.1.0 releas"
2026-09-04d_claude-opus-5-api-generic-v8_rep1,VOICE,claudecode_api,full,creators,medium,inconsistent identifier/count,"`Creator.affiliations` entries carry only `name`. This conforms to the Organization digest (no required keys), so the shape is valid, but the affiliation strings are inconsistent in granularity across"
2026-09-04d_claude-opus-5-api-generic-v8_rep1,VOICE,claudecode_api,full,funders,high,missing supported information,"A single FundingMechanism object carries three Grant objects with grant numbers OT2OD032720, 3OT2OD032720-01S1 and 3OT2OD032720-01S3. The bundle attests these but from different sources describing dif"
2026-09-04d_claude-opus-5-api-generic-v8_rep1,VOICE,claudecode_api,full,funders,medium,missing supported information,"The `notes` field on the funders entry carries NIH RePORTER facts (awardee organization, fiscal-year award amount 4,660,942, project period 2022-09-01 to 2026-11-30). The award amount and project peri"
2026-09-04d_claude-opus-5-api-generic-v8_rep1,VOICE,claudecode_api,full,instances,high,unsupported claim,"The second Instance object (audio recordings) sets `data_substrate: B2AI_SUBSTRATE:30` (Parquet). Parquet is the distribution container for the derived features, not the substrate of the instance the "
2026-09-04d_claude-opus-5-api-generic-v8_rep1,VOICE,claudecode_api,full,instances,medium,inconsistent identifier/count,The first Instance object has `counts: 833` and `data_topic: B2AI_TOPIC:36` (Voice). The count is supported (c018: 'contains data for 833 participants'). However the object also carries `label: true` 
2026-09-04d_claude-opus-5-api-generic-v8_rep1,VOICE,claudecode_api,full,instances,medium,other,"No Instance object gives a count for the audio-recording instance type, though the bundle supports per-feature counts (c019: n=23533 etc. for pediatric; for the adult 3.1.0 release n=29278 spectrogram"
2026-09-04d_claude-opus-5-api-generic-v8_rep1,VOICE,claudecode_api,full,subpopulations,high,other,"`Subpopulation.distribution` states 'The release does not contain an equal distribution of the disease cohort categories, and skews by disorder category, site and demographic factors are acknowledged "
2026-09-04d_claude-opus-5-api-generic-v8_rep1,VOICE,claudecode_api,full,content_warnings,high,inconsistent identifier/count,`content_warnings_present: false` is asserted while `warnings` carries a paragraph describing potentially distressing free-speech content and the mitigations applied. Setting the boolean false and the
2026-09-04d_claude-opus-5-api-generic-v8_rep1,VOICE,claudecode_api,full,confidential_elements,medium,other,"`confidentiality_details` ends 'Access is nonetheless restricted, and the raw voice recordings are held under a separate controlled-access mechanism.' That is the access route, answering `data_governa"
2026-09-04d_claude-opus-5-api-generic-v8_rep1,VOICE,claudecode_api,full,collection_timeframes,high,dataset/release/temporal scope error,"The single CollectionTimeframe carries no `start_date` or `end_date` and the `timeframe_details` states '12 months' from c009 while also narrating the award period (2022-09-01 to 2026-11-30, from tier"
2026-09-04d_claude-opus-5-api-generic-v8_rep1,VOICE,claudecode_api,full,existing_uses,high,missing supported information,"The single ExistingUse gives only the Bridge2AI Summer School and hackathon (c009). The bundle supports at least one further existing use: the feasibility study (c002/c003) used the application, not t"
2026-09-04d_claude-opus-5-api-generic-v8_rep1,VOICE,claudecode_api,full,use_repository,medium,other,Omitted. The bundle explicitly answers the corresponding healthsheet question (c009: 'Is there a repository that links to any or all papers or systems that use the dataset? ... No'). An explicit negat
2026-09-04d_claude-opus-5-api-generic-v8_rep1,VOICE,claudecode_api,full,distribution_formats,high,other,"Three DistributionFormat objects use `format` with values 'Apache Parquet', 'Tab-separated values' and 'JSON data dictionaries'. Per the digest, `format` on File is a closed enum (CSV, TSV, XML, JSON,"
2026-09-04d_claude-opus-5-api-generic-v8_rep1,VOICE,claudecode_api,full,distribution_formats,medium,inconsistent identifier/count,"Each DistributionFormat carries `access_urls` pointing at the PhysioNet landing page https://physionet.org/content/b2ai-voice/3.1.0/. That is the landing page, which `page` already carries, not a down"
2026-09-04d_claude-opus-5-api-generic-v8_rep1,VOICE,claudecode_api,full,download_url,high,missing supported information,"Omitted, correctly — the bundle states the files are restricted and gives no direct download URL. But `page` is populated with the version-3.1.0 PhysioNet URL while the record's `id` is the version DO"
2026-09-04d_claude-opus-5-api-generic-v8_rep1,VOICE,claudecode_api,full,external_resources,high,other,"Eleven ExternalResource objects are emitted, but the ExternalResource digest lists accepted keys as `archival`, `external_resources`, `future_guarantees`, `notes`, `restrictions`, `source_caveats` — i"
2026-09-04d_claude-opus-5-api-generic-v8_rep1,VOICE,claudecode_api,full,external_resources,medium,inconsistent identifier/count,"Several entries embed URLs inside `description` prose (b2aiprep, senselab, bridge2ai-redcap, bridge2ai-docs, b2aivoicescholars). URLs in prose are text and may stand, but the class declares no URL-bea"
2026-09-04d_claude-opus-5-api-generic-v8_rep1,VOICE,claudecode_api,full,related_datasets,high,other,"Five DatasetRelationship objects. `relationship_type` values used are `is_supplemented_by`, `is_new_version_of` (x3) and `has_metadata`, all of which appear in the digest's closed enum — valid. Howeve"
2026-09-04d_claude-opus-5-api-generic-v8_rep1,VOICE,claudecode_api,full,related_datasets,medium,dataset/release/temporal scope error,"The `has_metadata` entry targets 'https://zenodo.org/records/14989503' (Bridge2AI Voice REDCap v3.23.0). `target_dataset` is required and the value is a URL string, which is acceptable for a target wi"
2026-09-04d_claude-opus-5-api-generic-v8_rep1,VOICE,claudecode_api,full,variables,high,dataset/release/temporal scope error,"Eleven VariableMetadata objects describe feature families, each with `variable_name` (required, present). `quality_notes` on nine of them carries a record count ('29,278 records'). Those counts come f"
2026-09-04d_claude-opus-5-api-generic-v8_rep1,VOICE,claudecode_api,full,variables,medium,missing supported information,"`static_features` and `audio_quality_metrics` entries carry no `data_type`, while the nine tensor entries carry `data_type: array`. static_features and audio_quality_metrics are tables, not single var"
2026-09-04d_claude-opus-5-api-generic-v8_rep1,VOICE,claudecode_api,full,file_collections,high,missing supported information,"Omitted entirely, though the bundle richly supports it: c019 enumerates the features folder (nine parquet files named individually, plus static_features.tsv and audio_quality_metrics.tsv), the metadat"
2026-09-04d_claude-opus-5-api-generic-v8_rep1,VOICE,claudecode_api,full,total_file_count,medium,unsupported claim,Omitted. No source states a total file count and it should not be computed from the directory listing and presented as reported. Correct omission.
2026-09-04d_claude-opus-5-api-generic-v8_rep1,VOICE,claudecode_api,full,is_tabular,medium,unsupported claim,"Omitted. The dataset is mixed: phenotype tables are tabular (TSV), feature files are column-oriented Parquet holding tensors. No source characterises the dataset as tabular or not. Omission is defensi"
2026-09-04d_claude-opus-5-api-generic-v8_rep1,VOICE,claudecode_api,full,compression,high,unsupported claim,Omitted. Correct — no source states a compression format for the release.
2026-09-04d_claude-opus-5-api-generic-v8_rep1,VOICE,claudecode_api,full,annotation_analyses,medium,missing supported information,Omitted. The bundle states there is one labeler per instance and therefore no inter-annotator agreement (c009: 'How many labelers provide a label per instance? 1'). That negative is already captured i
2026-09-04d_claude-opus-5-api-generic-v8_rep1,VOICE,claudecode_api,full,imputation_protocols,high,other,"Omitted, correctly — c009 states no cleaning preprocessing was applied and no imputation is mentioned anywhere. `missing_data_documentation.handling_strategy` already records 'no imputation is applied"
2026-09-04d_claude-opus-5-api-generic-v8_rep1,VOICE,claudecode_api,full,data_protection_impacts,medium,missing supported information,Omitted. The bundle explicitly answers this: c009 'Has an analysis of the potential impact of the dataset and its use on data subjects been conducted? No'. Correct omission under the rule against writ
2026-09-04d_claude-opus-5-api-generic-v8_rep1,VOICE,claudecode_api,full,regulatory_restrictions,high,unsupported claim,"`hipaa_compliant: compliant` is asserted with a `source_caveats` admitting 'No source states the word ""compliant""'. The enum offers `not_applicable` and `under_review` as well. Inferring `compliant` f"
2026-09-04d_claude-opus-5-api-generic-v8_rep1,VOICE,claudecode_api,full,regulatory_restrictions,medium,missing supported information,`regulatory_restrictions` (the inner list field) contains a single string 'No export controls apply to the dataset.' That is a negative statement occupying a slot for restrictions. Per the rule agains
2026-09-04d_claude-opus-5-api-generic-v8_rep1,VOICE,claudecode_api,full,license,high,other,"`license: ""Bridge2AI Voice Registered Access License""` — supported verbatim by c015/c016/c018/c020. Correct."
2026-09-04d_claude-opus-5-api-generic-v8_rep1,VOICE,claudecode_api,full,issued,medium,other,"`issued: '2026-05-01T00:00:00Z'` matches c018 'Published: May 1, 2026. Version: 3.1.0'. Correct form with UTC offset."
2026-09-04d_claude-opus-5-api-generic-v8_rep1,VOICE,claudecode_api,full,created_on,medium,other,Omitted. No source states a creation datetime for the dataset. Correct.
2026-09-04d_claude-opus-5-api-generic-v8_rep1,VOICE,claudecode_api,full,last_updated_on,medium,other,Omitted. The version publication date is in `issued`; no separate modification datetime is stated. Correct.
2026-09-04d_claude-opus-5-api-generic-v8_rep1,VOICE,claudecode_api,full,created_by,high,other,"`created_by: ""Bridge2AI-Voice Consortium""` — supported. But `modified_by` is omitted while the release notes attribute version changes to the project. No source names a modifier distinctly; omission c"
2026-09-04d_claude-opus-5-api-generic-v8_rep1,VOICE,claudecode_api,full,purposes,high,missing supported information,"Four Purpose objects. The fourth ('produced by a team of 50 multidisciplinary experts drawn from 12 North American institutions') is drawn from c005, the audiomics white paper (tier 3). That passage d"
2026-09-04d_claude-opus-5-api-generic-v8_rep1,VOICE,claudecode_api,full,purposes,medium,dataset/release/temporal scope error,The third Purpose ('To create an ethically sourced flagship dataset enabling future research in artificial intelligence and support critical insights into the use of voice as a biomarker of health') i
2026-09-04d_claude-opus-5-api-generic-v8_rep1,VOICE,claudecode_api,full,tasks,high,other,"Two Task objects, both supported by c009. Correct."
2026-09-04d_claude-opus-5-api-generic-v8_rep1,VOICE,claudecode_api,full,intended_uses,medium,other,"One IntendedUse with `use_category: ""research""`. `use_category` is free text per the digest (no enum shown), so 'research' validates. The `examples` list and `usage_notes` are supported by c009 and th"
2026-09-04d_claude-opus-5-api-generic-v8_rep1,VOICE,claudecode_api,full,prohibited_uses,high,other,"Three ProhibitedUse objects, each populating only `prohibition_reason`. The digest shows ProhibitedUse accepts `notes`, `prohibition_reason`, `source_caveats` — so `prohibition_reason` is the only con"
2026-09-04d_claude-opus-5-api-generic-v8_rep1,VOICE,claudecode_api,full,discouraged_uses,medium,inconsistent identifier/count,Two DiscouragedUse objects. The first duplicates the substance of the first ProhibitedUse-adjacent material from c009 ('the dataset should not be used for non-research applications such as hiring deci
2026-09-04d_claude-opus-5-api-generic-v8_rep1,VOICE,claudecode_api,full,acquisition_methods,high,unsupported claim,"Two InstanceAcquisition objects. The first sets `was_directly_observed: true`, `was_reported_by_subjects: true`, `was_validated_verified: true` — all supported by c009 ('The data was directly observab"
2026-09-04d_claude-opus-5-api-generic-v8_rep1,VOICE,claudecode_api,full,collection_mechanisms,medium,unsupported claim,Three CollectionMechanism objects. The third describes the Web app and iOS app for remote collection and then states 'the initial dataset release did not include remotely collected data'. That trailin
2026-09-04d_claude-opus-5-api-generic-v8_rep1,VOICE,claudecode_api,full,sampling_strategies,high,dataset/release/temporal scope error,`representative_verification` is a list containing 'No verification of representativeness was performed; the project states an intention to improve representativeness by moving to remote collection an
2026-09-04d_claude-opus-5-api-generic-v8_rep1,VOICE,claudecode_api,full,sampling_strategies,medium,missing supported information,"`strategies` embeds the eligibility criteria (age 18+, English, exclusion for surgical intervention). Those are inclusion/exclusion criteria, which the slot description does list as in scope ('samplin"
2026-09-04d_claude-opus-5-api-generic-v8_rep1,VOICE,claudecode_api,full,raw_sources,high,other,"One RawData object with `access_url: https://www.synapse.org/Synapse:syn72370534/`. That URL is stated in c015/c016/c018 as the Synapse location for adult raw audio. `access_url` has range `uri`, and "
2026-09-04d_claude-opus-5-api-generic-v8_rep1,VOICE,claudecode_api,full,raw_data_sources,medium,inconsistent identifier/count,One RawDataSource with required `source_description` present. `access_details` states 'The raw data post de-identification is saved and is not accessible publicly' — from c009. That is a statement abo
2026-09-04d_claude-opus-5-api-generic-v8_rep1,VOICE,claudecode_api,full,cleaning_strategies,high,missing supported information,"The first CleaningStrategy states 'No data cleaning preprocessing was applied; the healthsheet answers ""no"" to whether preprocessing for cleaning was performed.' This is a value whose content is that "
2026-09-04d_claude-opus-5-api-generic-v8_rep1,VOICE,claudecode_api,full,labeling_strategies,medium,other,"`inter_annotator_agreement` reads 'Not applicable: one labeler provided a label per instance, so no agreement statistic is computed.' Another absence-statement. The fact that there was one labeler is "
2026-09-04d_claude-opus-5-api-generic-v8_rep1,VOICE,claudecode_api,full,labeling_strategies,medium,dataset/release/temporal scope error,"`data_annotation_protocol` ends with 'Any new labels created by downstream researchers should be described alongside the release of a model or publication, including the exact variables used for the d"
2026-09-04d_claude-opus-5-api-generic-v8_rep1,VOICE,claudecode_api,full,machine_annotation_tools,high,missing supported information,"One MachineAnnotationTools object listing nine tools. `tool_accuracy` is a list containing 'Certain aspects of the data, for example transcription, were generated using off-the-shelf models that have "
2026-09-04d_claude-opus-5-api-generic-v8_rep1,VOICE,claudecode_api,full,machine_annotation_tools,medium,inconsistent identifier/count,"The `tools` list mixes tool names with URLs ('b2aiprep (https://github.com/sensein/b2aiprep)', 'senselab (https://github.com/sensein/senselab)') while other entries are bare names. Inconsistent format"
2026-09-04d_claude-opus-5-api-generic-v8_rep1,VOICE,claudecode_api,full,is_deidentified,high,other,Well populated and strongly supported by c007 and c018. `identifiable_elements_present: false` is consistent with the removal narrative. One issue: `deidentification_details` states 'K-anonymization w
2026-09-04d_claude-opus-5-api-generic-v8_rep1,VOICE,claudecode_api,full,participant_privacy,medium,other,"Four fields populated, all supported. `data_linkage` describes the recipient's obligation not to contact subjects — that is a use restriction (DTUA Attachment 2 §5, c014), answering `license_and_use_t"
2026-09-04d_claude-opus-5-api-generic-v8_rep1,VOICE,claudecode_api,full,human_subject_research,high,other,"`irb_approval`, `regulatory_compliance` and `special_populations` are each declared as lists here and each contains one long string. The digest does not mark these multivalued; if they are scalar stri"
2026-09-04d_claude-opus-5-api-generic-v8_rep1,VOICE,claudecode_api,full,human_subject_research,medium,other,"`regulatory_compliance` bundles five distinct facts into one string: HIPAA de-identification, partial HIPAA waiver, Certificate of Confidentiality, no data monitoring committee, not a drug/device stud"
2026-09-04d_claude-opus-5-api-generic-v8_rep1,VOICE,claudecode_api,full,at_risk_populations,high,dataset/release/temporal scope error,"`at_risk_groups_included: false` is asserted, and then `guardian_consent` and `assent_procedures` describe pediatric consent and assent at length. If no at-risk groups are included, guardian consent a"
2026-09-04d_claude-opus-5-api-generic-v8_rep1,VOICE,claudecode_api,full,at_risk_populations,medium,dataset/release/temporal scope error,`special_protections` contains 'the documentation notes that these criteria would change when the pediatric cohort was introduced' — a plan stated in past-future tense about a change that has since ha
2026-09-04d_claude-opus-5-api-generic-v8_rep1,VOICE,claudecode_api,full,ethical_reviews,high,inconsistent identifier/count,"Two EthicalReview objects. The first has `contact_person` as a Person object with `id` (minted fragment), `name` and `affiliation` (Organization list) — correct object shape per the digest. However th"
2026-09-04d_claude-opus-5-api-generic-v8_rep1,VOICE,claudecode_api,full,ethical_reviews,medium,unsupported claim,"The first review's `review_details` narrates the single-IRB process for all US institutions; the second covers Canadian REBs. Bensoussan is named as `contact_person` for the IRB review, but the bundle"
2026-09-04d_claude-opus-5-api-generic-v8_rep1,VOICE,claudecode_api,full,informed_consent,high,other,"Comprehensive and well supported by c011 and c009. `consent_type: ""Prospective written informed consent""` — c009 says 'prospective informed consent'; c011 describes paper, electronic, and video modali"
2026-09-04d_claude-opus-5-api-generic-v8_rep1,VOICE,claudecode_api,full,collection_consents,medium,dataset/release/temporal scope error,"`consent_details` ends with a list of five things the consent does *not* restrict (non-commercial, geographic, research type, genetic, methods development), drawn from c007's Consent Type block. These"
2026-09-04d_claude-opus-5-api-generic-v8_rep1,VOICE,claudecode_api,full,consent_revocations,high,other,"Well supported by c009 and c011. The final sentence about longitudinal collection ('an electronic consent is administered before each subsequent collection session') comes from c011, the IRB protocol,"
2026-09-04d_claude-opus-5-api-generic-v8_rep1,VOICE,claudecode_api,full,participant_compensation,medium,other,"`compensation_amount` gives the 40/80/120 USD schedule from c009 and c011 v7/v8. c011's revision history shows the amount changed twice (v3 added compensation, v7 'Changed compensation amount', v8 'Ch"
2026-09-04d_claude-opus-5-api-generic-v8_rep1,VOICE,claudecode_api,full,license_and_use_terms,high,other,"`license_terms` is a very long paragraph combining the Registered Access License, the agreement's restrictions, the IP clause, the no-sale clause, and the entire controlled-access workflow for raw aud"
2026-09-04d_claude-opus-5-api-generic-v8_rep1,VOICE,claudecode_api,full,license_and_use_terms,medium,other,`data_use_permission: general_research_use` is drawn from the enum. c009 states the dataset 'is intended solely for commercial and non-commercial research purposes by Authorized Researchers' and that 
2026-09-04d_claude-opus-5-api-generic-v8_rep1,VOICE,claudecode_api,full,data_governance,high,missing supported information,"`committee_contact` is omitted though the bundle repeatedly gives DACO@b2ai-voice.org (c015, c016, c018, c020) as the access committee contact. `committee_contact` has range Person, which requires `id"
2026-09-04d_claude-opus-5-api-generic-v8_rep1,VOICE,claudecode_api,full,data_governance,medium,unsupported claim,"`accountable_organization` is an Organization object with only `name: ""University of South Florida Board of Trustees""` — correct shape and supported by c013 ('Provider Institution: University of South"
2026-09-04d_claude-opus-5-api-generic-v8_rep1,VOICE,claudecode_api,full,data_governance,medium,unsupported claim,"`appeal_process` describes the provider's unilateral amendment right and the recipient's option to terminate. That is a termination clause, not an appeal process for access decisions. The field asks h"
2026-09-04d_claude-opus-5-api-generic-v8_rep1,VOICE,claudecode_api,full,ip_restrictions,high,other,`restrictions` is a list with one long string reproducing the DTUA IP clause plus the healthsheet's 'No IP-based restrictions have been imposed by third parties' and 'the provider gives no guarantee t
2026-09-04d_claude-opus-5-api-generic-v8_rep1,VOICE,claudecode_api,full,third_party_sharing,medium,other,`is_shared: true` with a `notes` field. Supported by c009 ('The dataset will be distributed broadly to individuals outside of the entity who created the dataset'). Note the source uses future tense ('
2026-09-04d_claude-opus-5-api-generic-v8_rep1,VOICE,claudecode_api,full,distribution_dates,high,dataset/release/temporal scope error,"One DistributionDate whose `release_dates` field enumerates six version dates. `release_dates` appears to be the only content field on the class. Listing all versions in one string is acceptable, but "
2026-09-04d_claude-opus-5-api-generic-v8_rep1,VOICE,claudecode_api,full,maintainers,medium,other,"Three Maintainer objects. Each uses `name`, `role` and `maintainer_details`. Per the digest, Maintainer accepts `maintainer_details`, `notes`, `role`, `source_caveats` — `name` is not listed. If `name"
2026-09-04d_claude-opus-5-api-generic-v8_rep1,VOICE,claudecode_api,full,maintainers,high,dataset/release/temporal scope error,"The third maintainer, T-CAIREM/Health Data Nexus, is described as maintaining 'the data publishing platform that hosted the earlier feature-only release'. That is a fact about an earlier release (v1.0"
2026-09-04d_claude-opus-5-api-generic-v8_rep1,VOICE,claudecode_api,full,updates,medium,dataset/release/temporal scope error,"`frequency: ""Semi-annual (twice a year)""` and `update_details` from c009. c009's healthsheet says 'further versions of the dataset will be released on a semi-annual (twice a year) basis'. The actual r"
2026-09-04d_claude-opus-5-api-generic-v8_rep1,VOICE,claudecode_api,full,version_access,high,other,"`latest_version_doi: doi:10.13026/37yb-1t42` — this is the 'DOI (latest version)' from c018, correctly given as a CURIE in a `uriorcurie` slot. Correct. `versions_available` is a list with one string "
2026-09-04d_claude-opus-5-api-generic-v8_rep1,VOICE,claudecode_api,full,retention_limit,medium,other,"`retention_period` conflates two different retentions: indefinite archival retention of the dataset, and the two-year DTUA term for a recipient's copy. These govern different things. `retention_detail"
2026-09-04d_claude-opus-5-api-generic-v8_rep1,VOICE,claudecode_api,full,errata,high,other,Four Erratum objects. The fourth states 'No formal erratum document is published; a changelog for each dataset version is published online with the dataset metadata.' That is an absence-statement plus
2026-09-04d_claude-opus-5-api-generic-v8_rep1,VOICE,claudecode_api,full,extension_mechanism,medium,other,`contribution_url: https://github.com/sensein/b2aiprep` has range `uri` and a URL is correct. `extension_details` describes publishing derivative datasets 'on the hosting platform' — c009 says 'on the
2026-09-04d_claude-opus-5-api-generic-v8_rep1,VOICE,claudecode_api,full,notes,high,other,"The `notes` field carries the entire AI-readiness self-assessment table (seven criteria with percentage scores). This is substantive dataset documentation from c009/c010, and no structured slot exists"
2026-09-04d_claude-opus-5-api-generic-v8_rep1,VOICE,claudecode_api,full,source_caveats,high,other,"Well constructed and covers six genuine source conflicts. However it states 'No total was computed from them, because different feature families cover overlapping but unequal sets of recordings' — goo"
2026-09-04d_claude-opus-5-api-generic-v8_rep1,VOICE,claudecode_api,full,description,medium,other,The description states 'a pediatric voice and speech cohort was collected under the same program and is published as a separate dataset'. Correct scoping — the pediatric data is kept out of the refere
2026-09-04d_claude-opus-5-api-generic-v8_rep1,VOICE,claudecode_api,full,conforms_to,high,dataset/release/temporal scope error,"`conforms_to: ""Brain Imaging Data Structure (BIDS) v1.9.0""` with `conforms_to_standard: [BIDS]`. The BIDS statement comes from c009's Data Pre-Processing section describing the b2ai-voice-audio folder"
2026-09-04d_claude-opus-5-api-generic-v8_rep1,VOICE,claudecode_api,full,keywords,medium,dataset/release/temporal scope error,"Four keywords (health, biomarkers, bridge2ai, voice) taken verbatim from c018's Topics list for v3.1.0. Correct — v3.0.0 (c016) listed only 'bridge2ai, voice', and the record uses the current version'"
2026-09-04d_claude-opus-5-api-generic-v8_rep1,VOICE,claudecode_api,full,publisher,medium,inconsistent identifier/count,"`publisher: https://physionet.org/` — range is `uriorcurie`. No declared prefix covers PhysioNet, so a URL is the correct fallback. Acceptable."
2026-09-04d_claude-opus-5-api-generic-v8_rep1,VOICE,claudecode_api,full,citation,high,other,"The citation reproduces the PhysioNet-supplied APA form with an ellipsis for the middle authors, matching c018 exactly. Correct verbatim reuse. Note the surname is rendered 'Belisle-Pipon' without the"
2026-09-04d_claude-opus-5-api-generic-v8_rep1,VOICE,claudecode_api,full,was_derived_from,medium,other,Supported by c018's Methods ('Data were exported and converted from RedCap using an open source library developed by our team'). Correct.
2026-09-04d_claude-opus-5-api-generic-v8_rep1,VOICE,claudecode_api,full,subsets,high,missing supported information,"Omitted. The bundle supports subsets: the five disease cohort categories are named repeatedly (c007, c016, c018) with per-cohort inclusion criteria and per-condition diagnosis files enumerated in the "
2026-09-04d_claude-opus-5-api-generic-v8_rep1,VOICE,claudecode_api,full,resources,medium,missing supported information,Omitted. Correct — the bundle does not describe component sub-datasets beyond the file collections already flagged as missing.
2026-09-04d_claude-opus-5-api-generic-v8_rep1,VOICE,claudecode_api,full,parent_datasets,medium,other,"Omitted. The relationship to earlier versions is captured in `related_datasets`, which is the right slot. Correct."
2026-09-04d_claude-opus-5-api-generic-v8_rep1,VOICE,claudecode_api,full,total_size_bytes,high,other,Omitted. No source states a size. Correct.
2026-09-04e_claude-opus-5-api-generic-v8_rep1,VOICE,claudecode_api,full,description,medium,unsupported claim,"The description states the dataset is 'organized around five cohort categories: voice disorders, neurological and neurodegenerative disorders, mood and psychiatric disorders, respiratory disorders, an"
2026-09-04e_claude-opus-5-api-generic-v8_rep1,VOICE,claudecode_api,full,purposes,medium,dataset/release/temporal scope error,"The fourth purpose states a target of 30,000 human voices (audiomics_white_paper, tier 3; also the IRB sample size of 30,000, tier 2), while project_documentation (tier 2) states the project 'seeks to"
2026-09-04e_claude-opus-5-api-generic-v8_rep1,VOICE,claudecode_api,full,prohibited_uses,medium,missing supported information,"All four entries place the prohibition itself in `prohibition_reason` ('The dataset must not be used to attempt to re-identify research participants...', 'Sale of all or part of the data on any media "
2026-09-04e_claude-opus-5-api-generic-v8_rep1,VOICE,claudecode_api,full,conforms_to / conforms_to_standard,medium,dataset/release/temporal scope error,"BIDS v1.9.0 conformance is asserted for the published referent, but the only passage supporting it is the project documentation's Data Pre-Processing section, whose folder listing ('b2ai-voice-audio',"
2026-09-04e_claude-opus-5-api-generic-v8_rep1,VOICE,claudecode_api,full,creators,low,other,"The final Creator entry carries only `notes` ('Over 50 other investigators, clinicians, scholars and trainees contributed...') and names no entity in `principal_investigator` or `affiliations`. A mult"
2026-09-04e_claude-opus-5-api-generic-v8_rep1,VOICE,claudecode_api,full,regulatory_restrictions.hipaa_compliant,low,other,Set to `compliant` on the strength of the documentation's 'Does this dataset apply the HIPAA de-identification rules? Yes'. The data_transfer_use_agreement (tier 2) Attachment 2 states the opposite fr
2026-09-04e_claude-opus-5-api-generic-v8_rep1,VOICE,claudecode_api,full,cleaning_strategies / data_protection_impacts / splits,low,other,Three objects record the absence of a thing rather than answering the field: cleaning_strategies[0] 'No pre-processing for cleaning the data was performed'; data_protection_impacts[0] 'No analysis of 
2026-09-04e_claude-opus-5-api-generic-v8_rep1,VOICE,claudecode_api,full,machine_annotation_tools,low,other,"b2aiprep and SenseLab are listed as machine annotation tools. The bundle describes them as organizing/preprocessing and audio-processing toolkits ('b2aiprep: organizing and preprocessing the dataset',"
2026-09-04e_claude-opus-5-api-generic-v8_rep1,VOICE,claudecode_api,full,distribution_dates,low,missing supported information,"The release_dates list runs 1.1 through 3.1.0 and omits version 1.0, although version_access.versions_available includes '1.0 (published on the Health Data Nexus)' and project_documentation states 'Th"
2026-09-04e_claude-opus-5-api-generic-v8_rep1,VOICE,claudecode_api,full,errata[0].erratum_url,low,inconsistent identifier/count,"Set to https://physionet.org/content/b2ai-voice/3.1.0/, the release landing page, not an erratum document. The bundle contains no erratum URL; the corrections were transcribed from the Release Notes s"
2026-09-04e_claude-opus-5-api-generic-v8_rep1,VOICE,claudecode_api,full,tasks[1],low,dataset/release/temporal scope error,"The value appends 'including pediatric voice disorders in the companion pediatric release'. The healthsheet sentence it derives from reads '...including vocal pathologies, neurological, psychiatric, r"
2026-09-04e_claude-opus-5-api-generic-v8_rep1,VOICE,claudecode_api,full,file_collections[1] / file_collections[2],low,unsupported claim,"The phenotype and metadata collections carry their full file inventories as prose inside `description` (per-condition diagnosis tables, validated instrument list, task tables, the metadata parquet and"
2026-09-04e_claude-opus-5-api-generic-v8_rep1,VOICE,claudecode_api,full,subsets,low,other,"Unpopulated although the release ships per-condition partitions as distinct diagnosis tables (airway_stenosis, laryngeal_cancer, parkinsons_disease, control, and fifteen others) and the documentation "
2026-09-04e_claude-opus-5-api-generic-v8_rep1,VOICE,claudecode_api,full,extension_mechanism.extension_details,low,other,"States that others 'may publish a derivative dataset that references the original source, made available under the same conditions'. The source sentence is platform-specific — 'it is possible for othe"
2026-09-04f_claude-opus-5-api-generic-v8_rep1,AI_READI,claudecode_api,full,known_biases[2].mitigation_strategy,medium,unsupported claim,"States that AI-READI 'tailored' recruitment materials and 'used' a personalized, participatory approach. The BMJ Open protocol paper attributes these to strategies that 'Researchers have identified' i"
2026-09-04f_claude-opus-5-api-generic-v8_rep1,AI_READI,claudecode_api,full,sensitive_elements[0].sensitive_elements_present,medium,unsupported claim,"Set to false on the healthsheet answer alone. The RO-Crate (tier 1, equal rank to the FAIRhub API that carries the healthsheet) states rai:personalSensitiveInformation as ['EHR','Wearable Monitoring',"
2026-09-04f_claude-opus-5-api-generic-v8_rep1,AI_READI,claudecode_api,full,prohibited_uses[0..6].prohibition_reason,medium,other,"Six of the seven entries place the prohibition itself in prohibition_reason ('Sharing or distributing the Data with any third-party model vendor...', 'Removing, obscuring, altering or masking the stat"
2026-09-04f_claude-opus-5-api-generic-v8_rep1,AI_READI,claudecode_api,full,related_datasets[2].target_dataset,medium,dataset/release/temporal scope error,Value is the prose phrase 'AI-READI mini-subset of version 3.0.0'. target_dataset is a required scalar reference and should carry an identifier for the referent. The bundle attests the child dataset o
2026-09-04f_claude-opus-5-api-generic-v8_rep1,AI_READI,claudecode_api,full,distribution_formats[4],low,other,"An entry with neither format nor media_type populated, carrying only commentary that 'The schema's format and media_type enumerations do not include a DICOM value.' The object records no distribution "
2026-09-04f_claude-opus-5-api-generic-v8_rep1,AI_READI,claudecode_api,full,external_resources[4].external_resources,low,missing supported information,"The Nature Metabolism title is given as 'AI-READI: rethinking AI data collection, preparation and sharing in diabetes research and beyond' (the tier-3 publication text and BMJ reference list). The RO-"
2026-09-04f_claude-opus-5-api-generic-v8_rep1,AI_READI,claudecode_api,full,maintainers[0].role,low,other,Enum value 'academic_institution' is a mapping the bundle does not support. The healthsheet states only that 'The AI-READI team will be supporting and maintaining the dataset. The dataset is hosted on
2026-09-04f_claude-opus-5-api-generic-v8_rep1,AI_READI,claudecode_api,full,regulatory_restrictions.hipaa_compliant,low,unsupported claim,Enum value 'compliant' is this record's mapping from deIdentHIPAA=true and 'we checked that no identifiable data per US HIPAA were present'. No source asserts HIPAA compliance as a status. The sibling
2026-09-04f_claude-opus-5-api-generic-v8_rep1,AI_READI,claudecode_api,full,creators[0].affiliations[0],low,other,"ROR:01yc7t268 (Washington University in St. Louis) is recorded as an affiliation of the creator 'AI-READI Consortium'. The bundle attests WashU as FAIRhub managingOrganization, study leadSponsor and l"
2026-09-04f_claude-opus-5-api-generic-v8_rep1,AI_READI,claudecode_api,full,creators[0].notes; creators[0].principal_investigator.notes; data_governance.accountable_organization.notes,low,other,"Entity names ('AI-READI Consortium', 'Aaron Lee, MD', 'Washington University in St. Louis') are carried as prose inside notes together with source commentary about how each source described the entity"
2026-09-04f_claude-opus-5-api-generic-v8_rep1,AI_READI,claudecode_api,full,ip_restrictions.restrictions[0],low,other,The entry closes with 'The healthsheet states that questions about third-party IP-based restrictions and about export controls or other regulatory restrictions are answered by reference to the license
2026-09-04f_claude-opus-5-api-generic-v8_rep1,AI_READI,claudecode_api,full,preprocessing_strategies[7],low,other,"Static watermarking of the distributed data is a dissemination and security control, not a preprocessing step applied to the raw data. The same fact is already carried at participant_privacy.privacy_t"
2026-09-04f_claude-opus-5-api-generic-v8_rep1,AI_READI,claudecode_api,full,intended_uses[2],low,other,"'Methodological demonstration of AI-ready clinical data preparation' with examples citing reuse of the project's blueprint, standards, Zenodo community and GitHub organization. The Nature Metabolism s"
2026-09-04f_claude-opus-5-api-generic-v8_rep1,AI_READI,claudecode_api,full,future_use_impacts[2].impact_details,low,dataset/release/temporal scope error,"The second half ('Multiple devices were included for one measure to enhance generalizability... and device make, model and scan modality were documented to ensure repeatability') states design mitigat"
2026-09-04f_claude-opus-5-api-generic-v8_rep1,AI_READI,claudecode_api,full,extension_mechanism,low,missing supported information,"Omitted, although the healthsheet maintenance section answers the question directly: 'No, currently there is no mechanism for others to extend or augment the AI-READI dataset outside of those who are "
2026-09-04f_claude-opus-5-api-generic-v8_rep1,AI_READI,claudecode_api,full,subpopulations[1].distribution; subpopulations[2].distribution,low,inconsistent identifier/count,Both entries set subpopulation_elements_present to false while populating distribution with participant counts. As written the object asserts both that the subpopulation is not identified in the data 
2026-09-04f_claude-opus-5-api-generic-v8_rep1,AI_READI,claudecode_api,full,description; version_access.version_details,low,dataset/release/temporal scope error,"The v3 documentation page (tier 2) states 'This documentation is associated with v3.0 of the dataset, which contains data from the participants of the pilot study phase', contradicting the FAIRhub API"
2026-09-04f_claude-opus-5-api-generic-v8_rep1,CHORUS,claudecode_api,full,distribution_formats[0].format,medium,other,"The value ""Controlled-access cloud enclave"" answers the access route, not the distribution format. The bundle explicitly pairs each data type with a distribution format (OMOP, OHNLP, DICOM, WFDB, EDF+"
2026-09-04f_claude-opus-5-api-generic-v8_rep1,CHORUS,claudecode_api,full,distribution_formats,medium,unsupported claim,Omission the bundle clearly supports: the webinar data-inventory table states a distinct data standard per modality (Demographics/medications/procedures/flowsheets/diagnoses = OMOP; clinical notes = O
2026-09-04f_claude-opus-5-api-generic-v8_rep1,CHORUS,claudecode_api,full,updates.frequency,medium,other,"The value states that the documentation is absent (""the documents do not state a release cadence for the dataset itself"") rather than answering the field. Keep only the attested part (sites provide re"
2026-09-04f_claude-opus-5-api-generic-v8_rep1,CHORUS,claudecode_api,full,existing_uses[0].examples[1],medium,dataset/release/temporal scope error,"Tense/subject error: cohort 2 of the AIM-AHEAD training program is prospective in the source (CFA released 2025-09-02, notice of award 2025-11-10, program start 2025-11-17). Stating that cohort 2 ""use"
2026-09-04f_claude-opus-5-api-generic-v8_rep1,CHORUS,claudecode_api,full,instances[1].data_substrate,low,unsupported claim,`B2AI_SUBSTRATE:37` (Relational Database) is not attested. The bundle says only that EHR data are standardized to the OMOP Common Data Model and reported as 1.6 billion rows; it never names a storage 
2026-09-04f_claude-opus-5-api-generic-v8_rep1,CHORUS,claudecode_api,full,status,low,other,"The slot takes a short status token (draft, published, deprecated). The value is a two-sentence interpretive paragraph that also restates release-progress facts already carried in `updates` and `descr"
2026-09-04f_claude-opus-5-api-generic-v8_rep1,CHORUS,claudecode_api,full,labeling_strategies[0].labeling_details,low,other,"Trailing clause states what the documents do not report (""do not report labels present in the current release""). The planned-capability framing is correct; move the absence statement to `source_caveat"
2026-09-04f_claude-opus-5-api-generic-v8_rep1,CHORUS,claudecode_api,full,splits[0].split_details,low,dataset/release/temporal scope error,"Same pattern: the details field ends with an absence statement (""do not report the size or availability of the holdout partition""). Move to `source_caveats`; retain only the attested plan, in the sour"
2026-09-04f_claude-opus-5-api-generic-v8_rep1,CHORUS,claudecode_api,full,creators,low,inconsistent identifier/count,"Internal inconsistency in modeling: Eric Rosenthal is expressed via a nested `principal_investigator` Person object with no Creator-level `name`, while the five other named leadership-team members are"
2026-09-04f_claude-opus-5-api-generic-v8_rep1,CHORUS,claudecode_api,full,"instances[*].id, acquisition_methods[*].id, collection_mechanisms[*].id, subpopulations[*].id, creators[*].id, external_resources[*].id, intended_uses[*].id, existing_uses[*].id, ethical_reviews[*].id, preprocessing_strategies[*].id, cleaning_strategies[*].id, sampling_strategies[*].id, data_collectors[*].id, maintainers[*].id, funders[*].id",low,inconsistent identifier/count,"Minted fragment identifiers on classes whose digest does not require `id`, and which no other value in the record points at. Per the minting rule, an identifier nothing references is noise. Retain min"
2026-09-04f_claude-opus-5-api-generic-v8_rep1,CHORUS,claudecode_api,full,"instances[2].missing_information[0].why_missing, instances[4].missing_information[0].why_missing",low,other,Shape risk: `why_missing` is emitted as a list. The digest does not mark MissingInfo.why_missing multivalued. Verify against the schema and collapse to a scalar string if it is single-valued.
2026-09-04f_claude-opus-5-api-generic-v8_rep1,CHORUS,claudecode_api,full,human_subject_research.special_populations,low,other,Shape risk: emitted as a list; the digest does not state multivalency for `special_populations` (or `regulatory_compliance`). Verify and collapse if single-valued. The content itself (PICU/NICU admiss
2026-09-04f_claude-opus-5-api-generic-v8_rep1,CHORUS,claudecode_api,full,at_risk_populations.at_risk_groups_included,low,unsupported claim,"The boolean is an inference: the bundle states PICU and NICU admissions but never characterizes the cohort as including at-risk or vulnerable populations, and states nothing about assent, guardian con"
2026-09-04f_claude-opus-5-api-generic-v8_rep1,VOICE,claudecode_api,full,ethical_reviews[1].reviewing_organization,medium,unsupported claim,"""Bridge2AI-Voice ethics working group"" names a body the bundle never names. The documentation attests only a published memorandum on ethical justification for controlled access and that ""sensitive fie"
2026-09-04f_claude-opus-5-api-generic-v8_rep1,VOICE,claudecode_api,full,at_risk_populations.at_risk_groups_included,medium,unsupported claim,"Asserted false, which the bundle does not support and the record's own content works against: the adult cohorts include cognitive impairment, Alzheimer's/other dementia and mood/psychiatric diagnoses,"
2026-09-04f_claude-opus-5-api-generic-v8_rep1,VOICE,claudecode_api,full,conforms_to / conforms_to_standard,medium,dataset/release/temporal scope error,"BIDS v1.9.0 is attributed to this release, but the passage supporting it (""The raw audio files and the questionnaire data ... were converted to be compliant with the Brain Imaging Data Structure v1.9."
2026-09-04f_claude-opus-5-api-generic-v8_rep1,VOICE,claudecode_api,full,data_governance.committee_contact,medium,inconsistent identifier/count,"A Person-ranged slot holds an office: name ""Bridge2AI-Voice Data Access Compliance Office"", with a minted id of the form <record-id>#person-daco-access-committee. The fragment asserts a person where t"
2026-09-04f_claude-opus-5-api-generic-v8_rep1,VOICE,claudecode_api,full,ethical_reviews[0].contact_person,low,unsupported claim,"Yael Bensoussan is given as the contact person for the USF IRB review. The bundle attests her as principal investigator and corresponding author, not as the contact for the ethical review; the attribu"
2026-09-04f_claude-opus-5-api-generic-v8_rep1,VOICE,claudecode_api,full,at_risk_populations.guardian_consent,low,dataset/release/temporal scope error,"The value opens ""Not applicable to this cohort"" — a statement that the field does not apply rather than an answer to it, followed by protocol language about pediatric participants who are excluded fro"
2026-09-04f_claude-opus-5-api-generic-v8_rep1,VOICE,claudecode_api,full,preprocessing_strategies[7],low,dataset/release/temporal scope error,"The BIDS-conversion step carries the same scoping defect as conforms_to: the cited passage describes preparation of the raw audio dataset, not the processing chain that produced the released features,"
2026-09-04f_claude-opus-5-api-generic-v8_rep1,VOICE,claudecode_api,full,subsets,low,missing supported information,Emitted as an empty list. An empty multivalued slot carries no information and is indistinguishable in effect from omission while reading as a populated slot; omit it.
2026-09-04f_claude-opus-5-api-generic-v8_rep1,VOICE,claudecode_api,full,creators[15].description / creators[15].source_caveats,low,unsupported claim,"""the version 3.1.0 release credits roughly 120 named authors"" and ""approximately 120 names"" are counts the record obtained by enumerating the PhysioNet author list. No source states any author total. "
2026-09-04f_claude-opus-5-api-generic-v8_rep1,VOICE,claudecode_api,full,updates.frequency,low,dataset/release/temporal scope error,"""Semi-annual"" states a plan as a present cadence. The supporting passage is prospective — ""further versions of the dataset will be released on a semi-annual (twice a year) basis"" — and appears in docu"
2026-09-04f_claude-opus-5-api-generic-v8_rep1,VOICE,claudecode_api,full,"prohibited_uses[0].prohibition_reason, prohibited_uses[1].prohibition_reason",low,other,"Both values state what is forbidden (""Attempting to re-identify research participants ... is not permitted""; ""Any purpose that could foreseeably cause harm or stigmatization ... is not permitted"") rat"
2026-09-04f_claude-opus-5-api-generic-v8_rep1,VOICE,claudecode_api,full,related_datasets[*].target_dataset,low,inconsistent identifier/count,"Identifier form varies within a single slot: bare DOI strings (""10.13026/k81f-qr68"", ""10.13026/h995-bt35"", ""10.21437/Interspeech.2024-1926"") alongside a resolver URL (https://www.synapse.org/Synapse:s"
2026-09-04f_claude-opus-5-api-generic-v8_rep1,VOICE,claudecode_api,full,distribution_formats[2].format,low,missing supported information,"The Parquet entry omits `format` and carries the format name only inside prose, while the sibling TSV and JSON entries populate `format` and `media_type`. Nothing in the schema digest constrains Distr"
2026-09-04f_claude-opus-5-api-generic-v8_rep1,VOICE,claudecode_api,full,data_protection_impacts,low,missing supported information,"Omitted although the documentation answers the question directly: ""Has an analysis of the potential impact of the dataset and its use on data subjects been conducted? No."" This is an attested governan"
2026-09-04f_claude-opus-5-api-generic-v8_rep1,VOICE,claudecode_api,full,last_updated_on,low,unsupported claim,Set to the version 3.1.0 publication date. No source states a modification date for the release; the value duplicates `issued` by inference.
2026-09-04f_claude-opus-5-api-generic-v8_rep2,CHORUS,claudecode_api,full,preprocessing_strategies[2].preprocessing_details,medium,unsupported claim,"States ""de-identification tooling for imaging (CTP-deid)"". The bundle lists the repository only as ""CTP-deid Public"" with no description, no modality and no stated role in the pipeline; attributing im"
2026-09-04f_claude-opus-5-api-generic-v8_rep2,CHORUS,claudecode_api,full,data_governance.committee_contact.affiliation[0].name,medium,unsupported claim,"Affiliation ""Tufts Medicine"" is inferred from the email domain tuftsmedicine.org. The bundle names Jared Houghtaling only as a webinar lecturer under host ""Tufts"" and gives his email; it never states "
2026-09-04f_claude-opus-5-api-generic-v8_rep2,CHORUS,claudecode_api,full,subsets[*].conforms_to / subsets[*].description,medium,inconsistent identifier/count,"Internal inconsistency with the record's own source_caveats. The caveat states that the webinar data-type table is interleaved ""in a way that does not permit reliable assignment"" of the metadata colum"
2026-09-04f_claude-opus-5-api-generic-v8_rep2,CHORUS,claudecode_api,full,existing_uses[1].examples,medium,dataset/release/temporal scope error,"A planned program is written as a current use. The source is a 9 September 2025 informational webinar describing Cohort 2 with a 26 September 2025 application deadline, notice of award 10 November 202"
2026-09-04f_claude-opus-5-api-generic-v8_rep2,CHORUS,claudecode_api,full,ethical_reviews[0].reviewing_organization,medium,other,"""CHoRUS Ethics pillar (Ethical and Trustworthy AI)"" is a project workstream named in the NIH abstract, not a reviewing body; the bundle documents no IRB, ethics committee or compliance certification. "
2026-09-04f_claude-opus-5-api-generic-v8_rep2,CHORUS,claudecode_api,full,labeling_strategies[0].labeling_details,medium,dataset/release/temporal scope error,"Populated with a plan rather than a labeling procedure applied to the data: ""plans a visualization and annotation environment that will label data with targets important for prediction"". No annotation"
2026-09-04f_claude-opus-5-api-generic-v8_rep2,CHORUS,claudecode_api,full,maintainers[0].maintainer_details,low,other,"Two distinct entities are collapsed: the consortium and a named individual, Ciera McCrary (MGH, Program Manager, contact address as published on the project website), who is described inside another o"
2026-09-04f_claude-opus-5-api-generic-v8_rep2,CHORUS,claudecode_api,full,external_resources[0..2].description,low,missing supported information,"The resource URLs (https://chorus4ai.org/, https://github.com/chorus-ai, www.bridge2ai.org/chorus) are embedded in free-text description while the class's own `external_resources` field is left empty,"
2026-09-04f_claude-opus-5-api-generic-v8_rep2,CHORUS,claudecode_api,full,status,low,inconsistent identifier/count,"Holds a two-clause narrative (""Released to approved users under controlled access; data acquisition, standardization and modality expansion ongoing within the NIH project period 2022-09-01 through 202"
2026-09-04f_claude-opus-5-api-generic-v8_rep2,CHORUS,claudecode_api,full,notes,low,other,"Records the project website's site-wide banner about review ""in compliance with Administration directives"". This is an observation about the source page and its transcription rather than residual data"
2026-09-04f_claude-opus-5-api-generic-v8_rep2,CHORUS,claudecode_api,full,instances[1].counts,low,inconsistent identifier/count,"1600000000 is a unit expansion of the website's ""1.6 Billion Rows of EHR OMOP data"", an approximate reported magnitude rendered as an exact integer without noting the rendering. Repair: note in the en"
2026-09-04f_claude-opus-5-api-generic-v8_rep2,CHORUS,claudecode_api,full,is_deidentified.identifiable_elements_present,low,other,"Supported omission. The bundle states that clinical note text remains stored locally at contributing sites (only tokens shared) and that imaging de-identification was ""in process"" for the larger cohor"
2026-09-04f_claude-opus-5-api-generic-v8_rep2,CHORUS,claudecode_api,full,preprocessing_strategies[4].preprocessing_details,low,other,"Bridges two sources: the GitHub repository description (""Open source code to geocode OMOP Location entities via DeGauss"") and the NIH abstract's stated aim to ""ensure that data elements feature approp"
2026-09-04f_claude-opus-5-api-generic-v8_rep2,CHORUS,claudecode_api,full,"distribution_formats[0].format, distribution_formats[1].format",low,other,"""OMOP Common Data Model tables"" and ""OHNLP tokenized clinical notes"" name a data model and a content type rather than a distribution format; the bundle states no file format, media type or packaging f"
2026-09-04f_claude-opus-5-api-generic-v8_rep2,CHORUS,claudecode_api,full,data_governance.access_review_process,low,other,"The second access-request contact stated in the GitHub README (dbold@emory.edu) appears only inside prose, while committee_contact carries the other contact as a structured Person. One of two co-equal"
2026-09-04f_claude-opus-5-api-generic-v8_rep2,VOICE,claudecode_api,full,at_risk_populations.guardian_consent,major,dataset/release/temporal scope error,The referent is the adult release (eligibility 18-120 years; the record itself states 'Pediatric enrollment is outside this adult dataset'). The guardian-consent provision quoted comes from the umbrel
2026-09-04f_claude-opus-5-api-generic-v8_rep2,VOICE,claudecode_api,full,at_risk_populations.special_protections,minor,other,"Bullet 1 ('the approved protocol provides for signed assent for children or for adults unable to consent') describes the umbrella protocol, not this dataset. Bullet 2 correctly scopes the adult releas"
2026-09-04f_claude-opus-5-api-generic-v8_rep2,VOICE,claudecode_api,full,at_risk_populations.at_risk_groups_included,minor,unsupported claim,"No source classifies this dataset's participants as an at-risk population. The IRB protocol's vulnerable-populations section concerns pediatric participants only, and the healthsheet makes no such cla"
2026-09-04f_claude-opus-5-api-generic-v8_rep2,VOICE,claudecode_api,full,content_warnings,minor,dataset/release/temporal scope error,"content_warnings_present: true rests on the healthsheet warning about free-speech transcriptions, but the same bundle records that transcripts of free speech audio were removed at v1.1 and that spectr"
2026-09-04f_claude-opus-5-api-generic-v8_rep2,VOICE,claudecode_api,full,related_datasets[*].target_dataset,minor,inconsistent identifier/count,"All four values are descriptive prose (title, version, DOI and, in the fourth, an access route and Synapse accession embedded in a sentence) rather than the identifier the slot asks for. Reduce each t"
2026-09-04f_claude-opus-5-api-generic-v8_rep2,VOICE,claudecode_api,full,preprocessing_strategies[2],minor,dataset/release/temporal scope error,"The BIDS v1.9.0 conversion described (folder layout b2ai-voice-audio with sub-<participant_id>/ses-<...>/audio/*.wav) is the layout of the audio dataset, which is not part of this release. Presenting "
2026-09-04f_claude-opus-5-api-generic-v8_rep2,VOICE,claudecode_api,full,ethical_reviews[1],minor,other,"The Canadian research ethics board entry describes the umbrella protocol's Canadian arm and the separate genomic protocol, neither of which governs this adult PhysioNet release; the tier-1 source stat"
2026-09-04f_claude-opus-5-api-generic-v8_rep2,VOICE,claudecode_api,full,collection_timeframes[0].timeframe_details,minor,dataset/release/temporal scope error,"The twelve-month duration is taken from the healthsheet, which is written against an earlier release (its study-metadata section refers to v2.0.0 and its de-identification section to v3.0.0). Applying"
2026-09-04f_claude-opus-5-api-generic-v8_rep2,VOICE,claudecode_api,full,license_and_use_terms.license_terms,minor,dataset/release/temporal scope error,The value runs the credentialed-access policy of v3.1.0 together with the registered-access process described in the tier-2 documentation and used for v1.1 ('Only registered users who sign the specifi
2026-09-04f_claude-opus-5-api-generic-v8_rep2,VOICE,claudecode_api,full,splits[0].split_details,minor,other,"The value records that no recommended splits exist rather than describing a split strategy. This is the pattern of answering a field with an absence. Either drop the slot or, if retained, keep only th"
2026-09-04f_claude-opus-5-api-generic-v8_rep2,VOICE,claudecode_api,full,external_resources[0].future_guarantees,minor,other,"The value reports that the healthsheet 'answers ""not applicable""' to the guarantees question rather than answering the field. Replace with the substantive position (no guarantees of persistence are of"
2026-09-04f_claude-opus-5-api-generic-v8_rep2,VOICE,claudecode_api,full,existing_uses[0].notes,minor,unsupported claim,'Bridge2AI Voice Scholars program' is a name the bundle does not state; the documentation gives only the URL https://www.b2aivoicescholars.org/ under 'Training opportunities for using the dataset'. Ei
2026-09-04f_claude-opus-5-api-generic-v8_rep2,VOICE,claudecode_api,full,maintainers[1],minor,unsupported claim,"Two unsupported elements. The bundle names DACO as the access-review committee for raw audio; it does not say DACO curates the dataset (the curator contact in the healthsheet is redacted), so 'Curates"
2026-09-04f_claude-opus-5-api-generic-v8_rep2,VOICE,claudecode_api,full,regulatory_restrictions.confidentiality_level / regulatory_restrictions.hipaa_compliant,minor,unsupported claim,"Both are classifications no source states in those terms. 'restricted' is inferred from the credentialed access policy, and 'compliant' from the healthsheet's 'Does this dataset apply the HIPAA de-ide"
2026-09-04f_claude-opus-5-api-generic-v8_rep2,VOICE,claudecode_api,full,conforms_to / conforms_to_standard,info,missing supported information,"BIDS v1.9.0 is named in the bundle and the released phenotype directory mirrors the BIDS phenotype layout, so a reader may expect conforms_to_standard: BIDS. The omission is defensible because the att"
2026-09-04f_claude-opus-5-api-generic-v8_rep2,VOICE,claudecode_api,full,creators,info,other,The tier-1 PhysioNet record for 3.1.0 enumerates roughly 120 individual authors; the record represents authorship at institution and consortium granularity with two named principal investigators. This
2026-09-04f_claude-opus-5-api-generic-v8_rep3,CHORUS,claudecode_api,full,labeling_strategies[0].labeling_details,medium,dataset/release/temporal scope error,"Stated in the present tense as an existing capability (""A visualization and annotation environment labels data with targets important for prediction""). The GitHub organization overview writes this in "
2026-09-04f_claude-opus-5-api-generic-v8_rep3,CHORUS,claudecode_api,full,existing_uses[0].examples[1],medium,dataset/release/temporal scope error,"The AIM-AHEAD Bridge2AI for Clinical Care Cohort 2 program is described as an existing use with trainees who ""use the data and tools"". The bundle's webinar (September 2025) gives Program Start Date No"
2026-09-04f_claude-opus-5-api-generic-v8_rep3,CHORUS,claudecode_api,full,relationships[0].relationship_details,medium,unsupported claim,"""Modalities are linked at the level of the individual hospital admission"" is an inference the bundle does not state. The bundle reports counts in admissions and ""7,642 Admissions with Radiology Data"";"
2026-09-04f_claude-opus-5-api-generic-v8_rep3,CHORUS,claudecode_api,full,instances[9].counts,medium,inconsistent identifier/count,"counts: 7642 is attached to an instance whose instance_type is ""Radiology imaging study obtained from hospital PACS"", but the website figure counts admissions with radiology data, not imaging studies."
2026-09-04f_claude-opus-5-api-generic-v8_rep3,CHORUS,claudecode_api,full,known_biases[0],medium,other,"The entry does not state a known bias in the data; bias_description records that the consortium intends to manage bias, and the object's own source_caveats says no measured biases are reported. A Data"
2026-09-04f_claude-opus-5-api-generic-v8_rep3,CHORUS,claudecode_api,full,ethical_reviews[0].reviewing_organization,medium,other,"""CHoRUS consortium ethics pillar (Ethical and Trustworthy AI)"" is a body constructed by the record. The abstract names pillar ""2) Ethics (Ethical and Trustworthy AI)"" as a project pillar, not as a rev"
2026-09-04f_claude-opus-5-api-generic-v8_rep3,CHORUS,claudecode_api,full,data_governance.committee_contact,medium,unsupported claim,"Jared Houghtaling is attested in the GitHub overview only as an access-request contact (""Request access: dbold@emory.edu or jared.houghtaling@tuftsmedicine.org""); no committee is named in the bundle, "
2026-09-04f_claude-opus-5-api-generic-v8_rep3,CHORUS,claudecode_api,full,data_governance.committee_contact.affiliation[0].name,low,unsupported claim,"""Tufts Medicine"" is derived from the email domain tuftsmedicine.org. The bundle's webinar curriculum table lists Jared Houghtaling under host ""Tufts"", and the leadership slide names ""Tufts University"""
2026-09-04f_claude-opus-5-api-generic-v8_rep3,CHORUS,claudecode_api,full,acquisition_methods[0].was_validated_verified,low,other,"Set true on the strength of ""Validated semantic mappings"" and a ""clinical validation SOP"". Those statements concern mapping artifacts, not verification of the acquired instances. Overreach for the boo"
2026-09-04f_claude-opus-5-api-generic-v8_rep3,CHORUS,claudecode_api,full,cleaning_strategies[0].cleaning_details,low,unsupported claim,"The clause ""before data are accepted"" is not supported; the GitHub overview says only that site status updates are used ""to identify and resolve any blocking issues"" and that CHoRUSReports produces ch"
2026-09-04f_claude-opus-5-api-generic-v8_rep3,CHORUS,claudecode_api,full,preprocessing_strategies[4].preprocessing_details,low,unsupported claim,"Joins two sources: the UF-Geocoding repository description (""geocode OMOP Location entities via DeGauss"") and the award abstract's contextual factor example (""geographic distance to the nearest hospit"
2026-09-04f_claude-opus-5-api-generic-v8_rep3,CHORUS,claudecode_api,full,is_deidentified.method,low,other,"""a CTP-deid repository"" is cited as part of the de-identification method. The bundle lists CTP-deid only as a repository name with no description and no stated application to this dataset; privacy_sca"
2026-09-04f_claude-opus-5-api-generic-v8_rep3,CHORUS,claudecode_api,full,machine_annotation_tools,low,missing supported information,"Omission the bundle supports: the OHNLP toolkit is stated as the automated tool used to extract and tokenize clinical notes, and privacy_scan_tool / CTP-deid / UF-Geocoding are named automated tooling"
2026-09-04f_claude-opus-5-api-generic-v8_rep3,CHORUS,claudecode_api,full,license_and_use_terms.license_terms,low,inconsistent identifier/count,"The '.edu' email requirement and the registration/assistance narrative are access-route facts already carried, verbatim in substance, by data_governance.access_review_process. Duplicated content acros"
2026-09-04f_claude-opus-5-api-generic-v8_rep3,CHORUS,claudecode_api,full,creators[*].id,low,inconsistent identifier/count,"Six creator fragment identifiers (#creator-mgh-rosenthal etc.) are minted although no value anywhere in the record points at a creator. Under the labeling rule, an identifier nothing references is noi"
2026-09-04f_claude-opus-5-api-generic-v8_rep3,CHORUS,claudecode_api,full,creators[5].source_caveats,low,other,"The caveat text scopes the whole roster (""lists six people under the heading ... only Eric Rosenthal is independently attested as principal investigator"") but is attached to the Manlik Kwong entry alo"
2026-09-04f_claude-opus-5-api-generic-v8_rep3,CHORUS,claudecode_api,full,instances[1].counts,low,inconsistent identifier/count,"1600000000 is a numeric expansion of the website's ""1.6 Billion Rows of EHR OMOP data"". The conversion is faithful but is the record's own computation from a rounded figure; the derivation is not anno"
2026-09-04f_claude-opus-5-api-generic-v8_rep3,CHORUS,claudecode_api,full,known_limitations[4].limitation_description,low,dataset/release/temporal scope error,"""roughly half the anticipated final dataset"" is a ratio the record computes from 50,000 and 100,000. Both inputs are named in the same sentence, so it is traceable, but it is presented as description "
2026-09-04f_claude-opus-5-api-generic-v8_rep3,CHORUS,claudecode_api,full,description,low,dataset/release/temporal scope error,"The description states 50,000 released admissions without the source conflict recorded at instances[0].source_caveats (webinar: ""over 45K unique admissions"" as of August 2025). Internal inconsistency "
2026-09-04f_claude-opus-5-api-generic-v8_rep3,CHORUS,claudecode_api,full,distribution_formats[*].notes,low,other,"Several notes carry access-control facts (""held under controlled access in the cloud enclave"", ""under controlled access"") that answer the governance/regulatory fields rather than the distribution-form"
2026-09-04f_claude-opus-5-api-generic-v8_rep3,CHORUS,claudecode_api,full,creators[*].affiliations[*].name / *.affiliation[*].name,low,inconsistent identifier/count,Organization objects are populated with a `name` key. The supplied schema digest lists only `notes` and `source_caveats` (plus `id`) for Organization; if `name` is not inherited in the target schema t
2026-09-04f_claude-opus-5-api-generic-v8_rep3,CHORUS,claudecode_api,full,related_datasets,low,missing supported information,"Omitted, though the bundle states CHoRUS is ""one data generation project of four in the ... Bridge2AI consortium"" and collaborates with ""3 other data generation projects"". These are sibling projects r"
2026-09-04f_claude-opus-5-api-generic-v8_rep3,VOICE,claudecode_api,full,conforms_to / conforms_to_standard,medium,dataset/release/temporal scope error,BIDS v1.9.0 conformance is asserted for the referent (the PhysioNet v3.1.0 featurized release). The bundle attributes BIDS conversion only to the audio-plus-questionnaire distribution organized under 
2026-09-04f_claude-opus-5-api-generic-v8_rep3,VOICE,claudecode_api,full,preprocessing_strategies[6],medium,other,"Same misattribution as `conforms_to`: the BIDS conversion step with per-participant/per-session WAV directories and JSON sidecars describes the raw-audio distribution, not the featurized release this "
2026-09-04f_claude-opus-5-api-generic-v8_rep3,VOICE,claudecode_api,full,distribution_formats[1],medium,inconsistent identifier/count,'Controlled access raw audio distribution' with the Synapse access URL is a distribution route for a different resource. The record's own referent decision excludes raw waveforms (they appear correctl
2026-09-04f_claude-opus-5-api-generic-v8_rep3,VOICE,claudecode_api,full,prohibited_uses[0..2].prohibition_reason,medium,other,"Each entry places the prohibited use itself in `prohibition_reason` ('Attempting to re-identify research participants ... is not permitted'), leaving the reason unstated. The field asks why the use is"
2026-09-04f_claude-opus-5-api-generic-v8_rep3,VOICE,claudecode_api,full,data_protection_impacts[0],medium,missing supported information,"The single entry states that no impact analysis has been conducted. This is a value recording the absence of documentation rather than an answer to the field; the slot should be omitted, with the fact"
2026-09-04f_claude-opus-5-api-generic-v8_rep3,VOICE,claudecode_api,full,errata[0],medium,other,The first entry states 'There is no erratum' and points to a changelog published elsewhere — an absence-plus-pointer occupying a list slot. The second entry carries the actual corrections and is suffi
2026-09-04f_claude-opus-5-api-generic-v8_rep3,VOICE,claudecode_api,full,at_risk_populations.at_risk_groups_included,medium,unsupported claim,"Set to false, but the record's own `subsets` include a neurological cohort of participants with mild cognitive impairment, Alzheimer's disease and other dementias, and a mood and psychiatric cohort. T"
2026-09-04f_claude-opus-5-api-generic-v8_rep3,VOICE,claudecode_api,full,collection_mechanisms[3],medium,dataset/release/temporal scope error,The Bridge2AI Voice Web app and iOS app remote-collection mechanism is stated as a collection mechanism for this dataset. The tier-1 PhysioNet methods state collection was conducted on a tablet with a
2026-09-04f_claude-opus-5-api-generic-v8_rep3,VOICE,claudecode_api,full,collection_consents[0],medium,dataset/release/temporal scope error,The entry ends with pediatric parental consent and child assent procedures. Pediatric participants are not in this dataset (minimum enrollment age 18); those procedures are facts about the separate pe
2026-09-04f_claude-opus-5-api-generic-v8_rep3,VOICE,claudecode_api,full,sampling_strategies[0].strategies,low,unsupported claim,"Recruitment flyers with QR codes, waiting-room recruitment, social media platforms and FlowTrials are IRB-protocol-approved recruitment methods (tier 2, forward-looking across four study phases), not "
2026-09-04f_claude-opus-5-api-generic-v8_rep3,VOICE,claudecode_api,full,collection_timeframes[0].timeframe_details,low,dataset/release/temporal scope error,"Mixes three different things in one value: the twelve-month collection statement, the NIH award period (2022-09-01 to 2026-11-30, a funding fact, not a collection timeframe), and the protocol's four-p"
2026-09-04f_claude-opus-5-api-generic-v8_rep3,VOICE,claudecode_api,full,other_tasks[0].task_details,low,other,Does not name any additional task the dataset may support; it restates the absence of predefined splits (already carried in `splits`) plus the labeling-documentation guidance (already carried in `labe
2026-09-04f_claude-opus-5-api-generic-v8_rep3,VOICE,claudecode_api,full,known_biases[0..2].affected_subsets,low,inconsistent identifier/count,"Values are prose ('All disease cohorts', 'Recordings grouped by collection site') while the record mints five `DataSubset` identifiers that nothing else points at. Where a bias affects a named subset,"
2026-09-04f_claude-opus-5-api-generic-v8_rep3,VOICE,claudecode_api,full,creators[*] / distribution_formats[*] / external_resources[*] / variables[*],low,other,"These entries carry `name` and/or `description` keys, which the supplied schema digest does not list for Creator, DistributionFormat, ExternalResource or VariableMetadata (unlike FileCollection, File "
2026-09-04f_claude-opus-5-api-generic-v8_rep3,VOICE,claudecode_api,full,publisher,low,unsupported claim,"`https://physionet.org/` is supplied as publisher. The bundle names PhysioNet as the hosting platform and as the journal field of the citation, but never states a publisher explicitly; the platform is"
2026-09-04f_claude-opus-5-api-generic-v8_rep3,VOICE,claudecode_api,full,machine_annotation_tools[0].tool_accuracy,low,inconsistent identifier/count,"The value states that off-the-shelf models were not audited for correctness — an absence of accuracy information rather than an accuracy figure. Acceptable as a quality caveat, but it belongs in `note"
2026-09-04g_claude-opus-5-api-generic-v8_rep1,AI_READI,claudecode_api,full,conforms_to_standard,high,other,"Values `CDS` and `DICOM` are not members of the DataStandardEnum declared in the schema digest. Permitted values are DICOM? — the digest lists `DICOM`, `BIDS`, `OMOP_CDM`, `WFDB`, `OPEN_MHEALTH`, `ESD"
2026-09-04g_claude-opus-5-api-generic-v8_rep1,AI_READI,claudecode_api,full,distribution_formats[0].format,high,missing supported information,"`format` on DistributionFormat is not enum-constrained in the digest (only File.format is), so `application/dicom` is permissible as a string; however `application/dicom` is a media type written into "
2026-09-04g_claude-opus-5-api-generic-v8_rep1,AI_READI,claudecode_api,full,prohibited_uses[*].description,medium,inconsistent identifier/count,"`ProhibitedUse` as given in the schema digest accepts only `notes`, `prohibition_reason`, `source_caveats` (plus `id`, `used_software`). `description` is not a declared key on ProhibitedUse in the dig"
2026-09-04g_claude-opus-5-api-generic-v8_rep1,AI_READI,claudecode_api,full,sensitive_elements[0],medium,missing supported information,"The `notes` field describes the controlled-access distribution (zip code, sex, race, ethnicity, genetic sequencing data, past health records, medications, traffic and accident reports). That is a diff"
2026-09-04g_claude-opus-5-api-generic-v8_rep1,AI_READI,claudecode_api,full,total_file_count / total_size_bytes,medium,other,"Both are stated as the referent's values sourced from FAIRhub, which is correct; but the derived cross-check figures (356,334 files; 3,815,969,360,064 bytes) appear only inside `source_caveats` prose."
2026-09-04g_claude-opus-5-api-generic-v8_rep1,AI_READI,claudecode_api,full,file_collections[9].resources,medium,inconsistent identifier/count,"The nine root metadata File entries are receipted collectively by the dataset_structure_description metadataFileList passage, which does name each file individually, so per-entry receipts exist. Howev"
2026-09-04g_claude-opus-5-api-generic-v8_rep1,AI_READI,claudecode_api,full,related_datasets[2],medium,unsupported claim,"`target_dataset: AI-READI mini-subset version of the dataset` is a prose label, not an identifier. The slot's companion values in this list are DOIs. The bundle gives no identifier for the mini-subset"
2026-09-04g_claude-opus-5-api-generic-v8_rep1,AI_READI,claudecode_api,full,external_resources[*],low,inconsistent identifier/count,"Several entries carry only `name` and `description`; the ExternalResource class declares `archival`, `future_guarantees`, `restrictions` and `external_resources`. The bundle supports `archival`/`futur"
2026-09-04g_claude-opus-5-api-generic-v8_rep1,AI_READI,claudecode_api,full,instances[0].data_substrate,low,other,"Omitted. The bundle states the release encompasses tabular data, imaging data and physiological signal/waveform data across DICOM, CSV, JSON and waveform formats — multiple substrates, no single fitti"
2026-09-04g_claude-opus-5-api-generic-v8_rep1,AI_READI,claudecode_api,full,annotation_analyses / labeling_strategies / machine_annotation_tools,low,missing supported information,All omitted. The healthsheet states repeatedly 'N/A - no labels are provided' and 'no labeling was performed'. Omission is the correct representation of an absent activity rather than populating a slo
2026-09-04g_claude-opus-5-api-generic-v8_rep1,AI_READI,claudecode_api,full,errata,low,other,"Omitted. The healthsheet's erratum question has an empty response, which is an absent answer rather than an assertion that no errata exist. Omission is correct. Informational."
2026-09-04g_claude-opus-5-api-generic-v8_rep1,AI_READI,claudecode_api,full,use_repository / existing_uses,low,missing supported information,Both omitted. The healthsheet answers 'No' to whether the dataset has been used for any tasks already and 'No' to whether a repository links to papers using the dataset. Omission correctly avoids popu
2026-09-04g_claude-opus-5-api-generic-v8_rep1,AI_READI,claudecode_api,full,extension_mechanism,low,missing supported information,Omitted. The healthsheet states 'currently there is no mechanism for others to extend or augment the AI-READI dataset outside of those who are involved in the project'. This is a stated fact about gov
2026-09-04g_claude-opus-5-api-generic-v8_rep1,AI_READI,claudecode_api,full,data_protection_impacts,low,missing supported information,"Omitted. The healthsheet states 'No, a data protection impact analysis has not been conducted.' Correctly omitted rather than populated with a statement of absence. Informational."
2026-09-04g_claude-opus-5-api-generic-v8_rep1,AI_READI,claudecode_api,full,imputation_protocols / missing_data_documentation,low,missing supported information,"`missing_data_documentation` is omitted while the bundle supports it: the healthsheet and RO-Crate both state the causes of missing data (participants declining elements, device failure, battery death"
2026-09-04g_claude-opus-5-api-generic-v8_rep1,AI_READI,claudecode_api,full,created_on / last_updated_on,low,missing supported information,"Both omitted. The FAIRhub API gives `created_at: 1763366400` for the version record, which corresponds to the publication date already carried in `issued`. Omission avoids restating one fact as two; d"
2026-09-04g_claude-opus-5-api-generic-v8_rep1,AI_READI,claudecode_api,full,was_derived_from,low,missing supported information,Omitted. The release derives from prospectively collected study data rather than from a prior resource; the version lineage is carried in `related_datasets`. Correct omission. Informational.
2026-09-04g_claude-opus-5-api-generic-v8_rep1,AI_READI,claudecode_api,full,discouraged_uses,low,missing supported information,"Omitted while `prohibited_uses` is populated. The healthsheet's question on discouraged usage answers by pointing to the license restrictions, which are captured as prohibitions. Correctly routed to t"
2026-09-04g_claude-opus-5-api-generic-v8_rep1,AI_READI,claudecode_api,full,funders[0].notes,low,other,"The note explains that the BMJ protocol lists three grants while FAIRhub and the RO-Crate record only OT2OD032644. This is source commentary in `notes` on a FundingMechanism, which the class accepts, "
2026-09-04g_claude-opus-5-api-generic-v8_rep1,AI_READI,claudecode_api,full,purposes[3],low,other,Reads 'To create a model for developing large scalable datasets and to increase access to and quality of AI/ML research by recruiting and training personnel...'. The recruiting-and-training-personnel 
2026-09-04g_claude-opus-5-api-generic-v8_rep1,AI_READI,claudecode_api,full,data_governance.notes,low,dataset/release/temporal scope error,The note states the Data Access Committee 'were being developed' requirements and that biorepository request procedures 'would be developed'. These are future/in-progress statements from the tier-3 BM
2026-09-04g_claude-opus-5-api-generic-v8_rep1,AI_READI,claudecode_api,full,subpopulations[0].subpopulation_elements_present,low,other,"Set to `false` for race/ethnicity while `distribution` gives per-group counts (380 Hispanic, 545 Asian, 519 Black, 836 White). The counts come from the README split table, which reports them for the r"
2026-09-04g_claude-opus-5-api-generic-v8_rep1,AI_READI,claudecode_api,full,license,low,dataset/release/temporal scope error,"`license: AI-READI custom license v2.0` follows the tier-1 FAIRhub API `rightsName`, and the disagreement with the FAIRhub page's 'Health Data License' is disclosed in `source_caveats` with both value"
2026-09-04g_claude-opus-5-api-generic-v8_rep1,AI_READI,claudecode_api,full,publisher,low,inconsistent identifier/count,"`publisher: https://fairhub.io/` is a URL in a slot declared `uriorcurie`. The bundle states `publisherName: FAIRhub`, a name for which no registry prefix is given in the sources. A resolvable URL is "
2026-09-04g_claude-opus-5-api-generic-v8_rep1,AI_READI,claudecode_api,full,instances[0].data_topic,low,other,"`B2AI_TOPIC:43` (Diabetes) is one topic for a release spanning ophthalmic imaging, mHealth, waveform, environment and SDoH. The slot is single-valued on Instance so one term must be chosen, and diabet"
2026-09-04g_claude-opus-5-api-generic-v8_rep1,CM4AI,claudecode_api,full,sampling_strategies[1].strategies,low,other,"The entry states 'Expressed genome-scale CRISPRi perturbation in undifferentiated KOLF2.1J iPSCs, covering 11,739 targeted genes rather than a sampled subset' with is_sample: false. The bundle's Octob"
2026-09-04g_claude-opus-5-api-generic-v8_rep1,CM4AI,claudecode_api,full,sampling_strategies[0].strategies,low,inconsistent identifier/count,The second strategy cites 'Perturb-seq of 200 genes in the triple-negative breast cancer cell line and immunofluorescence imaging of 523 proteins' from the CM4AI project portal's flagship-dataset pane
2026-09-04g_claude-opus-5-api-generic-v8_rep1,CM4AI,claudecode_api,full,ethical_reviews[0].contact_person.affiliation,low,missing supported information,The Ravitsky entry omits `affiliation` while the parallel Bélisle-Pipon entry populates it. The bundle attests 'Ravitsky V (University of Montreal)' in the author list of the same release record from 
2026-09-04g_claude-opus-5-api-generic-v8_rep1,CM4AI,claudecode_api,full,notes,low,unsupported claim,The sentence 'these are project-level totals across all CM4AI data streams and are not counts for this release alone' is the record's own inference. The portal presents the Data Insights figures witho
2026-09-04g_claude-opus-5-api-generic-v8_rep1,CM4AI,claudecode_api,full,human_subject_research.ethics_review_board,low,other,The value is a statement about what the release record does not identify ('no IRB or ethics committee is identified in the release record') rather than a name of an ethics review board. This is a valu
2026-09-04g_claude-opus-5-api-generic-v8_rep1,CM4AI,claudecode_api,full,data_governance.notes,low,dataset/release/temporal scope error,The notes state 'a Data Access Committee will supervise ethical matters related to dataset distribution and potential dual licensing for commercial use; that is stated there as a planned arrangement.'
2026-09-04g_claude-opus-5-api-generic-v8_rep2,AI_READI,claudecode_api,full,publisher,medium,inconsistent identifier/count,"Unrecorded tier-1 disagreement. The FAIRhub API gives `publisher.publisherName = ""FAIRhub""` while the RO-Crate (same tier) gives `""publisher"": ""AI-READI Consortium""`. The record silently selects FAIRh"
2026-09-04g_claude-opus-5-api-generic-v8_rep2,AI_READI,claudecode_api,full,prohibited_uses[0..7].prohibition_reason,medium,other,"All eight entries state the prohibition itself rather than the reason for it (""The license forbids making clinical treatment decisions based on the Data, as it is intended solely as a research resourc"
2026-09-04g_claude-opus-5-api-generic-v8_rep2,AI_READI,claudecode_api,full,extension_mechanism.extension_details,medium,other,"The value states that the field's subject does not exist rather than answering the field: ""There is currently no mechanism for others to extend or augment the AI-READI dataset outside of those who are"
2026-09-04g_claude-opus-5-api-generic-v8_rep2,AI_READI,claudecode_api,full,sensitive_elements[1],medium,dataset/release/temporal scope error,"The entry sets `sensitive_elements_present: true` for the controlled-access tier — racial and ethnic origins, 5-digit zip code, motor vehicle accident reports, genetic sequencing data, past health rec"
2026-09-04g_claude-opus-5-api-generic-v8_rep2,AI_READI,claudecode_api,full,sampling_strategies[0].is_sample,medium,inconsistent identifier/count,"Internal inconsistency. `is_sample: false` (drawn from the healthsheet's ""The dataset contains all possible instances"") sits beside `why_not_representative`, `source_data` (""All patients aged 40 years"
2026-09-04g_claude-opus-5-api-generic-v8_rep2,AI_READI,claudecode_api,full,regulatory_restrictions.confidentiality_level,low,unsupported claim,"`restricted` is the record's own mapping, not a stated value: the only confidentiality level in the bundle is the RO-Crate's ""HL7:2N (normal)"". The entry's `notes` acknowledge this, but an interpretiv"
2026-09-04g_claude-opus-5-api-generic-v8_rep2,AI_READI,claudecode_api,full,conforms_to_standard[RO_CRATE],low,other,The slot's description scopes it to a standard the dataset's own content follows. The RO-Crate is a separate metadata package describing the release (obtained from a Google Drive download); no ro-crat
2026-09-04g_claude-opus-5-api-generic-v8_rep2,AI_READI,claudecode_api,full,distribution_formats[4],low,other,"The entry answers a neighbouring field: it carries no `format` or `media_type` and its `notes` open ""Access method rather than file format: the dataset is distributed through the FAIRhub platform...""."
2026-09-04g_claude-opus-5-api-generic-v8_rep2,AI_READI,claudecode_api,full,distribution_formats[3].format,low,missing supported information,"DICOM is described only in `notes` (""DICOM (application/dicom) is listed first among the dataset's distribution formats"") while `format` and `media_type` are left empty, although the FAIRhub `format` "
2026-09-04g_claude-opus-5-api-generic-v8_rep2,AI_READI,claudecode_api,full,funders[2],low,inconsistent identifier/count,"The Microsoft AI for Good Lab is recorded as a `grantor`, but the bundle states only ""We thank the Microsoft AI for Good Lab for supporting the cloud services needed for the project"" — an in-kind ackn"
2026-09-04g_claude-opus-5-api-generic-v8_rep2,AI_READI,claudecode_api,full,ethical_reviews[1].reviewing_organization,low,other,"""AI-READI ethics and bioethics team"" is a label the bundle does not use. The RO-Crate's `ethicalReview` field names four individuals — Camille Nebeker, Debra Mathews, Kadija Ferryman, Nicholas Evans —"
2026-09-04g_claude-opus-5-api-generic-v8_rep2,AI_READI,claudecode_api,full,participant_compensation[0].retention_incentives,low,other,"Both values are access accommodations, not retention incentives: reimbursement of parking, public transit or rideshare fees, and rideshare assistance ""offered to study participants who endorsed barrie"
2026-09-04g_claude-opus-5-api-generic-v8_rep2,AI_READI,claudecode_api,full,related_datasets[0..1].target_dataset,low,dataset/release/temporal scope error,"Descriptive matter is embedded inside the target-identifying value: ""...version 2.0.0 (doi:10.60775/fairhub.2, released 8 November 2024, 1,067 participants)"" and ""AI-READI mini subset for pipeline dev"
2026-09-04g_claude-opus-5-api-generic-v8_rep2,AI_READI,claudecode_api,full,creators,low,other,"Supported omission. The FAIRhub study description lists sixteen individuals under `overallOfficialList` with role ""Study Principal Investigator"", each with a name, degree, ORCID and ROR-identified aff"
2026-09-04g_claude-opus-5-api-generic-v8_rep2,AI_READI,claudecode_api,full,subpopulations[2].subpopulation_elements_present,low,inconsistent identifier/count,"Inconsistent with siblings. Entries [0] and [1] set the flag false because race/ethnicity and sex are withheld from the public release; entry [2] (diabetes severity group) leaves it unset, although di"
2026-09-04g_claude-opus-5-api-generic-v8_rep2,AI_READI,claudecode_api,full,funders[0].grants[0].notes,low,inconsistent identifier/count,"The grant note cites ""NIH RePORTER records application 10471118"" from the tier-4 project page and the README acknowledgment, but the dataset's own tier-1 funding reference gives a different award URI,"
2026-09-04g_claude-opus-5-api-generic-v8_rep2,AI_READI,claudecode_api,full,raw_data_sources[0].access_details,low,other,"""Not separately accessible; the processed participant data constitute this dataset"" states that access details do not exist rather than supplying them. Same pattern as `extension_mechanism`, though mi"
2026-09-04g_claude-opus-5-api-generic-v8_rep2,CM4AI,claudecode_api,full,instances[*].instance_details,high,inconsistent identifier/count,"`instance_details` is not a slot the schema digest declares for Instance (declared: counts, data_substrate, data_topic, instance_type, label, label_description, missing_information, notes, sampling_st"
2026-09-04g_claude-opus-5-api-generic-v8_rep2,CM4AI,claudecode_api,full,total_size_bytes,high,inconsistent identifier/count,"Internal arithmetic inconsistency. The record's own file_collections[].total_bytes values sum to 12,601,718,300 (249,100 + 12,600,000,000 + 265,700 + 103,500 + 1,100,000), and the ten File.bytes value"
2026-09-04g_claude-opus-5-api-generic-v8_rep2,CM4AI,claudecode_api,full,"creators[].name (Axelsson, Metallo)",medium,unsupported claim,Given names not present in the bundle. The bundle attests only 'Axelsson U (KTH Royal Institute of Technology)' and 'Metallo C (University of California San Diego)'; neither 'Ulrika' nor 'Christian' a
2026-09-04g_claude-opus-5-api-generic-v8_rep2,CM4AI,claudecode_api,full,source_caveats,medium,inconsistent identifier/count,Misattributed provenance for the immunofluorescence protein count. The caveat states 'the June 2025 and June 2026 releases state 464' and that 'the higher-ranked June 2026 release value (464) is used'
2026-09-04g_claude-opus-5-api-generic-v8_rep2,CM4AI,claudecode_api,full,file_collections[#collection-ifimages].description,medium,dataset/release/temporal scope error,"Description of the June 2026 image archives ('464 proteins of interest', DAPI/calreticulin/tubulin channel assignments, Lundberg Lab attribution) is copied from the October 2025 and June 2025 release "
2026-09-04g_claude-opus-5-api-generic-v8_rep2,CM4AI,claudecode_api,full,prohibited_uses[0].prohibition_reason,medium,other,The field holds the prohibition itself ('These laboratory data are not to be used in clinical decision-making…') rather than the reason for it. The prohibited use belongs in the object's description; 
2026-09-04g_claude-opus-5-api-generic-v8_rep2,CM4AI,claudecode_api,full,"preprocessing_strategies, labeling_strategies, machine_annotation_tools",medium,missing supported information,"MuSIC-pipeline stages (node2vec PPI embedding, HPA image embedding, contrastive co-embedding, multi-resolution community detection, GO/Reactome alignment, LLM assembly naming) are stated as preprocess"
2026-09-04g_claude-opus-5-api-generic-v8_rep2,CM4AI,claudecode_api,full,machine_annotation_tools[0].tools,medium,dataset/release/temporal scope error,"'DenseNet-121' is drawn from the Nature U2OS cell-map paper, which describes a different dataset. The CM4AI preprint says only 'a Human Protein Atlas deep learning model'. A method attested for anothe"
2026-09-04g_claude-opus-5-api-generic-v8_rep2,CM4AI,claudecode_api,full,citation; creators[].name (Bélisle-Pipon),low,unsupported claim,Diacritic stripped from a proper noun inside quoted material. The Dataverse citation and the preprint both write 'Bélisle-Pipon'; the record writes 'Belisle-Pipon' in the verbatim citation string and 
2026-09-04g_claude-opus-5-api-generic-v8_rep2,CM4AI,claudecode_api,full,data_governance.committee_name and .access_review_process,low,dataset/release/temporal scope error,Two small overreaches. 'CM4AI Data Access Committee' is a constructed name — the release page labels the field 'Data Governance Committee' and the preprint refers to 'A Data Access Committee' without 
2026-09-04g_claude-opus-5-api-generic-v8_rep2,CM4AI,claudecode_api,full,related_datasets[].target_dataset,low,inconsistent identifier/count,Identifier form is inconsistent with the rest of the record. All six targets are written as doi.org resolver URLs while version_access.latest_version_doi correctly uses the CURIE form (doi:10.18130/V3
2026-09-04g_claude-opus-5-api-generic-v8_rep2,CM4AI,claudecode_api,full,creators[].affiliations[].id,low,other,"Supported omission. The June 2026 release page states the ROR identifier https://ror.org/0153tk833 for the University of Virginia affiliations (Clark, Al Manir, Levinson, Niestroy, Ratcliffe). The bun"
2026-09-04g_claude-opus-5-api-generic-v8_rep2,CM4AI,claudecode_api,full,description,low,dataset/release/temporal scope error,The closing sentence about RO-Crate packaging with provenance graphs via FAIRSCAPE is lifted from the March 2025 release description and the preprint's project-level account; the June 2026 release des
2026-09-04g_claude-opus-5-api-generic-v8_rep2,CM4AI,claudecode_api,full,keywords,low,other,"'Medicine, Health and Life Sciences' is the Dataverse Subject field value, not a keyword; it is already carried in the record's subject-bearing prose. Minor category mixing in a controlled-ish list."
2026-09-04g_claude-opus-5-api-generic-v8_rep2,CM4AI,claudecode_api,full,source_caveats,low,inconsistent identifier/count,'Sources also disagree on the number of authors and the affiliation of one author' asserts an author-count disagreement that the caveat never substantiates or quantifies; only the Sali affiliation con
2026-09-04g_claude-opus-5-api-generic-v8_rep2,CM4AI,claudecode_api,full,publisher,low,unsupported claim,Value 'https://dataverse.lib.virginia.edu' is a constructed base URL. The bundle names the publisher as 'University of Virginia Dataverse' and gives dataset-level URLs; the bare host is not attested a
2026-09-04g_claude-opus-5-api-generic-v8_rep2,CM4AI,claudecode_api,full,license_and_use_terms.contact_person,low,unsupported claim,"Trey Ideker is attested as the Dataverse Point of Contact and as the preprint's corresponding author (tideker@health.ucsd.edu), but no source names him as the licensing contact. The bundle routes comm"
2026-09-04g_claude-opus-5-api-generic-v8_rep2,CM4AI,claudecode_api,full,funders[1],low,unsupported claim,Award 5U54HG012513-02 (Bridge2AI Bridge Center) and the Frederick Thomas Fund are acknowledged in the preprint as funding that work; the Dataverse release records only 1OT2OD032742-01 as its funding. 
2026-09-04g_claude-opus-5-api-generic-v8_rep2,CM4AI,claudecode_api,full,errata,low,other,"Supported omission. The June 2025 release states it was a revision that added RGB immunofluorescent images, made 'corrections to ro-crate metadata', and changed naming conventions — a documented corre"
2026-09-04g_claude-opus-5-api-generic-v8_rep3,AI_READI,claudecode_api,full,data_governance.accountable_organization_notes,high,unsupported claim,"Invented key with an empty (null) value. The schema digest lists DataGovernance as accepting only access_decision_timeframe, access_review_process, accountable_organization, appeal_process, committee_"
2026-09-04g_claude-opus-5-api-generic-v8_rep3,AI_READI,claudecode_api,full,variables[variable_name=recommended_split].categories,medium,missing supported information,"Three distinct category values collapsed into a single list element, ""Train; Val; Test"". `categories` is a list; each attested category is a separate entity and should be its own entry (""Train"", ""Val"""
2026-09-04g_claude-opus-5-api-generic-v8_rep3,AI_READI,claudecode_api,full,distribution_dates[0].release_dates,medium,other,"Scalar string ""2025-11-17"" supplied to a plural slot (`release_dates`) that the schema declares multivalued. A scalar in a multivalued slot is a shape defect; emit it as a one-item list. Content itsel"
2026-09-04g_claude-opus-5-api-generic-v8_rep3,AI_READI,claudecode_api,full,"variables[participant_id].description, variables[recommended_split].description",low,inconsistent identifier/count,"`description` is not among the keys the schema digest lists for VariableMetadata (categories, data_type, derivation, examples, is_identifier, is_sensitive, maximum_value, measurement_technique, minimu"
2026-09-04g_claude-opus-5-api-generic-v8_rep3,AI_READI,claudecode_api,full,creators[0].affiliations,low,unsupported claim,Eight organizations are asserted as affiliations of the AI-READI Consortium creator. The bundle lists these ROR-identified institutions as study collaborators (sponsorCollaboratorsModule) and study lo
2026-09-04g_claude-opus-5-api-generic-v8_rep3,AI_READI,claudecode_api,full,known_biases[bias_type=selection_bias].mitigation_strategy,low,unsupported claim,"Presents EHR-driven personalized recruitment and wave adjustment as a mitigation of volunteer bias. The bundle attributes wave adjustment to achieving demographic balance (BMJ: composition ""will be ad"
2026-09-04g_claude-opus-5-api-generic-v8_rep3,AI_READI,claudecode_api,full,regulatory_restrictions.confidentiality_level,low,unsupported claim,"Set to `restricted` where the only attested statement of confidentiality level is the RO-Crate's ""HL7:2N (normal)"", repeated on every subcrate. The enum offers no HL7 mapping, and the accompanying `no"
2026-09-04g_claude-opus-5-api-generic-v8_rep3,AI_READI,claudecode_api,full,data_protection_impacts[0].impact_details,low,other,"The slot asks for impact assessments conducted; the value states that none has been conducted (""No, a data protection impact analysis has not been conducted""). This answers the healthsheet question bu"
2026-09-04g_claude-opus-5-api-generic-v8_rep3,AI_READI,claudecode_api,full,extension_mechanism.extension_details,low,other,"Same pattern as data_protection_impacts: the object records that no extension mechanism exists. Defensible because absence is the substantive answer the healthsheet gives, but it is an ExtensionMechan"
2026-09-04g_claude-opus-5-api-generic-v8_rep3,AI_READI,claudecode_api,full,sampling_strategies[0].is_sample,low,inconsistent identifier/count,"Set to false while the sibling `strategies` field describes wave-based stratified selection from an EHR-derived contact pool, and `why_not_representative` is populated (a field that presupposes sampli"
2026-09-04g_claude-opus-5-api-generic-v8_rep3,AI_READI,claudecode_api,full,preprocessing_strategies[2].preprocessing_details,low,dataset/release/temporal scope error,"The entry's subject is partly earlier releases (""version 1.0.0 was produced by custom, ad hoc processing""), placed in a slot describing the referent's own preprocessing. The v3.0.0 clause is on-subjec"
2026-09-04g_claude-opus-5-api-generic-v8_rep3,AI_READI,claudecode_api,full,publisher,low,inconsistent identifier/count,"Populated with the platform URL https://fairhub.io/ where the attested value is the publisherName string ""FAIRhub"" in the FAIRhub dataset_description. The slot range is uriorcurie so a URI is permissi"
2026-09-04g_claude-opus-5-api-generic-v8_rep3,AI_READI,claudecode_api,full,"related_datasets[2].target_dataset, related_datasets[3].target_dataset",low,inconsistent identifier/count,"Prose names (""AI-READI mini-subset (FAIRhub child dataset 4)"", ""AI-READI controlled-access dataset"") where the two sibling entries use DOIs. The bundle supplies no identifier for either target (the AP"
2026-09-04g_claude-opus-5-api-generic-v8_rep3,AI_READI,claudecode_api,full,created_by,low,missing supported information,"Omitted although the bundle attests the responsible party for creating the resource in two tier-1 sources (RO-Crate author/publisher ""AI-READI Consortium""; FAIRhub creator block, same value). A suppor"
2026-09-04g_claude-opus-5-api-generic-v8_rep3,CM4AI,claudecode_api,full,instances[0].instance_type_notes,high,unsupported claim,"Invented key. The Instance class accepts only counts, data_substrate, data_topic, instance_type, label, label_description, missing_information, notes, sampling_strategies, source_caveats (plus id, use"
2026-09-04g_claude-opus-5-api-generic-v8_rep3,CM4AI,claudecode_api,full,data_governance.committee_contact.id,high,inconsistent identifier/count,"Second identity minted for a referent the bundle already identifies. The June 2026 release author list gives 'Parker J ... ORCID https://orcid.org/0000-0003-4535-3486', and the same Jillian Parker is "
2026-09-04g_claude-opus-5-api-generic-v8_rep3,CM4AI,claudecode_api,full,creators[*].name,high,unsupported claim,"Given names supplied that no source in the bundle states. The bundle gives only surname-plus-initial for these authors: 'Axelsson U', 'Ballllosero Navarro F', 'Chinn B', 'Metallo C', 'Sigaeva A', and "
2026-09-04g_claude-opus-5-api-generic-v8_rep3,CM4AI,claudecode_api,full,preprocessing_strategies; labeling_strategies; machine_annotation_tools,high,missing supported information,"Pipeline described as applied to this release when the release states it was not. All three slots describe the MuSIC cell-map construction pipeline (node2vec PPI embedding, HPA image embedding, contra"
2026-09-04g_claude-opus-5-api-generic-v8_rep3,CM4AI,claudecode_api,full,use_repository[0],moderate,inconsistent identifier/count,"Value answers a neighbouring field. UseRepository is for repositories or registries tracking how the dataset has been used (papers-with-code, citation indices). The entry describes the CM4AI portal's "
2026-09-04g_claude-opus-5-api-generic-v8_rep3,CM4AI,claudecode_api,full,parent_datasets[0],moderate,dataset/release/temporal scope error,"Range mismatch in substance: the entry's id is https://cm4ai.org/data-releases/, a documentation web page listing releases, not a dataset. No parent dataset is attested; the release's relationship to "
2026-09-04g_claude-opus-5-api-generic-v8_rep3,CM4AI,claudecode_api,full,regulatory_restrictions.other_compliance,moderate,other,Value answers a neighbouring field. The text 'Prohibited use: these laboratory data are not to be used in clinical decision-making or in any context involving patient care without appropriate regulato
2026-09-04g_claude-opus-5-api-generic-v8_rep3,CM4AI,claudecode_api,full,instances[1].data_substrate; instances[3].data_substrate; instances[2].data_substrate,moderate,inconsistent identifier/count,Less precise B2AI_SUBSTRATE terms chosen where exact ones exist. instances[1] is a size exclusion chromatography-mass spectrometry elution profile and the vocabulary has 59 = 'Size Exclusion Chromatog
2026-09-04g_claude-opus-5-api-generic-v8_rep3,CM4AI,claudecode_api,full,file_collections[*].total_bytes,moderate,inconsistent identifier/count,"Derived figures presented as exact byte counts, with an unstated and inconsistent conversion. The bundle states sizes as '113.3 KB', '135.8 KB', '171.8 KB', '93.9 KB', '30.2 KB', '73.3 KB', '1.1 MB'; "
2026-09-04g_claude-opus-5-api-generic-v8_rep3,CM4AI,claudecode_api,full,sampling_strategies[0].strategies,low,other,Project objective stated as the release's sampling strategy. 'CM4AI's objective is multimodal interrogation of 100 chromatin modifiers and 100 metabolic enzymes' is an objective from the tier-3 prepri
2026-09-04g_claude-opus-5-api-generic-v8_rep3,CM4AI,claudecode_api,full,citation; creators[* Bélisle-Pipon].name,low,other,"Quoted material altered. The bundle's citation and author list both write 'Bélisle-Pipon JC' and 'Bélisle-Pipon, JC'; the record's citation string and creators entry write 'Belisle-Pipon' with the acc"
2026-09-04g_claude-opus-5-api-generic-v8_rep3,CM4AI,claudecode_api,full,related_datasets[*].target_dataset,low,inconsistent identifier/count,"Identifier form inconsistent with the rest of the record. All seven targets are written as doi.org resolver URLs (https://doi.org/10.18130/V3/K7TGEM etc.) while id, doi and version_access.latest_versi"
2026-09-04g_claude-opus-5-api-generic-v8_rep3,CM4AI,claudecode_api,full,prohibited_uses[0].prohibition_reason; prohibited_uses[1].prohibition_reason,low,other,Both values state the prohibition rather than the reason for it. Entry 0 restates the clinical-use ban; entry 1 restates the non-commercial term. The class offers no separate field for the prohibition
2026-09-04g_claude-opus-5-api-generic-v8_rep3,CM4AI,claudecode_api,full,external_resources[*].archival,low,unsupported claim,"Boolean asserted without support. The bundle nowhere states the archival status of cm4ai.org, MassIVE, Figshare, NDEx, GitHub, fairscape.github.io or integrativemodeling.org; archival: true/false is t"
2026-09-04g_claude-opus-5-api-generic-v8_rep3,CM4AI,claudecode_api,full,conforms_to; conforms_to_standard,low,unsupported claim,Asserted for this release from statements about earlier releases and the project generally. The June 2026 release page's description does not mention RO-Crate; the RO-Crate claim comes from the tier-3
2026-09-04g_claude-opus-5-api-generic-v8_rep3,CM4AI,claudecode_api,full,distribution_formats[0].notes,low,other,"Access route recorded inside a format object. 'directs users to the Data Access API for programmatic access' describes how to obtain the files, not the distribution format. The DistributionFormat clas"
2026-09-04g_claude-opus-5-api-generic-v8_rep3,CM4AI,claudecode_api,full,regulatory_restrictions.regulatory_restrictions[0],low,other,"A statement that no restriction applies placed in a slot for restrictions. 'The release records FDA Regulated: No' answers the field by negation; it is supported by the bundle, but reads as a restrict"
2026-09-04g_claude-opus-5-api-generic-v8_rep3,CM4AI,claudecode_api,full,language,low,unsupported claim,Not stated anywhere in the bundle. 'en' is inferred from the language the sources happen to be written in. Under the omission-over-inference rule this should be dropped.
2026-09-04g_claude-opus-5-api-generic-v8_rep3,CM4AI,claudecode_api,full,last_updated_on,low,other,"Supported omission. Three file collections (cm4ai_ifimages_MDA-MB-468_paclitaxel.zip, _untreated.zip, _vorinostat.zip) are recorded on the release page as 'Published Jul 15, 2026', after the 2026-06-1"
2026-09-04g_claude-opus-5-api-generic-v8_rep3,CM4AI,claudecode_api,full,ethical_reviews[*].contact_person.orcid,low,missing supported information,"Declared field left empty where the bundle supplies it. Both contact_person objects carry an ORCID as id but leave the Person.orcid field unpopulated, although the bundle states ORCID https://orcid.or"
2026-09-04g_claude-opus-5-api-generic-v8_rep3,CM4AI,claudecode_api,full,addressing_gaps[1].response,low,dataset/release/temporal scope error,Motivation text borrowed from a passage about a different dataset. 'Much of cell structure still remains uncharted... integration of multiple complementary data modalities provides the opportunity...'
2026-09-04g_claude-opus-5-api-generic-v8_rep3,CM4AI,claudecode_api,full,subsets; file_collections,low,inconsistent identifier/count,Two parallel id spaces for the same partitions with no cross-reference. #subset-ifimages-untreated and #files-ifimages-untreated (and the six other matching pairs) describe the same slice of the relea
2026-09-04g_claude-opus-5-api-generic-v8_rep3,CM4AI,claudecode_api,full,notes,low,inconsistent identifier/count,Residual field carrying content that structured slots already hold or could hold. The RO-Crate/FAIRSCAPE packaging statement duplicates conforms_to; the AI-Ready criteria list and the six-module organ
2026-09-12_claude-opus-5-api-generic-v9_rep1,CHORUS,claudecode_api,full,header (Temperature line),high,other,"The header block deviates from the mandated verbatim text. The instruction requires exactly `# Temperature: 0.0`, but the record carries `# Temperature: not sent (claude-opus-5 rejects the parameter; "
2026-09-12_claude-opus-5-api-generic-v9_rep1,CHORUS,claudecode_api,full,splits,high,dataset/release/temporal scope error,Plan stated as dataset state via a slot that exists to describe current partitions. The only evidence (NIH RePORTER abstract) is future-tense — 'will provision a holdout test set' — and the value itse
2026-09-12_claude-opus-5-api-generic-v9_rep1,CHORUS,claudecode_api,full,labeling_strategies,high,dataset/release/temporal scope error,"Plan stated in a slot for applied methodology. The single entry's own text is future-tense ('will label data with targets important for prediction', 'capabilities are being developed'), i.e. an intend"
2026-09-12_claude-opus-5-api-generic-v9_rep1,CHORUS,claudecode_api,full,maintainers,medium,other,All three entries push the substantive content into free-text `maintainer_details` while the class's own structure goes unused; `Maintainer` declares `role` and the surrounding prose names distinct pe
2026-09-12_claude-opus-5-api-generic-v9_rep1,CHORUS,claudecode_api,full,maintainers[1] / maintainers[2],medium,unsupported claim,"Role mismatch: dbold@emory.edu and jared.houghtaling@tuftsmedicine.org are given in the GitHub overview under 'Request access', i.e. they are access-request contacts, not stated maintainers of the dat"
2026-09-12_claude-opus-5-api-generic-v9_rep1,CHORUS,claudecode_api,full,instances[1].counts,medium,inconsistent identifier/count,"Figure transcription altered from the source unit without flagging it at the value. The website states '1.6 Billion Rows of EHR OMOP data'; the record writes 1600000000, a conversion the source does n"
2026-09-12_claude-opus-5-api-generic-v9_rep1,CHORUS,claudecode_api,full,data_governance.access_review_process,medium,dataset/release/temporal scope error,"Scope conflation: the registration form, licensing agreement and '.edu' email requirement are stated by the cohort 2 webinar as the access route for the AIM-AHEAD Bridge2AI for Clinical Care Training "
2026-09-12_claude-opus-5-api-generic-v9_rep1,CHORUS,claudecode_api,full,distribution_formats,medium,missing supported information,"`format` values are used to carry data standards/common data models ('OMOP Common Data Model', 'OHNLP open source schema', 'WFDB', 'DICOM', 'EDF+', 'Persyst') rather than distribution file formats. Th"
2026-09-12_claude-opus-5-api-generic-v9_rep1,CHORUS,claudecode_api,full,known_limitations[3],medium,dataset/release/temporal scope error,States that documentation is pending rather than answering the field: 'published metadata schemas for clinical notes and for imaging were planned rather than available'. An absence/pending status of d
2026-09-12_claude-opus-5-api-generic-v9_rep1,CHORUS,claudecode_api,full,external_resources,medium,other,"All three entries place content in `external_resources` (a string field on the ExternalResource class) as narrative pointers to where information lives, including the MIT licensing of the software org"
2026-09-12_claude-opus-5-api-generic-v9_rep1,CHORUS,claudecode_api,full,creators,low,inconsistent identifier/count,"Only one Creator entry is emitted although the bundle (cohort 2 webinar) names six CHoRUS leadership team members with affiliations (Eric Rosenthal/MGH; Azra Bihorac, Yulia Strekalova, Parisa Rashidi/"
2026-09-12_claude-opus-5-api-generic-v9_rep1,CHORUS,claudecode_api,full,creators[0].source_caveats,low,other,Source commentary is attached at the Creator level explaining why other leadership members are excluded. This is a trust annotation about the roster as a whole and reads better at the record's top-lev
2026-09-12_claude-opus-5-api-generic-v9_rep1,CHORUS,claudecode_api,full,funders[0].notes,low,other,"Funding amount and project period (5,880,300 USD; 2022-09-01 to 2026-11-30) are carried as prose in `notes` on the FundingMechanism. These are bundle-supported facts but the class declares no field fo"
2026-09-12_claude-opus-5-api-generic-v9_rep1,CHORUS,claudecode_api,full,collection_timeframes,low,other,"The single entry answers nothing the slot asks for: it states only that collection is retrospective (already captured in `acquisition_methods`) and then records, in `source_caveats`, that the calendar"
2026-09-12_claude-opus-5-api-generic-v9_rep1,CHORUS,claudecode_api,full,direct_collection[0],low,unsupported claim,"`is_direct: false` is an inference, and the entry's own `source_caveats` admits 'No source states the direct or indirect character of collection in those terms'. A boolean the bundle does not state sh"
2026-09-12_claude-opus-5-api-generic-v9_rep1,CHORUS,claudecode_api,full,subsets[*].id,low,inconsistent identifier/count,"Nine subset fragment labels are minted on the record's own id (https://chorus4ai.org/), which is a project/site root rather than a dataset-specific identifier. This is permitted (it is the identifier "
2026-09-12_claude-opus-5-api-generic-v9_rep1,CHORUS,claudecode_api,full,subpopulations,low,inconsistent identifier/count,Three entries set `subpopulation_elements_present: true` and give only an `identification` string; `distribution` is unpopulated although the bundle gives no per-unit counts. The entries are supported
2026-09-12_claude-opus-5-api-generic-v9_rep1,CHORUS,claudecode_api,full,keywords,low,inconsistent identifier/count,"The keyword list is drawn from the NIH RePORTER 'Preferred terms' line, which is the correct provenance for `keywords`. Mixed capitalization is inherited from the source ('acute care', 'data acquisiti"
2026-09-12_claude-opus-5-api-generic-v9_rep1,CHORUS,claudecode_api,full,machine_annotation_tools[0],low,other,"`tools` takes the single value 'OHNLP toolkit' with no `tool_accuracy`; supported. Note only that the OHNLP toolkit is used for extraction/tokenization of notes, which the record also records under `p"
2026-09-12_claude-opus-5-api-generic-v9_rep1,CHORUS,claudecode_api,full,is_deidentified.identifiable_elements_present,low,unsupported claim,Omitted although the bundle supports a determination indirectly (clinical notes retained locally; de-identification 'in process' for imaging implies identifiable content in the un-de-identified imagin
2026-09-12_claude-opus-5-api-generic-v9_rep1,CHORUS,claudecode_api,full,ethical_reviews / collection_consents / human_subject_research,low,unsupported claim,"Clearly supported omission candidates are absent: the bundle describes community-facing ethics focus groups to determine what data is appropriate for public sharing, patient-focused legal and ethical "
2026-09-12_claude-opus-5-api-generic-v9_rep1,CHORUS,claudecode_api,full,related_datasets,low,other,"Omitted. The bundle states CHoRUS is one of four data generation projects in the Bridge2AI consortium and that it collaborates with the other three, but it does not state a typed relationship to any n"
2026-09-12_claude-opus-5-api-generic-v9_rep1,CHORUS,claudecode_api,full,notes,low,other,"The website banner quotation is residual content and correctly placed, but it is a statement about the website's administrative review status, not about the dataset. Retaining it is acceptable under `"
