project,cohort,module,block,slot,kind,state,n_present,n_distinct,identical_ignoring_list_order,rep1_present,rep1_canonical_chars,rep1_items,rep2_present,rep2_canonical_chars,rep2_items,rep3_present,rep3_canonical_chars,rep3_items,rep1_input,rep2_input,rep3_input
AI_READI,v7,Motivation,Motivation,purposes,nested,all_differ,3,3,False,True,902,4,True,1106,4,True,726,3,data/d4d_concatenated/claudecode_agent/2026-09-01_claude-opus-5-api-generic-v7_rep1/AI_READI_d4d.yaml,data/d4d_concatenated/claudecode_agent/2026-09-01_claude-opus-5-api-generic-v7_rep2/AI_READI_d4d.yaml,data/d4d_concatenated/claudecode_agent/2026-09-01_claude-opus-5-api-generic-v7_rep3/AI_READI_d4d.yaml
AI_READI,v7,Motivation,Motivation,tasks,nested,all_differ,3,3,False,True,418,2,True,514,3,True,703,3,data/d4d_concatenated/claudecode_agent/2026-09-01_claude-opus-5-api-generic-v7_rep1/AI_READI_d4d.yaml,data/d4d_concatenated/claudecode_agent/2026-09-01_claude-opus-5-api-generic-v7_rep2/AI_READI_d4d.yaml,data/d4d_concatenated/claudecode_agent/2026-09-01_claude-opus-5-api-generic-v7_rep3/AI_READI_d4d.yaml
AI_READI,v7,Motivation,Motivation,addressing_gaps,nested,all_differ,3,3,False,True,1073,3,True,1012,4,True,965,3,data/d4d_concatenated/claudecode_agent/2026-09-01_claude-opus-5-api-generic-v7_rep1/AI_READI_d4d.yaml,data/d4d_concatenated/claudecode_agent/2026-09-01_claude-opus-5-api-generic-v7_rep2/AI_READI_d4d.yaml,data/d4d_concatenated/claudecode_agent/2026-09-01_claude-opus-5-api-generic-v7_rep3/AI_READI_d4d.yaml
AI_READI,v7,Motivation,Motivation,creators,nested,all_differ,3,3,False,True,1461,1,True,1099,2,True,1094,1,data/d4d_concatenated/claudecode_agent/2026-09-01_claude-opus-5-api-generic-v7_rep1/AI_READI_d4d.yaml,data/d4d_concatenated/claudecode_agent/2026-09-01_claude-opus-5-api-generic-v7_rep2/AI_READI_d4d.yaml,data/d4d_concatenated/claudecode_agent/2026-09-01_claude-opus-5-api-generic-v7_rep3/AI_READI_d4d.yaml
AI_READI,v7,Motivation,Motivation,funders,nested,all_differ,3,3,False,True,772,2,True,978,4,True,1547,4,data/d4d_concatenated/claudecode_agent/2026-09-01_claude-opus-5-api-generic-v7_rep1/AI_READI_d4d.yaml,data/d4d_concatenated/claudecode_agent/2026-09-01_claude-opus-5-api-generic-v7_rep2/AI_READI_d4d.yaml,data/d4d_concatenated/claudecode_agent/2026-09-01_claude-opus-5-api-generic-v7_rep3/AI_READI_d4d.yaml
AI_READI,v7,Composition,Composition,external_resources,nested,all_differ,3,3,False,True,1847,4,True,1533,6,True,1609,2,data/d4d_concatenated/claudecode_agent/2026-09-01_claude-opus-5-api-generic-v7_rep1/AI_READI_d4d.yaml,data/d4d_concatenated/claudecode_agent/2026-09-01_claude-opus-5-api-generic-v7_rep2/AI_READI_d4d.yaml,data/d4d_concatenated/claudecode_agent/2026-09-01_claude-opus-5-api-generic-v7_rep3/AI_READI_d4d.yaml
AI_READI,v7,Composition,Composition,instances,nested,all_differ,3,3,False,True,734,1,True,1166,1,True,655,1,data/d4d_concatenated/claudecode_agent/2026-09-01_claude-opus-5-api-generic-v7_rep1/AI_READI_d4d.yaml,data/d4d_concatenated/claudecode_agent/2026-09-01_claude-opus-5-api-generic-v7_rep2/AI_READI_d4d.yaml,data/d4d_concatenated/claudecode_agent/2026-09-01_claude-opus-5-api-generic-v7_rep3/AI_READI_d4d.yaml
AI_READI,v7,Composition,Composition,anomalies,nested,all_differ,3,3,False,True,1392,6,True,1590,6,True,1622,7,data/d4d_concatenated/claudecode_agent/2026-09-01_claude-opus-5-api-generic-v7_rep1/AI_READI_d4d.yaml,data/d4d_concatenated/claudecode_agent/2026-09-01_claude-opus-5-api-generic-v7_rep2/AI_READI_d4d.yaml,data/d4d_concatenated/claudecode_agent/2026-09-01_claude-opus-5-api-generic-v7_rep3/AI_READI_d4d.yaml
AI_READI,v7,Composition,Composition,known_biases,nested,all_differ,3,3,False,True,2352,3,True,1703,3,True,3068,4,data/d4d_concatenated/claudecode_agent/2026-09-01_claude-opus-5-api-generic-v7_rep1/AI_READI_d4d.yaml,data/d4d_concatenated/claudecode_agent/2026-09-01_claude-opus-5-api-generic-v7_rep2/AI_READI_d4d.yaml,data/d4d_concatenated/claudecode_agent/2026-09-01_claude-opus-5-api-generic-v7_rep3/AI_READI_d4d.yaml
AI_READI,v7,Composition,Composition,known_limitations,nested,all_differ,3,3,False,True,2099,6,True,2819,7,True,2443,6,data/d4d_concatenated/claudecode_agent/2026-09-01_claude-opus-5-api-generic-v7_rep1/AI_READI_d4d.yaml,data/d4d_concatenated/claudecode_agent/2026-09-01_claude-opus-5-api-generic-v7_rep2/AI_READI_d4d.yaml,data/d4d_concatenated/claudecode_agent/2026-09-01_claude-opus-5-api-generic-v7_rep3/AI_READI_d4d.yaml
AI_READI,v7,Composition,Composition,confidential_elements,nested,all_differ,3,3,False,True,227,1,True,191,1,True,195,1,data/d4d_concatenated/claudecode_agent/2026-09-01_claude-opus-5-api-generic-v7_rep1/AI_READI_d4d.yaml,data/d4d_concatenated/claudecode_agent/2026-09-01_claude-opus-5-api-generic-v7_rep2/AI_READI_d4d.yaml,data/d4d_concatenated/claudecode_agent/2026-09-01_claude-opus-5-api-generic-v7_rep3/AI_READI_d4d.yaml
AI_READI,v7,Composition,Composition,content_warnings,nested,intermittent,2,,,True,211,1,True,34,1,False,,,data/d4d_concatenated/claudecode_agent/2026-09-01_claude-opus-5-api-generic-v7_rep1/AI_READI_d4d.yaml,data/d4d_concatenated/claudecode_agent/2026-09-01_claude-opus-5-api-generic-v7_rep2/AI_READI_d4d.yaml,data/d4d_concatenated/claudecode_agent/2026-09-01_claude-opus-5-api-generic-v7_rep3/AI_READI_d4d.yaml
AI_READI,v7,Composition,Composition,subpopulations,nested,all_differ,3,3,False,True,2681,4,True,1837,4,True,1193,1,data/d4d_concatenated/claudecode_agent/2026-09-01_claude-opus-5-api-generic-v7_rep1/AI_READI_d4d.yaml,data/d4d_concatenated/claudecode_agent/2026-09-01_claude-opus-5-api-generic-v7_rep2/AI_READI_d4d.yaml,data/d4d_concatenated/claudecode_agent/2026-09-01_claude-opus-5-api-generic-v7_rep3/AI_READI_d4d.yaml
AI_READI,v7,Composition,Composition,sensitive_elements,nested,all_differ,3,3,False,True,528,1,True,463,1,True,1803,2,data/d4d_concatenated/claudecode_agent/2026-09-01_claude-opus-5-api-generic-v7_rep1/AI_READI_d4d.yaml,data/d4d_concatenated/claudecode_agent/2026-09-01_claude-opus-5-api-generic-v7_rep2/AI_READI_d4d.yaml,data/d4d_concatenated/claudecode_agent/2026-09-01_claude-opus-5-api-generic-v7_rep3/AI_READI_d4d.yaml
AI_READI,v7,Composition,Composition,relationships,nested,all_differ,3,3,False,True,809,2,True,454,1,True,625,1,data/d4d_concatenated/claudecode_agent/2026-09-01_claude-opus-5-api-generic-v7_rep1/AI_READI_d4d.yaml,data/d4d_concatenated/claudecode_agent/2026-09-01_claude-opus-5-api-generic-v7_rep2/AI_READI_d4d.yaml,data/d4d_concatenated/claudecode_agent/2026-09-01_claude-opus-5-api-generic-v7_rep3/AI_READI_d4d.yaml
AI_READI,v7,Composition,Composition,splits,nested,all_differ,3,3,False,True,1346,1,True,1223,1,True,1446,1,data/d4d_concatenated/claudecode_agent/2026-09-01_claude-opus-5-api-generic-v7_rep1/AI_READI_d4d.yaml,data/d4d_concatenated/claudecode_agent/2026-09-01_claude-opus-5-api-generic-v7_rep2/AI_READI_d4d.yaml,data/d4d_concatenated/claudecode_agent/2026-09-01_claude-opus-5-api-generic-v7_rep3/AI_READI_d4d.yaml
AI_READI,v7,Composition,Composition,sampling_strategies,nested,all_differ,3,3,False,True,1919,1,True,2063,1,True,2307,1,data/d4d_concatenated/claudecode_agent/2026-09-01_claude-opus-5-api-generic-v7_rep1/AI_READI_d4d.yaml,data/d4d_concatenated/claudecode_agent/2026-09-01_claude-opus-5-api-generic-v7_rep2/AI_READI_d4d.yaml,data/d4d_concatenated/claudecode_agent/2026-09-01_claude-opus-5-api-generic-v7_rep3/AI_READI_d4d.yaml
AI_READI,v7,Composition,Composition,is_deidentified,nested,all_differ,3,3,False,True,1354,,True,1588,,True,1615,,data/d4d_concatenated/claudecode_agent/2026-09-01_claude-opus-5-api-generic-v7_rep1/AI_READI_d4d.yaml,data/d4d_concatenated/claudecode_agent/2026-09-01_claude-opus-5-api-generic-v7_rep2/AI_READI_d4d.yaml,data/d4d_concatenated/claudecode_agent/2026-09-01_claude-opus-5-api-generic-v7_rep3/AI_READI_d4d.yaml
AI_READI,v7,Composition,Composition,related_datasets,nested,all_differ,3,3,False,True,160,2,True,934,4,True,1704,4,data/d4d_concatenated/claudecode_agent/2026-09-01_claude-opus-5-api-generic-v7_rep1/AI_READI_d4d.yaml,data/d4d_concatenated/claudecode_agent/2026-09-01_claude-opus-5-api-generic-v7_rep2/AI_READI_d4d.yaml,data/d4d_concatenated/claudecode_agent/2026-09-01_claude-opus-5-api-generic-v7_rep3/AI_READI_d4d.yaml
AI_READI,v7,Collection,Collection,acquisition_methods,nested,all_differ,3,3,False,True,1154,4,True,914,1,True,800,1,data/d4d_concatenated/claudecode_agent/2026-09-01_claude-opus-5-api-generic-v7_rep1/AI_READI_d4d.yaml,data/d4d_concatenated/claudecode_agent/2026-09-01_claude-opus-5-api-generic-v7_rep2/AI_READI_d4d.yaml,data/d4d_concatenated/claudecode_agent/2026-09-01_claude-opus-5-api-generic-v7_rep3/AI_READI_d4d.yaml
AI_READI,v7,Collection,Collection,collection_mechanisms,nested,all_differ,3,3,False,True,2791,9,True,4616,11,True,4433,12,data/d4d_concatenated/claudecode_agent/2026-09-01_claude-opus-5-api-generic-v7_rep1/AI_READI_d4d.yaml,data/d4d_concatenated/claudecode_agent/2026-09-01_claude-opus-5-api-generic-v7_rep2/AI_READI_d4d.yaml,data/d4d_concatenated/claudecode_agent/2026-09-01_claude-opus-5-api-generic-v7_rep3/AI_READI_d4d.yaml
AI_READI,v7,Collection,Collection,data_collectors,nested,all_differ,3,3,False,True,1558,4,True,2418,6,True,1537,2,data/d4d_concatenated/claudecode_agent/2026-09-01_claude-opus-5-api-generic-v7_rep1/AI_READI_d4d.yaml,data/d4d_concatenated/claudecode_agent/2026-09-01_claude-opus-5-api-generic-v7_rep2/AI_READI_d4d.yaml,data/d4d_concatenated/claudecode_agent/2026-09-01_claude-opus-5-api-generic-v7_rep3/AI_READI_d4d.yaml
AI_READI,v7,Collection,Collection,collection_timeframes,nested,all_differ,3,3,False,True,1597,2,True,982,1,True,1254,1,data/d4d_concatenated/claudecode_agent/2026-09-01_claude-opus-5-api-generic-v7_rep1/AI_READI_d4d.yaml,data/d4d_concatenated/claudecode_agent/2026-09-01_claude-opus-5-api-generic-v7_rep2/AI_READI_d4d.yaml,data/d4d_concatenated/claudecode_agent/2026-09-01_claude-opus-5-api-generic-v7_rep3/AI_READI_d4d.yaml
AI_READI,v7,Collection,Collection,direct_collection,nested,all_differ,3,3,False,True,414,1,True,714,1,True,541,1,data/d4d_concatenated/claudecode_agent/2026-09-01_claude-opus-5-api-generic-v7_rep1/AI_READI_d4d.yaml,data/d4d_concatenated/claudecode_agent/2026-09-01_claude-opus-5-api-generic-v7_rep2/AI_READI_d4d.yaml,data/d4d_concatenated/claudecode_agent/2026-09-01_claude-opus-5-api-generic-v7_rep3/AI_READI_d4d.yaml
AI_READI,v7,Collection,Collection,missing_data_documentation,nested,all_differ,3,3,False,True,758,1,True,1311,1,True,1028,1,data/d4d_concatenated/claudecode_agent/2026-09-01_claude-opus-5-api-generic-v7_rep1/AI_READI_d4d.yaml,data/d4d_concatenated/claudecode_agent/2026-09-01_claude-opus-5-api-generic-v7_rep2/AI_READI_d4d.yaml,data/d4d_concatenated/claudecode_agent/2026-09-01_claude-opus-5-api-generic-v7_rep3/AI_READI_d4d.yaml
AI_READI,v7,Collection,Collection,raw_data_sources,nested,all_differ,3,3,False,True,2982,9,True,1840,8,True,2876,9,data/d4d_concatenated/claudecode_agent/2026-09-01_claude-opus-5-api-generic-v7_rep1/AI_READI_d4d.yaml,data/d4d_concatenated/claudecode_agent/2026-09-01_claude-opus-5-api-generic-v7_rep2/AI_READI_d4d.yaml,data/d4d_concatenated/claudecode_agent/2026-09-01_claude-opus-5-api-generic-v7_rep3/AI_READI_d4d.yaml
AI_READI,v7,Preprocessing,Preprocessing,preprocessing_strategies,nested,all_differ,3,3,False,True,1240,4,True,1970,7,True,1581,4,data/d4d_concatenated/claudecode_agent/2026-09-01_claude-opus-5-api-generic-v7_rep1/AI_READI_d4d.yaml,data/d4d_concatenated/claudecode_agent/2026-09-01_claude-opus-5-api-generic-v7_rep2/AI_READI_d4d.yaml,data/d4d_concatenated/claudecode_agent/2026-09-01_claude-opus-5-api-generic-v7_rep3/AI_READI_d4d.yaml
AI_READI,v7,Preprocessing,Preprocessing,cleaning_strategies,nested,all_differ,3,3,False,True,1226,3,True,1505,3,True,1435,2,data/d4d_concatenated/claudecode_agent/2026-09-01_claude-opus-5-api-generic-v7_rep1/AI_READI_d4d.yaml,data/d4d_concatenated/claudecode_agent/2026-09-01_claude-opus-5-api-generic-v7_rep2/AI_READI_d4d.yaml,data/d4d_concatenated/claudecode_agent/2026-09-01_claude-opus-5-api-generic-v7_rep3/AI_READI_d4d.yaml
AI_READI,v7,Preprocessing,Preprocessing,labeling_strategies,nested,absent,0,,,False,,,False,,,False,,,data/d4d_concatenated/claudecode_agent/2026-09-01_claude-opus-5-api-generic-v7_rep1/AI_READI_d4d.yaml,data/d4d_concatenated/claudecode_agent/2026-09-01_claude-opus-5-api-generic-v7_rep2/AI_READI_d4d.yaml,data/d4d_concatenated/claudecode_agent/2026-09-01_claude-opus-5-api-generic-v7_rep3/AI_READI_d4d.yaml
AI_READI,v7,Preprocessing,Preprocessing,raw_sources,nested,all_differ,3,3,False,True,533,1,True,521,1,True,518,1,data/d4d_concatenated/claudecode_agent/2026-09-01_claude-opus-5-api-generic-v7_rep1/AI_READI_d4d.yaml,data/d4d_concatenated/claudecode_agent/2026-09-01_claude-opus-5-api-generic-v7_rep2/AI_READI_d4d.yaml,data/d4d_concatenated/claudecode_agent/2026-09-01_claude-opus-5-api-generic-v7_rep3/AI_READI_d4d.yaml
AI_READI,v7,Preprocessing,Preprocessing,imputation_protocols,nested,absent,0,,,False,,,False,,,False,,,data/d4d_concatenated/claudecode_agent/2026-09-01_claude-opus-5-api-generic-v7_rep1/AI_READI_d4d.yaml,data/d4d_concatenated/claudecode_agent/2026-09-01_claude-opus-5-api-generic-v7_rep2/AI_READI_d4d.yaml,data/d4d_concatenated/claudecode_agent/2026-09-01_claude-opus-5-api-generic-v7_rep3/AI_READI_d4d.yaml
AI_READI,v7,Preprocessing,Preprocessing,annotation_analyses,nested,absent,0,,,False,,,False,,,False,,,data/d4d_concatenated/claudecode_agent/2026-09-01_claude-opus-5-api-generic-v7_rep1/AI_READI_d4d.yaml,data/d4d_concatenated/claudecode_agent/2026-09-01_claude-opus-5-api-generic-v7_rep2/AI_READI_d4d.yaml,data/d4d_concatenated/claudecode_agent/2026-09-01_claude-opus-5-api-generic-v7_rep3/AI_READI_d4d.yaml
AI_READI,v7,Preprocessing,Preprocessing,machine_annotation_tools,nested,absent,0,,,False,,,False,,,False,,,data/d4d_concatenated/claudecode_agent/2026-09-01_claude-opus-5-api-generic-v7_rep1/AI_READI_d4d.yaml,data/d4d_concatenated/claudecode_agent/2026-09-01_claude-opus-5-api-generic-v7_rep2/AI_READI_d4d.yaml,data/d4d_concatenated/claudecode_agent/2026-09-01_claude-opus-5-api-generic-v7_rep3/AI_READI_d4d.yaml
AI_READI,v7,Uses,Uses,existing_uses,nested,absent,0,,,False,,,False,,,False,,,data/d4d_concatenated/claudecode_agent/2026-09-01_claude-opus-5-api-generic-v7_rep1/AI_READI_d4d.yaml,data/d4d_concatenated/claudecode_agent/2026-09-01_claude-opus-5-api-generic-v7_rep2/AI_READI_d4d.yaml,data/d4d_concatenated/claudecode_agent/2026-09-01_claude-opus-5-api-generic-v7_rep3/AI_READI_d4d.yaml
AI_READI,v7,Uses,Uses,use_repository,nested,intermittent,1,,,False,,,False,,,True,378,1,data/d4d_concatenated/claudecode_agent/2026-09-01_claude-opus-5-api-generic-v7_rep1/AI_READI_d4d.yaml,data/d4d_concatenated/claudecode_agent/2026-09-01_claude-opus-5-api-generic-v7_rep2/AI_READI_d4d.yaml,data/d4d_concatenated/claudecode_agent/2026-09-01_claude-opus-5-api-generic-v7_rep3/AI_READI_d4d.yaml
AI_READI,v7,Uses,Uses,other_tasks,nested,intermittent,2,,,True,340,1,True,428,1,False,,,data/d4d_concatenated/claudecode_agent/2026-09-01_claude-opus-5-api-generic-v7_rep1/AI_READI_d4d.yaml,data/d4d_concatenated/claudecode_agent/2026-09-01_claude-opus-5-api-generic-v7_rep2/AI_READI_d4d.yaml,data/d4d_concatenated/claudecode_agent/2026-09-01_claude-opus-5-api-generic-v7_rep3/AI_READI_d4d.yaml
AI_READI,v7,Uses,Uses,future_use_impacts,nested,intermittent,2,,,False,,,True,1031,2,True,541,2,data/d4d_concatenated/claudecode_agent/2026-09-01_claude-opus-5-api-generic-v7_rep1/AI_READI_d4d.yaml,data/d4d_concatenated/claudecode_agent/2026-09-01_claude-opus-5-api-generic-v7_rep2/AI_READI_d4d.yaml,data/d4d_concatenated/claudecode_agent/2026-09-01_claude-opus-5-api-generic-v7_rep3/AI_READI_d4d.yaml
AI_READI,v7,Uses,Uses,discouraged_uses,nested,intermittent,1,,,True,530,2,False,,,False,,,data/d4d_concatenated/claudecode_agent/2026-09-01_claude-opus-5-api-generic-v7_rep1/AI_READI_d4d.yaml,data/d4d_concatenated/claudecode_agent/2026-09-01_claude-opus-5-api-generic-v7_rep2/AI_READI_d4d.yaml,data/d4d_concatenated/claudecode_agent/2026-09-01_claude-opus-5-api-generic-v7_rep3/AI_READI_d4d.yaml
AI_READI,v7,Uses,Uses,intended_uses,nested,all_differ,3,3,False,True,1730,3,True,1294,3,True,1308,2,data/d4d_concatenated/claudecode_agent/2026-09-01_claude-opus-5-api-generic-v7_rep1/AI_READI_d4d.yaml,data/d4d_concatenated/claudecode_agent/2026-09-01_claude-opus-5-api-generic-v7_rep2/AI_READI_d4d.yaml,data/d4d_concatenated/claudecode_agent/2026-09-01_claude-opus-5-api-generic-v7_rep3/AI_READI_d4d.yaml
AI_READI,v7,Uses,Uses,prohibited_uses,nested,all_differ,3,3,False,True,2172,6,True,2156,7,True,1979,6,data/d4d_concatenated/claudecode_agent/2026-09-01_claude-opus-5-api-generic-v7_rep1/AI_READI_d4d.yaml,data/d4d_concatenated/claudecode_agent/2026-09-01_claude-opus-5-api-generic-v7_rep2/AI_READI_d4d.yaml,data/d4d_concatenated/claudecode_agent/2026-09-01_claude-opus-5-api-generic-v7_rep3/AI_READI_d4d.yaml
AI_READI,v7,Distribution,Distribution,distribution_formats,nested,all_differ,3,3,False,True,729,4,True,745,4,True,2040,6,data/d4d_concatenated/claudecode_agent/2026-09-01_claude-opus-5-api-generic-v7_rep1/AI_READI_d4d.yaml,data/d4d_concatenated/claudecode_agent/2026-09-01_claude-opus-5-api-generic-v7_rep2/AI_READI_d4d.yaml,data/d4d_concatenated/claudecode_agent/2026-09-01_claude-opus-5-api-generic-v7_rep3/AI_READI_d4d.yaml
AI_READI,v7,Distribution,Distribution,distribution_dates,nested,all_differ,3,3,False,True,611,3,True,632,3,True,645,3,data/d4d_concatenated/claudecode_agent/2026-09-01_claude-opus-5-api-generic-v7_rep1/AI_READI_d4d.yaml,data/d4d_concatenated/claudecode_agent/2026-09-01_claude-opus-5-api-generic-v7_rep2/AI_READI_d4d.yaml,data/d4d_concatenated/claudecode_agent/2026-09-01_claude-opus-5-api-generic-v7_rep3/AI_READI_d4d.yaml
AI_READI,v7,Distribution,Distribution,third_party_sharing,nested,all_differ,3,3,False,True,459,1,True,471,1,True,311,1,data/d4d_concatenated/claudecode_agent/2026-09-01_claude-opus-5-api-generic-v7_rep1/AI_READI_d4d.yaml,data/d4d_concatenated/claudecode_agent/2026-09-01_claude-opus-5-api-generic-v7_rep2/AI_READI_d4d.yaml,data/d4d_concatenated/claudecode_agent/2026-09-01_claude-opus-5-api-generic-v7_rep3/AI_READI_d4d.yaml
AI_READI,v7,Maintenance,Maintenance,maintainers,nested,all_differ,3,3,False,True,669,2,True,454,1,True,349,1,data/d4d_concatenated/claudecode_agent/2026-09-01_claude-opus-5-api-generic-v7_rep1/AI_READI_d4d.yaml,data/d4d_concatenated/claudecode_agent/2026-09-01_claude-opus-5-api-generic-v7_rep2/AI_READI_d4d.yaml,data/d4d_concatenated/claudecode_agent/2026-09-01_claude-opus-5-api-generic-v7_rep3/AI_READI_d4d.yaml
AI_READI,v7,Maintenance,Maintenance,errata,nested,absent,0,,,False,,,False,,,False,,,data/d4d_concatenated/claudecode_agent/2026-09-01_claude-opus-5-api-generic-v7_rep1/AI_READI_d4d.yaml,data/d4d_concatenated/claudecode_agent/2026-09-01_claude-opus-5-api-generic-v7_rep2/AI_READI_d4d.yaml,data/d4d_concatenated/claudecode_agent/2026-09-01_claude-opus-5-api-generic-v7_rep3/AI_READI_d4d.yaml
AI_READI,v7,Maintenance,Maintenance,updates,nested,all_differ,3,3,False,True,483,,True,600,,True,580,,data/d4d_concatenated/claudecode_agent/2026-09-01_claude-opus-5-api-generic-v7_rep1/AI_READI_d4d.yaml,data/d4d_concatenated/claudecode_agent/2026-09-01_claude-opus-5-api-generic-v7_rep2/AI_READI_d4d.yaml,data/d4d_concatenated/claudecode_agent/2026-09-01_claude-opus-5-api-generic-v7_rep3/AI_READI_d4d.yaml
AI_READI,v7,Maintenance,Maintenance,retention_limit,nested,all_differ,3,3,False,True,202,,True,197,,True,279,,data/d4d_concatenated/claudecode_agent/2026-09-01_claude-opus-5-api-generic-v7_rep1/AI_READI_d4d.yaml,data/d4d_concatenated/claudecode_agent/2026-09-01_claude-opus-5-api-generic-v7_rep2/AI_READI_d4d.yaml,data/d4d_concatenated/claudecode_agent/2026-09-01_claude-opus-5-api-generic-v7_rep3/AI_READI_d4d.yaml
AI_READI,v7,Maintenance,Maintenance,version_access,nested,all_differ,3,3,False,True,1024,,True,733,,True,1609,,data/d4d_concatenated/claudecode_agent/2026-09-01_claude-opus-5-api-generic-v7_rep1/AI_READI_d4d.yaml,data/d4d_concatenated/claudecode_agent/2026-09-01_claude-opus-5-api-generic-v7_rep2/AI_READI_d4d.yaml,data/d4d_concatenated/claudecode_agent/2026-09-01_claude-opus-5-api-generic-v7_rep3/AI_READI_d4d.yaml
AI_READI,v7,Maintenance,Maintenance,extension_mechanism,nested,intermittent,1,,,False,,,True,154,,False,,,data/d4d_concatenated/claudecode_agent/2026-09-01_claude-opus-5-api-generic-v7_rep1/AI_READI_d4d.yaml,data/d4d_concatenated/claudecode_agent/2026-09-01_claude-opus-5-api-generic-v7_rep2/AI_READI_d4d.yaml,data/d4d_concatenated/claudecode_agent/2026-09-01_claude-opus-5-api-generic-v7_rep3/AI_READI_d4d.yaml
AI_READI,v7,Ethics,Ethics,collection_notifications,nested,all_differ,3,3,False,True,590,1,True,563,1,True,547,1,data/d4d_concatenated/claudecode_agent/2026-09-01_claude-opus-5-api-generic-v7_rep1/AI_READI_d4d.yaml,data/d4d_concatenated/claudecode_agent/2026-09-01_claude-opus-5-api-generic-v7_rep2/AI_READI_d4d.yaml,data/d4d_concatenated/claudecode_agent/2026-09-01_claude-opus-5-api-generic-v7_rep3/AI_READI_d4d.yaml
AI_READI,v7,Ethics,Ethics,collection_consents,nested,all_differ,3,3,False,True,1049,2,True,802,1,True,957,1,data/d4d_concatenated/claudecode_agent/2026-09-01_claude-opus-5-api-generic-v7_rep1/AI_READI_d4d.yaml,data/d4d_concatenated/claudecode_agent/2026-09-01_claude-opus-5-api-generic-v7_rep2/AI_READI_d4d.yaml,data/d4d_concatenated/claudecode_agent/2026-09-01_claude-opus-5-api-generic-v7_rep3/AI_READI_d4d.yaml
AI_READI,v7,Ethics,Ethics,consent_revocations,nested,all_differ,3,3,False,True,251,1,True,258,1,True,269,1,data/d4d_concatenated/claudecode_agent/2026-09-01_claude-opus-5-api-generic-v7_rep1/AI_READI_d4d.yaml,data/d4d_concatenated/claudecode_agent/2026-09-01_claude-opus-5-api-generic-v7_rep2/AI_READI_d4d.yaml,data/d4d_concatenated/claudecode_agent/2026-09-01_claude-opus-5-api-generic-v7_rep3/AI_READI_d4d.yaml
AI_READI,v7,Ethics,Ethics,ethical_reviews,nested,all_differ,3,3,False,True,1722,3,True,1411,2,True,2635,3,data/d4d_concatenated/claudecode_agent/2026-09-01_claude-opus-5-api-generic-v7_rep1/AI_READI_d4d.yaml,data/d4d_concatenated/claudecode_agent/2026-09-01_claude-opus-5-api-generic-v7_rep2/AI_READI_d4d.yaml,data/d4d_concatenated/claudecode_agent/2026-09-01_claude-opus-5-api-generic-v7_rep3/AI_READI_d4d.yaml
AI_READI,v7,Ethics,Ethics,data_protection_impacts,nested,intermittent,1,,,False,,,True,140,1,False,,,data/d4d_concatenated/claudecode_agent/2026-09-01_claude-opus-5-api-generic-v7_rep1/AI_READI_d4d.yaml,data/d4d_concatenated/claudecode_agent/2026-09-01_claude-opus-5-api-generic-v7_rep2/AI_READI_d4d.yaml,data/d4d_concatenated/claudecode_agent/2026-09-01_claude-opus-5-api-generic-v7_rep3/AI_READI_d4d.yaml
AI_READI,v7,Human,Human,human_subject_research,nested,all_differ,3,3,False,True,1072,,True,1814,,True,1915,,data/d4d_concatenated/claudecode_agent/2026-09-01_claude-opus-5-api-generic-v7_rep1/AI_READI_d4d.yaml,data/d4d_concatenated/claudecode_agent/2026-09-01_claude-opus-5-api-generic-v7_rep2/AI_READI_d4d.yaml,data/d4d_concatenated/claudecode_agent/2026-09-01_claude-opus-5-api-generic-v7_rep3/AI_READI_d4d.yaml
AI_READI,v7,Human,Human,informed_consent,nested,all_differ,3,3,False,True,1324,1,True,1251,1,True,1358,1,data/d4d_concatenated/claudecode_agent/2026-09-01_claude-opus-5-api-generic-v7_rep1/AI_READI_d4d.yaml,data/d4d_concatenated/claudecode_agent/2026-09-01_claude-opus-5-api-generic-v7_rep2/AI_READI_d4d.yaml,data/d4d_concatenated/claudecode_agent/2026-09-01_claude-opus-5-api-generic-v7_rep3/AI_READI_d4d.yaml
AI_READI,v7,Human,Human,at_risk_populations,nested,all_differ,3,3,False,True,393,,True,632,,True,1017,,data/d4d_concatenated/claudecode_agent/2026-09-01_claude-opus-5-api-generic-v7_rep1/AI_READI_d4d.yaml,data/d4d_concatenated/claudecode_agent/2026-09-01_claude-opus-5-api-generic-v7_rep2/AI_READI_d4d.yaml,data/d4d_concatenated/claudecode_agent/2026-09-01_claude-opus-5-api-generic-v7_rep3/AI_READI_d4d.yaml
AI_READI,v7,Human,Human,participant_privacy,nested,all_differ,3,3,False,True,1573,1,True,1167,1,True,1553,1,data/d4d_concatenated/claudecode_agent/2026-09-01_claude-opus-5-api-generic-v7_rep1/AI_READI_d4d.yaml,data/d4d_concatenated/claudecode_agent/2026-09-01_claude-opus-5-api-generic-v7_rep2/AI_READI_d4d.yaml,data/d4d_concatenated/claudecode_agent/2026-09-01_claude-opus-5-api-generic-v7_rep3/AI_READI_d4d.yaml
AI_READI,v7,Human,Human,participant_compensation,nested,all_differ,3,3,False,True,1150,1,True,893,1,True,974,1,data/d4d_concatenated/claudecode_agent/2026-09-01_claude-opus-5-api-generic-v7_rep1/AI_READI_d4d.yaml,data/d4d_concatenated/claudecode_agent/2026-09-01_claude-opus-5-api-generic-v7_rep2/AI_READI_d4d.yaml,data/d4d_concatenated/claudecode_agent/2026-09-01_claude-opus-5-api-generic-v7_rep3/AI_READI_d4d.yaml
AI_READI,v7,Data Governance,Data Governance,license_and_use_terms,nested,all_differ,3,3,False,True,2022,,True,1473,,True,1481,,data/d4d_concatenated/claudecode_agent/2026-09-01_claude-opus-5-api-generic-v7_rep1/AI_READI_d4d.yaml,data/d4d_concatenated/claudecode_agent/2026-09-01_claude-opus-5-api-generic-v7_rep2/AI_READI_d4d.yaml,data/d4d_concatenated/claudecode_agent/2026-09-01_claude-opus-5-api-generic-v7_rep3/AI_READI_d4d.yaml
AI_READI,v7,Data Governance,Data Governance,ip_restrictions,nested,all_differ,3,3,False,True,872,,True,825,,True,338,,data/d4d_concatenated/claudecode_agent/2026-09-01_claude-opus-5-api-generic-v7_rep1/AI_READI_d4d.yaml,data/d4d_concatenated/claudecode_agent/2026-09-01_claude-opus-5-api-generic-v7_rep2/AI_READI_d4d.yaml,data/d4d_concatenated/claudecode_agent/2026-09-01_claude-opus-5-api-generic-v7_rep3/AI_READI_d4d.yaml
AI_READI,v7,Data Governance,Data Governance,regulatory_restrictions,nested,all_differ,3,3,False,True,1336,,True,1368,,True,1974,,data/d4d_concatenated/claudecode_agent/2026-09-01_claude-opus-5-api-generic-v7_rep1/AI_READI_d4d.yaml,data/d4d_concatenated/claudecode_agent/2026-09-01_claude-opus-5-api-generic-v7_rep2/AI_READI_d4d.yaml,data/d4d_concatenated/claudecode_agent/2026-09-01_claude-opus-5-api-generic-v7_rep3/AI_READI_d4d.yaml
AI_READI,v7,Data Governance,Data Governance,data_governance,nested,all_differ,3,3,False,True,2309,,True,1979,,True,2148,,data/d4d_concatenated/claudecode_agent/2026-09-01_claude-opus-5-api-generic-v7_rep1/AI_READI_d4d.yaml,data/d4d_concatenated/claudecode_agent/2026-09-01_claude-opus-5-api-generic-v7_rep2/AI_READI_d4d.yaml,data/d4d_concatenated/claudecode_agent/2026-09-01_claude-opus-5-api-generic-v7_rep3/AI_READI_d4d.yaml
AI_READI,v7,Variables,Variables,variables,nested,all_differ,3,3,False,True,9214,39,True,5938,25,True,5554,9,data/d4d_concatenated/claudecode_agent/2026-09-01_claude-opus-5-api-generic-v7_rep1/AI_READI_d4d.yaml,data/d4d_concatenated/claudecode_agent/2026-09-01_claude-opus-5-api-generic-v7_rep2/AI_READI_d4d.yaml,data/d4d_concatenated/claudecode_agent/2026-09-01_claude-opus-5-api-generic-v7_rep3/AI_READI_d4d.yaml
AI_READI,v7,FileCollection,FileCollection,file_collections,nested,all_differ,3,3,False,True,6037,10,True,6078,9,True,5944,9,data/d4d_concatenated/claudecode_agent/2026-09-01_claude-opus-5-api-generic-v7_rep1/AI_READI_d4d.yaml,data/d4d_concatenated/claudecode_agent/2026-09-01_claude-opus-5-api-generic-v7_rep2/AI_READI_d4d.yaml,data/d4d_concatenated/claudecode_agent/2026-09-01_claude-opus-5-api-generic-v7_rep3/AI_READI_d4d.yaml
AI_READI,v7,Base / root,Base / root: scalar,total_file_count,scalar,identical,3,1,True,True,11,,True,11,,True,11,,data/d4d_concatenated/claudecode_agent/2026-09-01_claude-opus-5-api-generic-v7_rep1/AI_READI_d4d.yaml,data/d4d_concatenated/claudecode_agent/2026-09-01_claude-opus-5-api-generic-v7_rep2/AI_READI_d4d.yaml,data/d4d_concatenated/claudecode_agent/2026-09-01_claude-opus-5-api-generic-v7_rep3/AI_READI_d4d.yaml
AI_READI,v7,Base / root,Base / root: scalar,total_size_bytes,scalar,identical,3,1,True,True,18,,True,18,,True,18,,data/d4d_concatenated/claudecode_agent/2026-09-01_claude-opus-5-api-generic-v7_rep1/AI_READI_d4d.yaml,data/d4d_concatenated/claudecode_agent/2026-09-01_claude-opus-5-api-generic-v7_rep2/AI_READI_d4d.yaml,data/d4d_concatenated/claudecode_agent/2026-09-01_claude-opus-5-api-generic-v7_rep3/AI_READI_d4d.yaml
AI_READI,v7,Base / root,Base / root: scalar,is_tabular,scalar,identical,3,1,True,True,10,,True,10,,True,10,,data/d4d_concatenated/claudecode_agent/2026-09-01_claude-opus-5-api-generic-v7_rep1/AI_READI_d4d.yaml,data/d4d_concatenated/claudecode_agent/2026-09-01_claude-opus-5-api-generic-v7_rep2/AI_READI_d4d.yaml,data/d4d_concatenated/claudecode_agent/2026-09-01_claude-opus-5-api-generic-v7_rep3/AI_READI_d4d.yaml
AI_READI,v7,Base / root,Base / root: scalar,compression,scalar,absent,0,,,False,,,False,,,False,,,data/d4d_concatenated/claudecode_agent/2026-09-01_claude-opus-5-api-generic-v7_rep1/AI_READI_d4d.yaml,data/d4d_concatenated/claudecode_agent/2026-09-01_claude-opus-5-api-generic-v7_rep2/AI_READI_d4d.yaml,data/d4d_concatenated/claudecode_agent/2026-09-01_claude-opus-5-api-generic-v7_rep3/AI_READI_d4d.yaml
AI_READI,v7,Base / root,Base / root: scalar,conforms_to_class,scalar,identical,3,1,True,True,12,,True,12,,True,12,,data/d4d_concatenated/claudecode_agent/2026-09-01_claude-opus-5-api-generic-v7_rep1/AI_READI_d4d.yaml,data/d4d_concatenated/claudecode_agent/2026-09-01_claude-opus-5-api-generic-v7_rep2/AI_READI_d4d.yaml,data/d4d_concatenated/claudecode_agent/2026-09-01_claude-opus-5-api-generic-v7_rep3/AI_READI_d4d.yaml
AI_READI,v7,Base / root,Base / root: scalar,conforms_to_schema,scalar,identical,3,1,True,True,50,,True,50,,True,50,,data/d4d_concatenated/claudecode_agent/2026-09-01_claude-opus-5-api-generic-v7_rep1/AI_READI_d4d.yaml,data/d4d_concatenated/claudecode_agent/2026-09-01_claude-opus-5-api-generic-v7_rep2/AI_READI_d4d.yaml,data/d4d_concatenated/claudecode_agent/2026-09-01_claude-opus-5-api-generic-v7_rep3/AI_READI_d4d.yaml
AI_READI,v7,Base / root,Base / root: scalar,created_by,scalar,identical,3,1,True,True,24,,True,24,,True,24,,data/d4d_concatenated/claudecode_agent/2026-09-01_claude-opus-5-api-generic-v7_rep1/AI_READI_d4d.yaml,data/d4d_concatenated/claudecode_agent/2026-09-01_claude-opus-5-api-generic-v7_rep2/AI_READI_d4d.yaml,data/d4d_concatenated/claudecode_agent/2026-09-01_claude-opus-5-api-generic-v7_rep3/AI_READI_d4d.yaml
AI_READI,v7,Base / root,Base / root: scalar,created_on,scalar,absent,0,,,False,,,False,,,False,,,data/d4d_concatenated/claudecode_agent/2026-09-01_claude-opus-5-api-generic-v7_rep1/AI_READI_d4d.yaml,data/d4d_concatenated/claudecode_agent/2026-09-01_claude-opus-5-api-generic-v7_rep2/AI_READI_d4d.yaml,data/d4d_concatenated/claudecode_agent/2026-09-01_claude-opus-5-api-generic-v7_rep3/AI_READI_d4d.yaml
AI_READI,v7,Base / root,Base / root: scalar,doi,scalar,identical,3,1,True,True,23,,True,23,,True,23,,data/d4d_concatenated/claudecode_agent/2026-09-01_claude-opus-5-api-generic-v7_rep1/AI_READI_d4d.yaml,data/d4d_concatenated/claudecode_agent/2026-09-01_claude-opus-5-api-generic-v7_rep2/AI_READI_d4d.yaml,data/d4d_concatenated/claudecode_agent/2026-09-01_claude-opus-5-api-generic-v7_rep3/AI_READI_d4d.yaml
AI_READI,v7,Base / root,Base / root: scalar,download_url,scalar,absent,0,,,False,,,False,,,False,,,data/d4d_concatenated/claudecode_agent/2026-09-01_claude-opus-5-api-generic-v7_rep1/AI_READI_d4d.yaml,data/d4d_concatenated/claudecode_agent/2026-09-01_claude-opus-5-api-generic-v7_rep2/AI_READI_d4d.yaml,data/d4d_concatenated/claudecode_agent/2026-09-01_claude-opus-5-api-generic-v7_rep3/AI_READI_d4d.yaml
AI_READI,v7,Base / root,Base / root: scalar,issued,scalar,identical,3,1,True,True,23,,True,23,,True,23,,data/d4d_concatenated/claudecode_agent/2026-09-01_claude-opus-5-api-generic-v7_rep1/AI_READI_d4d.yaml,data/d4d_concatenated/claudecode_agent/2026-09-01_claude-opus-5-api-generic-v7_rep2/AI_READI_d4d.yaml,data/d4d_concatenated/claudecode_agent/2026-09-01_claude-opus-5-api-generic-v7_rep3/AI_READI_d4d.yaml
AI_READI,v7,Base / root,Base / root: scalar,language,scalar,identical,3,1,True,True,7,,True,7,,True,7,,data/d4d_concatenated/claudecode_agent/2026-09-01_claude-opus-5-api-generic-v7_rep1/AI_READI_d4d.yaml,data/d4d_concatenated/claudecode_agent/2026-09-01_claude-opus-5-api-generic-v7_rep2/AI_READI_d4d.yaml,data/d4d_concatenated/claudecode_agent/2026-09-01_claude-opus-5-api-generic-v7_rep3/AI_READI_d4d.yaml
AI_READI,v7,Base / root,Base / root: scalar,last_updated_on,scalar,absent,0,,,False,,,False,,,False,,,data/d4d_concatenated/claudecode_agent/2026-09-01_claude-opus-5-api-generic-v7_rep1/AI_READI_d4d.yaml,data/d4d_concatenated/claudecode_agent/2026-09-01_claude-opus-5-api-generic-v7_rep2/AI_READI_d4d.yaml,data/d4d_concatenated/claudecode_agent/2026-09-01_claude-opus-5-api-generic-v7_rep3/AI_READI_d4d.yaml
AI_READI,v7,Base / root,Base / root: scalar,license,scalar,identical,3,1,True,True,33,,True,33,,True,33,,data/d4d_concatenated/claudecode_agent/2026-09-01_claude-opus-5-api-generic-v7_rep1/AI_READI_d4d.yaml,data/d4d_concatenated/claudecode_agent/2026-09-01_claude-opus-5-api-generic-v7_rep2/AI_READI_d4d.yaml,data/d4d_concatenated/claudecode_agent/2026-09-01_claude-opus-5-api-generic-v7_rep3/AI_READI_d4d.yaml
AI_READI,v7,Base / root,Base / root: scalar,modified_by,scalar,absent,0,,,False,,,False,,,False,,,data/d4d_concatenated/claudecode_agent/2026-09-01_claude-opus-5-api-generic-v7_rep1/AI_READI_d4d.yaml,data/d4d_concatenated/claudecode_agent/2026-09-01_claude-opus-5-api-generic-v7_rep2/AI_READI_d4d.yaml,data/d4d_concatenated/claudecode_agent/2026-09-01_claude-opus-5-api-generic-v7_rep3/AI_READI_d4d.yaml
AI_READI,v7,Base / root,Base / root: scalar,page,scalar,identical,3,1,True,True,34,,True,34,,True,34,,data/d4d_concatenated/claudecode_agent/2026-09-01_claude-opus-5-api-generic-v7_rep1/AI_READI_d4d.yaml,data/d4d_concatenated/claudecode_agent/2026-09-01_claude-opus-5-api-generic-v7_rep2/AI_READI_d4d.yaml,data/d4d_concatenated/claudecode_agent/2026-09-01_claude-opus-5-api-generic-v7_rep3/AI_READI_d4d.yaml
AI_READI,v7,Base / root,Base / root: scalar,publisher,scalar,identical,3,1,True,True,24,,True,24,,True,24,,data/d4d_concatenated/claudecode_agent/2026-09-01_claude-opus-5-api-generic-v7_rep1/AI_READI_d4d.yaml,data/d4d_concatenated/claudecode_agent/2026-09-01_claude-opus-5-api-generic-v7_rep2/AI_READI_d4d.yaml,data/d4d_concatenated/claudecode_agent/2026-09-01_claude-opus-5-api-generic-v7_rep3/AI_READI_d4d.yaml
AI_READI,v7,Base / root,Base / root: scalar,status,scalar,identical,3,1,True,True,14,,True,14,,True,14,,data/d4d_concatenated/claudecode_agent/2026-09-01_claude-opus-5-api-generic-v7_rep1/AI_READI_d4d.yaml,data/d4d_concatenated/claudecode_agent/2026-09-01_claude-opus-5-api-generic-v7_rep2/AI_READI_d4d.yaml,data/d4d_concatenated/claudecode_agent/2026-09-01_claude-opus-5-api-generic-v7_rep3/AI_READI_d4d.yaml
AI_READI,v7,Base / root,Base / root: scalar,title,scalar,identical,3,1,True,True,66,,True,66,,True,66,,data/d4d_concatenated/claudecode_agent/2026-09-01_claude-opus-5-api-generic-v7_rep1/AI_READI_d4d.yaml,data/d4d_concatenated/claudecode_agent/2026-09-01_claude-opus-5-api-generic-v7_rep2/AI_READI_d4d.yaml,data/d4d_concatenated/claudecode_agent/2026-09-01_claude-opus-5-api-generic-v7_rep3/AI_READI_d4d.yaml
AI_READI,v7,Base / root,Base / root: scalar,version,scalar,identical,3,1,True,True,10,,True,10,,True,10,,data/d4d_concatenated/claudecode_agent/2026-09-01_claude-opus-5-api-generic-v7_rep1/AI_READI_d4d.yaml,data/d4d_concatenated/claudecode_agent/2026-09-01_claude-opus-5-api-generic-v7_rep2/AI_READI_d4d.yaml,data/d4d_concatenated/claudecode_agent/2026-09-01_claude-opus-5-api-generic-v7_rep3/AI_READI_d4d.yaml
AI_READI,v7,Base / root,Base / root: scalar,id,scalar,identical,3,1,True,True,27,,True,27,,True,27,,data/d4d_concatenated/claudecode_agent/2026-09-01_claude-opus-5-api-generic-v7_rep1/AI_READI_d4d.yaml,data/d4d_concatenated/claudecode_agent/2026-09-01_claude-opus-5-api-generic-v7_rep2/AI_READI_d4d.yaml,data/d4d_concatenated/claudecode_agent/2026-09-01_claude-opus-5-api-generic-v7_rep3/AI_READI_d4d.yaml
AI_READI,v7,Base / root,Base / root: scalar,name,scalar,two_agree,3,2,False,True,66,,True,21,,True,66,,data/d4d_concatenated/claudecode_agent/2026-09-01_claude-opus-5-api-generic-v7_rep1/AI_READI_d4d.yaml,data/d4d_concatenated/claudecode_agent/2026-09-01_claude-opus-5-api-generic-v7_rep2/AI_READI_d4d.yaml,data/d4d_concatenated/claudecode_agent/2026-09-01_claude-opus-5-api-generic-v7_rep3/AI_READI_d4d.yaml
AI_READI,v7,Base / root,Base / root: long text,citation,long text,two_agree,3,2,False,True,159,,True,159,,True,448,,data/d4d_concatenated/claudecode_agent/2026-09-01_claude-opus-5-api-generic-v7_rep1/AI_READI_d4d.yaml,data/d4d_concatenated/claudecode_agent/2026-09-01_claude-opus-5-api-generic-v7_rep2/AI_READI_d4d.yaml,data/d4d_concatenated/claudecode_agent/2026-09-01_claude-opus-5-api-generic-v7_rep3/AI_READI_d4d.yaml
AI_READI,v7,Base / root,Base / root: long text,conforms_to,long text,all_differ,3,3,False,True,661,,True,44,,True,777,,data/d4d_concatenated/claudecode_agent/2026-09-01_claude-opus-5-api-generic-v7_rep1/AI_READI_d4d.yaml,data/d4d_concatenated/claudecode_agent/2026-09-01_claude-opus-5-api-generic-v7_rep2/AI_READI_d4d.yaml,data/d4d_concatenated/claudecode_agent/2026-09-01_claude-opus-5-api-generic-v7_rep3/AI_READI_d4d.yaml
AI_READI,v7,Base / root,Base / root: long text,was_derived_from,long text,absent,0,,,False,,,False,,,False,,,data/d4d_concatenated/claudecode_agent/2026-09-01_claude-opus-5-api-generic-v7_rep1/AI_READI_d4d.yaml,data/d4d_concatenated/claudecode_agent/2026-09-01_claude-opus-5-api-generic-v7_rep2/AI_READI_d4d.yaml,data/d4d_concatenated/claudecode_agent/2026-09-01_claude-opus-5-api-generic-v7_rep3/AI_READI_d4d.yaml
AI_READI,v7,Base / root,Base / root: long text,description,long text,all_differ,3,3,False,True,2371,,True,2185,,True,2260,,data/d4d_concatenated/claudecode_agent/2026-09-01_claude-opus-5-api-generic-v7_rep1/AI_READI_d4d.yaml,data/d4d_concatenated/claudecode_agent/2026-09-01_claude-opus-5-api-generic-v7_rep2/AI_READI_d4d.yaml,data/d4d_concatenated/claudecode_agent/2026-09-01_claude-opus-5-api-generic-v7_rep3/AI_READI_d4d.yaml
AI_READI,v7,Base / root,Base / root: long text,notes,long text,all_differ,3,3,False,True,851,,True,1565,,True,510,,data/d4d_concatenated/claudecode_agent/2026-09-01_claude-opus-5-api-generic-v7_rep1/AI_READI_d4d.yaml,data/d4d_concatenated/claudecode_agent/2026-09-01_claude-opus-5-api-generic-v7_rep2/AI_READI_d4d.yaml,data/d4d_concatenated/claudecode_agent/2026-09-01_claude-opus-5-api-generic-v7_rep3/AI_READI_d4d.yaml
AI_READI,v7,Base / root,Base / root: list of values,conforms_to_standard,list,all_differ,3,3,False,True,54,6,True,54,6,True,65,7,data/d4d_concatenated/claudecode_agent/2026-09-01_claude-opus-5-api-generic-v7_rep1/AI_READI_d4d.yaml,data/d4d_concatenated/claudecode_agent/2026-09-01_claude-opus-5-api-generic-v7_rep2/AI_READI_d4d.yaml,data/d4d_concatenated/claudecode_agent/2026-09-01_claude-opus-5-api-generic-v7_rep3/AI_READI_d4d.yaml
AI_READI,v7,Base / root,Base / root: list of values,keywords,list,all_differ,3,3,False,True,211,10,True,211,10,True,193,9,data/d4d_concatenated/claudecode_agent/2026-09-01_claude-opus-5-api-generic-v7_rep1/AI_READI_d4d.yaml,data/d4d_concatenated/claudecode_agent/2026-09-01_claude-opus-5-api-generic-v7_rep2/AI_READI_d4d.yaml,data/d4d_concatenated/claudecode_agent/2026-09-01_claude-opus-5-api-generic-v7_rep3/AI_READI_d4d.yaml
AI_READI,v7,Base / root,Base / root: nested,resources,nested,absent,0,,,False,,,False,,,False,,,data/d4d_concatenated/claudecode_agent/2026-09-01_claude-opus-5-api-generic-v7_rep1/AI_READI_d4d.yaml,data/d4d_concatenated/claudecode_agent/2026-09-01_claude-opus-5-api-generic-v7_rep2/AI_READI_d4d.yaml,data/d4d_concatenated/claudecode_agent/2026-09-01_claude-opus-5-api-generic-v7_rep3/AI_READI_d4d.yaml
AI_READI,v7,Base / root,Base / root: nested,subsets,nested,intermittent,1,,,False,,,False,,,True,2236,3,data/d4d_concatenated/claudecode_agent/2026-09-01_claude-opus-5-api-generic-v7_rep1/AI_READI_d4d.yaml,data/d4d_concatenated/claudecode_agent/2026-09-01_claude-opus-5-api-generic-v7_rep2/AI_READI_d4d.yaml,data/d4d_concatenated/claudecode_agent/2026-09-01_claude-opus-5-api-generic-v7_rep3/AI_READI_d4d.yaml
AI_READI,v7,Base / root,Base / root: nested,parent_datasets,nested,absent,0,,,False,,,False,,,False,,,data/d4d_concatenated/claudecode_agent/2026-09-01_claude-opus-5-api-generic-v7_rep1/AI_READI_d4d.yaml,data/d4d_concatenated/claudecode_agent/2026-09-01_claude-opus-5-api-generic-v7_rep2/AI_READI_d4d.yaml,data/d4d_concatenated/claudecode_agent/2026-09-01_claude-opus-5-api-generic-v7_rep3/AI_READI_d4d.yaml
AI_READI,v8,Motivation,Motivation,purposes,nested,all_differ,3,3,False,True,870,4,True,803,3,True,875,3,data/d4d_concatenated/claudecode_api/2026-09-04g_claude-opus-5-api-generic-v8_rep1/AI_READI_d4d.yaml,data/d4d_concatenated/claudecode_api/2026-09-04g_claude-opus-5-api-generic-v8_rep2/AI_READI_d4d.yaml,data/d4d_concatenated/claudecode_api/2026-09-04g_claude-opus-5-api-generic-v8_rep3/AI_READI_d4d.yaml
AI_READI,v8,Motivation,Motivation,tasks,nested,all_differ,3,3,False,True,423,2,True,384,2,True,478,2,data/d4d_concatenated/claudecode_api/2026-09-04g_claude-opus-5-api-generic-v8_rep1/AI_READI_d4d.yaml,data/d4d_concatenated/claudecode_api/2026-09-04g_claude-opus-5-api-generic-v8_rep2/AI_READI_d4d.yaml,data/d4d_concatenated/claudecode_api/2026-09-04g_claude-opus-5-api-generic-v8_rep3/AI_READI_d4d.yaml
AI_READI,v8,Motivation,Motivation,addressing_gaps,nested,all_differ,3,3,False,True,707,3,True,635,3,True,944,3,data/d4d_concatenated/claudecode_api/2026-09-04g_claude-opus-5-api-generic-v8_rep1/AI_READI_d4d.yaml,data/d4d_concatenated/claudecode_api/2026-09-04g_claude-opus-5-api-generic-v8_rep2/AI_READI_d4d.yaml,data/d4d_concatenated/claudecode_api/2026-09-04g_claude-opus-5-api-generic-v8_rep3/AI_READI_d4d.yaml
AI_READI,v8,Motivation,Motivation,creators,nested,all_differ,3,3,False,True,1435,1,True,2976,1,True,1781,1,data/d4d_concatenated/claudecode_api/2026-09-04g_claude-opus-5-api-generic-v8_rep1/AI_READI_d4d.yaml,data/d4d_concatenated/claudecode_api/2026-09-04g_claude-opus-5-api-generic-v8_rep2/AI_READI_d4d.yaml,data/d4d_concatenated/claudecode_api/2026-09-04g_claude-opus-5-api-generic-v8_rep3/AI_READI_d4d.yaml
AI_READI,v8,Motivation,Motivation,funders,nested,all_differ,3,3,False,True,1311,3,True,1701,2,True,956,2,data/d4d_concatenated/claudecode_api/2026-09-04g_claude-opus-5-api-generic-v8_rep1/AI_READI_d4d.yaml,data/d4d_concatenated/claudecode_api/2026-09-04g_claude-opus-5-api-generic-v8_rep2/AI_READI_d4d.yaml,data/d4d_concatenated/claudecode_api/2026-09-04g_claude-opus-5-api-generic-v8_rep3/AI_READI_d4d.yaml
AI_READI,v8,Composition,Composition,external_resources,nested,all_differ,3,3,False,True,2093,9,True,1988,7,True,1646,7,data/d4d_concatenated/claudecode_api/2026-09-04g_claude-opus-5-api-generic-v8_rep1/AI_READI_d4d.yaml,data/d4d_concatenated/claudecode_api/2026-09-04g_claude-opus-5-api-generic-v8_rep2/AI_READI_d4d.yaml,data/d4d_concatenated/claudecode_api/2026-09-04g_claude-opus-5-api-generic-v8_rep3/AI_READI_d4d.yaml
AI_READI,v8,Composition,Composition,instances,nested,all_differ,3,3,False,True,1382,1,True,1300,1,True,952,1,data/d4d_concatenated/claudecode_api/2026-09-04g_claude-opus-5-api-generic-v8_rep1/AI_READI_d4d.yaml,data/d4d_concatenated/claudecode_api/2026-09-04g_claude-opus-5-api-generic-v8_rep2/AI_READI_d4d.yaml,data/d4d_concatenated/claudecode_api/2026-09-04g_claude-opus-5-api-generic-v8_rep3/AI_READI_d4d.yaml
AI_READI,v8,Composition,Composition,anomalies,nested,all_differ,3,3,False,True,1251,6,True,887,5,True,980,3,data/d4d_concatenated/claudecode_api/2026-09-04g_claude-opus-5-api-generic-v8_rep1/AI_READI_d4d.yaml,data/d4d_concatenated/claudecode_api/2026-09-04g_claude-opus-5-api-generic-v8_rep2/AI_READI_d4d.yaml,data/d4d_concatenated/claudecode_api/2026-09-04g_claude-opus-5-api-generic-v8_rep3/AI_READI_d4d.yaml
AI_READI,v8,Composition,Composition,known_biases,nested,all_differ,3,3,False,True,1965,4,True,1793,4,True,2361,4,data/d4d_concatenated/claudecode_api/2026-09-04g_claude-opus-5-api-generic-v8_rep1/AI_READI_d4d.yaml,data/d4d_concatenated/claudecode_api/2026-09-04g_claude-opus-5-api-generic-v8_rep2/AI_READI_d4d.yaml,data/d4d_concatenated/claudecode_api/2026-09-04g_claude-opus-5-api-generic-v8_rep3/AI_READI_d4d.yaml
AI_READI,v8,Composition,Composition,known_limitations,nested,all_differ,3,3,False,True,1723,5,True,1612,5,True,2621,6,data/d4d_concatenated/claudecode_api/2026-09-04g_claude-opus-5-api-generic-v8_rep1/AI_READI_d4d.yaml,data/d4d_concatenated/claudecode_api/2026-09-04g_claude-opus-5-api-generic-v8_rep2/AI_READI_d4d.yaml,data/d4d_concatenated/claudecode_api/2026-09-04g_claude-opus-5-api-generic-v8_rep3/AI_READI_d4d.yaml
AI_READI,v8,Composition,Composition,confidential_elements,nested,all_differ,3,3,False,True,210,1,True,310,1,True,302,1,data/d4d_concatenated/claudecode_api/2026-09-04g_claude-opus-5-api-generic-v8_rep1/AI_READI_d4d.yaml,data/d4d_concatenated/claudecode_api/2026-09-04g_claude-opus-5-api-generic-v8_rep2/AI_READI_d4d.yaml,data/d4d_concatenated/claudecode_api/2026-09-04g_claude-opus-5-api-generic-v8_rep3/AI_READI_d4d.yaml
AI_READI,v8,Composition,Composition,content_warnings,nested,intermittent,2,,,True,261,1,True,261,1,False,,,data/d4d_concatenated/claudecode_api/2026-09-04g_claude-opus-5-api-generic-v8_rep1/AI_READI_d4d.yaml,data/d4d_concatenated/claudecode_api/2026-09-04g_claude-opus-5-api-generic-v8_rep2/AI_READI_d4d.yaml,data/d4d_concatenated/claudecode_api/2026-09-04g_claude-opus-5-api-generic-v8_rep3/AI_READI_d4d.yaml
AI_READI,v8,Composition,Composition,subpopulations,nested,all_differ,3,3,False,True,1752,4,True,1878,3,True,1783,4,data/d4d_concatenated/claudecode_api/2026-09-04g_claude-opus-5-api-generic-v8_rep1/AI_READI_d4d.yaml,data/d4d_concatenated/claudecode_api/2026-09-04g_claude-opus-5-api-generic-v8_rep2/AI_READI_d4d.yaml,data/d4d_concatenated/claudecode_api/2026-09-04g_claude-opus-5-api-generic-v8_rep3/AI_READI_d4d.yaml
AI_READI,v8,Composition,Composition,sensitive_elements,nested,all_differ,3,3,False,True,280,1,True,573,1,True,871,1,data/d4d_concatenated/claudecode_api/2026-09-04g_claude-opus-5-api-generic-v8_rep1/AI_READI_d4d.yaml,data/d4d_concatenated/claudecode_api/2026-09-04g_claude-opus-5-api-generic-v8_rep2/AI_READI_d4d.yaml,data/d4d_concatenated/claudecode_api/2026-09-04g_claude-opus-5-api-generic-v8_rep3/AI_READI_d4d.yaml
AI_READI,v8,Composition,Composition,relationships,nested,all_differ,3,3,False,True,364,1,True,218,1,True,347,1,data/d4d_concatenated/claudecode_api/2026-09-04g_claude-opus-5-api-generic-v8_rep1/AI_READI_d4d.yaml,data/d4d_concatenated/claudecode_api/2026-09-04g_claude-opus-5-api-generic-v8_rep2/AI_READI_d4d.yaml,data/d4d_concatenated/claudecode_api/2026-09-04g_claude-opus-5-api-generic-v8_rep3/AI_READI_d4d.yaml
AI_READI,v8,Composition,Composition,splits,nested,all_differ,3,3,False,True,753,1,True,767,1,True,687,1,data/d4d_concatenated/claudecode_api/2026-09-04g_claude-opus-5-api-generic-v8_rep1/AI_READI_d4d.yaml,data/d4d_concatenated/claudecode_api/2026-09-04g_claude-opus-5-api-generic-v8_rep2/AI_READI_d4d.yaml,data/d4d_concatenated/claudecode_api/2026-09-04g_claude-opus-5-api-generic-v8_rep3/AI_READI_d4d.yaml
AI_READI,v8,Composition,Composition,sampling_strategies,nested,all_differ,3,3,False,True,1571,1,True,2478,1,True,1784,1,data/d4d_concatenated/claudecode_api/2026-09-04g_claude-opus-5-api-generic-v8_rep1/AI_READI_d4d.yaml,data/d4d_concatenated/claudecode_api/2026-09-04g_claude-opus-5-api-generic-v8_rep2/AI_READI_d4d.yaml,data/d4d_concatenated/claudecode_api/2026-09-04g_claude-opus-5-api-generic-v8_rep3/AI_READI_d4d.yaml
AI_READI,v8,Composition,Composition,is_deidentified,nested,all_differ,3,3,False,True,998,,True,1378,,True,1874,,data/d4d_concatenated/claudecode_api/2026-09-04g_claude-opus-5-api-generic-v8_rep1/AI_READI_d4d.yaml,data/d4d_concatenated/claudecode_api/2026-09-04g_claude-opus-5-api-generic-v8_rep2/AI_READI_d4d.yaml,data/d4d_concatenated/claudecode_api/2026-09-04g_claude-opus-5-api-generic-v8_rep3/AI_READI_d4d.yaml
AI_READI,v8,Composition,Composition,related_datasets,nested,all_differ,3,3,False,True,1333,3,True,1129,3,True,1775,4,data/d4d_concatenated/claudecode_api/2026-09-04g_claude-opus-5-api-generic-v8_rep1/AI_READI_d4d.yaml,data/d4d_concatenated/claudecode_api/2026-09-04g_claude-opus-5-api-generic-v8_rep2/AI_READI_d4d.yaml,data/d4d_concatenated/claudecode_api/2026-09-04g_claude-opus-5-api-generic-v8_rep3/AI_READI_d4d.yaml
AI_READI,v8,Collection,Collection,acquisition_methods,nested,all_differ,3,3,False,True,760,2,True,736,2,True,746,2,data/d4d_concatenated/claudecode_api/2026-09-04g_claude-opus-5-api-generic-v8_rep1/AI_READI_d4d.yaml,data/d4d_concatenated/claudecode_api/2026-09-04g_claude-opus-5-api-generic-v8_rep2/AI_READI_d4d.yaml,data/d4d_concatenated/claudecode_api/2026-09-04g_claude-opus-5-api-generic-v8_rep3/AI_READI_d4d.yaml
AI_READI,v8,Collection,Collection,collection_mechanisms,nested,all_differ,3,3,False,True,4769,20,True,8073,13,True,5728,20,data/d4d_concatenated/claudecode_api/2026-09-04g_claude-opus-5-api-generic-v8_rep1/AI_READI_d4d.yaml,data/d4d_concatenated/claudecode_api/2026-09-04g_claude-opus-5-api-generic-v8_rep2/AI_READI_d4d.yaml,data/d4d_concatenated/claudecode_api/2026-09-04g_claude-opus-5-api-generic-v8_rep3/AI_READI_d4d.yaml
AI_READI,v8,Collection,Collection,data_collectors,nested,all_differ,3,3,False,True,1151,3,True,1841,4,True,1027,3,data/d4d_concatenated/claudecode_api/2026-09-04g_claude-opus-5-api-generic-v8_rep1/AI_READI_d4d.yaml,data/d4d_concatenated/claudecode_api/2026-09-04g_claude-opus-5-api-generic-v8_rep2/AI_READI_d4d.yaml,data/d4d_concatenated/claudecode_api/2026-09-04g_claude-opus-5-api-generic-v8_rep3/AI_READI_d4d.yaml
AI_READI,v8,Collection,Collection,collection_timeframes,nested,all_differ,3,3,False,True,845,1,True,950,1,True,668,1,data/d4d_concatenated/claudecode_api/2026-09-04g_claude-opus-5-api-generic-v8_rep1/AI_READI_d4d.yaml,data/d4d_concatenated/claudecode_api/2026-09-04g_claude-opus-5-api-generic-v8_rep2/AI_READI_d4d.yaml,data/d4d_concatenated/claudecode_api/2026-09-04g_claude-opus-5-api-generic-v8_rep3/AI_READI_d4d.yaml
AI_READI,v8,Collection,Collection,direct_collection,nested,all_differ,3,3,False,True,401,1,True,480,1,True,458,1,data/d4d_concatenated/claudecode_api/2026-09-04g_claude-opus-5-api-generic-v8_rep1/AI_READI_d4d.yaml,data/d4d_concatenated/claudecode_api/2026-09-04g_claude-opus-5-api-generic-v8_rep2/AI_READI_d4d.yaml,data/d4d_concatenated/claudecode_api/2026-09-04g_claude-opus-5-api-generic-v8_rep3/AI_READI_d4d.yaml
AI_READI,v8,Collection,Collection,missing_data_documentation,nested,all_differ,3,3,False,True,1517,1,True,960,1,True,817,1,data/d4d_concatenated/claudecode_api/2026-09-04g_claude-opus-5-api-generic-v8_rep1/AI_READI_d4d.yaml,data/d4d_concatenated/claudecode_api/2026-09-04g_claude-opus-5-api-generic-v8_rep2/AI_READI_d4d.yaml,data/d4d_concatenated/claudecode_api/2026-09-04g_claude-opus-5-api-generic-v8_rep3/AI_READI_d4d.yaml
AI_READI,v8,Collection,Collection,raw_data_sources,nested,intermittent,2,,,True,1290,2,True,849,2,False,,,data/d4d_concatenated/claudecode_api/2026-09-04g_claude-opus-5-api-generic-v8_rep1/AI_READI_d4d.yaml,data/d4d_concatenated/claudecode_api/2026-09-04g_claude-opus-5-api-generic-v8_rep2/AI_READI_d4d.yaml,data/d4d_concatenated/claudecode_api/2026-09-04g_claude-opus-5-api-generic-v8_rep3/AI_READI_d4d.yaml
AI_READI,v8,Preprocessing,Preprocessing,preprocessing_strategies,nested,all_differ,3,3,False,True,906,2,True,1902,5,True,1127,3,data/d4d_concatenated/claudecode_api/2026-09-04g_claude-opus-5-api-generic-v8_rep1/AI_READI_d4d.yaml,data/d4d_concatenated/claudecode_api/2026-09-04g_claude-opus-5-api-generic-v8_rep2/AI_READI_d4d.yaml,data/d4d_concatenated/claudecode_api/2026-09-04g_claude-opus-5-api-generic-v8_rep3/AI_READI_d4d.yaml
AI_READI,v8,Preprocessing,Preprocessing,cleaning_strategies,nested,all_differ,3,3,False,True,843,1,True,1165,2,True,1162,2,data/d4d_concatenated/claudecode_api/2026-09-04g_claude-opus-5-api-generic-v8_rep1/AI_READI_d4d.yaml,data/d4d_concatenated/claudecode_api/2026-09-04g_claude-opus-5-api-generic-v8_rep2/AI_READI_d4d.yaml,data/d4d_concatenated/claudecode_api/2026-09-04g_claude-opus-5-api-generic-v8_rep3/AI_READI_d4d.yaml
AI_READI,v8,Preprocessing,Preprocessing,labeling_strategies,nested,absent,0,,,False,,,False,,,False,,,data/d4d_concatenated/claudecode_api/2026-09-04g_claude-opus-5-api-generic-v8_rep1/AI_READI_d4d.yaml,data/d4d_concatenated/claudecode_api/2026-09-04g_claude-opus-5-api-generic-v8_rep2/AI_READI_d4d.yaml,data/d4d_concatenated/claudecode_api/2026-09-04g_claude-opus-5-api-generic-v8_rep3/AI_READI_d4d.yaml
AI_READI,v8,Preprocessing,Preprocessing,raw_sources,nested,intermittent,2,,,False,,,True,949,1,True,546,1,data/d4d_concatenated/claudecode_api/2026-09-04g_claude-opus-5-api-generic-v8_rep1/AI_READI_d4d.yaml,data/d4d_concatenated/claudecode_api/2026-09-04g_claude-opus-5-api-generic-v8_rep2/AI_READI_d4d.yaml,data/d4d_concatenated/claudecode_api/2026-09-04g_claude-opus-5-api-generic-v8_rep3/AI_READI_d4d.yaml
AI_READI,v8,Preprocessing,Preprocessing,imputation_protocols,nested,absent,0,,,False,,,False,,,False,,,data/d4d_concatenated/claudecode_api/2026-09-04g_claude-opus-5-api-generic-v8_rep1/AI_READI_d4d.yaml,data/d4d_concatenated/claudecode_api/2026-09-04g_claude-opus-5-api-generic-v8_rep2/AI_READI_d4d.yaml,data/d4d_concatenated/claudecode_api/2026-09-04g_claude-opus-5-api-generic-v8_rep3/AI_READI_d4d.yaml
AI_READI,v8,Preprocessing,Preprocessing,annotation_analyses,nested,absent,0,,,False,,,False,,,False,,,data/d4d_concatenated/claudecode_api/2026-09-04g_claude-opus-5-api-generic-v8_rep1/AI_READI_d4d.yaml,data/d4d_concatenated/claudecode_api/2026-09-04g_claude-opus-5-api-generic-v8_rep2/AI_READI_d4d.yaml,data/d4d_concatenated/claudecode_api/2026-09-04g_claude-opus-5-api-generic-v8_rep3/AI_READI_d4d.yaml
AI_READI,v8,Preprocessing,Preprocessing,machine_annotation_tools,nested,absent,0,,,False,,,False,,,False,,,data/d4d_concatenated/claudecode_api/2026-09-04g_claude-opus-5-api-generic-v8_rep1/AI_READI_d4d.yaml,data/d4d_concatenated/claudecode_api/2026-09-04g_claude-opus-5-api-generic-v8_rep2/AI_READI_d4d.yaml,data/d4d_concatenated/claudecode_api/2026-09-04g_claude-opus-5-api-generic-v8_rep3/AI_READI_d4d.yaml
AI_READI,v8,Uses,Uses,existing_uses,nested,absent,0,,,False,,,False,,,False,,,data/d4d_concatenated/claudecode_api/2026-09-04g_claude-opus-5-api-generic-v8_rep1/AI_READI_d4d.yaml,data/d4d_concatenated/claudecode_api/2026-09-04g_claude-opus-5-api-generic-v8_rep2/AI_READI_d4d.yaml,data/d4d_concatenated/claudecode_api/2026-09-04g_claude-opus-5-api-generic-v8_rep3/AI_READI_d4d.yaml
AI_READI,v8,Uses,Uses,use_repository,nested,absent,0,,,False,,,False,,,False,,,data/d4d_concatenated/claudecode_api/2026-09-04g_claude-opus-5-api-generic-v8_rep1/AI_READI_d4d.yaml,data/d4d_concatenated/claudecode_api/2026-09-04g_claude-opus-5-api-generic-v8_rep2/AI_READI_d4d.yaml,data/d4d_concatenated/claudecode_api/2026-09-04g_claude-opus-5-api-generic-v8_rep3/AI_READI_d4d.yaml
AI_READI,v8,Uses,Uses,other_tasks,nested,intermittent,1,,,True,294,1,False,,,False,,,data/d4d_concatenated/claudecode_api/2026-09-04g_claude-opus-5-api-generic-v8_rep1/AI_READI_d4d.yaml,data/d4d_concatenated/claudecode_api/2026-09-04g_claude-opus-5-api-generic-v8_rep2/AI_READI_d4d.yaml,data/d4d_concatenated/claudecode_api/2026-09-04g_claude-opus-5-api-generic-v8_rep3/AI_READI_d4d.yaml
AI_READI,v8,Uses,Uses,future_use_impacts,nested,all_differ,3,3,False,True,484,1,True,1087,2,True,714,2,data/d4d_concatenated/claudecode_api/2026-09-04g_claude-opus-5-api-generic-v8_rep1/AI_READI_d4d.yaml,data/d4d_concatenated/claudecode_api/2026-09-04g_claude-opus-5-api-generic-v8_rep2/AI_READI_d4d.yaml,data/d4d_concatenated/claudecode_api/2026-09-04g_claude-opus-5-api-generic-v8_rep3/AI_READI_d4d.yaml
AI_READI,v8,Uses,Uses,discouraged_uses,nested,absent,0,,,False,,,False,,,False,,,data/d4d_concatenated/claudecode_api/2026-09-04g_claude-opus-5-api-generic-v8_rep1/AI_READI_d4d.yaml,data/d4d_concatenated/claudecode_api/2026-09-04g_claude-opus-5-api-generic-v8_rep2/AI_READI_d4d.yaml,data/d4d_concatenated/claudecode_api/2026-09-04g_claude-opus-5-api-generic-v8_rep3/AI_READI_d4d.yaml
AI_READI,v8,Uses,Uses,intended_uses,nested,all_differ,3,3,False,True,997,2,True,1360,3,True,609,2,data/d4d_concatenated/claudecode_api/2026-09-04g_claude-opus-5-api-generic-v8_rep1/AI_READI_d4d.yaml,data/d4d_concatenated/claudecode_api/2026-09-04g_claude-opus-5-api-generic-v8_rep2/AI_READI_d4d.yaml,data/d4d_concatenated/claudecode_api/2026-09-04g_claude-opus-5-api-generic-v8_rep3/AI_READI_d4d.yaml
AI_READI,v8,Uses,Uses,prohibited_uses,nested,all_differ,3,3,False,True,2102,6,True,3831,8,True,2609,7,data/d4d_concatenated/claudecode_api/2026-09-04g_claude-opus-5-api-generic-v8_rep1/AI_READI_d4d.yaml,data/d4d_concatenated/claudecode_api/2026-09-04g_claude-opus-5-api-generic-v8_rep2/AI_READI_d4d.yaml,data/d4d_concatenated/claudecode_api/2026-09-04g_claude-opus-5-api-generic-v8_rep3/AI_READI_d4d.yaml
AI_READI,v8,Distribution,Distribution,distribution_formats,nested,all_differ,3,3,False,True,758,4,True,1301,5,True,1049,5,data/d4d_concatenated/claudecode_api/2026-09-04g_claude-opus-5-api-generic-v8_rep1/AI_READI_d4d.yaml,data/d4d_concatenated/claudecode_api/2026-09-04g_claude-opus-5-api-generic-v8_rep2/AI_READI_d4d.yaml,data/d4d_concatenated/claudecode_api/2026-09-04g_claude-opus-5-api-generic-v8_rep3/AI_READI_d4d.yaml
AI_READI,v8,Distribution,Distribution,distribution_dates,nested,all_differ,3,3,False,True,357,3,True,406,1,True,173,1,data/d4d_concatenated/claudecode_api/2026-09-04g_claude-opus-5-api-generic-v8_rep1/AI_READI_d4d.yaml,data/d4d_concatenated/claudecode_api/2026-09-04g_claude-opus-5-api-generic-v8_rep2/AI_READI_d4d.yaml,data/d4d_concatenated/claudecode_api/2026-09-04g_claude-opus-5-api-generic-v8_rep3/AI_READI_d4d.yaml
AI_READI,v8,Distribution,Distribution,third_party_sharing,nested,all_differ,3,3,False,True,471,1,True,528,1,True,370,1,data/d4d_concatenated/claudecode_api/2026-09-04g_claude-opus-5-api-generic-v8_rep1/AI_READI_d4d.yaml,data/d4d_concatenated/claudecode_api/2026-09-04g_claude-opus-5-api-generic-v8_rep2/AI_READI_d4d.yaml,data/d4d_concatenated/claudecode_api/2026-09-04g_claude-opus-5-api-generic-v8_rep3/AI_READI_d4d.yaml
AI_READI,v8,Maintenance,Maintenance,maintainers,nested,all_differ,3,3,False,True,313,1,True,806,2,True,684,1,data/d4d_concatenated/claudecode_api/2026-09-04g_claude-opus-5-api-generic-v8_rep1/AI_READI_d4d.yaml,data/d4d_concatenated/claudecode_api/2026-09-04g_claude-opus-5-api-generic-v8_rep2/AI_READI_d4d.yaml,data/d4d_concatenated/claudecode_api/2026-09-04g_claude-opus-5-api-generic-v8_rep3/AI_READI_d4d.yaml
AI_READI,v8,Maintenance,Maintenance,errata,nested,absent,0,,,False,,,False,,,False,,,data/d4d_concatenated/claudecode_api/2026-09-04g_claude-opus-5-api-generic-v8_rep1/AI_READI_d4d.yaml,data/d4d_concatenated/claudecode_api/2026-09-04g_claude-opus-5-api-generic-v8_rep2/AI_READI_d4d.yaml,data/d4d_concatenated/claudecode_api/2026-09-04g_claude-opus-5-api-generic-v8_rep3/AI_READI_d4d.yaml
AI_READI,v8,Maintenance,Maintenance,updates,nested,all_differ,3,3,False,True,475,,True,511,,True,474,,data/d4d_concatenated/claudecode_api/2026-09-04g_claude-opus-5-api-generic-v8_rep1/AI_READI_d4d.yaml,data/d4d_concatenated/claudecode_api/2026-09-04g_claude-opus-5-api-generic-v8_rep2/AI_READI_d4d.yaml,data/d4d_concatenated/claudecode_api/2026-09-04g_claude-opus-5-api-generic-v8_rep3/AI_READI_d4d.yaml
AI_READI,v8,Maintenance,Maintenance,retention_limit,nested,all_differ,3,3,False,True,99,,True,387,,True,202,,data/d4d_concatenated/claudecode_api/2026-09-04g_claude-opus-5-api-generic-v8_rep1/AI_READI_d4d.yaml,data/d4d_concatenated/claudecode_api/2026-09-04g_claude-opus-5-api-generic-v8_rep2/AI_READI_d4d.yaml,data/d4d_concatenated/claudecode_api/2026-09-04g_claude-opus-5-api-generic-v8_rep3/AI_READI_d4d.yaml
AI_READI,v8,Maintenance,Maintenance,version_access,nested,all_differ,3,3,False,True,834,,True,1285,,True,433,,data/d4d_concatenated/claudecode_api/2026-09-04g_claude-opus-5-api-generic-v8_rep1/AI_READI_d4d.yaml,data/d4d_concatenated/claudecode_api/2026-09-04g_claude-opus-5-api-generic-v8_rep2/AI_READI_d4d.yaml,data/d4d_concatenated/claudecode_api/2026-09-04g_claude-opus-5-api-generic-v8_rep3/AI_READI_d4d.yaml
AI_READI,v8,Maintenance,Maintenance,extension_mechanism,nested,intermittent,2,,,True,154,,False,,,True,282,,data/d4d_concatenated/claudecode_api/2026-09-04g_claude-opus-5-api-generic-v8_rep1/AI_READI_d4d.yaml,data/d4d_concatenated/claudecode_api/2026-09-04g_claude-opus-5-api-generic-v8_rep2/AI_READI_d4d.yaml,data/d4d_concatenated/claudecode_api/2026-09-04g_claude-opus-5-api-generic-v8_rep3/AI_READI_d4d.yaml
AI_READI,v8,Ethics,Ethics,collection_notifications,nested,all_differ,3,3,False,True,640,1,True,586,1,True,441,1,data/d4d_concatenated/claudecode_api/2026-09-04g_claude-opus-5-api-generic-v8_rep1/AI_READI_d4d.yaml,data/d4d_concatenated/claudecode_api/2026-09-04g_claude-opus-5-api-generic-v8_rep2/AI_READI_d4d.yaml,data/d4d_concatenated/claudecode_api/2026-09-04g_claude-opus-5-api-generic-v8_rep3/AI_READI_d4d.yaml
AI_READI,v8,Ethics,Ethics,collection_consents,nested,all_differ,3,3,False,True,880,1,True,563,1,True,874,1,data/d4d_concatenated/claudecode_api/2026-09-04g_claude-opus-5-api-generic-v8_rep1/AI_READI_d4d.yaml,data/d4d_concatenated/claudecode_api/2026-09-04g_claude-opus-5-api-generic-v8_rep2/AI_READI_d4d.yaml,data/d4d_concatenated/claudecode_api/2026-09-04g_claude-opus-5-api-generic-v8_rep3/AI_READI_d4d.yaml
AI_READI,v8,Ethics,Ethics,consent_revocations,nested,all_differ,3,3,False,True,258,1,True,303,1,True,370,1,data/d4d_concatenated/claudecode_api/2026-09-04g_claude-opus-5-api-generic-v8_rep1/AI_READI_d4d.yaml,data/d4d_concatenated/claudecode_api/2026-09-04g_claude-opus-5-api-generic-v8_rep2/AI_READI_d4d.yaml,data/d4d_concatenated/claudecode_api/2026-09-04g_claude-opus-5-api-generic-v8_rep3/AI_READI_d4d.yaml
AI_READI,v8,Ethics,Ethics,ethical_reviews,nested,all_differ,3,3,False,True,1269,2,True,1834,3,True,958,2,data/d4d_concatenated/claudecode_api/2026-09-04g_claude-opus-5-api-generic-v8_rep1/AI_READI_d4d.yaml,data/d4d_concatenated/claudecode_api/2026-09-04g_claude-opus-5-api-generic-v8_rep2/AI_READI_d4d.yaml,data/d4d_concatenated/claudecode_api/2026-09-04g_claude-opus-5-api-generic-v8_rep3/AI_READI_d4d.yaml
AI_READI,v8,Ethics,Ethics,data_protection_impacts,nested,intermittent,1,,,False,,,False,,,True,187,1,data/d4d_concatenated/claudecode_api/2026-09-04g_claude-opus-5-api-generic-v8_rep1/AI_READI_d4d.yaml,data/d4d_concatenated/claudecode_api/2026-09-04g_claude-opus-5-api-generic-v8_rep2/AI_READI_d4d.yaml,data/d4d_concatenated/claudecode_api/2026-09-04g_claude-opus-5-api-generic-v8_rep3/AI_READI_d4d.yaml
AI_READI,v8,Human,Human,human_subject_research,nested,all_differ,3,3,False,True,1074,,True,1336,,True,1616,,data/d4d_concatenated/claudecode_api/2026-09-04g_claude-opus-5-api-generic-v8_rep1/AI_READI_d4d.yaml,data/d4d_concatenated/claudecode_api/2026-09-04g_claude-opus-5-api-generic-v8_rep2/AI_READI_d4d.yaml,data/d4d_concatenated/claudecode_api/2026-09-04g_claude-opus-5-api-generic-v8_rep3/AI_READI_d4d.yaml
AI_READI,v8,Human,Human,informed_consent,nested,all_differ,3,3,False,True,841,1,True,1362,1,True,1332,1,data/d4d_concatenated/claudecode_api/2026-09-04g_claude-opus-5-api-generic-v8_rep1/AI_READI_d4d.yaml,data/d4d_concatenated/claudecode_api/2026-09-04g_claude-opus-5-api-generic-v8_rep2/AI_READI_d4d.yaml,data/d4d_concatenated/claudecode_api/2026-09-04g_claude-opus-5-api-generic-v8_rep3/AI_READI_d4d.yaml
AI_READI,v8,Human,Human,at_risk_populations,nested,all_differ,3,3,False,True,364,,True,1141,,True,587,,data/d4d_concatenated/claudecode_api/2026-09-04g_claude-opus-5-api-generic-v8_rep1/AI_READI_d4d.yaml,data/d4d_concatenated/claudecode_api/2026-09-04g_claude-opus-5-api-generic-v8_rep2/AI_READI_d4d.yaml,data/d4d_concatenated/claudecode_api/2026-09-04g_claude-opus-5-api-generic-v8_rep3/AI_READI_d4d.yaml
AI_READI,v8,Human,Human,participant_privacy,nested,all_differ,3,3,False,True,1057,1,True,1822,1,True,1152,1,data/d4d_concatenated/claudecode_api/2026-09-04g_claude-opus-5-api-generic-v8_rep1/AI_READI_d4d.yaml,data/d4d_concatenated/claudecode_api/2026-09-04g_claude-opus-5-api-generic-v8_rep2/AI_READI_d4d.yaml,data/d4d_concatenated/claudecode_api/2026-09-04g_claude-opus-5-api-generic-v8_rep3/AI_READI_d4d.yaml
AI_READI,v8,Human,Human,participant_compensation,nested,all_differ,3,3,False,True,635,1,True,1053,1,True,699,1,data/d4d_concatenated/claudecode_api/2026-09-04g_claude-opus-5-api-generic-v8_rep1/AI_READI_d4d.yaml,data/d4d_concatenated/claudecode_api/2026-09-04g_claude-opus-5-api-generic-v8_rep2/AI_READI_d4d.yaml,data/d4d_concatenated/claudecode_api/2026-09-04g_claude-opus-5-api-generic-v8_rep3/AI_READI_d4d.yaml
AI_READI,v8,Data Governance,Data Governance,license_and_use_terms,nested,all_differ,3,3,False,True,1478,,True,2466,,True,2133,,data/d4d_concatenated/claudecode_api/2026-09-04g_claude-opus-5-api-generic-v8_rep1/AI_READI_d4d.yaml,data/d4d_concatenated/claudecode_api/2026-09-04g_claude-opus-5-api-generic-v8_rep2/AI_READI_d4d.yaml,data/d4d_concatenated/claudecode_api/2026-09-04g_claude-opus-5-api-generic-v8_rep3/AI_READI_d4d.yaml
AI_READI,v8,Data Governance,Data Governance,ip_restrictions,nested,all_differ,3,3,False,True,858,,True,772,,True,490,,data/d4d_concatenated/claudecode_api/2026-09-04g_claude-opus-5-api-generic-v8_rep1/AI_READI_d4d.yaml,data/d4d_concatenated/claudecode_api/2026-09-04g_claude-opus-5-api-generic-v8_rep2/AI_READI_d4d.yaml,data/d4d_concatenated/claudecode_api/2026-09-04g_claude-opus-5-api-generic-v8_rep3/AI_READI_d4d.yaml
AI_READI,v8,Data Governance,Data Governance,regulatory_restrictions,nested,all_differ,3,3,False,True,1080,,True,1637,,True,1432,,data/d4d_concatenated/claudecode_api/2026-09-04g_claude-opus-5-api-generic-v8_rep1/AI_READI_d4d.yaml,data/d4d_concatenated/claudecode_api/2026-09-04g_claude-opus-5-api-generic-v8_rep2/AI_READI_d4d.yaml,data/d4d_concatenated/claudecode_api/2026-09-04g_claude-opus-5-api-generic-v8_rep3/AI_READI_d4d.yaml
AI_READI,v8,Data Governance,Data Governance,data_governance,nested,all_differ,3,3,False,True,1291,,True,1655,,True,1649,,data/d4d_concatenated/claudecode_api/2026-09-04g_claude-opus-5-api-generic-v8_rep1/AI_READI_d4d.yaml,data/d4d_concatenated/claudecode_api/2026-09-04g_claude-opus-5-api-generic-v8_rep2/AI_READI_d4d.yaml,data/d4d_concatenated/claudecode_api/2026-09-04g_claude-opus-5-api-generic-v8_rep3/AI_READI_d4d.yaml
AI_READI,v8,Variables,Variables,variables,nested,all_differ,3,3,False,True,4952,20,True,5052,13,True,4555,20,data/d4d_concatenated/claudecode_api/2026-09-04g_claude-opus-5-api-generic-v8_rep1/AI_READI_d4d.yaml,data/d4d_concatenated/claudecode_api/2026-09-04g_claude-opus-5-api-generic-v8_rep2/AI_READI_d4d.yaml,data/d4d_concatenated/claudecode_api/2026-09-04g_claude-opus-5-api-generic-v8_rep3/AI_READI_d4d.yaml
AI_READI,v8,FileCollection,FileCollection,file_collections,nested,all_differ,3,3,False,True,8637,10,True,9187,10,True,6960,10,data/d4d_concatenated/claudecode_api/2026-09-04g_claude-opus-5-api-generic-v8_rep1/AI_READI_d4d.yaml,data/d4d_concatenated/claudecode_api/2026-09-04g_claude-opus-5-api-generic-v8_rep2/AI_READI_d4d.yaml,data/d4d_concatenated/claudecode_api/2026-09-04g_claude-opus-5-api-generic-v8_rep3/AI_READI_d4d.yaml
AI_READI,v8,Base / root,Base / root: scalar,total_file_count,scalar,identical,3,1,True,True,11,,True,11,,True,11,,data/d4d_concatenated/claudecode_api/2026-09-04g_claude-opus-5-api-generic-v8_rep1/AI_READI_d4d.yaml,data/d4d_concatenated/claudecode_api/2026-09-04g_claude-opus-5-api-generic-v8_rep2/AI_READI_d4d.yaml,data/d4d_concatenated/claudecode_api/2026-09-04g_claude-opus-5-api-generic-v8_rep3/AI_READI_d4d.yaml
AI_READI,v8,Base / root,Base / root: scalar,total_size_bytes,scalar,identical,3,1,True,True,18,,True,18,,True,18,,data/d4d_concatenated/claudecode_api/2026-09-04g_claude-opus-5-api-generic-v8_rep1/AI_READI_d4d.yaml,data/d4d_concatenated/claudecode_api/2026-09-04g_claude-opus-5-api-generic-v8_rep2/AI_READI_d4d.yaml,data/d4d_concatenated/claudecode_api/2026-09-04g_claude-opus-5-api-generic-v8_rep3/AI_READI_d4d.yaml
AI_READI,v8,Base / root,Base / root: scalar,is_tabular,scalar,identical,3,1,True,True,10,,True,10,,True,10,,data/d4d_concatenated/claudecode_api/2026-09-04g_claude-opus-5-api-generic-v8_rep1/AI_READI_d4d.yaml,data/d4d_concatenated/claudecode_api/2026-09-04g_claude-opus-5-api-generic-v8_rep2/AI_READI_d4d.yaml,data/d4d_concatenated/claudecode_api/2026-09-04g_claude-opus-5-api-generic-v8_rep3/AI_READI_d4d.yaml
AI_READI,v8,Base / root,Base / root: scalar,compression,scalar,absent,0,,,False,,,False,,,False,,,data/d4d_concatenated/claudecode_api/2026-09-04g_claude-opus-5-api-generic-v8_rep1/AI_READI_d4d.yaml,data/d4d_concatenated/claudecode_api/2026-09-04g_claude-opus-5-api-generic-v8_rep2/AI_READI_d4d.yaml,data/d4d_concatenated/claudecode_api/2026-09-04g_claude-opus-5-api-generic-v8_rep3/AI_READI_d4d.yaml
AI_READI,v8,Base / root,Base / root: scalar,conforms_to_class,scalar,identical,3,1,True,True,12,,True,12,,True,12,,data/d4d_concatenated/claudecode_api/2026-09-04g_claude-opus-5-api-generic-v8_rep1/AI_READI_d4d.yaml,data/d4d_concatenated/claudecode_api/2026-09-04g_claude-opus-5-api-generic-v8_rep2/AI_READI_d4d.yaml,data/d4d_concatenated/claudecode_api/2026-09-04g_claude-opus-5-api-generic-v8_rep3/AI_READI_d4d.yaml
AI_READI,v8,Base / root,Base / root: scalar,conforms_to_schema,scalar,identical,3,1,True,True,50,,True,50,,True,50,,data/d4d_concatenated/claudecode_api/2026-09-04g_claude-opus-5-api-generic-v8_rep1/AI_READI_d4d.yaml,data/d4d_concatenated/claudecode_api/2026-09-04g_claude-opus-5-api-generic-v8_rep2/AI_READI_d4d.yaml,data/d4d_concatenated/claudecode_api/2026-09-04g_claude-opus-5-api-generic-v8_rep3/AI_READI_d4d.yaml
AI_READI,v8,Base / root,Base / root: scalar,created_by,scalar,identical,3,1,True,True,24,,True,24,,True,24,,data/d4d_concatenated/claudecode_api/2026-09-04g_claude-opus-5-api-generic-v8_rep1/AI_READI_d4d.yaml,data/d4d_concatenated/claudecode_api/2026-09-04g_claude-opus-5-api-generic-v8_rep2/AI_READI_d4d.yaml,data/d4d_concatenated/claudecode_api/2026-09-04g_claude-opus-5-api-generic-v8_rep3/AI_READI_d4d.yaml
AI_READI,v8,Base / root,Base / root: scalar,created_on,scalar,absent,0,,,False,,,False,,,False,,,data/d4d_concatenated/claudecode_api/2026-09-04g_claude-opus-5-api-generic-v8_rep1/AI_READI_d4d.yaml,data/d4d_concatenated/claudecode_api/2026-09-04g_claude-opus-5-api-generic-v8_rep2/AI_READI_d4d.yaml,data/d4d_concatenated/claudecode_api/2026-09-04g_claude-opus-5-api-generic-v8_rep3/AI_READI_d4d.yaml
AI_READI,v8,Base / root,Base / root: scalar,doi,scalar,identical,3,1,True,True,23,,True,23,,True,23,,data/d4d_concatenated/claudecode_api/2026-09-04g_claude-opus-5-api-generic-v8_rep1/AI_READI_d4d.yaml,data/d4d_concatenated/claudecode_api/2026-09-04g_claude-opus-5-api-generic-v8_rep2/AI_READI_d4d.yaml,data/d4d_concatenated/claudecode_api/2026-09-04g_claude-opus-5-api-generic-v8_rep3/AI_READI_d4d.yaml
AI_READI,v8,Base / root,Base / root: scalar,download_url,scalar,absent,0,,,False,,,False,,,False,,,data/d4d_concatenated/claudecode_api/2026-09-04g_claude-opus-5-api-generic-v8_rep1/AI_READI_d4d.yaml,data/d4d_concatenated/claudecode_api/2026-09-04g_claude-opus-5-api-generic-v8_rep2/AI_READI_d4d.yaml,data/d4d_concatenated/claudecode_api/2026-09-04g_claude-opus-5-api-generic-v8_rep3/AI_READI_d4d.yaml
AI_READI,v8,Base / root,Base / root: scalar,issued,scalar,identical,3,1,True,True,23,,True,23,,True,23,,data/d4d_concatenated/claudecode_api/2026-09-04g_claude-opus-5-api-generic-v8_rep1/AI_READI_d4d.yaml,data/d4d_concatenated/claudecode_api/2026-09-04g_claude-opus-5-api-generic-v8_rep2/AI_READI_d4d.yaml,data/d4d_concatenated/claudecode_api/2026-09-04g_claude-opus-5-api-generic-v8_rep3/AI_READI_d4d.yaml
AI_READI,v8,Base / root,Base / root: scalar,language,scalar,identical,3,1,True,True,7,,True,7,,True,7,,data/d4d_concatenated/claudecode_api/2026-09-04g_claude-opus-5-api-generic-v8_rep1/AI_READI_d4d.yaml,data/d4d_concatenated/claudecode_api/2026-09-04g_claude-opus-5-api-generic-v8_rep2/AI_READI_d4d.yaml,data/d4d_concatenated/claudecode_api/2026-09-04g_claude-opus-5-api-generic-v8_rep3/AI_READI_d4d.yaml
AI_READI,v8,Base / root,Base / root: scalar,last_updated_on,scalar,absent,0,,,False,,,False,,,False,,,data/d4d_concatenated/claudecode_api/2026-09-04g_claude-opus-5-api-generic-v8_rep1/AI_READI_d4d.yaml,data/d4d_concatenated/claudecode_api/2026-09-04g_claude-opus-5-api-generic-v8_rep2/AI_READI_d4d.yaml,data/d4d_concatenated/claudecode_api/2026-09-04g_claude-opus-5-api-generic-v8_rep3/AI_READI_d4d.yaml
AI_READI,v8,Base / root,Base / root: scalar,license,scalar,two_agree,3,2,False,True,33,,True,33,,True,50,,data/d4d_concatenated/claudecode_api/2026-09-04g_claude-opus-5-api-generic-v8_rep1/AI_READI_d4d.yaml,data/d4d_concatenated/claudecode_api/2026-09-04g_claude-opus-5-api-generic-v8_rep2/AI_READI_d4d.yaml,data/d4d_concatenated/claudecode_api/2026-09-04g_claude-opus-5-api-generic-v8_rep3/AI_READI_d4d.yaml
AI_READI,v8,Base / root,Base / root: scalar,modified_by,scalar,absent,0,,,False,,,False,,,False,,,data/d4d_concatenated/claudecode_api/2026-09-04g_claude-opus-5-api-generic-v8_rep1/AI_READI_d4d.yaml,data/d4d_concatenated/claudecode_api/2026-09-04g_claude-opus-5-api-generic-v8_rep2/AI_READI_d4d.yaml,data/d4d_concatenated/claudecode_api/2026-09-04g_claude-opus-5-api-generic-v8_rep3/AI_READI_d4d.yaml
AI_READI,v8,Base / root,Base / root: scalar,page,scalar,identical,3,1,True,True,34,,True,34,,True,34,,data/d4d_concatenated/claudecode_api/2026-09-04g_claude-opus-5-api-generic-v8_rep1/AI_READI_d4d.yaml,data/d4d_concatenated/claudecode_api/2026-09-04g_claude-opus-5-api-generic-v8_rep2/AI_READI_d4d.yaml,data/d4d_concatenated/claudecode_api/2026-09-04g_claude-opus-5-api-generic-v8_rep3/AI_READI_d4d.yaml
AI_READI,v8,Base / root,Base / root: scalar,publisher,scalar,identical,3,1,True,True,24,,True,24,,True,24,,data/d4d_concatenated/claudecode_api/2026-09-04g_claude-opus-5-api-generic-v8_rep1/AI_READI_d4d.yaml,data/d4d_concatenated/claudecode_api/2026-09-04g_claude-opus-5-api-generic-v8_rep2/AI_READI_d4d.yaml,data/d4d_concatenated/claudecode_api/2026-09-04g_claude-opus-5-api-generic-v8_rep3/AI_READI_d4d.yaml
AI_READI,v8,Base / root,Base / root: scalar,status,scalar,identical,3,1,True,True,14,,True,14,,True,14,,data/d4d_concatenated/claudecode_api/2026-09-04g_claude-opus-5-api-generic-v8_rep1/AI_READI_d4d.yaml,data/d4d_concatenated/claudecode_api/2026-09-04g_claude-opus-5-api-generic-v8_rep2/AI_READI_d4d.yaml,data/d4d_concatenated/claudecode_api/2026-09-04g_claude-opus-5-api-generic-v8_rep3/AI_READI_d4d.yaml
AI_READI,v8,Base / root,Base / root: scalar,title,scalar,identical,3,1,True,True,66,,True,66,,True,66,,data/d4d_concatenated/claudecode_api/2026-09-04g_claude-opus-5-api-generic-v8_rep1/AI_READI_d4d.yaml,data/d4d_concatenated/claudecode_api/2026-09-04g_claude-opus-5-api-generic-v8_rep2/AI_READI_d4d.yaml,data/d4d_concatenated/claudecode_api/2026-09-04g_claude-opus-5-api-generic-v8_rep3/AI_READI_d4d.yaml
AI_READI,v8,Base / root,Base / root: scalar,version,scalar,identical,3,1,True,True,10,,True,10,,True,10,,data/d4d_concatenated/claudecode_api/2026-09-04g_claude-opus-5-api-generic-v8_rep1/AI_READI_d4d.yaml,data/d4d_concatenated/claudecode_api/2026-09-04g_claude-opus-5-api-generic-v8_rep2/AI_READI_d4d.yaml,data/d4d_concatenated/claudecode_api/2026-09-04g_claude-opus-5-api-generic-v8_rep3/AI_READI_d4d.yaml
AI_READI,v8,Base / root,Base / root: scalar,id,scalar,identical,3,1,True,True,27,,True,27,,True,27,,data/d4d_concatenated/claudecode_api/2026-09-04g_claude-opus-5-api-generic-v8_rep1/AI_READI_d4d.yaml,data/d4d_concatenated/claudecode_api/2026-09-04g_claude-opus-5-api-generic-v8_rep2/AI_READI_d4d.yaml,data/d4d_concatenated/claudecode_api/2026-09-04g_claude-opus-5-api-generic-v8_rep3/AI_READI_d4d.yaml
AI_READI,v8,Base / root,Base / root: scalar,name,scalar,two_agree,3,2,False,True,66,,True,66,,True,21,,data/d4d_concatenated/claudecode_api/2026-09-04g_claude-opus-5-api-generic-v8_rep1/AI_READI_d4d.yaml,data/d4d_concatenated/claudecode_api/2026-09-04g_claude-opus-5-api-generic-v8_rep2/AI_READI_d4d.yaml,data/d4d_concatenated/claudecode_api/2026-09-04g_claude-opus-5-api-generic-v8_rep3/AI_READI_d4d.yaml
AI_READI,v8,Base / root,Base / root: long text,citation,long text,identical,3,1,True,True,159,,True,159,,True,159,,data/d4d_concatenated/claudecode_api/2026-09-04g_claude-opus-5-api-generic-v8_rep1/AI_READI_d4d.yaml,data/d4d_concatenated/claudecode_api/2026-09-04g_claude-opus-5-api-generic-v8_rep2/AI_READI_d4d.yaml,data/d4d_concatenated/claudecode_api/2026-09-04g_claude-opus-5-api-generic-v8_rep3/AI_READI_d4d.yaml
AI_READI,v8,Base / root,Base / root: long text,conforms_to,long text,all_differ,3,3,False,True,805,,True,904,,True,666,,data/d4d_concatenated/claudecode_api/2026-09-04g_claude-opus-5-api-generic-v8_rep1/AI_READI_d4d.yaml,data/d4d_concatenated/claudecode_api/2026-09-04g_claude-opus-5-api-generic-v8_rep2/AI_READI_d4d.yaml,data/d4d_concatenated/claudecode_api/2026-09-04g_claude-opus-5-api-generic-v8_rep3/AI_READI_d4d.yaml
AI_READI,v8,Base / root,Base / root: long text,was_derived_from,long text,intermittent,1,,,False,,,True,88,,False,,,data/d4d_concatenated/claudecode_api/2026-09-04g_claude-opus-5-api-generic-v8_rep1/AI_READI_d4d.yaml,data/d4d_concatenated/claudecode_api/2026-09-04g_claude-opus-5-api-generic-v8_rep2/AI_READI_d4d.yaml,data/d4d_concatenated/claudecode_api/2026-09-04g_claude-opus-5-api-generic-v8_rep3/AI_READI_d4d.yaml
AI_READI,v8,Base / root,Base / root: long text,description,long text,all_differ,3,3,False,True,1589,,True,1481,,True,1695,,data/d4d_concatenated/claudecode_api/2026-09-04g_claude-opus-5-api-generic-v8_rep1/AI_READI_d4d.yaml,data/d4d_concatenated/claudecode_api/2026-09-04g_claude-opus-5-api-generic-v8_rep2/AI_READI_d4d.yaml,data/d4d_concatenated/claudecode_api/2026-09-04g_claude-opus-5-api-generic-v8_rep3/AI_READI_d4d.yaml
AI_READI,v8,Base / root,Base / root: long text,notes,long text,all_differ,3,3,False,True,191,,True,2222,,True,318,,data/d4d_concatenated/claudecode_api/2026-09-04g_claude-opus-5-api-generic-v8_rep1/AI_READI_d4d.yaml,data/d4d_concatenated/claudecode_api/2026-09-04g_claude-opus-5-api-generic-v8_rep2/AI_READI_d4d.yaml,data/d4d_concatenated/claudecode_api/2026-09-04g_claude-opus-5-api-generic-v8_rep3/AI_READI_d4d.yaml
AI_READI,v8,Base / root,Base / root: list of values,conforms_to_standard,list,all_differ,3,3,False,True,65,7,True,54,6,True,65,7,data/d4d_concatenated/claudecode_api/2026-09-04g_claude-opus-5-api-generic-v8_rep1/AI_READI_d4d.yaml,data/d4d_concatenated/claudecode_api/2026-09-04g_claude-opus-5-api-generic-v8_rep2/AI_READI_d4d.yaml,data/d4d_concatenated/claudecode_api/2026-09-04g_claude-opus-5-api-generic-v8_rep3/AI_READI_d4d.yaml
AI_READI,v8,Base / root,Base / root: list of values,keywords,list,identical,3,1,True,True,148,7,True,148,7,True,148,7,data/d4d_concatenated/claudecode_api/2026-09-04g_claude-opus-5-api-generic-v8_rep1/AI_READI_d4d.yaml,data/d4d_concatenated/claudecode_api/2026-09-04g_claude-opus-5-api-generic-v8_rep2/AI_READI_d4d.yaml,data/d4d_concatenated/claudecode_api/2026-09-04g_claude-opus-5-api-generic-v8_rep3/AI_READI_d4d.yaml
AI_READI,v8,Base / root,Base / root: nested,resources,nested,absent,0,,,False,,,False,,,False,,,data/d4d_concatenated/claudecode_api/2026-09-04g_claude-opus-5-api-generic-v8_rep1/AI_READI_d4d.yaml,data/d4d_concatenated/claudecode_api/2026-09-04g_claude-opus-5-api-generic-v8_rep2/AI_READI_d4d.yaml,data/d4d_concatenated/claudecode_api/2026-09-04g_claude-opus-5-api-generic-v8_rep3/AI_READI_d4d.yaml
AI_READI,v8,Base / root,Base / root: nested,subsets,nested,intermittent,2,,,False,,,True,1066,3,True,1753,3,data/d4d_concatenated/claudecode_api/2026-09-04g_claude-opus-5-api-generic-v8_rep1/AI_READI_d4d.yaml,data/d4d_concatenated/claudecode_api/2026-09-04g_claude-opus-5-api-generic-v8_rep2/AI_READI_d4d.yaml,data/d4d_concatenated/claudecode_api/2026-09-04g_claude-opus-5-api-generic-v8_rep3/AI_READI_d4d.yaml
AI_READI,v8,Base / root,Base / root: nested,parent_datasets,nested,absent,0,,,False,,,False,,,False,,,data/d4d_concatenated/claudecode_api/2026-09-04g_claude-opus-5-api-generic-v8_rep1/AI_READI_d4d.yaml,data/d4d_concatenated/claudecode_api/2026-09-04g_claude-opus-5-api-generic-v8_rep2/AI_READI_d4d.yaml,data/d4d_concatenated/claudecode_api/2026-09-04g_claude-opus-5-api-generic-v8_rep3/AI_READI_d4d.yaml
CHORUS,v7,Motivation,Motivation,purposes,nested,all_differ,3,3,False,True,824,4,True,1098,5,True,900,4,data/d4d_concatenated/claudecode_agent/2026-09-01_claude-opus-5-api-generic-v7_rep1/CHORUS_d4d.yaml,data/d4d_concatenated/claudecode_agent/2026-09-01_claude-opus-5-api-generic-v7_rep2/CHORUS_d4d.yaml,data/d4d_concatenated/claudecode_agent/2026-09-01_claude-opus-5-api-generic-v7_rep3/CHORUS_d4d.yaml
CHORUS,v7,Motivation,Motivation,tasks,nested,all_differ,3,3,False,True,559,5,True,472,5,True,433,4,data/d4d_concatenated/claudecode_agent/2026-09-01_claude-opus-5-api-generic-v7_rep1/CHORUS_d4d.yaml,data/d4d_concatenated/claudecode_agent/2026-09-01_claude-opus-5-api-generic-v7_rep2/CHORUS_d4d.yaml,data/d4d_concatenated/claudecode_agent/2026-09-01_claude-opus-5-api-generic-v7_rep3/CHORUS_d4d.yaml
CHORUS,v7,Motivation,Motivation,addressing_gaps,nested,all_differ,3,3,False,True,632,3,True,651,3,True,717,3,data/d4d_concatenated/claudecode_agent/2026-09-01_claude-opus-5-api-generic-v7_rep1/CHORUS_d4d.yaml,data/d4d_concatenated/claudecode_agent/2026-09-01_claude-opus-5-api-generic-v7_rep2/CHORUS_d4d.yaml,data/d4d_concatenated/claudecode_agent/2026-09-01_claude-opus-5-api-generic-v7_rep3/CHORUS_d4d.yaml
CHORUS,v7,Motivation,Motivation,creators,nested,all_differ,3,3,False,True,1604,6,True,856,6,True,1142,2,data/d4d_concatenated/claudecode_agent/2026-09-01_claude-opus-5-api-generic-v7_rep1/CHORUS_d4d.yaml,data/d4d_concatenated/claudecode_agent/2026-09-01_claude-opus-5-api-generic-v7_rep2/CHORUS_d4d.yaml,data/d4d_concatenated/claudecode_agent/2026-09-01_claude-opus-5-api-generic-v7_rep3/CHORUS_d4d.yaml
CHORUS,v7,Motivation,Motivation,funders,nested,all_differ,3,3,False,True,433,1,True,555,1,True,458,1,data/d4d_concatenated/claudecode_agent/2026-09-01_claude-opus-5-api-generic-v7_rep1/CHORUS_d4d.yaml,data/d4d_concatenated/claudecode_agent/2026-09-01_claude-opus-5-api-generic-v7_rep2/CHORUS_d4d.yaml,data/d4d_concatenated/claudecode_agent/2026-09-01_claude-opus-5-api-generic-v7_rep3/CHORUS_d4d.yaml
CHORUS,v7,Composition,Composition,external_resources,nested,all_differ,3,3,False,True,769,1,True,1043,2,True,768,5,data/d4d_concatenated/claudecode_agent/2026-09-01_claude-opus-5-api-generic-v7_rep1/CHORUS_d4d.yaml,data/d4d_concatenated/claudecode_agent/2026-09-01_claude-opus-5-api-generic-v7_rep2/CHORUS_d4d.yaml,data/d4d_concatenated/claudecode_agent/2026-09-01_claude-opus-5-api-generic-v7_rep3/CHORUS_d4d.yaml
CHORUS,v7,Composition,Composition,instances,nested,all_differ,3,3,False,True,1432,6,True,2235,6,True,3390,11,data/d4d_concatenated/claudecode_agent/2026-09-01_claude-opus-5-api-generic-v7_rep1/CHORUS_d4d.yaml,data/d4d_concatenated/claudecode_agent/2026-09-01_claude-opus-5-api-generic-v7_rep2/CHORUS_d4d.yaml,data/d4d_concatenated/claudecode_agent/2026-09-01_claude-opus-5-api-generic-v7_rep3/CHORUS_d4d.yaml
CHORUS,v7,Composition,Composition,anomalies,nested,absent,0,,,False,,,False,,,False,,,data/d4d_concatenated/claudecode_agent/2026-09-01_claude-opus-5-api-generic-v7_rep1/CHORUS_d4d.yaml,data/d4d_concatenated/claudecode_agent/2026-09-01_claude-opus-5-api-generic-v7_rep2/CHORUS_d4d.yaml,data/d4d_concatenated/claudecode_agent/2026-09-01_claude-opus-5-api-generic-v7_rep3/CHORUS_d4d.yaml
CHORUS,v7,Composition,Composition,known_biases,nested,intermittent,1,,,True,612,1,False,,,False,,,data/d4d_concatenated/claudecode_agent/2026-09-01_claude-opus-5-api-generic-v7_rep1/CHORUS_d4d.yaml,data/d4d_concatenated/claudecode_agent/2026-09-01_claude-opus-5-api-generic-v7_rep2/CHORUS_d4d.yaml,data/d4d_concatenated/claudecode_agent/2026-09-01_claude-opus-5-api-generic-v7_rep3/CHORUS_d4d.yaml
CHORUS,v7,Composition,Composition,known_limitations,nested,all_differ,3,3,False,True,1464,4,True,811,3,True,1387,4,data/d4d_concatenated/claudecode_agent/2026-09-01_claude-opus-5-api-generic-v7_rep1/CHORUS_d4d.yaml,data/d4d_concatenated/claudecode_agent/2026-09-01_claude-opus-5-api-generic-v7_rep2/CHORUS_d4d.yaml,data/d4d_concatenated/claudecode_agent/2026-09-01_claude-opus-5-api-generic-v7_rep3/CHORUS_d4d.yaml
CHORUS,v7,Composition,Composition,confidential_elements,nested,all_differ,3,3,False,True,357,1,True,264,1,True,361,1,data/d4d_concatenated/claudecode_agent/2026-09-01_claude-opus-5-api-generic-v7_rep1/CHORUS_d4d.yaml,data/d4d_concatenated/claudecode_agent/2026-09-01_claude-opus-5-api-generic-v7_rep2/CHORUS_d4d.yaml,data/d4d_concatenated/claudecode_agent/2026-09-01_claude-opus-5-api-generic-v7_rep3/CHORUS_d4d.yaml
CHORUS,v7,Composition,Composition,content_warnings,nested,absent,0,,,False,,,False,,,False,,,data/d4d_concatenated/claudecode_agent/2026-09-01_claude-opus-5-api-generic-v7_rep1/CHORUS_d4d.yaml,data/d4d_concatenated/claudecode_agent/2026-09-01_claude-opus-5-api-generic-v7_rep2/CHORUS_d4d.yaml,data/d4d_concatenated/claudecode_agent/2026-09-01_claude-opus-5-api-generic-v7_rep3/CHORUS_d4d.yaml
CHORUS,v7,Composition,Composition,subpopulations,nested,all_differ,3,3,False,True,512,2,True,275,1,True,598,2,data/d4d_concatenated/claudecode_agent/2026-09-01_claude-opus-5-api-generic-v7_rep1/CHORUS_d4d.yaml,data/d4d_concatenated/claudecode_agent/2026-09-01_claude-opus-5-api-generic-v7_rep2/CHORUS_d4d.yaml,data/d4d_concatenated/claudecode_agent/2026-09-01_claude-opus-5-api-generic-v7_rep3/CHORUS_d4d.yaml
CHORUS,v7,Composition,Composition,sensitive_elements,nested,all_differ,3,3,False,True,404,1,True,398,1,True,723,3,data/d4d_concatenated/claudecode_agent/2026-09-01_claude-opus-5-api-generic-v7_rep1/CHORUS_d4d.yaml,data/d4d_concatenated/claudecode_agent/2026-09-01_claude-opus-5-api-generic-v7_rep2/CHORUS_d4d.yaml,data/d4d_concatenated/claudecode_agent/2026-09-01_claude-opus-5-api-generic-v7_rep3/CHORUS_d4d.yaml
CHORUS,v7,Composition,Composition,relationships,nested,absent,0,,,False,,,False,,,False,,,data/d4d_concatenated/claudecode_agent/2026-09-01_claude-opus-5-api-generic-v7_rep1/CHORUS_d4d.yaml,data/d4d_concatenated/claudecode_agent/2026-09-01_claude-opus-5-api-generic-v7_rep2/CHORUS_d4d.yaml,data/d4d_concatenated/claudecode_agent/2026-09-01_claude-opus-5-api-generic-v7_rep3/CHORUS_d4d.yaml
CHORUS,v7,Composition,Composition,splits,nested,all_differ,3,3,False,True,252,1,True,220,1,True,212,1,data/d4d_concatenated/claudecode_agent/2026-09-01_claude-opus-5-api-generic-v7_rep1/CHORUS_d4d.yaml,data/d4d_concatenated/claudecode_agent/2026-09-01_claude-opus-5-api-generic-v7_rep2/CHORUS_d4d.yaml,data/d4d_concatenated/claudecode_agent/2026-09-01_claude-opus-5-api-generic-v7_rep3/CHORUS_d4d.yaml
CHORUS,v7,Composition,Composition,sampling_strategies,nested,all_differ,3,3,False,True,268,2,True,236,1,True,407,1,data/d4d_concatenated/claudecode_agent/2026-09-01_claude-opus-5-api-generic-v7_rep1/CHORUS_d4d.yaml,data/d4d_concatenated/claudecode_agent/2026-09-01_claude-opus-5-api-generic-v7_rep2/CHORUS_d4d.yaml,data/d4d_concatenated/claudecode_agent/2026-09-01_claude-opus-5-api-generic-v7_rep3/CHORUS_d4d.yaml
CHORUS,v7,Composition,Composition,is_deidentified,nested,all_differ,3,3,False,True,837,,True,528,,True,642,,data/d4d_concatenated/claudecode_agent/2026-09-01_claude-opus-5-api-generic-v7_rep1/CHORUS_d4d.yaml,data/d4d_concatenated/claudecode_agent/2026-09-01_claude-opus-5-api-generic-v7_rep2/CHORUS_d4d.yaml,data/d4d_concatenated/claudecode_agent/2026-09-01_claude-opus-5-api-generic-v7_rep3/CHORUS_d4d.yaml
CHORUS,v7,Composition,Composition,related_datasets,nested,absent,0,,,False,,,False,,,False,,,data/d4d_concatenated/claudecode_agent/2026-09-01_claude-opus-5-api-generic-v7_rep1/CHORUS_d4d.yaml,data/d4d_concatenated/claudecode_agent/2026-09-01_claude-opus-5-api-generic-v7_rep2/CHORUS_d4d.yaml,data/d4d_concatenated/claudecode_agent/2026-09-01_claude-opus-5-api-generic-v7_rep3/CHORUS_d4d.yaml
CHORUS,v7,Collection,Collection,acquisition_methods,nested,all_differ,3,3,False,True,1168,5,True,311,1,True,589,2,data/d4d_concatenated/claudecode_agent/2026-09-01_claude-opus-5-api-generic-v7_rep1/CHORUS_d4d.yaml,data/d4d_concatenated/claudecode_agent/2026-09-01_claude-opus-5-api-generic-v7_rep2/CHORUS_d4d.yaml,data/d4d_concatenated/claudecode_agent/2026-09-01_claude-opus-5-api-generic-v7_rep3/CHORUS_d4d.yaml
CHORUS,v7,Collection,Collection,collection_mechanisms,nested,all_differ,3,3,False,True,569,5,True,724,5,True,985,5,data/d4d_concatenated/claudecode_agent/2026-09-01_claude-opus-5-api-generic-v7_rep1/CHORUS_d4d.yaml,data/d4d_concatenated/claudecode_agent/2026-09-01_claude-opus-5-api-generic-v7_rep2/CHORUS_d4d.yaml,data/d4d_concatenated/claudecode_agent/2026-09-01_claude-opus-5-api-generic-v7_rep3/CHORUS_d4d.yaml
CHORUS,v7,Collection,Collection,data_collectors,nested,all_differ,3,3,False,True,562,2,True,451,2,True,681,3,data/d4d_concatenated/claudecode_agent/2026-09-01_claude-opus-5-api-generic-v7_rep1/CHORUS_d4d.yaml,data/d4d_concatenated/claudecode_agent/2026-09-01_claude-opus-5-api-generic-v7_rep2/CHORUS_d4d.yaml,data/d4d_concatenated/claudecode_agent/2026-09-01_claude-opus-5-api-generic-v7_rep3/CHORUS_d4d.yaml
CHORUS,v7,Collection,Collection,collection_timeframes,nested,all_differ,3,3,False,True,528,1,True,193,1,True,407,1,data/d4d_concatenated/claudecode_agent/2026-09-01_claude-opus-5-api-generic-v7_rep1/CHORUS_d4d.yaml,data/d4d_concatenated/claudecode_agent/2026-09-01_claude-opus-5-api-generic-v7_rep2/CHORUS_d4d.yaml,data/d4d_concatenated/claudecode_agent/2026-09-01_claude-opus-5-api-generic-v7_rep3/CHORUS_d4d.yaml
CHORUS,v7,Collection,Collection,direct_collection,nested,all_differ,3,3,False,True,275,1,True,251,1,True,272,1,data/d4d_concatenated/claudecode_agent/2026-09-01_claude-opus-5-api-generic-v7_rep1/CHORUS_d4d.yaml,data/d4d_concatenated/claudecode_agent/2026-09-01_claude-opus-5-api-generic-v7_rep2/CHORUS_d4d.yaml,data/d4d_concatenated/claudecode_agent/2026-09-01_claude-opus-5-api-generic-v7_rep3/CHORUS_d4d.yaml
CHORUS,v7,Collection,Collection,missing_data_documentation,nested,absent,0,,,False,,,False,,,False,,,data/d4d_concatenated/claudecode_agent/2026-09-01_claude-opus-5-api-generic-v7_rep1/CHORUS_d4d.yaml,data/d4d_concatenated/claudecode_agent/2026-09-01_claude-opus-5-api-generic-v7_rep2/CHORUS_d4d.yaml,data/d4d_concatenated/claudecode_agent/2026-09-01_claude-opus-5-api-generic-v7_rep3/CHORUS_d4d.yaml
CHORUS,v7,Collection,Collection,raw_data_sources,nested,all_differ,3,3,False,True,1383,6,True,922,5,True,1577,5,data/d4d_concatenated/claudecode_agent/2026-09-01_claude-opus-5-api-generic-v7_rep1/CHORUS_d4d.yaml,data/d4d_concatenated/claudecode_agent/2026-09-01_claude-opus-5-api-generic-v7_rep2/CHORUS_d4d.yaml,data/d4d_concatenated/claudecode_agent/2026-09-01_claude-opus-5-api-generic-v7_rep3/CHORUS_d4d.yaml
CHORUS,v7,Preprocessing,Preprocessing,preprocessing_strategies,nested,all_differ,3,3,False,True,933,5,True,714,4,True,992,5,data/d4d_concatenated/claudecode_agent/2026-09-01_claude-opus-5-api-generic-v7_rep1/CHORUS_d4d.yaml,data/d4d_concatenated/claudecode_agent/2026-09-01_claude-opus-5-api-generic-v7_rep2/CHORUS_d4d.yaml,data/d4d_concatenated/claudecode_agent/2026-09-01_claude-opus-5-api-generic-v7_rep3/CHORUS_d4d.yaml
CHORUS,v7,Preprocessing,Preprocessing,cleaning_strategies,nested,all_differ,3,3,False,True,492,2,True,483,2,True,446,2,data/d4d_concatenated/claudecode_agent/2026-09-01_claude-opus-5-api-generic-v7_rep1/CHORUS_d4d.yaml,data/d4d_concatenated/claudecode_agent/2026-09-01_claude-opus-5-api-generic-v7_rep2/CHORUS_d4d.yaml,data/d4d_concatenated/claudecode_agent/2026-09-01_claude-opus-5-api-generic-v7_rep3/CHORUS_d4d.yaml
CHORUS,v7,Preprocessing,Preprocessing,labeling_strategies,nested,all_differ,3,3,False,True,266,1,True,124,1,True,244,1,data/d4d_concatenated/claudecode_agent/2026-09-01_claude-opus-5-api-generic-v7_rep1/CHORUS_d4d.yaml,data/d4d_concatenated/claudecode_agent/2026-09-01_claude-opus-5-api-generic-v7_rep2/CHORUS_d4d.yaml,data/d4d_concatenated/claudecode_agent/2026-09-01_claude-opus-5-api-generic-v7_rep3/CHORUS_d4d.yaml
CHORUS,v7,Preprocessing,Preprocessing,raw_sources,nested,absent,0,,,False,,,False,,,False,,,data/d4d_concatenated/claudecode_agent/2026-09-01_claude-opus-5-api-generic-v7_rep1/CHORUS_d4d.yaml,data/d4d_concatenated/claudecode_agent/2026-09-01_claude-opus-5-api-generic-v7_rep2/CHORUS_d4d.yaml,data/d4d_concatenated/claudecode_agent/2026-09-01_claude-opus-5-api-generic-v7_rep3/CHORUS_d4d.yaml
CHORUS,v7,Preprocessing,Preprocessing,imputation_protocols,nested,absent,0,,,False,,,False,,,False,,,data/d4d_concatenated/claudecode_agent/2026-09-01_claude-opus-5-api-generic-v7_rep1/CHORUS_d4d.yaml,data/d4d_concatenated/claudecode_agent/2026-09-01_claude-opus-5-api-generic-v7_rep2/CHORUS_d4d.yaml,data/d4d_concatenated/claudecode_agent/2026-09-01_claude-opus-5-api-generic-v7_rep3/CHORUS_d4d.yaml
CHORUS,v7,Preprocessing,Preprocessing,annotation_analyses,nested,absent,0,,,False,,,False,,,False,,,data/d4d_concatenated/claudecode_agent/2026-09-01_claude-opus-5-api-generic-v7_rep1/CHORUS_d4d.yaml,data/d4d_concatenated/claudecode_agent/2026-09-01_claude-opus-5-api-generic-v7_rep2/CHORUS_d4d.yaml,data/d4d_concatenated/claudecode_agent/2026-09-01_claude-opus-5-api-generic-v7_rep3/CHORUS_d4d.yaml
CHORUS,v7,Preprocessing,Preprocessing,machine_annotation_tools,nested,intermittent,2,,,False,,,True,209,1,True,253,2,data/d4d_concatenated/claudecode_agent/2026-09-01_claude-opus-5-api-generic-v7_rep1/CHORUS_d4d.yaml,data/d4d_concatenated/claudecode_agent/2026-09-01_claude-opus-5-api-generic-v7_rep2/CHORUS_d4d.yaml,data/d4d_concatenated/claudecode_agent/2026-09-01_claude-opus-5-api-generic-v7_rep3/CHORUS_d4d.yaml
CHORUS,v7,Uses,Uses,existing_uses,nested,all_differ,3,3,False,True,345,2,True,601,2,True,400,2,data/d4d_concatenated/claudecode_agent/2026-09-01_claude-opus-5-api-generic-v7_rep1/CHORUS_d4d.yaml,data/d4d_concatenated/claudecode_agent/2026-09-01_claude-opus-5-api-generic-v7_rep2/CHORUS_d4d.yaml,data/d4d_concatenated/claudecode_agent/2026-09-01_claude-opus-5-api-generic-v7_rep3/CHORUS_d4d.yaml
CHORUS,v7,Uses,Uses,use_repository,nested,absent,0,,,False,,,False,,,False,,,data/d4d_concatenated/claudecode_agent/2026-09-01_claude-opus-5-api-generic-v7_rep1/CHORUS_d4d.yaml,data/d4d_concatenated/claudecode_agent/2026-09-01_claude-opus-5-api-generic-v7_rep2/CHORUS_d4d.yaml,data/d4d_concatenated/claudecode_agent/2026-09-01_claude-opus-5-api-generic-v7_rep3/CHORUS_d4d.yaml
CHORUS,v7,Uses,Uses,other_tasks,nested,intermittent,1,,,False,,,False,,,True,311,2,data/d4d_concatenated/claudecode_agent/2026-09-01_claude-opus-5-api-generic-v7_rep1/CHORUS_d4d.yaml,data/d4d_concatenated/claudecode_agent/2026-09-01_claude-opus-5-api-generic-v7_rep2/CHORUS_d4d.yaml,data/d4d_concatenated/claudecode_agent/2026-09-01_claude-opus-5-api-generic-v7_rep3/CHORUS_d4d.yaml
CHORUS,v7,Uses,Uses,future_use_impacts,nested,intermittent,2,,,True,302,1,False,,,True,537,2,data/d4d_concatenated/claudecode_agent/2026-09-01_claude-opus-5-api-generic-v7_rep1/CHORUS_d4d.yaml,data/d4d_concatenated/claudecode_agent/2026-09-01_claude-opus-5-api-generic-v7_rep2/CHORUS_d4d.yaml,data/d4d_concatenated/claudecode_agent/2026-09-01_claude-opus-5-api-generic-v7_rep3/CHORUS_d4d.yaml
CHORUS,v7,Uses,Uses,discouraged_uses,nested,absent,0,,,False,,,False,,,False,,,data/d4d_concatenated/claudecode_agent/2026-09-01_claude-opus-5-api-generic-v7_rep1/CHORUS_d4d.yaml,data/d4d_concatenated/claudecode_agent/2026-09-01_claude-opus-5-api-generic-v7_rep2/CHORUS_d4d.yaml,data/d4d_concatenated/claudecode_agent/2026-09-01_claude-opus-5-api-generic-v7_rep3/CHORUS_d4d.yaml
CHORUS,v7,Uses,Uses,intended_uses,nested,all_differ,3,3,False,True,952,3,True,970,4,True,817,3,data/d4d_concatenated/claudecode_agent/2026-09-01_claude-opus-5-api-generic-v7_rep1/CHORUS_d4d.yaml,data/d4d_concatenated/claudecode_agent/2026-09-01_claude-opus-5-api-generic-v7_rep2/CHORUS_d4d.yaml,data/d4d_concatenated/claudecode_agent/2026-09-01_claude-opus-5-api-generic-v7_rep3/CHORUS_d4d.yaml
CHORUS,v7,Uses,Uses,prohibited_uses,nested,absent,0,,,False,,,False,,,False,,,data/d4d_concatenated/claudecode_agent/2026-09-01_claude-opus-5-api-generic-v7_rep1/CHORUS_d4d.yaml,data/d4d_concatenated/claudecode_agent/2026-09-01_claude-opus-5-api-generic-v7_rep2/CHORUS_d4d.yaml,data/d4d_concatenated/claudecode_agent/2026-09-01_claude-opus-5-api-generic-v7_rep3/CHORUS_d4d.yaml
CHORUS,v7,Distribution,Distribution,distribution_formats,nested,all_differ,3,3,False,True,497,5,True,910,5,True,843,5,data/d4d_concatenated/claudecode_agent/2026-09-01_claude-opus-5-api-generic-v7_rep1/CHORUS_d4d.yaml,data/d4d_concatenated/claudecode_agent/2026-09-01_claude-opus-5-api-generic-v7_rep2/CHORUS_d4d.yaml,data/d4d_concatenated/claudecode_agent/2026-09-01_claude-opus-5-api-generic-v7_rep3/CHORUS_d4d.yaml
CHORUS,v7,Distribution,Distribution,distribution_dates,nested,absent,0,,,False,,,False,,,False,,,data/d4d_concatenated/claudecode_agent/2026-09-01_claude-opus-5-api-generic-v7_rep1/CHORUS_d4d.yaml,data/d4d_concatenated/claudecode_agent/2026-09-01_claude-opus-5-api-generic-v7_rep2/CHORUS_d4d.yaml,data/d4d_concatenated/claudecode_agent/2026-09-01_claude-opus-5-api-generic-v7_rep3/CHORUS_d4d.yaml
CHORUS,v7,Distribution,Distribution,third_party_sharing,nested,all_differ,3,3,False,True,256,1,True,286,1,True,309,1,data/d4d_concatenated/claudecode_agent/2026-09-01_claude-opus-5-api-generic-v7_rep1/CHORUS_d4d.yaml,data/d4d_concatenated/claudecode_agent/2026-09-01_claude-opus-5-api-generic-v7_rep2/CHORUS_d4d.yaml,data/d4d_concatenated/claudecode_agent/2026-09-01_claude-opus-5-api-generic-v7_rep3/CHORUS_d4d.yaml
CHORUS,v7,Maintenance,Maintenance,maintainers,nested,all_differ,3,3,False,True,833,3,True,514,2,True,590,2,data/d4d_concatenated/claudecode_agent/2026-09-01_claude-opus-5-api-generic-v7_rep1/CHORUS_d4d.yaml,data/d4d_concatenated/claudecode_agent/2026-09-01_claude-opus-5-api-generic-v7_rep2/CHORUS_d4d.yaml,data/d4d_concatenated/claudecode_agent/2026-09-01_claude-opus-5-api-generic-v7_rep3/CHORUS_d4d.yaml
CHORUS,v7,Maintenance,Maintenance,errata,nested,absent,0,,,False,,,False,,,False,,,data/d4d_concatenated/claudecode_agent/2026-09-01_claude-opus-5-api-generic-v7_rep1/CHORUS_d4d.yaml,data/d4d_concatenated/claudecode_agent/2026-09-01_claude-opus-5-api-generic-v7_rep2/CHORUS_d4d.yaml,data/d4d_concatenated/claudecode_agent/2026-09-01_claude-opus-5-api-generic-v7_rep3/CHORUS_d4d.yaml
CHORUS,v7,Maintenance,Maintenance,updates,nested,all_differ,3,3,False,True,397,,True,405,,True,547,,data/d4d_concatenated/claudecode_agent/2026-09-01_claude-opus-5-api-generic-v7_rep1/CHORUS_d4d.yaml,data/d4d_concatenated/claudecode_agent/2026-09-01_claude-opus-5-api-generic-v7_rep2/CHORUS_d4d.yaml,data/d4d_concatenated/claudecode_agent/2026-09-01_claude-opus-5-api-generic-v7_rep3/CHORUS_d4d.yaml
CHORUS,v7,Maintenance,Maintenance,retention_limit,nested,absent,0,,,False,,,False,,,False,,,data/d4d_concatenated/claudecode_agent/2026-09-01_claude-opus-5-api-generic-v7_rep1/CHORUS_d4d.yaml,data/d4d_concatenated/claudecode_agent/2026-09-01_claude-opus-5-api-generic-v7_rep2/CHORUS_d4d.yaml,data/d4d_concatenated/claudecode_agent/2026-09-01_claude-opus-5-api-generic-v7_rep3/CHORUS_d4d.yaml
CHORUS,v7,Maintenance,Maintenance,version_access,nested,absent,0,,,False,,,False,,,False,,,data/d4d_concatenated/claudecode_agent/2026-09-01_claude-opus-5-api-generic-v7_rep1/CHORUS_d4d.yaml,data/d4d_concatenated/claudecode_agent/2026-09-01_claude-opus-5-api-generic-v7_rep2/CHORUS_d4d.yaml,data/d4d_concatenated/claudecode_agent/2026-09-01_claude-opus-5-api-generic-v7_rep3/CHORUS_d4d.yaml
CHORUS,v7,Maintenance,Maintenance,extension_mechanism,nested,all_differ,3,3,False,True,673,,True,677,,True,480,,data/d4d_concatenated/claudecode_agent/2026-09-01_claude-opus-5-api-generic-v7_rep1/CHORUS_d4d.yaml,data/d4d_concatenated/claudecode_agent/2026-09-01_claude-opus-5-api-generic-v7_rep2/CHORUS_d4d.yaml,data/d4d_concatenated/claudecode_agent/2026-09-01_claude-opus-5-api-generic-v7_rep3/CHORUS_d4d.yaml
CHORUS,v7,Ethics,Ethics,collection_notifications,nested,absent,0,,,False,,,False,,,False,,,data/d4d_concatenated/claudecode_agent/2026-09-01_claude-opus-5-api-generic-v7_rep1/CHORUS_d4d.yaml,data/d4d_concatenated/claudecode_agent/2026-09-01_claude-opus-5-api-generic-v7_rep2/CHORUS_d4d.yaml,data/d4d_concatenated/claudecode_agent/2026-09-01_claude-opus-5-api-generic-v7_rep3/CHORUS_d4d.yaml
CHORUS,v7,Ethics,Ethics,collection_consents,nested,absent,0,,,False,,,False,,,False,,,data/d4d_concatenated/claudecode_agent/2026-09-01_claude-opus-5-api-generic-v7_rep1/CHORUS_d4d.yaml,data/d4d_concatenated/claudecode_agent/2026-09-01_claude-opus-5-api-generic-v7_rep2/CHORUS_d4d.yaml,data/d4d_concatenated/claudecode_agent/2026-09-01_claude-opus-5-api-generic-v7_rep3/CHORUS_d4d.yaml
CHORUS,v7,Ethics,Ethics,consent_revocations,nested,absent,0,,,False,,,False,,,False,,,data/d4d_concatenated/claudecode_agent/2026-09-01_claude-opus-5-api-generic-v7_rep1/CHORUS_d4d.yaml,data/d4d_concatenated/claudecode_agent/2026-09-01_claude-opus-5-api-generic-v7_rep2/CHORUS_d4d.yaml,data/d4d_concatenated/claudecode_agent/2026-09-01_claude-opus-5-api-generic-v7_rep3/CHORUS_d4d.yaml
CHORUS,v7,Ethics,Ethics,ethical_reviews,nested,all_differ,3,3,False,True,1086,2,True,644,2,True,564,1,data/d4d_concatenated/claudecode_agent/2026-09-01_claude-opus-5-api-generic-v7_rep1/CHORUS_d4d.yaml,data/d4d_concatenated/claudecode_agent/2026-09-01_claude-opus-5-api-generic-v7_rep2/CHORUS_d4d.yaml,data/d4d_concatenated/claudecode_agent/2026-09-01_claude-opus-5-api-generic-v7_rep3/CHORUS_d4d.yaml
CHORUS,v7,Ethics,Ethics,data_protection_impacts,nested,absent,0,,,False,,,False,,,False,,,data/d4d_concatenated/claudecode_agent/2026-09-01_claude-opus-5-api-generic-v7_rep1/CHORUS_d4d.yaml,data/d4d_concatenated/claudecode_agent/2026-09-01_claude-opus-5-api-generic-v7_rep2/CHORUS_d4d.yaml,data/d4d_concatenated/claudecode_agent/2026-09-01_claude-opus-5-api-generic-v7_rep3/CHORUS_d4d.yaml
CHORUS,v7,Human,Human,human_subject_research,nested,intermittent,2,,,True,545,,True,438,,False,,,data/d4d_concatenated/claudecode_agent/2026-09-01_claude-opus-5-api-generic-v7_rep1/CHORUS_d4d.yaml,data/d4d_concatenated/claudecode_agent/2026-09-01_claude-opus-5-api-generic-v7_rep2/CHORUS_d4d.yaml,data/d4d_concatenated/claudecode_agent/2026-09-01_claude-opus-5-api-generic-v7_rep3/CHORUS_d4d.yaml
CHORUS,v7,Human,Human,informed_consent,nested,absent,0,,,False,,,False,,,False,,,data/d4d_concatenated/claudecode_agent/2026-09-01_claude-opus-5-api-generic-v7_rep1/CHORUS_d4d.yaml,data/d4d_concatenated/claudecode_agent/2026-09-01_claude-opus-5-api-generic-v7_rep2/CHORUS_d4d.yaml,data/d4d_concatenated/claudecode_agent/2026-09-01_claude-opus-5-api-generic-v7_rep3/CHORUS_d4d.yaml
CHORUS,v7,Human,Human,at_risk_populations,nested,absent,0,,,False,,,False,,,False,,,data/d4d_concatenated/claudecode_agent/2026-09-01_claude-opus-5-api-generic-v7_rep1/CHORUS_d4d.yaml,data/d4d_concatenated/claudecode_agent/2026-09-01_claude-opus-5-api-generic-v7_rep2/CHORUS_d4d.yaml,data/d4d_concatenated/claudecode_agent/2026-09-01_claude-opus-5-api-generic-v7_rep3/CHORUS_d4d.yaml
CHORUS,v7,Human,Human,participant_privacy,nested,intermittent,2,,,True,703,1,False,,,True,589,1,data/d4d_concatenated/claudecode_agent/2026-09-01_claude-opus-5-api-generic-v7_rep1/CHORUS_d4d.yaml,data/d4d_concatenated/claudecode_agent/2026-09-01_claude-opus-5-api-generic-v7_rep2/CHORUS_d4d.yaml,data/d4d_concatenated/claudecode_agent/2026-09-01_claude-opus-5-api-generic-v7_rep3/CHORUS_d4d.yaml
CHORUS,v7,Human,Human,participant_compensation,nested,absent,0,,,False,,,False,,,False,,,data/d4d_concatenated/claudecode_agent/2026-09-01_claude-opus-5-api-generic-v7_rep1/CHORUS_d4d.yaml,data/d4d_concatenated/claudecode_agent/2026-09-01_claude-opus-5-api-generic-v7_rep2/CHORUS_d4d.yaml,data/d4d_concatenated/claudecode_agent/2026-09-01_claude-opus-5-api-generic-v7_rep3/CHORUS_d4d.yaml
CHORUS,v7,Data Governance,Data Governance,license_and_use_terms,nested,all_differ,3,3,False,True,494,,True,676,,True,828,,data/d4d_concatenated/claudecode_agent/2026-09-01_claude-opus-5-api-generic-v7_rep1/CHORUS_d4d.yaml,data/d4d_concatenated/claudecode_agent/2026-09-01_claude-opus-5-api-generic-v7_rep2/CHORUS_d4d.yaml,data/d4d_concatenated/claudecode_agent/2026-09-01_claude-opus-5-api-generic-v7_rep3/CHORUS_d4d.yaml
CHORUS,v7,Data Governance,Data Governance,ip_restrictions,nested,absent,0,,,False,,,False,,,False,,,data/d4d_concatenated/claudecode_agent/2026-09-01_claude-opus-5-api-generic-v7_rep1/CHORUS_d4d.yaml,data/d4d_concatenated/claudecode_agent/2026-09-01_claude-opus-5-api-generic-v7_rep2/CHORUS_d4d.yaml,data/d4d_concatenated/claudecode_agent/2026-09-01_claude-opus-5-api-generic-v7_rep3/CHORUS_d4d.yaml
CHORUS,v7,Data Governance,Data Governance,regulatory_restrictions,nested,intermittent,2,,,True,310,,False,,,True,278,,data/d4d_concatenated/claudecode_agent/2026-09-01_claude-opus-5-api-generic-v7_rep1/CHORUS_d4d.yaml,data/d4d_concatenated/claudecode_agent/2026-09-01_claude-opus-5-api-generic-v7_rep2/CHORUS_d4d.yaml,data/d4d_concatenated/claudecode_agent/2026-09-01_claude-opus-5-api-generic-v7_rep3/CHORUS_d4d.yaml
CHORUS,v7,Data Governance,Data Governance,data_governance,nested,all_differ,3,3,False,True,1671,,True,1495,,True,1487,,data/d4d_concatenated/claudecode_agent/2026-09-01_claude-opus-5-api-generic-v7_rep1/CHORUS_d4d.yaml,data/d4d_concatenated/claudecode_agent/2026-09-01_claude-opus-5-api-generic-v7_rep2/CHORUS_d4d.yaml,data/d4d_concatenated/claudecode_agent/2026-09-01_claude-opus-5-api-generic-v7_rep3/CHORUS_d4d.yaml
CHORUS,v7,Variables,Variables,variables,nested,absent,0,,,False,,,False,,,False,,,data/d4d_concatenated/claudecode_agent/2026-09-01_claude-opus-5-api-generic-v7_rep1/CHORUS_d4d.yaml,data/d4d_concatenated/claudecode_agent/2026-09-01_claude-opus-5-api-generic-v7_rep2/CHORUS_d4d.yaml,data/d4d_concatenated/claudecode_agent/2026-09-01_claude-opus-5-api-generic-v7_rep3/CHORUS_d4d.yaml
CHORUS,v7,FileCollection,FileCollection,file_collections,nested,absent,0,,,False,,,False,,,False,,,data/d4d_concatenated/claudecode_agent/2026-09-01_claude-opus-5-api-generic-v7_rep1/CHORUS_d4d.yaml,data/d4d_concatenated/claudecode_agent/2026-09-01_claude-opus-5-api-generic-v7_rep2/CHORUS_d4d.yaml,data/d4d_concatenated/claudecode_agent/2026-09-01_claude-opus-5-api-generic-v7_rep3/CHORUS_d4d.yaml
CHORUS,v7,Base / root,Base / root: scalar,total_file_count,scalar,absent,0,,,False,,,False,,,False,,,data/d4d_concatenated/claudecode_agent/2026-09-01_claude-opus-5-api-generic-v7_rep1/CHORUS_d4d.yaml,data/d4d_concatenated/claudecode_agent/2026-09-01_claude-opus-5-api-generic-v7_rep2/CHORUS_d4d.yaml,data/d4d_concatenated/claudecode_agent/2026-09-01_claude-opus-5-api-generic-v7_rep3/CHORUS_d4d.yaml
CHORUS,v7,Base / root,Base / root: scalar,total_size_bytes,scalar,absent,0,,,False,,,False,,,False,,,data/d4d_concatenated/claudecode_agent/2026-09-01_claude-opus-5-api-generic-v7_rep1/CHORUS_d4d.yaml,data/d4d_concatenated/claudecode_agent/2026-09-01_claude-opus-5-api-generic-v7_rep2/CHORUS_d4d.yaml,data/d4d_concatenated/claudecode_agent/2026-09-01_claude-opus-5-api-generic-v7_rep3/CHORUS_d4d.yaml
CHORUS,v7,Base / root,Base / root: scalar,is_tabular,scalar,intermittent,2,,,True,10,,False,,,True,10,,data/d4d_concatenated/claudecode_agent/2026-09-01_claude-opus-5-api-generic-v7_rep1/CHORUS_d4d.yaml,data/d4d_concatenated/claudecode_agent/2026-09-01_claude-opus-5-api-generic-v7_rep2/CHORUS_d4d.yaml,data/d4d_concatenated/claudecode_agent/2026-09-01_claude-opus-5-api-generic-v7_rep3/CHORUS_d4d.yaml
CHORUS,v7,Base / root,Base / root: scalar,compression,scalar,absent,0,,,False,,,False,,,False,,,data/d4d_concatenated/claudecode_agent/2026-09-01_claude-opus-5-api-generic-v7_rep1/CHORUS_d4d.yaml,data/d4d_concatenated/claudecode_agent/2026-09-01_claude-opus-5-api-generic-v7_rep2/CHORUS_d4d.yaml,data/d4d_concatenated/claudecode_agent/2026-09-01_claude-opus-5-api-generic-v7_rep3/CHORUS_d4d.yaml
CHORUS,v7,Base / root,Base / root: scalar,conforms_to_class,scalar,identical,3,1,True,True,12,,True,12,,True,12,,data/d4d_concatenated/claudecode_agent/2026-09-01_claude-opus-5-api-generic-v7_rep1/CHORUS_d4d.yaml,data/d4d_concatenated/claudecode_agent/2026-09-01_claude-opus-5-api-generic-v7_rep2/CHORUS_d4d.yaml,data/d4d_concatenated/claudecode_agent/2026-09-01_claude-opus-5-api-generic-v7_rep3/CHORUS_d4d.yaml
CHORUS,v7,Base / root,Base / root: scalar,conforms_to_schema,scalar,identical,3,1,True,True,50,,True,50,,True,50,,data/d4d_concatenated/claudecode_agent/2026-09-01_claude-opus-5-api-generic-v7_rep1/CHORUS_d4d.yaml,data/d4d_concatenated/claudecode_agent/2026-09-01_claude-opus-5-api-generic-v7_rep2/CHORUS_d4d.yaml,data/d4d_concatenated/claudecode_agent/2026-09-01_claude-opus-5-api-generic-v7_rep3/CHORUS_d4d.yaml
CHORUS,v7,Base / root,Base / root: scalar,created_by,scalar,all_differ,3,3,False,True,22,,True,59,,True,100,,data/d4d_concatenated/claudecode_agent/2026-09-01_claude-opus-5-api-generic-v7_rep1/CHORUS_d4d.yaml,data/d4d_concatenated/claudecode_agent/2026-09-01_claude-opus-5-api-generic-v7_rep2/CHORUS_d4d.yaml,data/d4d_concatenated/claudecode_agent/2026-09-01_claude-opus-5-api-generic-v7_rep3/CHORUS_d4d.yaml
CHORUS,v7,Base / root,Base / root: scalar,created_on,scalar,absent,0,,,False,,,False,,,False,,,data/d4d_concatenated/claudecode_agent/2026-09-01_claude-opus-5-api-generic-v7_rep1/CHORUS_d4d.yaml,data/d4d_concatenated/claudecode_agent/2026-09-01_claude-opus-5-api-generic-v7_rep2/CHORUS_d4d.yaml,data/d4d_concatenated/claudecode_agent/2026-09-01_claude-opus-5-api-generic-v7_rep3/CHORUS_d4d.yaml
CHORUS,v7,Base / root,Base / root: scalar,doi,scalar,absent,0,,,False,,,False,,,False,,,data/d4d_concatenated/claudecode_agent/2026-09-01_claude-opus-5-api-generic-v7_rep1/CHORUS_d4d.yaml,data/d4d_concatenated/claudecode_agent/2026-09-01_claude-opus-5-api-generic-v7_rep2/CHORUS_d4d.yaml,data/d4d_concatenated/claudecode_agent/2026-09-01_claude-opus-5-api-generic-v7_rep3/CHORUS_d4d.yaml
CHORUS,v7,Base / root,Base / root: scalar,download_url,scalar,absent,0,,,False,,,False,,,False,,,data/d4d_concatenated/claudecode_agent/2026-09-01_claude-opus-5-api-generic-v7_rep1/CHORUS_d4d.yaml,data/d4d_concatenated/claudecode_agent/2026-09-01_claude-opus-5-api-generic-v7_rep2/CHORUS_d4d.yaml,data/d4d_concatenated/claudecode_agent/2026-09-01_claude-opus-5-api-generic-v7_rep3/CHORUS_d4d.yaml
CHORUS,v7,Base / root,Base / root: scalar,issued,scalar,absent,0,,,False,,,False,,,False,,,data/d4d_concatenated/claudecode_agent/2026-09-01_claude-opus-5-api-generic-v7_rep1/CHORUS_d4d.yaml,data/d4d_concatenated/claudecode_agent/2026-09-01_claude-opus-5-api-generic-v7_rep2/CHORUS_d4d.yaml,data/d4d_concatenated/claudecode_agent/2026-09-01_claude-opus-5-api-generic-v7_rep3/CHORUS_d4d.yaml
CHORUS,v7,Base / root,Base / root: scalar,language,scalar,absent,0,,,False,,,False,,,False,,,data/d4d_concatenated/claudecode_agent/2026-09-01_claude-opus-5-api-generic-v7_rep1/CHORUS_d4d.yaml,data/d4d_concatenated/claudecode_agent/2026-09-01_claude-opus-5-api-generic-v7_rep2/CHORUS_d4d.yaml,data/d4d_concatenated/claudecode_agent/2026-09-01_claude-opus-5-api-generic-v7_rep3/CHORUS_d4d.yaml
CHORUS,v7,Base / root,Base / root: scalar,last_updated_on,scalar,absent,0,,,False,,,False,,,False,,,data/d4d_concatenated/claudecode_agent/2026-09-01_claude-opus-5-api-generic-v7_rep1/CHORUS_d4d.yaml,data/d4d_concatenated/claudecode_agent/2026-09-01_claude-opus-5-api-generic-v7_rep2/CHORUS_d4d.yaml,data/d4d_concatenated/claudecode_agent/2026-09-01_claude-opus-5-api-generic-v7_rep3/CHORUS_d4d.yaml
CHORUS,v7,Base / root,Base / root: scalar,license,scalar,absent,0,,,False,,,False,,,False,,,data/d4d_concatenated/claudecode_agent/2026-09-01_claude-opus-5-api-generic-v7_rep1/CHORUS_d4d.yaml,data/d4d_concatenated/claudecode_agent/2026-09-01_claude-opus-5-api-generic-v7_rep2/CHORUS_d4d.yaml,data/d4d_concatenated/claudecode_agent/2026-09-01_claude-opus-5-api-generic-v7_rep3/CHORUS_d4d.yaml
CHORUS,v7,Base / root,Base / root: scalar,modified_by,scalar,absent,0,,,False,,,False,,,False,,,data/d4d_concatenated/claudecode_agent/2026-09-01_claude-opus-5-api-generic-v7_rep1/CHORUS_d4d.yaml,data/d4d_concatenated/claudecode_agent/2026-09-01_claude-opus-5-api-generic-v7_rep2/CHORUS_d4d.yaml,data/d4d_concatenated/claudecode_agent/2026-09-01_claude-opus-5-api-generic-v7_rep3/CHORUS_d4d.yaml
CHORUS,v7,Base / root,Base / root: scalar,page,scalar,identical,3,1,True,True,27,,True,27,,True,27,,data/d4d_concatenated/claudecode_agent/2026-09-01_claude-opus-5-api-generic-v7_rep1/CHORUS_d4d.yaml,data/d4d_concatenated/claudecode_agent/2026-09-01_claude-opus-5-api-generic-v7_rep2/CHORUS_d4d.yaml,data/d4d_concatenated/claudecode_agent/2026-09-01_claude-opus-5-api-generic-v7_rep3/CHORUS_d4d.yaml
CHORUS,v7,Base / root,Base / root: scalar,publisher,scalar,absent,0,,,False,,,False,,,False,,,data/d4d_concatenated/claudecode_agent/2026-09-01_claude-opus-5-api-generic-v7_rep1/CHORUS_d4d.yaml,data/d4d_concatenated/claudecode_agent/2026-09-01_claude-opus-5-api-generic-v7_rep2/CHORUS_d4d.yaml,data/d4d_concatenated/claudecode_agent/2026-09-01_claude-opus-5-api-generic-v7_rep3/CHORUS_d4d.yaml
CHORUS,v7,Base / root,Base / root: scalar,status,scalar,all_differ,3,3,False,True,23,,True,232,,True,162,,data/d4d_concatenated/claudecode_agent/2026-09-01_claude-opus-5-api-generic-v7_rep1/CHORUS_d4d.yaml,data/d4d_concatenated/claudecode_agent/2026-09-01_claude-opus-5-api-generic-v7_rep2/CHORUS_d4d.yaml,data/d4d_concatenated/claudecode_agent/2026-09-01_claude-opus-5-api-generic-v7_rep3/CHORUS_d4d.yaml
CHORUS,v7,Base / root,Base / root: scalar,title,scalar,two_agree,3,2,False,True,107,,True,107,,True,98,,data/d4d_concatenated/claudecode_agent/2026-09-01_claude-opus-5-api-generic-v7_rep1/CHORUS_d4d.yaml,data/d4d_concatenated/claudecode_agent/2026-09-01_claude-opus-5-api-generic-v7_rep2/CHORUS_d4d.yaml,data/d4d_concatenated/claudecode_agent/2026-09-01_claude-opus-5-api-generic-v7_rep3/CHORUS_d4d.yaml
CHORUS,v7,Base / root,Base / root: scalar,version,scalar,absent,0,,,False,,,False,,,False,,,data/d4d_concatenated/claudecode_agent/2026-09-01_claude-opus-5-api-generic-v7_rep1/CHORUS_d4d.yaml,data/d4d_concatenated/claudecode_agent/2026-09-01_claude-opus-5-api-generic-v7_rep2/CHORUS_d4d.yaml,data/d4d_concatenated/claudecode_agent/2026-09-01_claude-opus-5-api-generic-v7_rep3/CHORUS_d4d.yaml
CHORUS,v7,Base / root,Base / root: scalar,id,scalar,all_differ,3,3,False,True,35,,True,27,,True,42,,data/d4d_concatenated/claudecode_agent/2026-09-01_claude-opus-5-api-generic-v7_rep1/CHORUS_d4d.yaml,data/d4d_concatenated/claudecode_agent/2026-09-01_claude-opus-5-api-generic-v7_rep2/CHORUS_d4d.yaml,data/d4d_concatenated/claudecode_agent/2026-09-01_claude-opus-5-api-generic-v7_rep3/CHORUS_d4d.yaml
CHORUS,v7,Base / root,Base / root: scalar,name,scalar,all_differ,3,3,False,True,19,,True,11,,True,19,,data/d4d_concatenated/claudecode_agent/2026-09-01_claude-opus-5-api-generic-v7_rep1/CHORUS_d4d.yaml,data/d4d_concatenated/claudecode_agent/2026-09-01_claude-opus-5-api-generic-v7_rep2/CHORUS_d4d.yaml,data/d4d_concatenated/claudecode_agent/2026-09-01_claude-opus-5-api-generic-v7_rep3/CHORUS_d4d.yaml
CHORUS,v7,Base / root,Base / root: long text,citation,long text,absent,0,,,False,,,False,,,False,,,data/d4d_concatenated/claudecode_agent/2026-09-01_claude-opus-5-api-generic-v7_rep1/CHORUS_d4d.yaml,data/d4d_concatenated/claudecode_agent/2026-09-01_claude-opus-5-api-generic-v7_rep2/CHORUS_d4d.yaml,data/d4d_concatenated/claudecode_agent/2026-09-01_claude-opus-5-api-generic-v7_rep3/CHORUS_d4d.yaml
CHORUS,v7,Base / root,Base / root: long text,conforms_to,long text,all_differ,3,3,False,True,324,,True,426,,True,347,,data/d4d_concatenated/claudecode_agent/2026-09-01_claude-opus-5-api-generic-v7_rep1/CHORUS_d4d.yaml,data/d4d_concatenated/claudecode_agent/2026-09-01_claude-opus-5-api-generic-v7_rep2/CHORUS_d4d.yaml,data/d4d_concatenated/claudecode_agent/2026-09-01_claude-opus-5-api-generic-v7_rep3/CHORUS_d4d.yaml
CHORUS,v7,Base / root,Base / root: long text,was_derived_from,long text,absent,0,,,False,,,False,,,False,,,data/d4d_concatenated/claudecode_agent/2026-09-01_claude-opus-5-api-generic-v7_rep1/CHORUS_d4d.yaml,data/d4d_concatenated/claudecode_agent/2026-09-01_claude-opus-5-api-generic-v7_rep2/CHORUS_d4d.yaml,data/d4d_concatenated/claudecode_agent/2026-09-01_claude-opus-5-api-generic-v7_rep3/CHORUS_d4d.yaml
CHORUS,v7,Base / root,Base / root: long text,description,long text,all_differ,3,3,False,True,1852,,True,1637,,True,1488,,data/d4d_concatenated/claudecode_agent/2026-09-01_claude-opus-5-api-generic-v7_rep1/CHORUS_d4d.yaml,data/d4d_concatenated/claudecode_agent/2026-09-01_claude-opus-5-api-generic-v7_rep2/CHORUS_d4d.yaml,data/d4d_concatenated/claudecode_agent/2026-09-01_claude-opus-5-api-generic-v7_rep3/CHORUS_d4d.yaml
CHORUS,v7,Base / root,Base / root: long text,notes,long text,intermittent,2,,,True,478,,False,,,True,180,,data/d4d_concatenated/claudecode_agent/2026-09-01_claude-opus-5-api-generic-v7_rep1/CHORUS_d4d.yaml,data/d4d_concatenated/claudecode_agent/2026-09-01_claude-opus-5-api-generic-v7_rep2/CHORUS_d4d.yaml,data/d4d_concatenated/claudecode_agent/2026-09-01_claude-opus-5-api-generic-v7_rep3/CHORUS_d4d.yaml
CHORUS,v7,Base / root,Base / root: list of values,conforms_to_standard,list,identical,3,1,True,True,34,4,True,34,4,True,34,4,data/d4d_concatenated/claudecode_agent/2026-09-01_claude-opus-5-api-generic-v7_rep1/CHORUS_d4d.yaml,data/d4d_concatenated/claudecode_agent/2026-09-01_claude-opus-5-api-generic-v7_rep2/CHORUS_d4d.yaml,data/d4d_concatenated/claudecode_agent/2026-09-01_claude-opus-5-api-generic-v7_rep3/CHORUS_d4d.yaml
CHORUS,v7,Base / root,Base / root: list of values,keywords,list,all_differ,3,3,False,True,256,13,True,254,12,True,291,14,data/d4d_concatenated/claudecode_agent/2026-09-01_claude-opus-5-api-generic-v7_rep1/CHORUS_d4d.yaml,data/d4d_concatenated/claudecode_agent/2026-09-01_claude-opus-5-api-generic-v7_rep2/CHORUS_d4d.yaml,data/d4d_concatenated/claudecode_agent/2026-09-01_claude-opus-5-api-generic-v7_rep3/CHORUS_d4d.yaml
CHORUS,v7,Base / root,Base / root: nested,resources,nested,absent,0,,,False,,,False,,,False,,,data/d4d_concatenated/claudecode_agent/2026-09-01_claude-opus-5-api-generic-v7_rep1/CHORUS_d4d.yaml,data/d4d_concatenated/claudecode_agent/2026-09-01_claude-opus-5-api-generic-v7_rep2/CHORUS_d4d.yaml,data/d4d_concatenated/claudecode_agent/2026-09-01_claude-opus-5-api-generic-v7_rep3/CHORUS_d4d.yaml
CHORUS,v7,Base / root,Base / root: nested,subsets,nested,absent,0,,,False,,,False,,,False,,,data/d4d_concatenated/claudecode_agent/2026-09-01_claude-opus-5-api-generic-v7_rep1/CHORUS_d4d.yaml,data/d4d_concatenated/claudecode_agent/2026-09-01_claude-opus-5-api-generic-v7_rep2/CHORUS_d4d.yaml,data/d4d_concatenated/claudecode_agent/2026-09-01_claude-opus-5-api-generic-v7_rep3/CHORUS_d4d.yaml
CHORUS,v7,Base / root,Base / root: nested,parent_datasets,nested,absent,0,,,False,,,False,,,False,,,data/d4d_concatenated/claudecode_agent/2026-09-01_claude-opus-5-api-generic-v7_rep1/CHORUS_d4d.yaml,data/d4d_concatenated/claudecode_agent/2026-09-01_claude-opus-5-api-generic-v7_rep2/CHORUS_d4d.yaml,data/d4d_concatenated/claudecode_agent/2026-09-01_claude-opus-5-api-generic-v7_rep3/CHORUS_d4d.yaml
CHORUS,v8,Motivation,Motivation,purposes,nested,all_differ,3,3,False,True,819,4,True,987,5,True,997,5,data/d4d_concatenated/claudecode_api/2026-09-04f_claude-opus-5-api-generic-v8_rep1/CHORUS_d4d.yaml,data/d4d_concatenated/claudecode_api/2026-09-04f_claude-opus-5-api-generic-v8_rep2/CHORUS_d4d.yaml,data/d4d_concatenated/claudecode_api/2026-09-04f_claude-opus-5-api-generic-v8_rep3/CHORUS_d4d.yaml
CHORUS,v8,Motivation,Motivation,tasks,nested,all_differ,3,3,False,True,414,4,True,417,4,True,472,5,data/d4d_concatenated/claudecode_api/2026-09-04f_claude-opus-5-api-generic-v8_rep1/CHORUS_d4d.yaml,data/d4d_concatenated/claudecode_api/2026-09-04f_claude-opus-5-api-generic-v8_rep2/CHORUS_d4d.yaml,data/d4d_concatenated/claudecode_api/2026-09-04f_claude-opus-5-api-generic-v8_rep3/CHORUS_d4d.yaml
CHORUS,v8,Motivation,Motivation,addressing_gaps,nested,all_differ,3,3,False,True,559,3,True,764,4,True,764,4,data/d4d_concatenated/claudecode_api/2026-09-04f_claude-opus-5-api-generic-v8_rep1/CHORUS_d4d.yaml,data/d4d_concatenated/claudecode_api/2026-09-04f_claude-opus-5-api-generic-v8_rep2/CHORUS_d4d.yaml,data/d4d_concatenated/claudecode_api/2026-09-04f_claude-opus-5-api-generic-v8_rep3/CHORUS_d4d.yaml
CHORUS,v8,Motivation,Motivation,creators,nested,all_differ,3,3,False,True,1605,7,True,1320,7,True,1682,6,data/d4d_concatenated/claudecode_api/2026-09-04f_claude-opus-5-api-generic-v8_rep1/CHORUS_d4d.yaml,data/d4d_concatenated/claudecode_api/2026-09-04f_claude-opus-5-api-generic-v8_rep2/CHORUS_d4d.yaml,data/d4d_concatenated/claudecode_api/2026-09-04f_claude-opus-5-api-generic-v8_rep3/CHORUS_d4d.yaml
CHORUS,v8,Motivation,Motivation,funders,nested,all_differ,3,3,False,True,389,1,True,346,1,True,579,1,data/d4d_concatenated/claudecode_api/2026-09-04f_claude-opus-5-api-generic-v8_rep1/CHORUS_d4d.yaml,data/d4d_concatenated/claudecode_api/2026-09-04f_claude-opus-5-api-generic-v8_rep2/CHORUS_d4d.yaml,data/d4d_concatenated/claudecode_api/2026-09-04f_claude-opus-5-api-generic-v8_rep3/CHORUS_d4d.yaml
CHORUS,v8,Composition,Composition,external_resources,nested,all_differ,3,3,False,True,1218,4,True,1171,3,True,1786,9,data/d4d_concatenated/claudecode_api/2026-09-04f_claude-opus-5-api-generic-v8_rep1/CHORUS_d4d.yaml,data/d4d_concatenated/claudecode_api/2026-09-04f_claude-opus-5-api-generic-v8_rep2/CHORUS_d4d.yaml,data/d4d_concatenated/claudecode_api/2026-09-04f_claude-opus-5-api-generic-v8_rep3/CHORUS_d4d.yaml
CHORUS,v8,Composition,Composition,instances,nested,all_differ,3,3,False,True,1795,6,True,1199,4,True,3691,11,data/d4d_concatenated/claudecode_api/2026-09-04f_claude-opus-5-api-generic-v8_rep1/CHORUS_d4d.yaml,data/d4d_concatenated/claudecode_api/2026-09-04f_claude-opus-5-api-generic-v8_rep2/CHORUS_d4d.yaml,data/d4d_concatenated/claudecode_api/2026-09-04f_claude-opus-5-api-generic-v8_rep3/CHORUS_d4d.yaml
CHORUS,v8,Composition,Composition,anomalies,nested,absent,0,,,False,,,False,,,False,,,data/d4d_concatenated/claudecode_api/2026-09-04f_claude-opus-5-api-generic-v8_rep1/CHORUS_d4d.yaml,data/d4d_concatenated/claudecode_api/2026-09-04f_claude-opus-5-api-generic-v8_rep2/CHORUS_d4d.yaml,data/d4d_concatenated/claudecode_api/2026-09-04f_claude-opus-5-api-generic-v8_rep3/CHORUS_d4d.yaml
CHORUS,v8,Composition,Composition,known_biases,nested,intermittent,1,,,False,,,True,806,1,False,,,data/d4d_concatenated/claudecode_api/2026-09-04f_claude-opus-5-api-generic-v8_rep1/CHORUS_d4d.yaml,data/d4d_concatenated/claudecode_api/2026-09-04f_claude-opus-5-api-generic-v8_rep2/CHORUS_d4d.yaml,data/d4d_concatenated/claudecode_api/2026-09-04f_claude-opus-5-api-generic-v8_rep3/CHORUS_d4d.yaml
CHORUS,v8,Composition,Composition,known_limitations,nested,all_differ,3,3,False,True,1319,4,True,1109,5,True,1571,5,data/d4d_concatenated/claudecode_api/2026-09-04f_claude-opus-5-api-generic-v8_rep1/CHORUS_d4d.yaml,data/d4d_concatenated/claudecode_api/2026-09-04f_claude-opus-5-api-generic-v8_rep2/CHORUS_d4d.yaml,data/d4d_concatenated/claudecode_api/2026-09-04f_claude-opus-5-api-generic-v8_rep3/CHORUS_d4d.yaml
CHORUS,v8,Composition,Composition,confidential_elements,nested,all_differ,3,3,False,True,238,1,True,271,1,True,393,2,data/d4d_concatenated/claudecode_api/2026-09-04f_claude-opus-5-api-generic-v8_rep1/CHORUS_d4d.yaml,data/d4d_concatenated/claudecode_api/2026-09-04f_claude-opus-5-api-generic-v8_rep2/CHORUS_d4d.yaml,data/d4d_concatenated/claudecode_api/2026-09-04f_claude-opus-5-api-generic-v8_rep3/CHORUS_d4d.yaml
CHORUS,v8,Composition,Composition,content_warnings,nested,absent,0,,,False,,,False,,,False,,,data/d4d_concatenated/claudecode_api/2026-09-04f_claude-opus-5-api-generic-v8_rep1/CHORUS_d4d.yaml,data/d4d_concatenated/claudecode_api/2026-09-04f_claude-opus-5-api-generic-v8_rep2/CHORUS_d4d.yaml,data/d4d_concatenated/claudecode_api/2026-09-04f_claude-opus-5-api-generic-v8_rep3/CHORUS_d4d.yaml
CHORUS,v8,Composition,Composition,subpopulations,nested,all_differ,3,3,False,True,759,3,True,459,3,True,317,1,data/d4d_concatenated/claudecode_api/2026-09-04f_claude-opus-5-api-generic-v8_rep1/CHORUS_d4d.yaml,data/d4d_concatenated/claudecode_api/2026-09-04f_claude-opus-5-api-generic-v8_rep2/CHORUS_d4d.yaml,data/d4d_concatenated/claudecode_api/2026-09-04f_claude-opus-5-api-generic-v8_rep3/CHORUS_d4d.yaml
CHORUS,v8,Composition,Composition,sensitive_elements,nested,all_differ,3,3,False,True,483,1,True,361,1,True,557,2,data/d4d_concatenated/claudecode_api/2026-09-04f_claude-opus-5-api-generic-v8_rep1/CHORUS_d4d.yaml,data/d4d_concatenated/claudecode_api/2026-09-04f_claude-opus-5-api-generic-v8_rep2/CHORUS_d4d.yaml,data/d4d_concatenated/claudecode_api/2026-09-04f_claude-opus-5-api-generic-v8_rep3/CHORUS_d4d.yaml
CHORUS,v8,Composition,Composition,relationships,nested,absent,0,,,False,,,False,,,False,,,data/d4d_concatenated/claudecode_api/2026-09-04f_claude-opus-5-api-generic-v8_rep1/CHORUS_d4d.yaml,data/d4d_concatenated/claudecode_api/2026-09-04f_claude-opus-5-api-generic-v8_rep2/CHORUS_d4d.yaml,data/d4d_concatenated/claudecode_api/2026-09-04f_claude-opus-5-api-generic-v8_rep3/CHORUS_d4d.yaml
CHORUS,v8,Composition,Composition,splits,nested,all_differ,3,3,False,True,341,1,True,317,1,True,422,1,data/d4d_concatenated/claudecode_api/2026-09-04f_claude-opus-5-api-generic-v8_rep1/CHORUS_d4d.yaml,data/d4d_concatenated/claudecode_api/2026-09-04f_claude-opus-5-api-generic-v8_rep2/CHORUS_d4d.yaml,data/d4d_concatenated/claudecode_api/2026-09-04f_claude-opus-5-api-generic-v8_rep3/CHORUS_d4d.yaml
CHORUS,v8,Composition,Composition,sampling_strategies,nested,all_differ,3,3,False,True,411,1,True,428,1,True,476,1,data/d4d_concatenated/claudecode_api/2026-09-04f_claude-opus-5-api-generic-v8_rep1/CHORUS_d4d.yaml,data/d4d_concatenated/claudecode_api/2026-09-04f_claude-opus-5-api-generic-v8_rep2/CHORUS_d4d.yaml,data/d4d_concatenated/claudecode_api/2026-09-04f_claude-opus-5-api-generic-v8_rep3/CHORUS_d4d.yaml
CHORUS,v8,Composition,Composition,is_deidentified,nested,all_differ,3,3,False,True,672,,True,628,,True,768,,data/d4d_concatenated/claudecode_api/2026-09-04f_claude-opus-5-api-generic-v8_rep1/CHORUS_d4d.yaml,data/d4d_concatenated/claudecode_api/2026-09-04f_claude-opus-5-api-generic-v8_rep2/CHORUS_d4d.yaml,data/d4d_concatenated/claudecode_api/2026-09-04f_claude-opus-5-api-generic-v8_rep3/CHORUS_d4d.yaml
CHORUS,v8,Composition,Composition,related_datasets,nested,absent,0,,,False,,,False,,,False,,,data/d4d_concatenated/claudecode_api/2026-09-04f_claude-opus-5-api-generic-v8_rep1/CHORUS_d4d.yaml,data/d4d_concatenated/claudecode_api/2026-09-04f_claude-opus-5-api-generic-v8_rep2/CHORUS_d4d.yaml,data/d4d_concatenated/claudecode_api/2026-09-04f_claude-opus-5-api-generic-v8_rep3/CHORUS_d4d.yaml
CHORUS,v8,Collection,Collection,acquisition_methods,nested,all_differ,3,3,False,True,1089,3,True,539,2,True,293,1,data/d4d_concatenated/claudecode_api/2026-09-04f_claude-opus-5-api-generic-v8_rep1/CHORUS_d4d.yaml,data/d4d_concatenated/claudecode_api/2026-09-04f_claude-opus-5-api-generic-v8_rep2/CHORUS_d4d.yaml,data/d4d_concatenated/claudecode_api/2026-09-04f_claude-opus-5-api-generic-v8_rep3/CHORUS_d4d.yaml
CHORUS,v8,Collection,Collection,collection_mechanisms,nested,all_differ,3,3,False,True,583,5,True,502,3,True,964,6,data/d4d_concatenated/claudecode_api/2026-09-04f_claude-opus-5-api-generic-v8_rep1/CHORUS_d4d.yaml,data/d4d_concatenated/claudecode_api/2026-09-04f_claude-opus-5-api-generic-v8_rep2/CHORUS_d4d.yaml,data/d4d_concatenated/claudecode_api/2026-09-04f_claude-opus-5-api-generic-v8_rep3/CHORUS_d4d.yaml
CHORUS,v8,Collection,Collection,data_collectors,nested,all_differ,3,3,False,True,660,2,True,628,2,True,588,2,data/d4d_concatenated/claudecode_api/2026-09-04f_claude-opus-5-api-generic-v8_rep1/CHORUS_d4d.yaml,data/d4d_concatenated/claudecode_api/2026-09-04f_claude-opus-5-api-generic-v8_rep2/CHORUS_d4d.yaml,data/d4d_concatenated/claudecode_api/2026-09-04f_claude-opus-5-api-generic-v8_rep3/CHORUS_d4d.yaml
CHORUS,v8,Collection,Collection,collection_timeframes,nested,all_differ,3,3,False,True,434,1,True,264,1,True,386,1,data/d4d_concatenated/claudecode_api/2026-09-04f_claude-opus-5-api-generic-v8_rep1/CHORUS_d4d.yaml,data/d4d_concatenated/claudecode_api/2026-09-04f_claude-opus-5-api-generic-v8_rep2/CHORUS_d4d.yaml,data/d4d_concatenated/claudecode_api/2026-09-04f_claude-opus-5-api-generic-v8_rep3/CHORUS_d4d.yaml
CHORUS,v8,Collection,Collection,direct_collection,nested,all_differ,3,3,False,True,450,1,True,267,1,True,291,1,data/d4d_concatenated/claudecode_api/2026-09-04f_claude-opus-5-api-generic-v8_rep1/CHORUS_d4d.yaml,data/d4d_concatenated/claudecode_api/2026-09-04f_claude-opus-5-api-generic-v8_rep2/CHORUS_d4d.yaml,data/d4d_concatenated/claudecode_api/2026-09-04f_claude-opus-5-api-generic-v8_rep3/CHORUS_d4d.yaml
CHORUS,v8,Collection,Collection,missing_data_documentation,nested,intermittent,1,,,False,,,False,,,True,679,1,data/d4d_concatenated/claudecode_api/2026-09-04f_claude-opus-5-api-generic-v8_rep1/CHORUS_d4d.yaml,data/d4d_concatenated/claudecode_api/2026-09-04f_claude-opus-5-api-generic-v8_rep2/CHORUS_d4d.yaml,data/d4d_concatenated/claudecode_api/2026-09-04f_claude-opus-5-api-generic-v8_rep3/CHORUS_d4d.yaml
CHORUS,v8,Collection,Collection,raw_data_sources,nested,all_differ,3,3,False,True,1182,5,True,1560,5,True,1036,5,data/d4d_concatenated/claudecode_api/2026-09-04f_claude-opus-5-api-generic-v8_rep1/CHORUS_d4d.yaml,data/d4d_concatenated/claudecode_api/2026-09-04f_claude-opus-5-api-generic-v8_rep2/CHORUS_d4d.yaml,data/d4d_concatenated/claudecode_api/2026-09-04f_claude-opus-5-api-generic-v8_rep3/CHORUS_d4d.yaml
CHORUS,v8,Preprocessing,Preprocessing,preprocessing_strategies,nested,all_differ,3,3,False,True,700,3,True,1045,5,True,964,5,data/d4d_concatenated/claudecode_api/2026-09-04f_claude-opus-5-api-generic-v8_rep1/CHORUS_d4d.yaml,data/d4d_concatenated/claudecode_api/2026-09-04f_claude-opus-5-api-generic-v8_rep2/CHORUS_d4d.yaml,data/d4d_concatenated/claudecode_api/2026-09-04f_claude-opus-5-api-generic-v8_rep3/CHORUS_d4d.yaml
CHORUS,v8,Preprocessing,Preprocessing,cleaning_strategies,nested,all_differ,3,3,False,True,405,2,True,428,2,True,255,1,data/d4d_concatenated/claudecode_api/2026-09-04f_claude-opus-5-api-generic-v8_rep1/CHORUS_d4d.yaml,data/d4d_concatenated/claudecode_api/2026-09-04f_claude-opus-5-api-generic-v8_rep2/CHORUS_d4d.yaml,data/d4d_concatenated/claudecode_api/2026-09-04f_claude-opus-5-api-generic-v8_rep3/CHORUS_d4d.yaml
CHORUS,v8,Preprocessing,Preprocessing,labeling_strategies,nested,intermittent,2,,,True,411,1,False,,,True,658,1,data/d4d_concatenated/claudecode_api/2026-09-04f_claude-opus-5-api-generic-v8_rep1/CHORUS_d4d.yaml,data/d4d_concatenated/claudecode_api/2026-09-04f_claude-opus-5-api-generic-v8_rep2/CHORUS_d4d.yaml,data/d4d_concatenated/claudecode_api/2026-09-04f_claude-opus-5-api-generic-v8_rep3/CHORUS_d4d.yaml
CHORUS,v8,Preprocessing,Preprocessing,raw_sources,nested,absent,0,,,False,,,False,,,False,,,data/d4d_concatenated/claudecode_api/2026-09-04f_claude-opus-5-api-generic-v8_rep1/CHORUS_d4d.yaml,data/d4d_concatenated/claudecode_api/2026-09-04f_claude-opus-5-api-generic-v8_rep2/CHORUS_d4d.yaml,data/d4d_concatenated/claudecode_api/2026-09-04f_claude-opus-5-api-generic-v8_rep3/CHORUS_d4d.yaml
CHORUS,v8,Preprocessing,Preprocessing,imputation_protocols,nested,absent,0,,,False,,,False,,,False,,,data/d4d_concatenated/claudecode_api/2026-09-04f_claude-opus-5-api-generic-v8_rep1/CHORUS_d4d.yaml,data/d4d_concatenated/claudecode_api/2026-09-04f_claude-opus-5-api-generic-v8_rep2/CHORUS_d4d.yaml,data/d4d_concatenated/claudecode_api/2026-09-04f_claude-opus-5-api-generic-v8_rep3/CHORUS_d4d.yaml
CHORUS,v8,Preprocessing,Preprocessing,annotation_analyses,nested,absent,0,,,False,,,False,,,False,,,data/d4d_concatenated/claudecode_api/2026-09-04f_claude-opus-5-api-generic-v8_rep1/CHORUS_d4d.yaml,data/d4d_concatenated/claudecode_api/2026-09-04f_claude-opus-5-api-generic-v8_rep2/CHORUS_d4d.yaml,data/d4d_concatenated/claudecode_api/2026-09-04f_claude-opus-5-api-generic-v8_rep3/CHORUS_d4d.yaml
CHORUS,v8,Preprocessing,Preprocessing,machine_annotation_tools,nested,intermittent,1,,,False,,,False,,,True,207,1,data/d4d_concatenated/claudecode_api/2026-09-04f_claude-opus-5-api-generic-v8_rep1/CHORUS_d4d.yaml,data/d4d_concatenated/claudecode_api/2026-09-04f_claude-opus-5-api-generic-v8_rep2/CHORUS_d4d.yaml,data/d4d_concatenated/claudecode_api/2026-09-04f_claude-opus-5-api-generic-v8_rep3/CHORUS_d4d.yaml
CHORUS,v8,Uses,Uses,existing_uses,nested,all_differ,3,3,False,True,471,1,True,86,1,True,237,2,data/d4d_concatenated/claudecode_api/2026-09-04f_claude-opus-5-api-generic-v8_rep1/CHORUS_d4d.yaml,data/d4d_concatenated/claudecode_api/2026-09-04f_claude-opus-5-api-generic-v8_rep2/CHORUS_d4d.yaml,data/d4d_concatenated/claudecode_api/2026-09-04f_claude-opus-5-api-generic-v8_rep3/CHORUS_d4d.yaml
CHORUS,v8,Uses,Uses,use_repository,nested,absent,0,,,False,,,False,,,False,,,data/d4d_concatenated/claudecode_api/2026-09-04f_claude-opus-5-api-generic-v8_rep1/CHORUS_d4d.yaml,data/d4d_concatenated/claudecode_api/2026-09-04f_claude-opus-5-api-generic-v8_rep2/CHORUS_d4d.yaml,data/d4d_concatenated/claudecode_api/2026-09-04f_claude-opus-5-api-generic-v8_rep3/CHORUS_d4d.yaml
CHORUS,v8,Uses,Uses,other_tasks,nested,intermittent,2,,,False,,,True,312,1,True,193,1,data/d4d_concatenated/claudecode_api/2026-09-04f_claude-opus-5-api-generic-v8_rep1/CHORUS_d4d.yaml,data/d4d_concatenated/claudecode_api/2026-09-04f_claude-opus-5-api-generic-v8_rep2/CHORUS_d4d.yaml,data/d4d_concatenated/claudecode_api/2026-09-04f_claude-opus-5-api-generic-v8_rep3/CHORUS_d4d.yaml
CHORUS,v8,Uses,Uses,future_use_impacts,nested,intermittent,2,,,False,,,True,654,2,True,713,3,data/d4d_concatenated/claudecode_api/2026-09-04f_claude-opus-5-api-generic-v8_rep1/CHORUS_d4d.yaml,data/d4d_concatenated/claudecode_api/2026-09-04f_claude-opus-5-api-generic-v8_rep2/CHORUS_d4d.yaml,data/d4d_concatenated/claudecode_api/2026-09-04f_claude-opus-5-api-generic-v8_rep3/CHORUS_d4d.yaml
CHORUS,v8,Uses,Uses,discouraged_uses,nested,absent,0,,,False,,,False,,,False,,,data/d4d_concatenated/claudecode_api/2026-09-04f_claude-opus-5-api-generic-v8_rep1/CHORUS_d4d.yaml,data/d4d_concatenated/claudecode_api/2026-09-04f_claude-opus-5-api-generic-v8_rep2/CHORUS_d4d.yaml,data/d4d_concatenated/claudecode_api/2026-09-04f_claude-opus-5-api-generic-v8_rep3/CHORUS_d4d.yaml
CHORUS,v8,Uses,Uses,intended_uses,nested,all_differ,3,3,False,True,1003,3,True,1471,3,True,1128,3,data/d4d_concatenated/claudecode_api/2026-09-04f_claude-opus-5-api-generic-v8_rep1/CHORUS_d4d.yaml,data/d4d_concatenated/claudecode_api/2026-09-04f_claude-opus-5-api-generic-v8_rep2/CHORUS_d4d.yaml,data/d4d_concatenated/claudecode_api/2026-09-04f_claude-opus-5-api-generic-v8_rep3/CHORUS_d4d.yaml
CHORUS,v8,Uses,Uses,prohibited_uses,nested,absent,0,,,False,,,False,,,False,,,data/d4d_concatenated/claudecode_api/2026-09-04f_claude-opus-5-api-generic-v8_rep1/CHORUS_d4d.yaml,data/d4d_concatenated/claudecode_api/2026-09-04f_claude-opus-5-api-generic-v8_rep2/CHORUS_d4d.yaml,data/d4d_concatenated/claudecode_api/2026-09-04f_claude-opus-5-api-generic-v8_rep3/CHORUS_d4d.yaml
CHORUS,v8,Distribution,Distribution,distribution_formats,nested,all_differ,3,3,False,True,1691,5,True,1074,5,True,931,5,data/d4d_concatenated/claudecode_api/2026-09-04f_claude-opus-5-api-generic-v8_rep1/CHORUS_d4d.yaml,data/d4d_concatenated/claudecode_api/2026-09-04f_claude-opus-5-api-generic-v8_rep2/CHORUS_d4d.yaml,data/d4d_concatenated/claudecode_api/2026-09-04f_claude-opus-5-api-generic-v8_rep3/CHORUS_d4d.yaml
CHORUS,v8,Distribution,Distribution,distribution_dates,nested,intermittent,1,,,False,,,True,256,1,False,,,data/d4d_concatenated/claudecode_api/2026-09-04f_claude-opus-5-api-generic-v8_rep1/CHORUS_d4d.yaml,data/d4d_concatenated/claudecode_api/2026-09-04f_claude-opus-5-api-generic-v8_rep2/CHORUS_d4d.yaml,data/d4d_concatenated/claudecode_api/2026-09-04f_claude-opus-5-api-generic-v8_rep3/CHORUS_d4d.yaml
CHORUS,v8,Distribution,Distribution,third_party_sharing,nested,intermittent,2,,,False,,,True,258,1,True,454,1,data/d4d_concatenated/claudecode_api/2026-09-04f_claude-opus-5-api-generic-v8_rep1/CHORUS_d4d.yaml,data/d4d_concatenated/claudecode_api/2026-09-04f_claude-opus-5-api-generic-v8_rep2/CHORUS_d4d.yaml,data/d4d_concatenated/claudecode_api/2026-09-04f_claude-opus-5-api-generic-v8_rep3/CHORUS_d4d.yaml
CHORUS,v8,Maintenance,Maintenance,maintainers,nested,all_differ,3,3,False,True,641,2,True,941,3,True,748,3,data/d4d_concatenated/claudecode_api/2026-09-04f_claude-opus-5-api-generic-v8_rep1/CHORUS_d4d.yaml,data/d4d_concatenated/claudecode_api/2026-09-04f_claude-opus-5-api-generic-v8_rep2/CHORUS_d4d.yaml,data/d4d_concatenated/claudecode_api/2026-09-04f_claude-opus-5-api-generic-v8_rep3/CHORUS_d4d.yaml
CHORUS,v8,Maintenance,Maintenance,errata,nested,absent,0,,,False,,,False,,,False,,,data/d4d_concatenated/claudecode_api/2026-09-04f_claude-opus-5-api-generic-v8_rep1/CHORUS_d4d.yaml,data/d4d_concatenated/claudecode_api/2026-09-04f_claude-opus-5-api-generic-v8_rep2/CHORUS_d4d.yaml,data/d4d_concatenated/claudecode_api/2026-09-04f_claude-opus-5-api-generic-v8_rep3/CHORUS_d4d.yaml
CHORUS,v8,Maintenance,Maintenance,updates,nested,all_differ,3,3,False,True,583,,True,436,,True,446,,data/d4d_concatenated/claudecode_api/2026-09-04f_claude-opus-5-api-generic-v8_rep1/CHORUS_d4d.yaml,data/d4d_concatenated/claudecode_api/2026-09-04f_claude-opus-5-api-generic-v8_rep2/CHORUS_d4d.yaml,data/d4d_concatenated/claudecode_api/2026-09-04f_claude-opus-5-api-generic-v8_rep3/CHORUS_d4d.yaml
CHORUS,v8,Maintenance,Maintenance,retention_limit,nested,absent,0,,,False,,,False,,,False,,,data/d4d_concatenated/claudecode_api/2026-09-04f_claude-opus-5-api-generic-v8_rep1/CHORUS_d4d.yaml,data/d4d_concatenated/claudecode_api/2026-09-04f_claude-opus-5-api-generic-v8_rep2/CHORUS_d4d.yaml,data/d4d_concatenated/claudecode_api/2026-09-04f_claude-opus-5-api-generic-v8_rep3/CHORUS_d4d.yaml
CHORUS,v8,Maintenance,Maintenance,version_access,nested,absent,0,,,False,,,False,,,False,,,data/d4d_concatenated/claudecode_api/2026-09-04f_claude-opus-5-api-generic-v8_rep1/CHORUS_d4d.yaml,data/d4d_concatenated/claudecode_api/2026-09-04f_claude-opus-5-api-generic-v8_rep2/CHORUS_d4d.yaml,data/d4d_concatenated/claudecode_api/2026-09-04f_claude-opus-5-api-generic-v8_rep3/CHORUS_d4d.yaml
CHORUS,v8,Maintenance,Maintenance,extension_mechanism,nested,all_differ,3,3,False,True,551,,True,531,,True,640,,data/d4d_concatenated/claudecode_api/2026-09-04f_claude-opus-5-api-generic-v8_rep1/CHORUS_d4d.yaml,data/d4d_concatenated/claudecode_api/2026-09-04f_claude-opus-5-api-generic-v8_rep2/CHORUS_d4d.yaml,data/d4d_concatenated/claudecode_api/2026-09-04f_claude-opus-5-api-generic-v8_rep3/CHORUS_d4d.yaml
CHORUS,v8,Ethics,Ethics,collection_notifications,nested,absent,0,,,False,,,False,,,False,,,data/d4d_concatenated/claudecode_api/2026-09-04f_claude-opus-5-api-generic-v8_rep1/CHORUS_d4d.yaml,data/d4d_concatenated/claudecode_api/2026-09-04f_claude-opus-5-api-generic-v8_rep2/CHORUS_d4d.yaml,data/d4d_concatenated/claudecode_api/2026-09-04f_claude-opus-5-api-generic-v8_rep3/CHORUS_d4d.yaml
CHORUS,v8,Ethics,Ethics,collection_consents,nested,absent,0,,,False,,,False,,,False,,,data/d4d_concatenated/claudecode_api/2026-09-04f_claude-opus-5-api-generic-v8_rep1/CHORUS_d4d.yaml,data/d4d_concatenated/claudecode_api/2026-09-04f_claude-opus-5-api-generic-v8_rep2/CHORUS_d4d.yaml,data/d4d_concatenated/claudecode_api/2026-09-04f_claude-opus-5-api-generic-v8_rep3/CHORUS_d4d.yaml
CHORUS,v8,Ethics,Ethics,consent_revocations,nested,absent,0,,,False,,,False,,,False,,,data/d4d_concatenated/claudecode_api/2026-09-04f_claude-opus-5-api-generic-v8_rep1/CHORUS_d4d.yaml,data/d4d_concatenated/claudecode_api/2026-09-04f_claude-opus-5-api-generic-v8_rep2/CHORUS_d4d.yaml,data/d4d_concatenated/claudecode_api/2026-09-04f_claude-opus-5-api-generic-v8_rep3/CHORUS_d4d.yaml
CHORUS,v8,Ethics,Ethics,ethical_reviews,nested,all_differ,3,3,False,True,588,1,True,543,1,True,566,2,data/d4d_concatenated/claudecode_api/2026-09-04f_claude-opus-5-api-generic-v8_rep1/CHORUS_d4d.yaml,data/d4d_concatenated/claudecode_api/2026-09-04f_claude-opus-5-api-generic-v8_rep2/CHORUS_d4d.yaml,data/d4d_concatenated/claudecode_api/2026-09-04f_claude-opus-5-api-generic-v8_rep3/CHORUS_d4d.yaml
CHORUS,v8,Ethics,Ethics,data_protection_impacts,nested,absent,0,,,False,,,False,,,False,,,data/d4d_concatenated/claudecode_api/2026-09-04f_claude-opus-5-api-generic-v8_rep1/CHORUS_d4d.yaml,data/d4d_concatenated/claudecode_api/2026-09-04f_claude-opus-5-api-generic-v8_rep2/CHORUS_d4d.yaml,data/d4d_concatenated/claudecode_api/2026-09-04f_claude-opus-5-api-generic-v8_rep3/CHORUS_d4d.yaml
CHORUS,v8,Human,Human,human_subject_research,nested,all_differ,3,3,False,True,456,,True,348,,True,458,,data/d4d_concatenated/claudecode_api/2026-09-04f_claude-opus-5-api-generic-v8_rep1/CHORUS_d4d.yaml,data/d4d_concatenated/claudecode_api/2026-09-04f_claude-opus-5-api-generic-v8_rep2/CHORUS_d4d.yaml,data/d4d_concatenated/claudecode_api/2026-09-04f_claude-opus-5-api-generic-v8_rep3/CHORUS_d4d.yaml
CHORUS,v8,Human,Human,informed_consent,nested,absent,0,,,False,,,False,,,False,,,data/d4d_concatenated/claudecode_api/2026-09-04f_claude-opus-5-api-generic-v8_rep1/CHORUS_d4d.yaml,data/d4d_concatenated/claudecode_api/2026-09-04f_claude-opus-5-api-generic-v8_rep2/CHORUS_d4d.yaml,data/d4d_concatenated/claudecode_api/2026-09-04f_claude-opus-5-api-generic-v8_rep3/CHORUS_d4d.yaml
CHORUS,v8,Human,Human,at_risk_populations,nested,all_differ,3,3,False,True,422,,True,378,,True,230,,data/d4d_concatenated/claudecode_api/2026-09-04f_claude-opus-5-api-generic-v8_rep1/CHORUS_d4d.yaml,data/d4d_concatenated/claudecode_api/2026-09-04f_claude-opus-5-api-generic-v8_rep2/CHORUS_d4d.yaml,data/d4d_concatenated/claudecode_api/2026-09-04f_claude-opus-5-api-generic-v8_rep3/CHORUS_d4d.yaml
CHORUS,v8,Human,Human,participant_privacy,nested,all_differ,3,3,False,True,570,1,True,484,1,True,515,1,data/d4d_concatenated/claudecode_api/2026-09-04f_claude-opus-5-api-generic-v8_rep1/CHORUS_d4d.yaml,data/d4d_concatenated/claudecode_api/2026-09-04f_claude-opus-5-api-generic-v8_rep2/CHORUS_d4d.yaml,data/d4d_concatenated/claudecode_api/2026-09-04f_claude-opus-5-api-generic-v8_rep3/CHORUS_d4d.yaml
CHORUS,v8,Human,Human,participant_compensation,nested,absent,0,,,False,,,False,,,False,,,data/d4d_concatenated/claudecode_api/2026-09-04f_claude-opus-5-api-generic-v8_rep1/CHORUS_d4d.yaml,data/d4d_concatenated/claudecode_api/2026-09-04f_claude-opus-5-api-generic-v8_rep2/CHORUS_d4d.yaml,data/d4d_concatenated/claudecode_api/2026-09-04f_claude-opus-5-api-generic-v8_rep3/CHORUS_d4d.yaml
CHORUS,v8,Data Governance,Data Governance,license_and_use_terms,nested,all_differ,3,3,False,True,699,,True,630,,True,682,,data/d4d_concatenated/claudecode_api/2026-09-04f_claude-opus-5-api-generic-v8_rep1/CHORUS_d4d.yaml,data/d4d_concatenated/claudecode_api/2026-09-04f_claude-opus-5-api-generic-v8_rep2/CHORUS_d4d.yaml,data/d4d_concatenated/claudecode_api/2026-09-04f_claude-opus-5-api-generic-v8_rep3/CHORUS_d4d.yaml
CHORUS,v8,Data Governance,Data Governance,ip_restrictions,nested,intermittent,1,,,False,,,True,264,,False,,,data/d4d_concatenated/claudecode_api/2026-09-04f_claude-opus-5-api-generic-v8_rep1/CHORUS_d4d.yaml,data/d4d_concatenated/claudecode_api/2026-09-04f_claude-opus-5-api-generic-v8_rep2/CHORUS_d4d.yaml,data/d4d_concatenated/claudecode_api/2026-09-04f_claude-opus-5-api-generic-v8_rep3/CHORUS_d4d.yaml
CHORUS,v8,Data Governance,Data Governance,regulatory_restrictions,nested,intermittent,2,,,True,502,,False,,,True,531,,data/d4d_concatenated/claudecode_api/2026-09-04f_claude-opus-5-api-generic-v8_rep1/CHORUS_d4d.yaml,data/d4d_concatenated/claudecode_api/2026-09-04f_claude-opus-5-api-generic-v8_rep2/CHORUS_d4d.yaml,data/d4d_concatenated/claudecode_api/2026-09-04f_claude-opus-5-api-generic-v8_rep3/CHORUS_d4d.yaml
CHORUS,v8,Data Governance,Data Governance,data_governance,nested,all_differ,3,3,False,True,1337,,True,1222,,True,1024,,data/d4d_concatenated/claudecode_api/2026-09-04f_claude-opus-5-api-generic-v8_rep1/CHORUS_d4d.yaml,data/d4d_concatenated/claudecode_api/2026-09-04f_claude-opus-5-api-generic-v8_rep2/CHORUS_d4d.yaml,data/d4d_concatenated/claudecode_api/2026-09-04f_claude-opus-5-api-generic-v8_rep3/CHORUS_d4d.yaml
CHORUS,v8,Variables,Variables,variables,nested,absent,0,,,False,,,False,,,False,,,data/d4d_concatenated/claudecode_api/2026-09-04f_claude-opus-5-api-generic-v8_rep1/CHORUS_d4d.yaml,data/d4d_concatenated/claudecode_api/2026-09-04f_claude-opus-5-api-generic-v8_rep2/CHORUS_d4d.yaml,data/d4d_concatenated/claudecode_api/2026-09-04f_claude-opus-5-api-generic-v8_rep3/CHORUS_d4d.yaml
CHORUS,v8,FileCollection,FileCollection,file_collections,nested,intermittent,1,,,True,2487,5,False,,,False,,,data/d4d_concatenated/claudecode_api/2026-09-04f_claude-opus-5-api-generic-v8_rep1/CHORUS_d4d.yaml,data/d4d_concatenated/claudecode_api/2026-09-04f_claude-opus-5-api-generic-v8_rep2/CHORUS_d4d.yaml,data/d4d_concatenated/claudecode_api/2026-09-04f_claude-opus-5-api-generic-v8_rep3/CHORUS_d4d.yaml
CHORUS,v8,Base / root,Base / root: scalar,total_file_count,scalar,absent,0,,,False,,,False,,,False,,,data/d4d_concatenated/claudecode_api/2026-09-04f_claude-opus-5-api-generic-v8_rep1/CHORUS_d4d.yaml,data/d4d_concatenated/claudecode_api/2026-09-04f_claude-opus-5-api-generic-v8_rep2/CHORUS_d4d.yaml,data/d4d_concatenated/claudecode_api/2026-09-04f_claude-opus-5-api-generic-v8_rep3/CHORUS_d4d.yaml
CHORUS,v8,Base / root,Base / root: scalar,total_size_bytes,scalar,absent,0,,,False,,,False,,,False,,,data/d4d_concatenated/claudecode_api/2026-09-04f_claude-opus-5-api-generic-v8_rep1/CHORUS_d4d.yaml,data/d4d_concatenated/claudecode_api/2026-09-04f_claude-opus-5-api-generic-v8_rep2/CHORUS_d4d.yaml,data/d4d_concatenated/claudecode_api/2026-09-04f_claude-opus-5-api-generic-v8_rep3/CHORUS_d4d.yaml
CHORUS,v8,Base / root,Base / root: scalar,is_tabular,scalar,absent,0,,,False,,,False,,,False,,,data/d4d_concatenated/claudecode_api/2026-09-04f_claude-opus-5-api-generic-v8_rep1/CHORUS_d4d.yaml,data/d4d_concatenated/claudecode_api/2026-09-04f_claude-opus-5-api-generic-v8_rep2/CHORUS_d4d.yaml,data/d4d_concatenated/claudecode_api/2026-09-04f_claude-opus-5-api-generic-v8_rep3/CHORUS_d4d.yaml
CHORUS,v8,Base / root,Base / root: scalar,compression,scalar,absent,0,,,False,,,False,,,False,,,data/d4d_concatenated/claudecode_api/2026-09-04f_claude-opus-5-api-generic-v8_rep1/CHORUS_d4d.yaml,data/d4d_concatenated/claudecode_api/2026-09-04f_claude-opus-5-api-generic-v8_rep2/CHORUS_d4d.yaml,data/d4d_concatenated/claudecode_api/2026-09-04f_claude-opus-5-api-generic-v8_rep3/CHORUS_d4d.yaml
CHORUS,v8,Base / root,Base / root: scalar,conforms_to_class,scalar,identical,3,1,True,True,12,,True,12,,True,12,,data/d4d_concatenated/claudecode_api/2026-09-04f_claude-opus-5-api-generic-v8_rep1/CHORUS_d4d.yaml,data/d4d_concatenated/claudecode_api/2026-09-04f_claude-opus-5-api-generic-v8_rep2/CHORUS_d4d.yaml,data/d4d_concatenated/claudecode_api/2026-09-04f_claude-opus-5-api-generic-v8_rep3/CHORUS_d4d.yaml
CHORUS,v8,Base / root,Base / root: scalar,conforms_to_schema,scalar,identical,3,1,True,True,50,,True,50,,True,50,,data/d4d_concatenated/claudecode_api/2026-09-04f_claude-opus-5-api-generic-v8_rep1/CHORUS_d4d.yaml,data/d4d_concatenated/claudecode_api/2026-09-04f_claude-opus-5-api-generic-v8_rep2/CHORUS_d4d.yaml,data/d4d_concatenated/claudecode_api/2026-09-04f_claude-opus-5-api-generic-v8_rep3/CHORUS_d4d.yaml
CHORUS,v8,Base / root,Base / root: scalar,created_by,scalar,identical,3,1,True,True,22,,True,22,,True,22,,data/d4d_concatenated/claudecode_api/2026-09-04f_claude-opus-5-api-generic-v8_rep1/CHORUS_d4d.yaml,data/d4d_concatenated/claudecode_api/2026-09-04f_claude-opus-5-api-generic-v8_rep2/CHORUS_d4d.yaml,data/d4d_concatenated/claudecode_api/2026-09-04f_claude-opus-5-api-generic-v8_rep3/CHORUS_d4d.yaml
CHORUS,v8,Base / root,Base / root: scalar,created_on,scalar,absent,0,,,False,,,False,,,False,,,data/d4d_concatenated/claudecode_api/2026-09-04f_claude-opus-5-api-generic-v8_rep1/CHORUS_d4d.yaml,data/d4d_concatenated/claudecode_api/2026-09-04f_claude-opus-5-api-generic-v8_rep2/CHORUS_d4d.yaml,data/d4d_concatenated/claudecode_api/2026-09-04f_claude-opus-5-api-generic-v8_rep3/CHORUS_d4d.yaml
CHORUS,v8,Base / root,Base / root: scalar,doi,scalar,absent,0,,,False,,,False,,,False,,,data/d4d_concatenated/claudecode_api/2026-09-04f_claude-opus-5-api-generic-v8_rep1/CHORUS_d4d.yaml,data/d4d_concatenated/claudecode_api/2026-09-04f_claude-opus-5-api-generic-v8_rep2/CHORUS_d4d.yaml,data/d4d_concatenated/claudecode_api/2026-09-04f_claude-opus-5-api-generic-v8_rep3/CHORUS_d4d.yaml
CHORUS,v8,Base / root,Base / root: scalar,download_url,scalar,absent,0,,,False,,,False,,,False,,,data/d4d_concatenated/claudecode_api/2026-09-04f_claude-opus-5-api-generic-v8_rep1/CHORUS_d4d.yaml,data/d4d_concatenated/claudecode_api/2026-09-04f_claude-opus-5-api-generic-v8_rep2/CHORUS_d4d.yaml,data/d4d_concatenated/claudecode_api/2026-09-04f_claude-opus-5-api-generic-v8_rep3/CHORUS_d4d.yaml
CHORUS,v8,Base / root,Base / root: scalar,issued,scalar,absent,0,,,False,,,False,,,False,,,data/d4d_concatenated/claudecode_api/2026-09-04f_claude-opus-5-api-generic-v8_rep1/CHORUS_d4d.yaml,data/d4d_concatenated/claudecode_api/2026-09-04f_claude-opus-5-api-generic-v8_rep2/CHORUS_d4d.yaml,data/d4d_concatenated/claudecode_api/2026-09-04f_claude-opus-5-api-generic-v8_rep3/CHORUS_d4d.yaml
CHORUS,v8,Base / root,Base / root: scalar,language,scalar,absent,0,,,False,,,False,,,False,,,data/d4d_concatenated/claudecode_api/2026-09-04f_claude-opus-5-api-generic-v8_rep1/CHORUS_d4d.yaml,data/d4d_concatenated/claudecode_api/2026-09-04f_claude-opus-5-api-generic-v8_rep2/CHORUS_d4d.yaml,data/d4d_concatenated/claudecode_api/2026-09-04f_claude-opus-5-api-generic-v8_rep3/CHORUS_d4d.yaml
CHORUS,v8,Base / root,Base / root: scalar,last_updated_on,scalar,absent,0,,,False,,,False,,,False,,,data/d4d_concatenated/claudecode_api/2026-09-04f_claude-opus-5-api-generic-v8_rep1/CHORUS_d4d.yaml,data/d4d_concatenated/claudecode_api/2026-09-04f_claude-opus-5-api-generic-v8_rep2/CHORUS_d4d.yaml,data/d4d_concatenated/claudecode_api/2026-09-04f_claude-opus-5-api-generic-v8_rep3/CHORUS_d4d.yaml
CHORUS,v8,Base / root,Base / root: scalar,license,scalar,absent,0,,,False,,,False,,,False,,,data/d4d_concatenated/claudecode_api/2026-09-04f_claude-opus-5-api-generic-v8_rep1/CHORUS_d4d.yaml,data/d4d_concatenated/claudecode_api/2026-09-04f_claude-opus-5-api-generic-v8_rep2/CHORUS_d4d.yaml,data/d4d_concatenated/claudecode_api/2026-09-04f_claude-opus-5-api-generic-v8_rep3/CHORUS_d4d.yaml
CHORUS,v8,Base / root,Base / root: scalar,modified_by,scalar,absent,0,,,False,,,False,,,False,,,data/d4d_concatenated/claudecode_api/2026-09-04f_claude-opus-5-api-generic-v8_rep1/CHORUS_d4d.yaml,data/d4d_concatenated/claudecode_api/2026-09-04f_claude-opus-5-api-generic-v8_rep2/CHORUS_d4d.yaml,data/d4d_concatenated/claudecode_api/2026-09-04f_claude-opus-5-api-generic-v8_rep3/CHORUS_d4d.yaml
CHORUS,v8,Base / root,Base / root: scalar,page,scalar,identical,3,1,True,True,27,,True,27,,True,27,,data/d4d_concatenated/claudecode_api/2026-09-04f_claude-opus-5-api-generic-v8_rep1/CHORUS_d4d.yaml,data/d4d_concatenated/claudecode_api/2026-09-04f_claude-opus-5-api-generic-v8_rep2/CHORUS_d4d.yaml,data/d4d_concatenated/claudecode_api/2026-09-04f_claude-opus-5-api-generic-v8_rep3/CHORUS_d4d.yaml
CHORUS,v8,Base / root,Base / root: scalar,publisher,scalar,absent,0,,,False,,,False,,,False,,,data/d4d_concatenated/claudecode_api/2026-09-04f_claude-opus-5-api-generic-v8_rep1/CHORUS_d4d.yaml,data/d4d_concatenated/claudecode_api/2026-09-04f_claude-opus-5-api-generic-v8_rep2/CHORUS_d4d.yaml,data/d4d_concatenated/claudecode_api/2026-09-04f_claude-opus-5-api-generic-v8_rep3/CHORUS_d4d.yaml
CHORUS,v8,Base / root,Base / root: scalar,status,scalar,all_differ,3,3,False,True,23,,True,13,,True,189,,data/d4d_concatenated/claudecode_api/2026-09-04f_claude-opus-5-api-generic-v8_rep1/CHORUS_d4d.yaml,data/d4d_concatenated/claudecode_api/2026-09-04f_claude-opus-5-api-generic-v8_rep2/CHORUS_d4d.yaml,data/d4d_concatenated/claudecode_api/2026-09-04f_claude-opus-5-api-generic-v8_rep3/CHORUS_d4d.yaml
CHORUS,v8,Base / root,Base / root: scalar,title,scalar,two_agree,3,2,False,True,19,,True,107,,True,107,,data/d4d_concatenated/claudecode_api/2026-09-04f_claude-opus-5-api-generic-v8_rep1/CHORUS_d4d.yaml,data/d4d_concatenated/claudecode_api/2026-09-04f_claude-opus-5-api-generic-v8_rep2/CHORUS_d4d.yaml,data/d4d_concatenated/claudecode_api/2026-09-04f_claude-opus-5-api-generic-v8_rep3/CHORUS_d4d.yaml
CHORUS,v8,Base / root,Base / root: scalar,version,scalar,absent,0,,,False,,,False,,,False,,,data/d4d_concatenated/claudecode_api/2026-09-04f_claude-opus-5-api-generic-v8_rep1/CHORUS_d4d.yaml,data/d4d_concatenated/claudecode_api/2026-09-04f_claude-opus-5-api-generic-v8_rep2/CHORUS_d4d.yaml,data/d4d_concatenated/claudecode_api/2026-09-04f_claude-opus-5-api-generic-v8_rep3/CHORUS_d4d.yaml
CHORUS,v8,Base / root,Base / root: scalar,id,scalar,identical,3,1,True,True,27,,True,27,,True,27,,data/d4d_concatenated/claudecode_api/2026-09-04f_claude-opus-5-api-generic-v8_rep1/CHORUS_d4d.yaml,data/d4d_concatenated/claudecode_api/2026-09-04f_claude-opus-5-api-generic-v8_rep2/CHORUS_d4d.yaml,data/d4d_concatenated/claudecode_api/2026-09-04f_claude-opus-5-api-generic-v8_rep3/CHORUS_d4d.yaml
CHORUS,v8,Base / root,Base / root: scalar,name,scalar,two_agree,3,2,False,True,11,,True,19,,True,19,,data/d4d_concatenated/claudecode_api/2026-09-04f_claude-opus-5-api-generic-v8_rep1/CHORUS_d4d.yaml,data/d4d_concatenated/claudecode_api/2026-09-04f_claude-opus-5-api-generic-v8_rep2/CHORUS_d4d.yaml,data/d4d_concatenated/claudecode_api/2026-09-04f_claude-opus-5-api-generic-v8_rep3/CHORUS_d4d.yaml
CHORUS,v8,Base / root,Base / root: long text,citation,long text,absent,0,,,False,,,False,,,False,,,data/d4d_concatenated/claudecode_api/2026-09-04f_claude-opus-5-api-generic-v8_rep1/CHORUS_d4d.yaml,data/d4d_concatenated/claudecode_api/2026-09-04f_claude-opus-5-api-generic-v8_rep2/CHORUS_d4d.yaml,data/d4d_concatenated/claudecode_api/2026-09-04f_claude-opus-5-api-generic-v8_rep3/CHORUS_d4d.yaml
CHORUS,v8,Base / root,Base / root: long text,conforms_to,long text,all_differ,3,3,False,True,536,,True,273,,True,505,,data/d4d_concatenated/claudecode_api/2026-09-04f_claude-opus-5-api-generic-v8_rep1/CHORUS_d4d.yaml,data/d4d_concatenated/claudecode_api/2026-09-04f_claude-opus-5-api-generic-v8_rep2/CHORUS_d4d.yaml,data/d4d_concatenated/claudecode_api/2026-09-04f_claude-opus-5-api-generic-v8_rep3/CHORUS_d4d.yaml
CHORUS,v8,Base / root,Base / root: long text,was_derived_from,long text,intermittent,2,,,True,205,,True,202,,False,,,data/d4d_concatenated/claudecode_api/2026-09-04f_claude-opus-5-api-generic-v8_rep1/CHORUS_d4d.yaml,data/d4d_concatenated/claudecode_api/2026-09-04f_claude-opus-5-api-generic-v8_rep2/CHORUS_d4d.yaml,data/d4d_concatenated/claudecode_api/2026-09-04f_claude-opus-5-api-generic-v8_rep3/CHORUS_d4d.yaml
CHORUS,v8,Base / root,Base / root: long text,description,long text,all_differ,3,3,False,True,1449,,True,1509,,True,1627,,data/d4d_concatenated/claudecode_api/2026-09-04f_claude-opus-5-api-generic-v8_rep1/CHORUS_d4d.yaml,data/d4d_concatenated/claudecode_api/2026-09-04f_claude-opus-5-api-generic-v8_rep2/CHORUS_d4d.yaml,data/d4d_concatenated/claudecode_api/2026-09-04f_claude-opus-5-api-generic-v8_rep3/CHORUS_d4d.yaml
CHORUS,v8,Base / root,Base / root: long text,notes,long text,intermittent,2,,,True,323,,False,,,True,165,,data/d4d_concatenated/claudecode_api/2026-09-04f_claude-opus-5-api-generic-v8_rep1/CHORUS_d4d.yaml,data/d4d_concatenated/claudecode_api/2026-09-04f_claude-opus-5-api-generic-v8_rep2/CHORUS_d4d.yaml,data/d4d_concatenated/claudecode_api/2026-09-04f_claude-opus-5-api-generic-v8_rep3/CHORUS_d4d.yaml
CHORUS,v8,Base / root,Base / root: list of values,conforms_to_standard,list,identical,3,1,True,True,34,4,True,34,4,True,34,4,data/d4d_concatenated/claudecode_api/2026-09-04f_claude-opus-5-api-generic-v8_rep1/CHORUS_d4d.yaml,data/d4d_concatenated/claudecode_api/2026-09-04f_claude-opus-5-api-generic-v8_rep2/CHORUS_d4d.yaml,data/d4d_concatenated/claudecode_api/2026-09-04f_claude-opus-5-api-generic-v8_rep3/CHORUS_d4d.yaml
CHORUS,v8,Base / root,Base / root: list of values,keywords,list,all_differ,3,3,False,True,273,13,True,288,14,True,260,12,data/d4d_concatenated/claudecode_api/2026-09-04f_claude-opus-5-api-generic-v8_rep1/CHORUS_d4d.yaml,data/d4d_concatenated/claudecode_api/2026-09-04f_claude-opus-5-api-generic-v8_rep2/CHORUS_d4d.yaml,data/d4d_concatenated/claudecode_api/2026-09-04f_claude-opus-5-api-generic-v8_rep3/CHORUS_d4d.yaml
CHORUS,v8,Base / root,Base / root: nested,resources,nested,absent,0,,,False,,,False,,,False,,,data/d4d_concatenated/claudecode_api/2026-09-04f_claude-opus-5-api-generic-v8_rep1/CHORUS_d4d.yaml,data/d4d_concatenated/claudecode_api/2026-09-04f_claude-opus-5-api-generic-v8_rep2/CHORUS_d4d.yaml,data/d4d_concatenated/claudecode_api/2026-09-04f_claude-opus-5-api-generic-v8_rep3/CHORUS_d4d.yaml
CHORUS,v8,Base / root,Base / root: nested,subsets,nested,intermittent,1,,,False,,,True,3079,9,False,,,data/d4d_concatenated/claudecode_api/2026-09-04f_claude-opus-5-api-generic-v8_rep1/CHORUS_d4d.yaml,data/d4d_concatenated/claudecode_api/2026-09-04f_claude-opus-5-api-generic-v8_rep2/CHORUS_d4d.yaml,data/d4d_concatenated/claudecode_api/2026-09-04f_claude-opus-5-api-generic-v8_rep3/CHORUS_d4d.yaml
CHORUS,v8,Base / root,Base / root: nested,parent_datasets,nested,absent,0,,,False,,,False,,,False,,,data/d4d_concatenated/claudecode_api/2026-09-04f_claude-opus-5-api-generic-v8_rep1/CHORUS_d4d.yaml,data/d4d_concatenated/claudecode_api/2026-09-04f_claude-opus-5-api-generic-v8_rep2/CHORUS_d4d.yaml,data/d4d_concatenated/claudecode_api/2026-09-04f_claude-opus-5-api-generic-v8_rep3/CHORUS_d4d.yaml
CM4AI,v7,Motivation,Motivation,purposes,nested,all_differ,3,3,False,True,912,4,True,1217,5,True,853,4,data/d4d_concatenated/claudecode_agent/2026-09-01_claude-opus-5-api-generic-v7_rep1/CM4AI_d4d.yaml,data/d4d_concatenated/claudecode_agent/2026-09-01_claude-opus-5-api-generic-v7_rep2/CM4AI_d4d.yaml,data/d4d_concatenated/claudecode_agent/2026-09-01_claude-opus-5-api-generic-v7_rep3/CM4AI_d4d.yaml
CM4AI,v7,Motivation,Motivation,tasks,nested,all_differ,3,3,False,True,712,4,True,779,4,True,534,3,data/d4d_concatenated/claudecode_agent/2026-09-01_claude-opus-5-api-generic-v7_rep1/CM4AI_d4d.yaml,data/d4d_concatenated/claudecode_agent/2026-09-01_claude-opus-5-api-generic-v7_rep2/CM4AI_d4d.yaml,data/d4d_concatenated/claudecode_agent/2026-09-01_claude-opus-5-api-generic-v7_rep3/CM4AI_d4d.yaml
CM4AI,v7,Motivation,Motivation,addressing_gaps,nested,all_differ,3,3,False,True,881,3,True,843,3,True,904,3,data/d4d_concatenated/claudecode_agent/2026-09-01_claude-opus-5-api-generic-v7_rep1/CM4AI_d4d.yaml,data/d4d_concatenated/claudecode_agent/2026-09-01_claude-opus-5-api-generic-v7_rep2/CM4AI_d4d.yaml,data/d4d_concatenated/claudecode_agent/2026-09-01_claude-opus-5-api-generic-v7_rep3/CM4AI_d4d.yaml
CM4AI,v7,Motivation,Motivation,creators,nested,all_differ,3,3,False,True,5438,47,True,6120,39,True,4844,47,data/d4d_concatenated/claudecode_agent/2026-09-01_claude-opus-5-api-generic-v7_rep1/CM4AI_d4d.yaml,data/d4d_concatenated/claudecode_agent/2026-09-01_claude-opus-5-api-generic-v7_rep2/CM4AI_d4d.yaml,data/d4d_concatenated/claudecode_agent/2026-09-01_claude-opus-5-api-generic-v7_rep3/CM4AI_d4d.yaml
CM4AI,v7,Motivation,Motivation,funders,nested,all_differ,3,3,False,True,785,3,True,949,4,True,1139,3,data/d4d_concatenated/claudecode_agent/2026-09-01_claude-opus-5-api-generic-v7_rep1/CM4AI_d4d.yaml,data/d4d_concatenated/claudecode_agent/2026-09-01_claude-opus-5-api-generic-v7_rep2/CM4AI_d4d.yaml,data/d4d_concatenated/claudecode_agent/2026-09-01_claude-opus-5-api-generic-v7_rep3/CM4AI_d4d.yaml
CM4AI,v7,Composition,Composition,external_resources,nested,all_differ,3,3,False,True,1739,11,True,1876,11,True,2717,5,data/d4d_concatenated/claudecode_agent/2026-09-01_claude-opus-5-api-generic-v7_rep1/CM4AI_d4d.yaml,data/d4d_concatenated/claudecode_agent/2026-09-01_claude-opus-5-api-generic-v7_rep2/CM4AI_d4d.yaml,data/d4d_concatenated/claudecode_agent/2026-09-01_claude-opus-5-api-generic-v7_rep3/CM4AI_d4d.yaml
CM4AI,v7,Composition,Composition,instances,nested,all_differ,3,3,False,True,1503,3,True,2093,4,True,1583,4,data/d4d_concatenated/claudecode_agent/2026-09-01_claude-opus-5-api-generic-v7_rep1/CM4AI_d4d.yaml,data/d4d_concatenated/claudecode_agent/2026-09-01_claude-opus-5-api-generic-v7_rep2/CM4AI_d4d.yaml,data/d4d_concatenated/claudecode_agent/2026-09-01_claude-opus-5-api-generic-v7_rep3/CM4AI_d4d.yaml
CM4AI,v7,Composition,Composition,anomalies,nested,intermittent,1,,,False,,,True,317,1,False,,,data/d4d_concatenated/claudecode_agent/2026-09-01_claude-opus-5-api-generic-v7_rep1/CM4AI_d4d.yaml,data/d4d_concatenated/claudecode_agent/2026-09-01_claude-opus-5-api-generic-v7_rep2/CM4AI_d4d.yaml,data/d4d_concatenated/claudecode_agent/2026-09-01_claude-opus-5-api-generic-v7_rep3/CM4AI_d4d.yaml
CM4AI,v7,Composition,Composition,known_biases,nested,all_differ,3,3,False,True,369,1,True,604,2,True,1137,2,data/d4d_concatenated/claudecode_agent/2026-09-01_claude-opus-5-api-generic-v7_rep1/CM4AI_d4d.yaml,data/d4d_concatenated/claudecode_agent/2026-09-01_claude-opus-5-api-generic-v7_rep2/CM4AI_d4d.yaml,data/d4d_concatenated/claudecode_agent/2026-09-01_claude-opus-5-api-generic-v7_rep3/CM4AI_d4d.yaml
CM4AI,v7,Composition,Composition,known_limitations,nested,all_differ,3,3,False,True,1063,4,True,1073,4,True,1448,5,data/d4d_concatenated/claudecode_agent/2026-09-01_claude-opus-5-api-generic-v7_rep1/CM4AI_d4d.yaml,data/d4d_concatenated/claudecode_agent/2026-09-01_claude-opus-5-api-generic-v7_rep2/CM4AI_d4d.yaml,data/d4d_concatenated/claudecode_agent/2026-09-01_claude-opus-5-api-generic-v7_rep3/CM4AI_d4d.yaml
CM4AI,v7,Composition,Composition,confidential_elements,nested,intermittent,2,,,True,248,1,True,346,1,False,,,data/d4d_concatenated/claudecode_agent/2026-09-01_claude-opus-5-api-generic-v7_rep1/CM4AI_d4d.yaml,data/d4d_concatenated/claudecode_agent/2026-09-01_claude-opus-5-api-generic-v7_rep2/CM4AI_d4d.yaml,data/d4d_concatenated/claudecode_agent/2026-09-01_claude-opus-5-api-generic-v7_rep3/CM4AI_d4d.yaml
CM4AI,v7,Composition,Composition,content_warnings,nested,intermittent,2,,,True,34,1,True,34,1,False,,,data/d4d_concatenated/claudecode_agent/2026-09-01_claude-opus-5-api-generic-v7_rep1/CM4AI_d4d.yaml,data/d4d_concatenated/claudecode_agent/2026-09-01_claude-opus-5-api-generic-v7_rep2/CM4AI_d4d.yaml,data/d4d_concatenated/claudecode_agent/2026-09-01_claude-opus-5-api-generic-v7_rep3/CM4AI_d4d.yaml
CM4AI,v7,Composition,Composition,subpopulations,nested,intermittent,2,,,True,616,1,True,1087,1,False,,,data/d4d_concatenated/claudecode_agent/2026-09-01_claude-opus-5-api-generic-v7_rep1/CM4AI_d4d.yaml,data/d4d_concatenated/claudecode_agent/2026-09-01_claude-opus-5-api-generic-v7_rep2/CM4AI_d4d.yaml,data/d4d_concatenated/claudecode_agent/2026-09-01_claude-opus-5-api-generic-v7_rep3/CM4AI_d4d.yaml
CM4AI,v7,Composition,Composition,sensitive_elements,nested,all_differ,3,3,False,True,228,1,True,234,1,True,399,1,data/d4d_concatenated/claudecode_agent/2026-09-01_claude-opus-5-api-generic-v7_rep1/CM4AI_d4d.yaml,data/d4d_concatenated/claudecode_agent/2026-09-01_claude-opus-5-api-generic-v7_rep2/CM4AI_d4d.yaml,data/d4d_concatenated/claudecode_agent/2026-09-01_claude-opus-5-api-generic-v7_rep3/CM4AI_d4d.yaml
CM4AI,v7,Composition,Composition,relationships,nested,absent,0,,,False,,,False,,,False,,,data/d4d_concatenated/claudecode_agent/2026-09-01_claude-opus-5-api-generic-v7_rep1/CM4AI_d4d.yaml,data/d4d_concatenated/claudecode_agent/2026-09-01_claude-opus-5-api-generic-v7_rep2/CM4AI_d4d.yaml,data/d4d_concatenated/claudecode_agent/2026-09-01_claude-opus-5-api-generic-v7_rep3/CM4AI_d4d.yaml
CM4AI,v7,Composition,Composition,splits,nested,absent,0,,,False,,,False,,,False,,,data/d4d_concatenated/claudecode_agent/2026-09-01_claude-opus-5-api-generic-v7_rep1/CM4AI_d4d.yaml,data/d4d_concatenated/claudecode_agent/2026-09-01_claude-opus-5-api-generic-v7_rep2/CM4AI_d4d.yaml,data/d4d_concatenated/claudecode_agent/2026-09-01_claude-opus-5-api-generic-v7_rep3/CM4AI_d4d.yaml
CM4AI,v7,Composition,Composition,sampling_strategies,nested,all_differ,3,3,False,True,1166,2,True,760,1,True,1494,1,data/d4d_concatenated/claudecode_agent/2026-09-01_claude-opus-5-api-generic-v7_rep1/CM4AI_d4d.yaml,data/d4d_concatenated/claudecode_agent/2026-09-01_claude-opus-5-api-generic-v7_rep2/CM4AI_d4d.yaml,data/d4d_concatenated/claudecode_agent/2026-09-01_claude-opus-5-api-generic-v7_rep3/CM4AI_d4d.yaml
CM4AI,v7,Composition,Composition,is_deidentified,nested,all_differ,3,3,False,True,320,,True,354,,True,452,,data/d4d_concatenated/claudecode_agent/2026-09-01_claude-opus-5-api-generic-v7_rep1/CM4AI_d4d.yaml,data/d4d_concatenated/claudecode_agent/2026-09-01_claude-opus-5-api-generic-v7_rep2/CM4AI_d4d.yaml,data/d4d_concatenated/claudecode_agent/2026-09-01_claude-opus-5-api-generic-v7_rep3/CM4AI_d4d.yaml
CM4AI,v7,Composition,Composition,related_datasets,nested,all_differ,3,3,False,True,1097,6,True,1407,5,True,1980,7,data/d4d_concatenated/claudecode_agent/2026-09-01_claude-opus-5-api-generic-v7_rep1/CM4AI_d4d.yaml,data/d4d_concatenated/claudecode_agent/2026-09-01_claude-opus-5-api-generic-v7_rep2/CM4AI_d4d.yaml,data/d4d_concatenated/claudecode_agent/2026-09-01_claude-opus-5-api-generic-v7_rep3/CM4AI_d4d.yaml
CM4AI,v7,Collection,Collection,acquisition_methods,nested,all_differ,3,3,False,True,1179,4,True,1736,4,True,936,4,data/d4d_concatenated/claudecode_agent/2026-09-01_claude-opus-5-api-generic-v7_rep1/CM4AI_d4d.yaml,data/d4d_concatenated/claudecode_agent/2026-09-01_claude-opus-5-api-generic-v7_rep2/CM4AI_d4d.yaml,data/d4d_concatenated/claudecode_agent/2026-09-01_claude-opus-5-api-generic-v7_rep3/CM4AI_d4d.yaml
CM4AI,v7,Collection,Collection,collection_mechanisms,nested,all_differ,3,3,False,True,749,4,True,821,4,True,1073,4,data/d4d_concatenated/claudecode_agent/2026-09-01_claude-opus-5-api-generic-v7_rep1/CM4AI_d4d.yaml,data/d4d_concatenated/claudecode_agent/2026-09-01_claude-opus-5-api-generic-v7_rep2/CM4AI_d4d.yaml,data/d4d_concatenated/claudecode_agent/2026-09-01_claude-opus-5-api-generic-v7_rep3/CM4AI_d4d.yaml
CM4AI,v7,Collection,Collection,data_collectors,nested,all_differ,3,3,False,True,550,3,True,491,3,True,1047,4,data/d4d_concatenated/claudecode_agent/2026-09-01_claude-opus-5-api-generic-v7_rep1/CM4AI_d4d.yaml,data/d4d_concatenated/claudecode_agent/2026-09-01_claude-opus-5-api-generic-v7_rep2/CM4AI_d4d.yaml,data/d4d_concatenated/claudecode_agent/2026-09-01_claude-opus-5-api-generic-v7_rep3/CM4AI_d4d.yaml
CM4AI,v7,Collection,Collection,collection_timeframes,nested,intermittent,2,,,False,,,True,662,1,True,643,2,data/d4d_concatenated/claudecode_agent/2026-09-01_claude-opus-5-api-generic-v7_rep1/CM4AI_d4d.yaml,data/d4d_concatenated/claudecode_agent/2026-09-01_claude-opus-5-api-generic-v7_rep2/CM4AI_d4d.yaml,data/d4d_concatenated/claudecode_agent/2026-09-01_claude-opus-5-api-generic-v7_rep3/CM4AI_d4d.yaml
CM4AI,v7,Collection,Collection,direct_collection,nested,all_differ,3,3,False,True,349,1,True,395,1,True,394,1,data/d4d_concatenated/claudecode_agent/2026-09-01_claude-opus-5-api-generic-v7_rep1/CM4AI_d4d.yaml,data/d4d_concatenated/claudecode_agent/2026-09-01_claude-opus-5-api-generic-v7_rep2/CM4AI_d4d.yaml,data/d4d_concatenated/claudecode_agent/2026-09-01_claude-opus-5-api-generic-v7_rep3/CM4AI_d4d.yaml
CM4AI,v7,Collection,Collection,missing_data_documentation,nested,intermittent,1,,,False,,,False,,,True,967,1,data/d4d_concatenated/claudecode_agent/2026-09-01_claude-opus-5-api-generic-v7_rep1/CM4AI_d4d.yaml,data/d4d_concatenated/claudecode_agent/2026-09-01_claude-opus-5-api-generic-v7_rep2/CM4AI_d4d.yaml,data/d4d_concatenated/claudecode_agent/2026-09-01_claude-opus-5-api-generic-v7_rep3/CM4AI_d4d.yaml
CM4AI,v7,Collection,Collection,raw_data_sources,nested,all_differ,3,3,False,True,494,2,True,1657,4,True,1907,4,data/d4d_concatenated/claudecode_agent/2026-09-01_claude-opus-5-api-generic-v7_rep1/CM4AI_d4d.yaml,data/d4d_concatenated/claudecode_agent/2026-09-01_claude-opus-5-api-generic-v7_rep2/CM4AI_d4d.yaml,data/d4d_concatenated/claudecode_agent/2026-09-01_claude-opus-5-api-generic-v7_rep3/CM4AI_d4d.yaml
CM4AI,v7,Preprocessing,Preprocessing,preprocessing_strategies,nested,all_differ,3,3,False,True,1035,4,True,1279,5,True,1764,4,data/d4d_concatenated/claudecode_agent/2026-09-01_claude-opus-5-api-generic-v7_rep1/CM4AI_d4d.yaml,data/d4d_concatenated/claudecode_agent/2026-09-01_claude-opus-5-api-generic-v7_rep2/CM4AI_d4d.yaml,data/d4d_concatenated/claudecode_agent/2026-09-01_claude-opus-5-api-generic-v7_rep3/CM4AI_d4d.yaml
CM4AI,v7,Preprocessing,Preprocessing,cleaning_strategies,nested,intermittent,2,,,True,188,1,False,,,True,769,2,data/d4d_concatenated/claudecode_agent/2026-09-01_claude-opus-5-api-generic-v7_rep1/CM4AI_d4d.yaml,data/d4d_concatenated/claudecode_agent/2026-09-01_claude-opus-5-api-generic-v7_rep2/CM4AI_d4d.yaml,data/d4d_concatenated/claudecode_agent/2026-09-01_claude-opus-5-api-generic-v7_rep3/CM4AI_d4d.yaml
CM4AI,v7,Preprocessing,Preprocessing,labeling_strategies,nested,all_differ,3,3,False,True,527,1,True,991,1,True,552,1,data/d4d_concatenated/claudecode_agent/2026-09-01_claude-opus-5-api-generic-v7_rep1/CM4AI_d4d.yaml,data/d4d_concatenated/claudecode_agent/2026-09-01_claude-opus-5-api-generic-v7_rep2/CM4AI_d4d.yaml,data/d4d_concatenated/claudecode_agent/2026-09-01_claude-opus-5-api-generic-v7_rep3/CM4AI_d4d.yaml
CM4AI,v7,Preprocessing,Preprocessing,raw_sources,nested,intermittent,1,,,True,495,4,False,,,False,,,data/d4d_concatenated/claudecode_agent/2026-09-01_claude-opus-5-api-generic-v7_rep1/CM4AI_d4d.yaml,data/d4d_concatenated/claudecode_agent/2026-09-01_claude-opus-5-api-generic-v7_rep2/CM4AI_d4d.yaml,data/d4d_concatenated/claudecode_agent/2026-09-01_claude-opus-5-api-generic-v7_rep3/CM4AI_d4d.yaml
CM4AI,v7,Preprocessing,Preprocessing,imputation_protocols,nested,absent,0,,,False,,,False,,,False,,,data/d4d_concatenated/claudecode_agent/2026-09-01_claude-opus-5-api-generic-v7_rep1/CM4AI_d4d.yaml,data/d4d_concatenated/claudecode_agent/2026-09-01_claude-opus-5-api-generic-v7_rep2/CM4AI_d4d.yaml,data/d4d_concatenated/claudecode_agent/2026-09-01_claude-opus-5-api-generic-v7_rep3/CM4AI_d4d.yaml
CM4AI,v7,Preprocessing,Preprocessing,annotation_analyses,nested,absent,0,,,False,,,False,,,False,,,data/d4d_concatenated/claudecode_agent/2026-09-01_claude-opus-5-api-generic-v7_rep1/CM4AI_d4d.yaml,data/d4d_concatenated/claudecode_agent/2026-09-01_claude-opus-5-api-generic-v7_rep2/CM4AI_d4d.yaml,data/d4d_concatenated/claudecode_agent/2026-09-01_claude-opus-5-api-generic-v7_rep3/CM4AI_d4d.yaml
CM4AI,v7,Preprocessing,Preprocessing,machine_annotation_tools,nested,intermittent,2,,,True,940,4,True,922,4,False,,,data/d4d_concatenated/claudecode_agent/2026-09-01_claude-opus-5-api-generic-v7_rep1/CM4AI_d4d.yaml,data/d4d_concatenated/claudecode_agent/2026-09-01_claude-opus-5-api-generic-v7_rep2/CM4AI_d4d.yaml,data/d4d_concatenated/claudecode_agent/2026-09-01_claude-opus-5-api-generic-v7_rep3/CM4AI_d4d.yaml
CM4AI,v7,Uses,Uses,existing_uses,nested,intermittent,1,,,True,532,2,False,,,False,,,data/d4d_concatenated/claudecode_agent/2026-09-01_claude-opus-5-api-generic-v7_rep1/CM4AI_d4d.yaml,data/d4d_concatenated/claudecode_agent/2026-09-01_claude-opus-5-api-generic-v7_rep2/CM4AI_d4d.yaml,data/d4d_concatenated/claudecode_agent/2026-09-01_claude-opus-5-api-generic-v7_rep3/CM4AI_d4d.yaml
CM4AI,v7,Uses,Uses,use_repository,nested,intermittent,1,,,False,,,True,164,1,False,,,data/d4d_concatenated/claudecode_agent/2026-09-01_claude-opus-5-api-generic-v7_rep1/CM4AI_d4d.yaml,data/d4d_concatenated/claudecode_agent/2026-09-01_claude-opus-5-api-generic-v7_rep2/CM4AI_d4d.yaml,data/d4d_concatenated/claudecode_agent/2026-09-01_claude-opus-5-api-generic-v7_rep3/CM4AI_d4d.yaml
CM4AI,v7,Uses,Uses,other_tasks,nested,all_differ,3,3,False,True,746,2,True,878,3,True,731,2,data/d4d_concatenated/claudecode_agent/2026-09-01_claude-opus-5-api-generic-v7_rep1/CM4AI_d4d.yaml,data/d4d_concatenated/claudecode_agent/2026-09-01_claude-opus-5-api-generic-v7_rep2/CM4AI_d4d.yaml,data/d4d_concatenated/claudecode_agent/2026-09-01_claude-opus-5-api-generic-v7_rep3/CM4AI_d4d.yaml
CM4AI,v7,Uses,Uses,future_use_impacts,nested,all_differ,3,3,False,True,544,2,True,850,3,True,982,3,data/d4d_concatenated/claudecode_agent/2026-09-01_claude-opus-5-api-generic-v7_rep1/CM4AI_d4d.yaml,data/d4d_concatenated/claudecode_agent/2026-09-01_claude-opus-5-api-generic-v7_rep2/CM4AI_d4d.yaml,data/d4d_concatenated/claudecode_agent/2026-09-01_claude-opus-5-api-generic-v7_rep3/CM4AI_d4d.yaml
CM4AI,v7,Uses,Uses,discouraged_uses,nested,all_differ,3,3,False,True,336,2,True,357,2,True,721,3,data/d4d_concatenated/claudecode_agent/2026-09-01_claude-opus-5-api-generic-v7_rep1/CM4AI_d4d.yaml,data/d4d_concatenated/claudecode_agent/2026-09-01_claude-opus-5-api-generic-v7_rep2/CM4AI_d4d.yaml,data/d4d_concatenated/claudecode_agent/2026-09-01_claude-opus-5-api-generic-v7_rep3/CM4AI_d4d.yaml
CM4AI,v7,Uses,Uses,intended_uses,nested,all_differ,3,3,False,True,808,5,True,870,5,True,849,4,data/d4d_concatenated/claudecode_agent/2026-09-01_claude-opus-5-api-generic-v7_rep1/CM4AI_d4d.yaml,data/d4d_concatenated/claudecode_agent/2026-09-01_claude-opus-5-api-generic-v7_rep2/CM4AI_d4d.yaml,data/d4d_concatenated/claudecode_agent/2026-09-01_claude-opus-5-api-generic-v7_rep3/CM4AI_d4d.yaml
CM4AI,v7,Uses,Uses,prohibited_uses,nested,all_differ,3,3,False,True,429,2,True,187,1,True,703,3,data/d4d_concatenated/claudecode_agent/2026-09-01_claude-opus-5-api-generic-v7_rep1/CM4AI_d4d.yaml,data/d4d_concatenated/claudecode_agent/2026-09-01_claude-opus-5-api-generic-v7_rep2/CM4AI_d4d.yaml,data/d4d_concatenated/claudecode_agent/2026-09-01_claude-opus-5-api-generic-v7_rep3/CM4AI_d4d.yaml
CM4AI,v7,Distribution,Distribution,distribution_formats,nested,all_differ,3,3,False,True,582,2,True,892,2,True,418,2,data/d4d_concatenated/claudecode_agent/2026-09-01_claude-opus-5-api-generic-v7_rep1/CM4AI_d4d.yaml,data/d4d_concatenated/claudecode_agent/2026-09-01_claude-opus-5-api-generic-v7_rep2/CM4AI_d4d.yaml,data/d4d_concatenated/claudecode_agent/2026-09-01_claude-opus-5-api-generic-v7_rep3/CM4AI_d4d.yaml
CM4AI,v7,Distribution,Distribution,distribution_dates,nested,all_differ,3,3,False,True,257,1,True,317,1,True,427,1,data/d4d_concatenated/claudecode_agent/2026-09-01_claude-opus-5-api-generic-v7_rep1/CM4AI_d4d.yaml,data/d4d_concatenated/claudecode_agent/2026-09-01_claude-opus-5-api-generic-v7_rep2/CM4AI_d4d.yaml,data/d4d_concatenated/claudecode_agent/2026-09-01_claude-opus-5-api-generic-v7_rep3/CM4AI_d4d.yaml
CM4AI,v7,Distribution,Distribution,third_party_sharing,nested,all_differ,3,3,False,True,326,1,True,521,1,True,461,1,data/d4d_concatenated/claudecode_agent/2026-09-01_claude-opus-5-api-generic-v7_rep1/CM4AI_d4d.yaml,data/d4d_concatenated/claudecode_agent/2026-09-01_claude-opus-5-api-generic-v7_rep2/CM4AI_d4d.yaml,data/d4d_concatenated/claudecode_agent/2026-09-01_claude-opus-5-api-generic-v7_rep3/CM4AI_d4d.yaml
CM4AI,v7,Maintenance,Maintenance,maintainers,nested,all_differ,3,3,False,True,494,3,True,716,4,True,673,3,data/d4d_concatenated/claudecode_agent/2026-09-01_claude-opus-5-api-generic-v7_rep1/CM4AI_d4d.yaml,data/d4d_concatenated/claudecode_agent/2026-09-01_claude-opus-5-api-generic-v7_rep2/CM4AI_d4d.yaml,data/d4d_concatenated/claudecode_agent/2026-09-01_claude-opus-5-api-generic-v7_rep3/CM4AI_d4d.yaml
CM4AI,v7,Maintenance,Maintenance,errata,nested,absent,0,,,False,,,False,,,False,,,data/d4d_concatenated/claudecode_agent/2026-09-01_claude-opus-5-api-generic-v7_rep1/CM4AI_d4d.yaml,data/d4d_concatenated/claudecode_agent/2026-09-01_claude-opus-5-api-generic-v7_rep2/CM4AI_d4d.yaml,data/d4d_concatenated/claudecode_agent/2026-09-01_claude-opus-5-api-generic-v7_rep3/CM4AI_d4d.yaml
CM4AI,v7,Maintenance,Maintenance,updates,nested,two_agree,3,2,False,True,273,,True,273,,True,572,,data/d4d_concatenated/claudecode_agent/2026-09-01_claude-opus-5-api-generic-v7_rep1/CM4AI_d4d.yaml,data/d4d_concatenated/claudecode_agent/2026-09-01_claude-opus-5-api-generic-v7_rep2/CM4AI_d4d.yaml,data/d4d_concatenated/claudecode_agent/2026-09-01_claude-opus-5-api-generic-v7_rep3/CM4AI_d4d.yaml
CM4AI,v7,Maintenance,Maintenance,retention_limit,nested,two_agree,3,2,False,True,127,,True,127,,True,278,,data/d4d_concatenated/claudecode_agent/2026-09-01_claude-opus-5-api-generic-v7_rep1/CM4AI_d4d.yaml,data/d4d_concatenated/claudecode_agent/2026-09-01_claude-opus-5-api-generic-v7_rep2/CM4AI_d4d.yaml,data/d4d_concatenated/claudecode_agent/2026-09-01_claude-opus-5-api-generic-v7_rep3/CM4AI_d4d.yaml
CM4AI,v7,Maintenance,Maintenance,version_access,nested,all_differ,3,3,False,True,396,,True,629,,True,865,,data/d4d_concatenated/claudecode_agent/2026-09-01_claude-opus-5-api-generic-v7_rep1/CM4AI_d4d.yaml,data/d4d_concatenated/claudecode_agent/2026-09-01_claude-opus-5-api-generic-v7_rep2/CM4AI_d4d.yaml,data/d4d_concatenated/claudecode_agent/2026-09-01_claude-opus-5-api-generic-v7_rep3/CM4AI_d4d.yaml
CM4AI,v7,Maintenance,Maintenance,extension_mechanism,nested,intermittent,2,,,True,418,,True,568,,False,,,data/d4d_concatenated/claudecode_agent/2026-09-01_claude-opus-5-api-generic-v7_rep1/CM4AI_d4d.yaml,data/d4d_concatenated/claudecode_agent/2026-09-01_claude-opus-5-api-generic-v7_rep2/CM4AI_d4d.yaml,data/d4d_concatenated/claudecode_agent/2026-09-01_claude-opus-5-api-generic-v7_rep3/CM4AI_d4d.yaml
CM4AI,v7,Ethics,Ethics,collection_notifications,nested,absent,0,,,False,,,False,,,False,,,data/d4d_concatenated/claudecode_agent/2026-09-01_claude-opus-5-api-generic-v7_rep1/CM4AI_d4d.yaml,data/d4d_concatenated/claudecode_agent/2026-09-01_claude-opus-5-api-generic-v7_rep2/CM4AI_d4d.yaml,data/d4d_concatenated/claudecode_agent/2026-09-01_claude-opus-5-api-generic-v7_rep3/CM4AI_d4d.yaml
CM4AI,v7,Ethics,Ethics,collection_consents,nested,absent,0,,,False,,,False,,,False,,,data/d4d_concatenated/claudecode_agent/2026-09-01_claude-opus-5-api-generic-v7_rep1/CM4AI_d4d.yaml,data/d4d_concatenated/claudecode_agent/2026-09-01_claude-opus-5-api-generic-v7_rep2/CM4AI_d4d.yaml,data/d4d_concatenated/claudecode_agent/2026-09-01_claude-opus-5-api-generic-v7_rep3/CM4AI_d4d.yaml
CM4AI,v7,Ethics,Ethics,consent_revocations,nested,absent,0,,,False,,,False,,,False,,,data/d4d_concatenated/claudecode_agent/2026-09-01_claude-opus-5-api-generic-v7_rep1/CM4AI_d4d.yaml,data/d4d_concatenated/claudecode_agent/2026-09-01_claude-opus-5-api-generic-v7_rep2/CM4AI_d4d.yaml,data/d4d_concatenated/claudecode_agent/2026-09-01_claude-opus-5-api-generic-v7_rep3/CM4AI_d4d.yaml
CM4AI,v7,Ethics,Ethics,ethical_reviews,nested,all_differ,3,3,False,True,799,2,True,568,2,True,959,1,data/d4d_concatenated/claudecode_agent/2026-09-01_claude-opus-5-api-generic-v7_rep1/CM4AI_d4d.yaml,data/d4d_concatenated/claudecode_agent/2026-09-01_claude-opus-5-api-generic-v7_rep2/CM4AI_d4d.yaml,data/d4d_concatenated/claudecode_agent/2026-09-01_claude-opus-5-api-generic-v7_rep3/CM4AI_d4d.yaml
CM4AI,v7,Ethics,Ethics,data_protection_impacts,nested,absent,0,,,False,,,False,,,False,,,data/d4d_concatenated/claudecode_agent/2026-09-01_claude-opus-5-api-generic-v7_rep1/CM4AI_d4d.yaml,data/d4d_concatenated/claudecode_agent/2026-09-01_claude-opus-5-api-generic-v7_rep2/CM4AI_d4d.yaml,data/d4d_concatenated/claudecode_agent/2026-09-01_claude-opus-5-api-generic-v7_rep3/CM4AI_d4d.yaml
CM4AI,v7,Human,Human,human_subject_research,nested,all_differ,3,3,False,True,359,,True,344,,True,666,,data/d4d_concatenated/claudecode_agent/2026-09-01_claude-opus-5-api-generic-v7_rep1/CM4AI_d4d.yaml,data/d4d_concatenated/claudecode_agent/2026-09-01_claude-opus-5-api-generic-v7_rep2/CM4AI_d4d.yaml,data/d4d_concatenated/claudecode_agent/2026-09-01_claude-opus-5-api-generic-v7_rep3/CM4AI_d4d.yaml
CM4AI,v7,Human,Human,informed_consent,nested,absent,0,,,False,,,False,,,False,,,data/d4d_concatenated/claudecode_agent/2026-09-01_claude-opus-5-api-generic-v7_rep1/CM4AI_d4d.yaml,data/d4d_concatenated/claudecode_agent/2026-09-01_claude-opus-5-api-generic-v7_rep2/CM4AI_d4d.yaml,data/d4d_concatenated/claudecode_agent/2026-09-01_claude-opus-5-api-generic-v7_rep3/CM4AI_d4d.yaml
CM4AI,v7,Human,Human,at_risk_populations,nested,intermittent,1,,,False,,,True,280,,False,,,data/d4d_concatenated/claudecode_agent/2026-09-01_claude-opus-5-api-generic-v7_rep1/CM4AI_d4d.yaml,data/d4d_concatenated/claudecode_agent/2026-09-01_claude-opus-5-api-generic-v7_rep2/CM4AI_d4d.yaml,data/d4d_concatenated/claudecode_agent/2026-09-01_claude-opus-5-api-generic-v7_rep3/CM4AI_d4d.yaml
CM4AI,v7,Human,Human,participant_privacy,nested,absent,0,,,False,,,False,,,False,,,data/d4d_concatenated/claudecode_agent/2026-09-01_claude-opus-5-api-generic-v7_rep1/CM4AI_d4d.yaml,data/d4d_concatenated/claudecode_agent/2026-09-01_claude-opus-5-api-generic-v7_rep2/CM4AI_d4d.yaml,data/d4d_concatenated/claudecode_agent/2026-09-01_claude-opus-5-api-generic-v7_rep3/CM4AI_d4d.yaml
CM4AI,v7,Human,Human,participant_compensation,nested,absent,0,,,False,,,False,,,False,,,data/d4d_concatenated/claudecode_agent/2026-09-01_claude-opus-5-api-generic-v7_rep1/CM4AI_d4d.yaml,data/d4d_concatenated/claudecode_agent/2026-09-01_claude-opus-5-api-generic-v7_rep2/CM4AI_d4d.yaml,data/d4d_concatenated/claudecode_agent/2026-09-01_claude-opus-5-api-generic-v7_rep3/CM4AI_d4d.yaml
CM4AI,v7,Data Governance,Data Governance,license_and_use_terms,nested,all_differ,3,3,False,True,727,,True,1215,,True,1319,,data/d4d_concatenated/claudecode_agent/2026-09-01_claude-opus-5-api-generic-v7_rep1/CM4AI_d4d.yaml,data/d4d_concatenated/claudecode_agent/2026-09-01_claude-opus-5-api-generic-v7_rep2/CM4AI_d4d.yaml,data/d4d_concatenated/claudecode_agent/2026-09-01_claude-opus-5-api-generic-v7_rep3/CM4AI_d4d.yaml
CM4AI,v7,Data Governance,Data Governance,ip_restrictions,nested,all_differ,3,3,False,True,387,,True,485,,True,990,,data/d4d_concatenated/claudecode_agent/2026-09-01_claude-opus-5-api-generic-v7_rep1/CM4AI_d4d.yaml,data/d4d_concatenated/claudecode_agent/2026-09-01_claude-opus-5-api-generic-v7_rep2/CM4AI_d4d.yaml,data/d4d_concatenated/claudecode_agent/2026-09-01_claude-opus-5-api-generic-v7_rep3/CM4AI_d4d.yaml
CM4AI,v7,Data Governance,Data Governance,regulatory_restrictions,nested,all_differ,3,3,False,True,173,,True,194,,True,774,,data/d4d_concatenated/claudecode_agent/2026-09-01_claude-opus-5-api-generic-v7_rep1/CM4AI_d4d.yaml,data/d4d_concatenated/claudecode_agent/2026-09-01_claude-opus-5-api-generic-v7_rep2/CM4AI_d4d.yaml,data/d4d_concatenated/claudecode_agent/2026-09-01_claude-opus-5-api-generic-v7_rep3/CM4AI_d4d.yaml
CM4AI,v7,Data Governance,Data Governance,data_governance,nested,all_differ,3,3,False,True,625,,True,1256,,True,2143,,data/d4d_concatenated/claudecode_agent/2026-09-01_claude-opus-5-api-generic-v7_rep1/CM4AI_d4d.yaml,data/d4d_concatenated/claudecode_agent/2026-09-01_claude-opus-5-api-generic-v7_rep2/CM4AI_d4d.yaml,data/d4d_concatenated/claudecode_agent/2026-09-01_claude-opus-5-api-generic-v7_rep3/CM4AI_d4d.yaml
CM4AI,v7,Variables,Variables,variables,nested,absent,0,,,False,,,False,,,False,,,data/d4d_concatenated/claudecode_agent/2026-09-01_claude-opus-5-api-generic-v7_rep1/CM4AI_d4d.yaml,data/d4d_concatenated/claudecode_agent/2026-09-01_claude-opus-5-api-generic-v7_rep2/CM4AI_d4d.yaml,data/d4d_concatenated/claudecode_agent/2026-09-01_claude-opus-5-api-generic-v7_rep3/CM4AI_d4d.yaml
CM4AI,v7,FileCollection,FileCollection,file_collections,nested,all_differ,3,3,False,True,4685,10,True,7018,10,True,1996,5,data/d4d_concatenated/claudecode_agent/2026-09-01_claude-opus-5-api-generic-v7_rep1/CM4AI_d4d.yaml,data/d4d_concatenated/claudecode_agent/2026-09-01_claude-opus-5-api-generic-v7_rep2/CM4AI_d4d.yaml,data/d4d_concatenated/claudecode_agent/2026-09-01_claude-opus-5-api-generic-v7_rep3/CM4AI_d4d.yaml
CM4AI,v7,Base / root,Base / root: scalar,total_file_count,scalar,identical,3,1,True,True,7,,True,7,,True,7,,data/d4d_concatenated/claudecode_agent/2026-09-01_claude-opus-5-api-generic-v7_rep1/CM4AI_d4d.yaml,data/d4d_concatenated/claudecode_agent/2026-09-01_claude-opus-5-api-generic-v7_rep2/CM4AI_d4d.yaml,data/d4d_concatenated/claudecode_agent/2026-09-01_claude-opus-5-api-generic-v7_rep3/CM4AI_d4d.yaml
CM4AI,v7,Base / root,Base / root: scalar,total_size_bytes,scalar,absent,0,,,False,,,False,,,False,,,data/d4d_concatenated/claudecode_agent/2026-09-01_claude-opus-5-api-generic-v7_rep1/CM4AI_d4d.yaml,data/d4d_concatenated/claudecode_agent/2026-09-01_claude-opus-5-api-generic-v7_rep2/CM4AI_d4d.yaml,data/d4d_concatenated/claudecode_agent/2026-09-01_claude-opus-5-api-generic-v7_rep3/CM4AI_d4d.yaml
CM4AI,v7,Base / root,Base / root: scalar,is_tabular,scalar,intermittent,2,,,True,10,,True,10,,False,,,data/d4d_concatenated/claudecode_agent/2026-09-01_claude-opus-5-api-generic-v7_rep1/CM4AI_d4d.yaml,data/d4d_concatenated/claudecode_agent/2026-09-01_claude-opus-5-api-generic-v7_rep2/CM4AI_d4d.yaml,data/d4d_concatenated/claudecode_agent/2026-09-01_claude-opus-5-api-generic-v7_rep3/CM4AI_d4d.yaml
CM4AI,v7,Base / root,Base / root: scalar,compression,scalar,intermittent,1,,,False,,,True,8,,False,,,data/d4d_concatenated/claudecode_agent/2026-09-01_claude-opus-5-api-generic-v7_rep1/CM4AI_d4d.yaml,data/d4d_concatenated/claudecode_agent/2026-09-01_claude-opus-5-api-generic-v7_rep2/CM4AI_d4d.yaml,data/d4d_concatenated/claudecode_agent/2026-09-01_claude-opus-5-api-generic-v7_rep3/CM4AI_d4d.yaml
CM4AI,v7,Base / root,Base / root: scalar,conforms_to_class,scalar,identical,3,1,True,True,12,,True,12,,True,12,,data/d4d_concatenated/claudecode_agent/2026-09-01_claude-opus-5-api-generic-v7_rep1/CM4AI_d4d.yaml,data/d4d_concatenated/claudecode_agent/2026-09-01_claude-opus-5-api-generic-v7_rep2/CM4AI_d4d.yaml,data/d4d_concatenated/claudecode_agent/2026-09-01_claude-opus-5-api-generic-v7_rep3/CM4AI_d4d.yaml
CM4AI,v7,Base / root,Base / root: scalar,conforms_to_schema,scalar,identical,3,1,True,True,50,,True,50,,True,50,,data/d4d_concatenated/claudecode_agent/2026-09-01_claude-opus-5-api-generic-v7_rep1/CM4AI_d4d.yaml,data/d4d_concatenated/claudecode_agent/2026-09-01_claude-opus-5-api-generic-v7_rep2/CM4AI_d4d.yaml,data/d4d_concatenated/claudecode_agent/2026-09-01_claude-opus-5-api-generic-v7_rep3/CM4AI_d4d.yaml
CM4AI,v7,Base / root,Base / root: scalar,created_by,scalar,intermittent,1,,,False,,,True,48,,False,,,data/d4d_concatenated/claudecode_agent/2026-09-01_claude-opus-5-api-generic-v7_rep1/CM4AI_d4d.yaml,data/d4d_concatenated/claudecode_agent/2026-09-01_claude-opus-5-api-generic-v7_rep2/CM4AI_d4d.yaml,data/d4d_concatenated/claudecode_agent/2026-09-01_claude-opus-5-api-generic-v7_rep3/CM4AI_d4d.yaml
CM4AI,v7,Base / root,Base / root: scalar,created_on,scalar,identical,3,1,True,True,23,,True,23,,True,23,,data/d4d_concatenated/claudecode_agent/2026-09-01_claude-opus-5-api-generic-v7_rep1/CM4AI_d4d.yaml,data/d4d_concatenated/claudecode_agent/2026-09-01_claude-opus-5-api-generic-v7_rep2/CM4AI_d4d.yaml,data/d4d_concatenated/claudecode_agent/2026-09-01_claude-opus-5-api-generic-v7_rep3/CM4AI_d4d.yaml
CM4AI,v7,Base / root,Base / root: scalar,doi,scalar,identical,3,1,True,True,23,,True,23,,True,23,,data/d4d_concatenated/claudecode_agent/2026-09-01_claude-opus-5-api-generic-v7_rep1/CM4AI_d4d.yaml,data/d4d_concatenated/claudecode_agent/2026-09-01_claude-opus-5-api-generic-v7_rep2/CM4AI_d4d.yaml,data/d4d_concatenated/claudecode_agent/2026-09-01_claude-opus-5-api-generic-v7_rep3/CM4AI_d4d.yaml
CM4AI,v7,Base / root,Base / root: scalar,download_url,scalar,absent,0,,,False,,,False,,,False,,,data/d4d_concatenated/claudecode_agent/2026-09-01_claude-opus-5-api-generic-v7_rep1/CM4AI_d4d.yaml,data/d4d_concatenated/claudecode_agent/2026-09-01_claude-opus-5-api-generic-v7_rep2/CM4AI_d4d.yaml,data/d4d_concatenated/claudecode_agent/2026-09-01_claude-opus-5-api-generic-v7_rep3/CM4AI_d4d.yaml
CM4AI,v7,Base / root,Base / root: scalar,issued,scalar,identical,3,1,True,True,23,,True,23,,True,23,,data/d4d_concatenated/claudecode_agent/2026-09-01_claude-opus-5-api-generic-v7_rep1/CM4AI_d4d.yaml,data/d4d_concatenated/claudecode_agent/2026-09-01_claude-opus-5-api-generic-v7_rep2/CM4AI_d4d.yaml,data/d4d_concatenated/claudecode_agent/2026-09-01_claude-opus-5-api-generic-v7_rep3/CM4AI_d4d.yaml
CM4AI,v7,Base / root,Base / root: scalar,language,scalar,intermittent,2,,,True,7,,True,7,,False,,,data/d4d_concatenated/claudecode_agent/2026-09-01_claude-opus-5-api-generic-v7_rep1/CM4AI_d4d.yaml,data/d4d_concatenated/claudecode_agent/2026-09-01_claude-opus-5-api-generic-v7_rep2/CM4AI_d4d.yaml,data/d4d_concatenated/claudecode_agent/2026-09-01_claude-opus-5-api-generic-v7_rep3/CM4AI_d4d.yaml
CM4AI,v7,Base / root,Base / root: scalar,last_updated_on,scalar,intermittent,1,,,False,,,True,23,,False,,,data/d4d_concatenated/claudecode_agent/2026-09-01_claude-opus-5-api-generic-v7_rep1/CM4AI_d4d.yaml,data/d4d_concatenated/claudecode_agent/2026-09-01_claude-opus-5-api-generic-v7_rep2/CM4AI_d4d.yaml,data/d4d_concatenated/claudecode_agent/2026-09-01_claude-opus-5-api-generic-v7_rep3/CM4AI_d4d.yaml
CM4AI,v7,Base / root,Base / root: scalar,license,scalar,identical,3,1,True,True,20,,True,20,,True,20,,data/d4d_concatenated/claudecode_agent/2026-09-01_claude-opus-5-api-generic-v7_rep1/CM4AI_d4d.yaml,data/d4d_concatenated/claudecode_agent/2026-09-01_claude-opus-5-api-generic-v7_rep2/CM4AI_d4d.yaml,data/d4d_concatenated/claudecode_agent/2026-09-01_claude-opus-5-api-generic-v7_rep3/CM4AI_d4d.yaml
CM4AI,v7,Base / root,Base / root: scalar,modified_by,scalar,absent,0,,,False,,,False,,,False,,,data/d4d_concatenated/claudecode_agent/2026-09-01_claude-opus-5-api-generic-v7_rep1/CM4AI_d4d.yaml,data/d4d_concatenated/claudecode_agent/2026-09-01_claude-opus-5-api-generic-v7_rep2/CM4AI_d4d.yaml,data/d4d_concatenated/claudecode_agent/2026-09-01_claude-opus-5-api-generic-v7_rep3/CM4AI_d4d.yaml
CM4AI,v7,Base / root,Base / root: scalar,page,scalar,two_agree,3,2,False,True,37,,True,89,,True,89,,data/d4d_concatenated/claudecode_agent/2026-09-01_claude-opus-5-api-generic-v7_rep1/CM4AI_d4d.yaml,data/d4d_concatenated/claudecode_agent/2026-09-01_claude-opus-5-api-generic-v7_rep2/CM4AI_d4d.yaml,data/d4d_concatenated/claudecode_agent/2026-09-01_claude-opus-5-api-generic-v7_rep3/CM4AI_d4d.yaml
CM4AI,v7,Base / root,Base / root: scalar,publisher,scalar,intermittent,2,,,True,18,,True,18,,False,,,data/d4d_concatenated/claudecode_agent/2026-09-01_claude-opus-5-api-generic-v7_rep1/CM4AI_d4d.yaml,data/d4d_concatenated/claudecode_agent/2026-09-01_claude-opus-5-api-generic-v7_rep2/CM4AI_d4d.yaml,data/d4d_concatenated/claudecode_agent/2026-09-01_claude-opus-5-api-generic-v7_rep3/CM4AI_d4d.yaml
CM4AI,v7,Base / root,Base / root: scalar,status,scalar,identical,3,1,True,True,9,,True,9,,True,9,,data/d4d_concatenated/claudecode_agent/2026-09-01_claude-opus-5-api-generic-v7_rep1/CM4AI_d4d.yaml,data/d4d_concatenated/claudecode_agent/2026-09-01_claude-opus-5-api-generic-v7_rep2/CM4AI_d4d.yaml,data/d4d_concatenated/claudecode_agent/2026-09-01_claude-opus-5-api-generic-v7_rep3/CM4AI_d4d.yaml
CM4AI,v7,Base / root,Base / root: scalar,title,scalar,identical,3,1,True,True,74,,True,74,,True,74,,data/d4d_concatenated/claudecode_agent/2026-09-01_claude-opus-5-api-generic-v7_rep1/CM4AI_d4d.yaml,data/d4d_concatenated/claudecode_agent/2026-09-01_claude-opus-5-api-generic-v7_rep2/CM4AI_d4d.yaml,data/d4d_concatenated/claudecode_agent/2026-09-01_claude-opus-5-api-generic-v7_rep3/CM4AI_d4d.yaml
CM4AI,v7,Base / root,Base / root: scalar,version,scalar,identical,3,1,True,True,6,,True,6,,True,6,,data/d4d_concatenated/claudecode_agent/2026-09-01_claude-opus-5-api-generic-v7_rep1/CM4AI_d4d.yaml,data/d4d_concatenated/claudecode_agent/2026-09-01_claude-opus-5-api-generic-v7_rep2/CM4AI_d4d.yaml,data/d4d_concatenated/claudecode_agent/2026-09-01_claude-opus-5-api-generic-v7_rep3/CM4AI_d4d.yaml
CM4AI,v7,Base / root,Base / root: scalar,id,scalar,identical,3,1,True,True,27,,True,27,,True,27,,data/d4d_concatenated/claudecode_agent/2026-09-01_claude-opus-5-api-generic-v7_rep1/CM4AI_d4d.yaml,data/d4d_concatenated/claudecode_agent/2026-09-01_claude-opus-5-api-generic-v7_rep2/CM4AI_d4d.yaml,data/d4d_concatenated/claudecode_agent/2026-09-01_claude-opus-5-api-generic-v7_rep3/CM4AI_d4d.yaml
CM4AI,v7,Base / root,Base / root: scalar,name,scalar,all_differ,3,3,False,True,33,,True,40,,True,74,,data/d4d_concatenated/claudecode_agent/2026-09-01_claude-opus-5-api-generic-v7_rep1/CM4AI_d4d.yaml,data/d4d_concatenated/claudecode_agent/2026-09-01_claude-opus-5-api-generic-v7_rep2/CM4AI_d4d.yaml,data/d4d_concatenated/claudecode_agent/2026-09-01_claude-opus-5-api-generic-v7_rep3/CM4AI_d4d.yaml
CM4AI,v7,Base / root,Base / root: long text,citation,long text,two_agree,3,2,False,True,672,,True,672,,True,672,,data/d4d_concatenated/claudecode_agent/2026-09-01_claude-opus-5-api-generic-v7_rep1/CM4AI_d4d.yaml,data/d4d_concatenated/claudecode_agent/2026-09-01_claude-opus-5-api-generic-v7_rep2/CM4AI_d4d.yaml,data/d4d_concatenated/claudecode_agent/2026-09-01_claude-opus-5-api-generic-v7_rep3/CM4AI_d4d.yaml
CM4AI,v7,Base / root,Base / root: long text,conforms_to,long text,intermittent,2,,,True,13,,False,,,True,446,,data/d4d_concatenated/claudecode_agent/2026-09-01_claude-opus-5-api-generic-v7_rep1/CM4AI_d4d.yaml,data/d4d_concatenated/claudecode_agent/2026-09-01_claude-opus-5-api-generic-v7_rep2/CM4AI_d4d.yaml,data/d4d_concatenated/claudecode_agent/2026-09-01_claude-opus-5-api-generic-v7_rep3/CM4AI_d4d.yaml
CM4AI,v7,Base / root,Base / root: long text,was_derived_from,long text,intermittent,1,,,False,,,True,257,,False,,,data/d4d_concatenated/claudecode_agent/2026-09-01_claude-opus-5-api-generic-v7_rep1/CM4AI_d4d.yaml,data/d4d_concatenated/claudecode_agent/2026-09-01_claude-opus-5-api-generic-v7_rep2/CM4AI_d4d.yaml,data/d4d_concatenated/claudecode_agent/2026-09-01_claude-opus-5-api-generic-v7_rep3/CM4AI_d4d.yaml
CM4AI,v7,Base / root,Base / root: long text,description,long text,all_differ,3,3,False,True,1885,,True,1430,,True,1846,,data/d4d_concatenated/claudecode_agent/2026-09-01_claude-opus-5-api-generic-v7_rep1/CM4AI_d4d.yaml,data/d4d_concatenated/claudecode_agent/2026-09-01_claude-opus-5-api-generic-v7_rep2/CM4AI_d4d.yaml,data/d4d_concatenated/claudecode_agent/2026-09-01_claude-opus-5-api-generic-v7_rep3/CM4AI_d4d.yaml
CM4AI,v7,Base / root,Base / root: long text,notes,long text,intermittent,2,,,False,,,True,1374,,True,729,,data/d4d_concatenated/claudecode_agent/2026-09-01_claude-opus-5-api-generic-v7_rep1/CM4AI_d4d.yaml,data/d4d_concatenated/claudecode_agent/2026-09-01_claude-opus-5-api-generic-v7_rep2/CM4AI_d4d.yaml,data/d4d_concatenated/claudecode_agent/2026-09-01_claude-opus-5-api-generic-v7_rep3/CM4AI_d4d.yaml
CM4AI,v7,Base / root,Base / root: list of values,conforms_to_standard,list,intermittent,2,,,True,11,1,False,,,True,11,1,data/d4d_concatenated/claudecode_agent/2026-09-01_claude-opus-5-api-generic-v7_rep1/CM4AI_d4d.yaml,data/d4d_concatenated/claudecode_agent/2026-09-01_claude-opus-5-api-generic-v7_rep2/CM4AI_d4d.yaml,data/d4d_concatenated/claudecode_agent/2026-09-01_claude-opus-5-api-generic-v7_rep3/CM4AI_d4d.yaml
CM4AI,v7,Base / root,Base / root: list of values,keywords,list,identical,3,1,True,True,493,29,True,493,29,True,493,29,data/d4d_concatenated/claudecode_agent/2026-09-01_claude-opus-5-api-generic-v7_rep1/CM4AI_d4d.yaml,data/d4d_concatenated/claudecode_agent/2026-09-01_claude-opus-5-api-generic-v7_rep2/CM4AI_d4d.yaml,data/d4d_concatenated/claudecode_agent/2026-09-01_claude-opus-5-api-generic-v7_rep3/CM4AI_d4d.yaml
CM4AI,v7,Base / root,Base / root: nested,resources,nested,absent,0,,,False,,,False,,,False,,,data/d4d_concatenated/claudecode_agent/2026-09-01_claude-opus-5-api-generic-v7_rep1/CM4AI_d4d.yaml,data/d4d_concatenated/claudecode_agent/2026-09-01_claude-opus-5-api-generic-v7_rep2/CM4AI_d4d.yaml,data/d4d_concatenated/claudecode_agent/2026-09-01_claude-opus-5-api-generic-v7_rep3/CM4AI_d4d.yaml
CM4AI,v7,Base / root,Base / root: nested,subsets,nested,intermittent,1,,,True,1842,7,False,,,False,,,data/d4d_concatenated/claudecode_agent/2026-09-01_claude-opus-5-api-generic-v7_rep1/CM4AI_d4d.yaml,data/d4d_concatenated/claudecode_agent/2026-09-01_claude-opus-5-api-generic-v7_rep2/CM4AI_d4d.yaml,data/d4d_concatenated/claudecode_agent/2026-09-01_claude-opus-5-api-generic-v7_rep3/CM4AI_d4d.yaml
CM4AI,v7,Base / root,Base / root: nested,parent_datasets,nested,absent,0,,,False,,,False,,,False,,,data/d4d_concatenated/claudecode_agent/2026-09-01_claude-opus-5-api-generic-v7_rep1/CM4AI_d4d.yaml,data/d4d_concatenated/claudecode_agent/2026-09-01_claude-opus-5-api-generic-v7_rep2/CM4AI_d4d.yaml,data/d4d_concatenated/claudecode_agent/2026-09-01_claude-opus-5-api-generic-v7_rep3/CM4AI_d4d.yaml
CM4AI,v8,Motivation,Motivation,purposes,nested,all_differ,3,3,False,True,810,3,True,903,4,True,929,4,data/d4d_concatenated/claudecode_api/2026-09-04g_claude-opus-5-api-generic-v8_rep1/CM4AI_d4d.yaml,data/d4d_concatenated/claudecode_api/2026-09-04g_claude-opus-5-api-generic-v8_rep2/CM4AI_d4d.yaml,data/d4d_concatenated/claudecode_api/2026-09-04g_claude-opus-5-api-generic-v8_rep3/CM4AI_d4d.yaml
CM4AI,v8,Motivation,Motivation,tasks,nested,all_differ,3,3,False,True,335,2,True,409,4,True,858,5,data/d4d_concatenated/claudecode_api/2026-09-04g_claude-opus-5-api-generic-v8_rep1/CM4AI_d4d.yaml,data/d4d_concatenated/claudecode_api/2026-09-04g_claude-opus-5-api-generic-v8_rep2/CM4AI_d4d.yaml,data/d4d_concatenated/claudecode_api/2026-09-04g_claude-opus-5-api-generic-v8_rep3/CM4AI_d4d.yaml
CM4AI,v8,Motivation,Motivation,addressing_gaps,nested,all_differ,3,3,False,True,795,2,True,599,2,True,704,2,data/d4d_concatenated/claudecode_api/2026-09-04g_claude-opus-5-api-generic-v8_rep1/CM4AI_d4d.yaml,data/d4d_concatenated/claudecode_api/2026-09-04g_claude-opus-5-api-generic-v8_rep2/CM4AI_d4d.yaml,data/d4d_concatenated/claudecode_api/2026-09-04g_claude-opus-5-api-generic-v8_rep3/CM4AI_d4d.yaml
CM4AI,v8,Motivation,Motivation,creators,nested,all_differ,3,3,False,True,4862,47,True,5631,47,True,8150,47,data/d4d_concatenated/claudecode_api/2026-09-04g_claude-opus-5-api-generic-v8_rep1/CM4AI_d4d.yaml,data/d4d_concatenated/claudecode_api/2026-09-04g_claude-opus-5-api-generic-v8_rep2/CM4AI_d4d.yaml,data/d4d_concatenated/claudecode_api/2026-09-04g_claude-opus-5-api-generic-v8_rep3/CM4AI_d4d.yaml
CM4AI,v8,Motivation,Motivation,funders,nested,all_differ,3,3,False,True,1009,2,True,1161,3,True,373,1,data/d4d_concatenated/claudecode_api/2026-09-04g_claude-opus-5-api-generic-v8_rep1/CM4AI_d4d.yaml,data/d4d_concatenated/claudecode_api/2026-09-04g_claude-opus-5-api-generic-v8_rep2/CM4AI_d4d.yaml,data/d4d_concatenated/claudecode_api/2026-09-04g_claude-opus-5-api-generic-v8_rep3/CM4AI_d4d.yaml
CM4AI,v8,Composition,Composition,external_resources,nested,all_differ,3,3,False,True,1507,5,True,1182,7,True,1166,7,data/d4d_concatenated/claudecode_api/2026-09-04g_claude-opus-5-api-generic-v8_rep1/CM4AI_d4d.yaml,data/d4d_concatenated/claudecode_api/2026-09-04g_claude-opus-5-api-generic-v8_rep2/CM4AI_d4d.yaml,data/d4d_concatenated/claudecode_api/2026-09-04g_claude-opus-5-api-generic-v8_rep3/CM4AI_d4d.yaml
CM4AI,v8,Composition,Composition,instances,nested,all_differ,3,3,False,True,1069,5,True,996,3,True,961,4,data/d4d_concatenated/claudecode_api/2026-09-04g_claude-opus-5-api-generic-v8_rep1/CM4AI_d4d.yaml,data/d4d_concatenated/claudecode_api/2026-09-04g_claude-opus-5-api-generic-v8_rep2/CM4AI_d4d.yaml,data/d4d_concatenated/claudecode_api/2026-09-04g_claude-opus-5-api-generic-v8_rep3/CM4AI_d4d.yaml
CM4AI,v8,Composition,Composition,anomalies,nested,absent,0,,,False,,,False,,,False,,,data/d4d_concatenated/claudecode_api/2026-09-04g_claude-opus-5-api-generic-v8_rep1/CM4AI_d4d.yaml,data/d4d_concatenated/claudecode_api/2026-09-04g_claude-opus-5-api-generic-v8_rep2/CM4AI_d4d.yaml,data/d4d_concatenated/claudecode_api/2026-09-04g_claude-opus-5-api-generic-v8_rep3/CM4AI_d4d.yaml
CM4AI,v8,Composition,Composition,known_biases,nested,two_agree,3,2,False,True,574,1,True,238,1,True,238,1,data/d4d_concatenated/claudecode_api/2026-09-04g_claude-opus-5-api-generic-v8_rep1/CM4AI_d4d.yaml,data/d4d_concatenated/claudecode_api/2026-09-04g_claude-opus-5-api-generic-v8_rep2/CM4AI_d4d.yaml,data/d4d_concatenated/claudecode_api/2026-09-04g_claude-opus-5-api-generic-v8_rep3/CM4AI_d4d.yaml
CM4AI,v8,Composition,Composition,known_limitations,nested,all_differ,3,3,False,True,1116,6,True,842,4,True,1097,4,data/d4d_concatenated/claudecode_api/2026-09-04g_claude-opus-5-api-generic-v8_rep1/CM4AI_d4d.yaml,data/d4d_concatenated/claudecode_api/2026-09-04g_claude-opus-5-api-generic-v8_rep2/CM4AI_d4d.yaml,data/d4d_concatenated/claudecode_api/2026-09-04g_claude-opus-5-api-generic-v8_rep3/CM4AI_d4d.yaml
CM4AI,v8,Composition,Composition,confidential_elements,nested,intermittent,2,,,True,326,1,True,268,1,False,,,data/d4d_concatenated/claudecode_api/2026-09-04g_claude-opus-5-api-generic-v8_rep1/CM4AI_d4d.yaml,data/d4d_concatenated/claudecode_api/2026-09-04g_claude-opus-5-api-generic-v8_rep2/CM4AI_d4d.yaml,data/d4d_concatenated/claudecode_api/2026-09-04g_claude-opus-5-api-generic-v8_rep3/CM4AI_d4d.yaml
CM4AI,v8,Composition,Composition,content_warnings,nested,absent,0,,,False,,,False,,,False,,,data/d4d_concatenated/claudecode_api/2026-09-04g_claude-opus-5-api-generic-v8_rep1/CM4AI_d4d.yaml,data/d4d_concatenated/claudecode_api/2026-09-04g_claude-opus-5-api-generic-v8_rep2/CM4AI_d4d.yaml,data/d4d_concatenated/claudecode_api/2026-09-04g_claude-opus-5-api-generic-v8_rep3/CM4AI_d4d.yaml
CM4AI,v8,Composition,Composition,subpopulations,nested,intermittent,2,,,False,,,True,621,1,True,741,1,data/d4d_concatenated/claudecode_api/2026-09-04g_claude-opus-5-api-generic-v8_rep1/CM4AI_d4d.yaml,data/d4d_concatenated/claudecode_api/2026-09-04g_claude-opus-5-api-generic-v8_rep2/CM4AI_d4d.yaml,data/d4d_concatenated/claudecode_api/2026-09-04g_claude-opus-5-api-generic-v8_rep3/CM4AI_d4d.yaml
CM4AI,v8,Composition,Composition,sensitive_elements,nested,all_differ,3,3,False,True,301,1,True,202,1,True,292,1,data/d4d_concatenated/claudecode_api/2026-09-04g_claude-opus-5-api-generic-v8_rep1/CM4AI_d4d.yaml,data/d4d_concatenated/claudecode_api/2026-09-04g_claude-opus-5-api-generic-v8_rep2/CM4AI_d4d.yaml,data/d4d_concatenated/claudecode_api/2026-09-04g_claude-opus-5-api-generic-v8_rep3/CM4AI_d4d.yaml
CM4AI,v8,Composition,Composition,relationships,nested,absent,0,,,False,,,False,,,False,,,data/d4d_concatenated/claudecode_api/2026-09-04g_claude-opus-5-api-generic-v8_rep1/CM4AI_d4d.yaml,data/d4d_concatenated/claudecode_api/2026-09-04g_claude-opus-5-api-generic-v8_rep2/CM4AI_d4d.yaml,data/d4d_concatenated/claudecode_api/2026-09-04g_claude-opus-5-api-generic-v8_rep3/CM4AI_d4d.yaml
CM4AI,v8,Composition,Composition,splits,nested,absent,0,,,False,,,False,,,False,,,data/d4d_concatenated/claudecode_api/2026-09-04g_claude-opus-5-api-generic-v8_rep1/CM4AI_d4d.yaml,data/d4d_concatenated/claudecode_api/2026-09-04g_claude-opus-5-api-generic-v8_rep2/CM4AI_d4d.yaml,data/d4d_concatenated/claudecode_api/2026-09-04g_claude-opus-5-api-generic-v8_rep3/CM4AI_d4d.yaml
CM4AI,v8,Composition,Composition,sampling_strategies,nested,intermittent,2,,,True,1737,2,False,,,True,1032,1,data/d4d_concatenated/claudecode_api/2026-09-04g_claude-opus-5-api-generic-v8_rep1/CM4AI_d4d.yaml,data/d4d_concatenated/claudecode_api/2026-09-04g_claude-opus-5-api-generic-v8_rep2/CM4AI_d4d.yaml,data/d4d_concatenated/claudecode_api/2026-09-04g_claude-opus-5-api-generic-v8_rep3/CM4AI_d4d.yaml
CM4AI,v8,Composition,Composition,is_deidentified,nested,all_differ,3,3,False,True,316,,True,242,,True,287,,data/d4d_concatenated/claudecode_api/2026-09-04g_claude-opus-5-api-generic-v8_rep1/CM4AI_d4d.yaml,data/d4d_concatenated/claudecode_api/2026-09-04g_claude-opus-5-api-generic-v8_rep2/CM4AI_d4d.yaml,data/d4d_concatenated/claudecode_api/2026-09-04g_claude-opus-5-api-generic-v8_rep3/CM4AI_d4d.yaml
CM4AI,v8,Composition,Composition,related_datasets,nested,all_differ,3,3,False,True,368,1,True,2274,7,True,2696,7,data/d4d_concatenated/claudecode_api/2026-09-04g_claude-opus-5-api-generic-v8_rep1/CM4AI_d4d.yaml,data/d4d_concatenated/claudecode_api/2026-09-04g_claude-opus-5-api-generic-v8_rep2/CM4AI_d4d.yaml,data/d4d_concatenated/claudecode_api/2026-09-04g_claude-opus-5-api-generic-v8_rep3/CM4AI_d4d.yaml
CM4AI,v8,Collection,Collection,acquisition_methods,nested,all_differ,3,3,False,True,940,2,True,755,4,True,996,3,data/d4d_concatenated/claudecode_api/2026-09-04g_claude-opus-5-api-generic-v8_rep1/CM4AI_d4d.yaml,data/d4d_concatenated/claudecode_api/2026-09-04g_claude-opus-5-api-generic-v8_rep2/CM4AI_d4d.yaml,data/d4d_concatenated/claudecode_api/2026-09-04g_claude-opus-5-api-generic-v8_rep3/CM4AI_d4d.yaml
CM4AI,v8,Collection,Collection,collection_mechanisms,nested,all_differ,3,3,False,True,772,4,True,490,3,True,731,4,data/d4d_concatenated/claudecode_api/2026-09-04g_claude-opus-5-api-generic-v8_rep1/CM4AI_d4d.yaml,data/d4d_concatenated/claudecode_api/2026-09-04g_claude-opus-5-api-generic-v8_rep2/CM4AI_d4d.yaml,data/d4d_concatenated/claudecode_api/2026-09-04g_claude-opus-5-api-generic-v8_rep3/CM4AI_d4d.yaml
CM4AI,v8,Collection,Collection,data_collectors,nested,all_differ,3,3,False,True,1664,4,True,384,2,True,577,3,data/d4d_concatenated/claudecode_api/2026-09-04g_claude-opus-5-api-generic-v8_rep1/CM4AI_d4d.yaml,data/d4d_concatenated/claudecode_api/2026-09-04g_claude-opus-5-api-generic-v8_rep2/CM4AI_d4d.yaml,data/d4d_concatenated/claudecode_api/2026-09-04g_claude-opus-5-api-generic-v8_rep3/CM4AI_d4d.yaml
CM4AI,v8,Collection,Collection,collection_timeframes,nested,intermittent,1,,,True,401,1,False,,,False,,,data/d4d_concatenated/claudecode_api/2026-09-04g_claude-opus-5-api-generic-v8_rep1/CM4AI_d4d.yaml,data/d4d_concatenated/claudecode_api/2026-09-04g_claude-opus-5-api-generic-v8_rep2/CM4AI_d4d.yaml,data/d4d_concatenated/claudecode_api/2026-09-04g_claude-opus-5-api-generic-v8_rep3/CM4AI_d4d.yaml
CM4AI,v8,Collection,Collection,direct_collection,nested,all_differ,3,3,False,True,294,1,True,356,1,True,395,1,data/d4d_concatenated/claudecode_api/2026-09-04g_claude-opus-5-api-generic-v8_rep1/CM4AI_d4d.yaml,data/d4d_concatenated/claudecode_api/2026-09-04g_claude-opus-5-api-generic-v8_rep2/CM4AI_d4d.yaml,data/d4d_concatenated/claudecode_api/2026-09-04g_claude-opus-5-api-generic-v8_rep3/CM4AI_d4d.yaml
CM4AI,v8,Collection,Collection,missing_data_documentation,nested,absent,0,,,False,,,False,,,False,,,data/d4d_concatenated/claudecode_api/2026-09-04g_claude-opus-5-api-generic-v8_rep1/CM4AI_d4d.yaml,data/d4d_concatenated/claudecode_api/2026-09-04g_claude-opus-5-api-generic-v8_rep2/CM4AI_d4d.yaml,data/d4d_concatenated/claudecode_api/2026-09-04g_claude-opus-5-api-generic-v8_rep3/CM4AI_d4d.yaml
CM4AI,v8,Collection,Collection,raw_data_sources,nested,all_differ,3,3,False,True,847,2,True,608,2,True,1322,7,data/d4d_concatenated/claudecode_api/2026-09-04g_claude-opus-5-api-generic-v8_rep1/CM4AI_d4d.yaml,data/d4d_concatenated/claudecode_api/2026-09-04g_claude-opus-5-api-generic-v8_rep2/CM4AI_d4d.yaml,data/d4d_concatenated/claudecode_api/2026-09-04g_claude-opus-5-api-generic-v8_rep3/CM4AI_d4d.yaml
CM4AI,v8,Preprocessing,Preprocessing,preprocessing_strategies,nested,intermittent,1,,,True,482,1,False,,,False,,,data/d4d_concatenated/claudecode_api/2026-09-04g_claude-opus-5-api-generic-v8_rep1/CM4AI_d4d.yaml,data/d4d_concatenated/claudecode_api/2026-09-04g_claude-opus-5-api-generic-v8_rep2/CM4AI_d4d.yaml,data/d4d_concatenated/claudecode_api/2026-09-04g_claude-opus-5-api-generic-v8_rep3/CM4AI_d4d.yaml
CM4AI,v8,Preprocessing,Preprocessing,cleaning_strategies,nested,absent,0,,,False,,,False,,,False,,,data/d4d_concatenated/claudecode_api/2026-09-04g_claude-opus-5-api-generic-v8_rep1/CM4AI_d4d.yaml,data/d4d_concatenated/claudecode_api/2026-09-04g_claude-opus-5-api-generic-v8_rep2/CM4AI_d4d.yaml,data/d4d_concatenated/claudecode_api/2026-09-04g_claude-opus-5-api-generic-v8_rep3/CM4AI_d4d.yaml
CM4AI,v8,Preprocessing,Preprocessing,labeling_strategies,nested,absent,0,,,False,,,False,,,False,,,data/d4d_concatenated/claudecode_api/2026-09-04g_claude-opus-5-api-generic-v8_rep1/CM4AI_d4d.yaml,data/d4d_concatenated/claudecode_api/2026-09-04g_claude-opus-5-api-generic-v8_rep2/CM4AI_d4d.yaml,data/d4d_concatenated/claudecode_api/2026-09-04g_claude-opus-5-api-generic-v8_rep3/CM4AI_d4d.yaml
CM4AI,v8,Preprocessing,Preprocessing,raw_sources,nested,intermittent,1,,,True,991,5,False,,,False,,,data/d4d_concatenated/claudecode_api/2026-09-04g_claude-opus-5-api-generic-v8_rep1/CM4AI_d4d.yaml,data/d4d_concatenated/claudecode_api/2026-09-04g_claude-opus-5-api-generic-v8_rep2/CM4AI_d4d.yaml,data/d4d_concatenated/claudecode_api/2026-09-04g_claude-opus-5-api-generic-v8_rep3/CM4AI_d4d.yaml
CM4AI,v8,Preprocessing,Preprocessing,imputation_protocols,nested,absent,0,,,False,,,False,,,False,,,data/d4d_concatenated/claudecode_api/2026-09-04g_claude-opus-5-api-generic-v8_rep1/CM4AI_d4d.yaml,data/d4d_concatenated/claudecode_api/2026-09-04g_claude-opus-5-api-generic-v8_rep2/CM4AI_d4d.yaml,data/d4d_concatenated/claudecode_api/2026-09-04g_claude-opus-5-api-generic-v8_rep3/CM4AI_d4d.yaml
CM4AI,v8,Preprocessing,Preprocessing,annotation_analyses,nested,absent,0,,,False,,,False,,,False,,,data/d4d_concatenated/claudecode_api/2026-09-04g_claude-opus-5-api-generic-v8_rep1/CM4AI_d4d.yaml,data/d4d_concatenated/claudecode_api/2026-09-04g_claude-opus-5-api-generic-v8_rep2/CM4AI_d4d.yaml,data/d4d_concatenated/claudecode_api/2026-09-04g_claude-opus-5-api-generic-v8_rep3/CM4AI_d4d.yaml
CM4AI,v8,Preprocessing,Preprocessing,machine_annotation_tools,nested,absent,0,,,False,,,False,,,False,,,data/d4d_concatenated/claudecode_api/2026-09-04g_claude-opus-5-api-generic-v8_rep1/CM4AI_d4d.yaml,data/d4d_concatenated/claudecode_api/2026-09-04g_claude-opus-5-api-generic-v8_rep2/CM4AI_d4d.yaml,data/d4d_concatenated/claudecode_api/2026-09-04g_claude-opus-5-api-generic-v8_rep3/CM4AI_d4d.yaml
CM4AI,v8,Uses,Uses,existing_uses,nested,intermittent,1,,,True,571,1,False,,,False,,,data/d4d_concatenated/claudecode_api/2026-09-04g_claude-opus-5-api-generic-v8_rep1/CM4AI_d4d.yaml,data/d4d_concatenated/claudecode_api/2026-09-04g_claude-opus-5-api-generic-v8_rep2/CM4AI_d4d.yaml,data/d4d_concatenated/claudecode_api/2026-09-04g_claude-opus-5-api-generic-v8_rep3/CM4AI_d4d.yaml
CM4AI,v8,Uses,Uses,use_repository,nested,absent,0,,,False,,,False,,,False,,,data/d4d_concatenated/claudecode_api/2026-09-04g_claude-opus-5-api-generic-v8_rep1/CM4AI_d4d.yaml,data/d4d_concatenated/claudecode_api/2026-09-04g_claude-opus-5-api-generic-v8_rep2/CM4AI_d4d.yaml,data/d4d_concatenated/claudecode_api/2026-09-04g_claude-opus-5-api-generic-v8_rep3/CM4AI_d4d.yaml
CM4AI,v8,Uses,Uses,other_tasks,nested,absent,0,,,False,,,False,,,False,,,data/d4d_concatenated/claudecode_api/2026-09-04g_claude-opus-5-api-generic-v8_rep1/CM4AI_d4d.yaml,data/d4d_concatenated/claudecode_api/2026-09-04g_claude-opus-5-api-generic-v8_rep2/CM4AI_d4d.yaml,data/d4d_concatenated/claudecode_api/2026-09-04g_claude-opus-5-api-generic-v8_rep3/CM4AI_d4d.yaml
CM4AI,v8,Uses,Uses,future_use_impacts,nested,absent,0,,,False,,,False,,,False,,,data/d4d_concatenated/claudecode_api/2026-09-04g_claude-opus-5-api-generic-v8_rep1/CM4AI_d4d.yaml,data/d4d_concatenated/claudecode_api/2026-09-04g_claude-opus-5-api-generic-v8_rep2/CM4AI_d4d.yaml,data/d4d_concatenated/claudecode_api/2026-09-04g_claude-opus-5-api-generic-v8_rep3/CM4AI_d4d.yaml
CM4AI,v8,Uses,Uses,discouraged_uses,nested,intermittent,1,,,False,,,True,230,1,False,,,data/d4d_concatenated/claudecode_api/2026-09-04g_claude-opus-5-api-generic-v8_rep1/CM4AI_d4d.yaml,data/d4d_concatenated/claudecode_api/2026-09-04g_claude-opus-5-api-generic-v8_rep2/CM4AI_d4d.yaml,data/d4d_concatenated/claudecode_api/2026-09-04g_claude-opus-5-api-generic-v8_rep3/CM4AI_d4d.yaml
CM4AI,v8,Uses,Uses,intended_uses,nested,all_differ,3,3,False,True,319,4,True,588,4,True,507,4,data/d4d_concatenated/claudecode_api/2026-09-04g_claude-opus-5-api-generic-v8_rep1/CM4AI_d4d.yaml,data/d4d_concatenated/claudecode_api/2026-09-04g_claude-opus-5-api-generic-v8_rep2/CM4AI_d4d.yaml,data/d4d_concatenated/claudecode_api/2026-09-04g_claude-opus-5-api-generic-v8_rep3/CM4AI_d4d.yaml
CM4AI,v8,Uses,Uses,prohibited_uses,nested,all_differ,3,3,False,True,187,1,True,387,1,True,785,2,data/d4d_concatenated/claudecode_api/2026-09-04g_claude-opus-5-api-generic-v8_rep1/CM4AI_d4d.yaml,data/d4d_concatenated/claudecode_api/2026-09-04g_claude-opus-5-api-generic-v8_rep2/CM4AI_d4d.yaml,data/d4d_concatenated/claudecode_api/2026-09-04g_claude-opus-5-api-generic-v8_rep3/CM4AI_d4d.yaml
CM4AI,v8,Distribution,Distribution,distribution_formats,nested,all_differ,3,3,False,True,411,1,True,444,1,True,319,1,data/d4d_concatenated/claudecode_api/2026-09-04g_claude-opus-5-api-generic-v8_rep1/CM4AI_d4d.yaml,data/d4d_concatenated/claudecode_api/2026-09-04g_claude-opus-5-api-generic-v8_rep2/CM4AI_d4d.yaml,data/d4d_concatenated/claudecode_api/2026-09-04g_claude-opus-5-api-generic-v8_rep3/CM4AI_d4d.yaml
CM4AI,v8,Distribution,Distribution,distribution_dates,nested,all_differ,3,3,False,True,173,1,True,290,1,True,243,1,data/d4d_concatenated/claudecode_api/2026-09-04g_claude-opus-5-api-generic-v8_rep1/CM4AI_d4d.yaml,data/d4d_concatenated/claudecode_api/2026-09-04g_claude-opus-5-api-generic-v8_rep2/CM4AI_d4d.yaml,data/d4d_concatenated/claudecode_api/2026-09-04g_claude-opus-5-api-generic-v8_rep3/CM4AI_d4d.yaml
CM4AI,v8,Distribution,Distribution,third_party_sharing,nested,all_differ,3,3,False,True,313,1,True,406,1,True,305,1,data/d4d_concatenated/claudecode_api/2026-09-04g_claude-opus-5-api-generic-v8_rep1/CM4AI_d4d.yaml,data/d4d_concatenated/claudecode_api/2026-09-04g_claude-opus-5-api-generic-v8_rep2/CM4AI_d4d.yaml,data/d4d_concatenated/claudecode_api/2026-09-04g_claude-opus-5-api-generic-v8_rep3/CM4AI_d4d.yaml
CM4AI,v8,Maintenance,Maintenance,maintainers,nested,all_differ,3,3,False,True,488,2,True,543,3,True,688,4,data/d4d_concatenated/claudecode_api/2026-09-04g_claude-opus-5-api-generic-v8_rep1/CM4AI_d4d.yaml,data/d4d_concatenated/claudecode_api/2026-09-04g_claude-opus-5-api-generic-v8_rep2/CM4AI_d4d.yaml,data/d4d_concatenated/claudecode_api/2026-09-04g_claude-opus-5-api-generic-v8_rep3/CM4AI_d4d.yaml
CM4AI,v8,Maintenance,Maintenance,errata,nested,intermittent,1,,,False,,,True,321,1,False,,,data/d4d_concatenated/claudecode_api/2026-09-04g_claude-opus-5-api-generic-v8_rep1/CM4AI_d4d.yaml,data/d4d_concatenated/claudecode_api/2026-09-04g_claude-opus-5-api-generic-v8_rep2/CM4AI_d4d.yaml,data/d4d_concatenated/claudecode_api/2026-09-04g_claude-opus-5-api-generic-v8_rep3/CM4AI_d4d.yaml
CM4AI,v8,Maintenance,Maintenance,updates,nested,all_differ,3,3,False,True,310,,True,173,,True,173,,data/d4d_concatenated/claudecode_api/2026-09-04g_claude-opus-5-api-generic-v8_rep1/CM4AI_d4d.yaml,data/d4d_concatenated/claudecode_api/2026-09-04g_claude-opus-5-api-generic-v8_rep2/CM4AI_d4d.yaml,data/d4d_concatenated/claudecode_api/2026-09-04g_claude-opus-5-api-generic-v8_rep3/CM4AI_d4d.yaml
CM4AI,v8,Maintenance,Maintenance,retention_limit,nested,identical,3,1,True,True,127,,True,127,,True,127,,data/d4d_concatenated/claudecode_api/2026-09-04g_claude-opus-5-api-generic-v8_rep1/CM4AI_d4d.yaml,data/d4d_concatenated/claudecode_api/2026-09-04g_claude-opus-5-api-generic-v8_rep2/CM4AI_d4d.yaml,data/d4d_concatenated/claudecode_api/2026-09-04g_claude-opus-5-api-generic-v8_rep3/CM4AI_d4d.yaml
CM4AI,v8,Maintenance,Maintenance,version_access,nested,all_differ,3,3,False,True,731,,True,431,,True,386,,data/d4d_concatenated/claudecode_api/2026-09-04g_claude-opus-5-api-generic-v8_rep1/CM4AI_d4d.yaml,data/d4d_concatenated/claudecode_api/2026-09-04g_claude-opus-5-api-generic-v8_rep2/CM4AI_d4d.yaml,data/d4d_concatenated/claudecode_api/2026-09-04g_claude-opus-5-api-generic-v8_rep3/CM4AI_d4d.yaml
CM4AI,v8,Maintenance,Maintenance,extension_mechanism,nested,absent,0,,,False,,,False,,,False,,,data/d4d_concatenated/claudecode_api/2026-09-04g_claude-opus-5-api-generic-v8_rep1/CM4AI_d4d.yaml,data/d4d_concatenated/claudecode_api/2026-09-04g_claude-opus-5-api-generic-v8_rep2/CM4AI_d4d.yaml,data/d4d_concatenated/claudecode_api/2026-09-04g_claude-opus-5-api-generic-v8_rep3/CM4AI_d4d.yaml
CM4AI,v8,Ethics,Ethics,collection_notifications,nested,absent,0,,,False,,,False,,,False,,,data/d4d_concatenated/claudecode_api/2026-09-04g_claude-opus-5-api-generic-v8_rep1/CM4AI_d4d.yaml,data/d4d_concatenated/claudecode_api/2026-09-04g_claude-opus-5-api-generic-v8_rep2/CM4AI_d4d.yaml,data/d4d_concatenated/claudecode_api/2026-09-04g_claude-opus-5-api-generic-v8_rep3/CM4AI_d4d.yaml
CM4AI,v8,Ethics,Ethics,collection_consents,nested,absent,0,,,False,,,False,,,False,,,data/d4d_concatenated/claudecode_api/2026-09-04g_claude-opus-5-api-generic-v8_rep1/CM4AI_d4d.yaml,data/d4d_concatenated/claudecode_api/2026-09-04g_claude-opus-5-api-generic-v8_rep2/CM4AI_d4d.yaml,data/d4d_concatenated/claudecode_api/2026-09-04g_claude-opus-5-api-generic-v8_rep3/CM4AI_d4d.yaml
CM4AI,v8,Ethics,Ethics,consent_revocations,nested,absent,0,,,False,,,False,,,False,,,data/d4d_concatenated/claudecode_api/2026-09-04g_claude-opus-5-api-generic-v8_rep1/CM4AI_d4d.yaml,data/d4d_concatenated/claudecode_api/2026-09-04g_claude-opus-5-api-generic-v8_rep2/CM4AI_d4d.yaml,data/d4d_concatenated/claudecode_api/2026-09-04g_claude-opus-5-api-generic-v8_rep3/CM4AI_d4d.yaml
CM4AI,v8,Ethics,Ethics,ethical_reviews,nested,all_differ,3,3,False,True,1456,2,True,701,2,True,891,2,data/d4d_concatenated/claudecode_api/2026-09-04g_claude-opus-5-api-generic-v8_rep1/CM4AI_d4d.yaml,data/d4d_concatenated/claudecode_api/2026-09-04g_claude-opus-5-api-generic-v8_rep2/CM4AI_d4d.yaml,data/d4d_concatenated/claudecode_api/2026-09-04g_claude-opus-5-api-generic-v8_rep3/CM4AI_d4d.yaml
CM4AI,v8,Ethics,Ethics,data_protection_impacts,nested,absent,0,,,False,,,False,,,False,,,data/d4d_concatenated/claudecode_api/2026-09-04g_claude-opus-5-api-generic-v8_rep1/CM4AI_d4d.yaml,data/d4d_concatenated/claudecode_api/2026-09-04g_claude-opus-5-api-generic-v8_rep2/CM4AI_d4d.yaml,data/d4d_concatenated/claudecode_api/2026-09-04g_claude-opus-5-api-generic-v8_rep3/CM4AI_d4d.yaml
CM4AI,v8,Human,Human,human_subject_research,nested,all_differ,3,3,False,True,130,,True,318,,True,297,,data/d4d_concatenated/claudecode_api/2026-09-04g_claude-opus-5-api-generic-v8_rep1/CM4AI_d4d.yaml,data/d4d_concatenated/claudecode_api/2026-09-04g_claude-opus-5-api-generic-v8_rep2/CM4AI_d4d.yaml,data/d4d_concatenated/claudecode_api/2026-09-04g_claude-opus-5-api-generic-v8_rep3/CM4AI_d4d.yaml
CM4AI,v8,Human,Human,informed_consent,nested,absent,0,,,False,,,False,,,False,,,data/d4d_concatenated/claudecode_api/2026-09-04g_claude-opus-5-api-generic-v8_rep1/CM4AI_d4d.yaml,data/d4d_concatenated/claudecode_api/2026-09-04g_claude-opus-5-api-generic-v8_rep2/CM4AI_d4d.yaml,data/d4d_concatenated/claudecode_api/2026-09-04g_claude-opus-5-api-generic-v8_rep3/CM4AI_d4d.yaml
CM4AI,v8,Human,Human,at_risk_populations,nested,absent,0,,,False,,,False,,,False,,,data/d4d_concatenated/claudecode_api/2026-09-04g_claude-opus-5-api-generic-v8_rep1/CM4AI_d4d.yaml,data/d4d_concatenated/claudecode_api/2026-09-04g_claude-opus-5-api-generic-v8_rep2/CM4AI_d4d.yaml,data/d4d_concatenated/claudecode_api/2026-09-04g_claude-opus-5-api-generic-v8_rep3/CM4AI_d4d.yaml
CM4AI,v8,Human,Human,participant_privacy,nested,absent,0,,,False,,,False,,,False,,,data/d4d_concatenated/claudecode_api/2026-09-04g_claude-opus-5-api-generic-v8_rep1/CM4AI_d4d.yaml,data/d4d_concatenated/claudecode_api/2026-09-04g_claude-opus-5-api-generic-v8_rep2/CM4AI_d4d.yaml,data/d4d_concatenated/claudecode_api/2026-09-04g_claude-opus-5-api-generic-v8_rep3/CM4AI_d4d.yaml
CM4AI,v8,Human,Human,participant_compensation,nested,absent,0,,,False,,,False,,,False,,,data/d4d_concatenated/claudecode_api/2026-09-04g_claude-opus-5-api-generic-v8_rep1/CM4AI_d4d.yaml,data/d4d_concatenated/claudecode_api/2026-09-04g_claude-opus-5-api-generic-v8_rep2/CM4AI_d4d.yaml,data/d4d_concatenated/claudecode_api/2026-09-04g_claude-opus-5-api-generic-v8_rep3/CM4AI_d4d.yaml
CM4AI,v8,Data Governance,Data Governance,license_and_use_terms,nested,all_differ,3,3,False,True,928,,True,984,,True,832,,data/d4d_concatenated/claudecode_api/2026-09-04g_claude-opus-5-api-generic-v8_rep1/CM4AI_d4d.yaml,data/d4d_concatenated/claudecode_api/2026-09-04g_claude-opus-5-api-generic-v8_rep2/CM4AI_d4d.yaml,data/d4d_concatenated/claudecode_api/2026-09-04g_claude-opus-5-api-generic-v8_rep3/CM4AI_d4d.yaml
CM4AI,v8,Data Governance,Data Governance,ip_restrictions,nested,all_differ,3,3,False,True,713,,True,393,,True,581,,data/d4d_concatenated/claudecode_api/2026-09-04g_claude-opus-5-api-generic-v8_rep1/CM4AI_d4d.yaml,data/d4d_concatenated/claudecode_api/2026-09-04g_claude-opus-5-api-generic-v8_rep2/CM4AI_d4d.yaml,data/d4d_concatenated/claudecode_api/2026-09-04g_claude-opus-5-api-generic-v8_rep3/CM4AI_d4d.yaml
CM4AI,v8,Data Governance,Data Governance,regulatory_restrictions,nested,intermittent,2,,,False,,,True,82,,True,139,,data/d4d_concatenated/claudecode_api/2026-09-04g_claude-opus-5-api-generic-v8_rep1/CM4AI_d4d.yaml,data/d4d_concatenated/claudecode_api/2026-09-04g_claude-opus-5-api-generic-v8_rep2/CM4AI_d4d.yaml,data/d4d_concatenated/claudecode_api/2026-09-04g_claude-opus-5-api-generic-v8_rep3/CM4AI_d4d.yaml
CM4AI,v8,Data Governance,Data Governance,data_governance,nested,all_differ,3,3,False,True,873,,True,1274,,True,1025,,data/d4d_concatenated/claudecode_api/2026-09-04g_claude-opus-5-api-generic-v8_rep1/CM4AI_d4d.yaml,data/d4d_concatenated/claudecode_api/2026-09-04g_claude-opus-5-api-generic-v8_rep2/CM4AI_d4d.yaml,data/d4d_concatenated/claudecode_api/2026-09-04g_claude-opus-5-api-generic-v8_rep3/CM4AI_d4d.yaml
CM4AI,v8,Variables,Variables,variables,nested,absent,0,,,False,,,False,,,False,,,data/d4d_concatenated/claudecode_api/2026-09-04g_claude-opus-5-api-generic-v8_rep1/CM4AI_d4d.yaml,data/d4d_concatenated/claudecode_api/2026-09-04g_claude-opus-5-api-generic-v8_rep2/CM4AI_d4d.yaml,data/d4d_concatenated/claudecode_api/2026-09-04g_claude-opus-5-api-generic-v8_rep3/CM4AI_d4d.yaml
CM4AI,v8,FileCollection,FileCollection,file_collections,nested,all_differ,3,3,False,True,5002,6,True,5438,5,True,3258,10,data/d4d_concatenated/claudecode_api/2026-09-04g_claude-opus-5-api-generic-v8_rep1/CM4AI_d4d.yaml,data/d4d_concatenated/claudecode_api/2026-09-04g_claude-opus-5-api-generic-v8_rep2/CM4AI_d4d.yaml,data/d4d_concatenated/claudecode_api/2026-09-04g_claude-opus-5-api-generic-v8_rep3/CM4AI_d4d.yaml
CM4AI,v8,Base / root,Base / root: scalar,total_file_count,scalar,identical,3,1,True,True,7,,True,7,,True,7,,data/d4d_concatenated/claudecode_api/2026-09-04g_claude-opus-5-api-generic-v8_rep1/CM4AI_d4d.yaml,data/d4d_concatenated/claudecode_api/2026-09-04g_claude-opus-5-api-generic-v8_rep2/CM4AI_d4d.yaml,data/d4d_concatenated/claudecode_api/2026-09-04g_claude-opus-5-api-generic-v8_rep3/CM4AI_d4d.yaml
CM4AI,v8,Base / root,Base / root: scalar,total_size_bytes,scalar,intermittent,1,,,False,,,True,16,,False,,,data/d4d_concatenated/claudecode_api/2026-09-04g_claude-opus-5-api-generic-v8_rep1/CM4AI_d4d.yaml,data/d4d_concatenated/claudecode_api/2026-09-04g_claude-opus-5-api-generic-v8_rep2/CM4AI_d4d.yaml,data/d4d_concatenated/claudecode_api/2026-09-04g_claude-opus-5-api-generic-v8_rep3/CM4AI_d4d.yaml
CM4AI,v8,Base / root,Base / root: scalar,is_tabular,scalar,intermittent,2,,,False,,,True,10,,True,10,,data/d4d_concatenated/claudecode_api/2026-09-04g_claude-opus-5-api-generic-v8_rep1/CM4AI_d4d.yaml,data/d4d_concatenated/claudecode_api/2026-09-04g_claude-opus-5-api-generic-v8_rep2/CM4AI_d4d.yaml,data/d4d_concatenated/claudecode_api/2026-09-04g_claude-opus-5-api-generic-v8_rep3/CM4AI_d4d.yaml
CM4AI,v8,Base / root,Base / root: scalar,compression,scalar,intermittent,1,,,True,8,,False,,,False,,,data/d4d_concatenated/claudecode_api/2026-09-04g_claude-opus-5-api-generic-v8_rep1/CM4AI_d4d.yaml,data/d4d_concatenated/claudecode_api/2026-09-04g_claude-opus-5-api-generic-v8_rep2/CM4AI_d4d.yaml,data/d4d_concatenated/claudecode_api/2026-09-04g_claude-opus-5-api-generic-v8_rep3/CM4AI_d4d.yaml
CM4AI,v8,Base / root,Base / root: scalar,conforms_to_class,scalar,identical,3,1,True,True,12,,True,12,,True,12,,data/d4d_concatenated/claudecode_api/2026-09-04g_claude-opus-5-api-generic-v8_rep1/CM4AI_d4d.yaml,data/d4d_concatenated/claudecode_api/2026-09-04g_claude-opus-5-api-generic-v8_rep2/CM4AI_d4d.yaml,data/d4d_concatenated/claudecode_api/2026-09-04g_claude-opus-5-api-generic-v8_rep3/CM4AI_d4d.yaml
CM4AI,v8,Base / root,Base / root: scalar,conforms_to_schema,scalar,identical,3,1,True,True,50,,True,50,,True,50,,data/d4d_concatenated/claudecode_api/2026-09-04g_claude-opus-5-api-generic-v8_rep1/CM4AI_d4d.yaml,data/d4d_concatenated/claudecode_api/2026-09-04g_claude-opus-5-api-generic-v8_rep2/CM4AI_d4d.yaml,data/d4d_concatenated/claudecode_api/2026-09-04g_claude-opus-5-api-generic-v8_rep3/CM4AI_d4d.yaml
CM4AI,v8,Base / root,Base / root: scalar,created_by,scalar,absent,0,,,False,,,False,,,False,,,data/d4d_concatenated/claudecode_api/2026-09-04g_claude-opus-5-api-generic-v8_rep1/CM4AI_d4d.yaml,data/d4d_concatenated/claudecode_api/2026-09-04g_claude-opus-5-api-generic-v8_rep2/CM4AI_d4d.yaml,data/d4d_concatenated/claudecode_api/2026-09-04g_claude-opus-5-api-generic-v8_rep3/CM4AI_d4d.yaml
CM4AI,v8,Base / root,Base / root: scalar,created_on,scalar,identical,3,1,True,True,23,,True,23,,True,23,,data/d4d_concatenated/claudecode_api/2026-09-04g_claude-opus-5-api-generic-v8_rep1/CM4AI_d4d.yaml,data/d4d_concatenated/claudecode_api/2026-09-04g_claude-opus-5-api-generic-v8_rep2/CM4AI_d4d.yaml,data/d4d_concatenated/claudecode_api/2026-09-04g_claude-opus-5-api-generic-v8_rep3/CM4AI_d4d.yaml
CM4AI,v8,Base / root,Base / root: scalar,doi,scalar,identical,3,1,True,True,23,,True,23,,True,23,,data/d4d_concatenated/claudecode_api/2026-09-04g_claude-opus-5-api-generic-v8_rep1/CM4AI_d4d.yaml,data/d4d_concatenated/claudecode_api/2026-09-04g_claude-opus-5-api-generic-v8_rep2/CM4AI_d4d.yaml,data/d4d_concatenated/claudecode_api/2026-09-04g_claude-opus-5-api-generic-v8_rep3/CM4AI_d4d.yaml
CM4AI,v8,Base / root,Base / root: scalar,download_url,scalar,absent,0,,,False,,,False,,,False,,,data/d4d_concatenated/claudecode_api/2026-09-04g_claude-opus-5-api-generic-v8_rep1/CM4AI_d4d.yaml,data/d4d_concatenated/claudecode_api/2026-09-04g_claude-opus-5-api-generic-v8_rep2/CM4AI_d4d.yaml,data/d4d_concatenated/claudecode_api/2026-09-04g_claude-opus-5-api-generic-v8_rep3/CM4AI_d4d.yaml
CM4AI,v8,Base / root,Base / root: scalar,issued,scalar,identical,3,1,True,True,23,,True,23,,True,23,,data/d4d_concatenated/claudecode_api/2026-09-04g_claude-opus-5-api-generic-v8_rep1/CM4AI_d4d.yaml,data/d4d_concatenated/claudecode_api/2026-09-04g_claude-opus-5-api-generic-v8_rep2/CM4AI_d4d.yaml,data/d4d_concatenated/claudecode_api/2026-09-04g_claude-opus-5-api-generic-v8_rep3/CM4AI_d4d.yaml
CM4AI,v8,Base / root,Base / root: scalar,language,scalar,intermittent,1,,,False,,,True,7,,False,,,data/d4d_concatenated/claudecode_api/2026-09-04g_claude-opus-5-api-generic-v8_rep1/CM4AI_d4d.yaml,data/d4d_concatenated/claudecode_api/2026-09-04g_claude-opus-5-api-generic-v8_rep2/CM4AI_d4d.yaml,data/d4d_concatenated/claudecode_api/2026-09-04g_claude-opus-5-api-generic-v8_rep3/CM4AI_d4d.yaml
CM4AI,v8,Base / root,Base / root: scalar,last_updated_on,scalar,intermittent,1,,,False,,,False,,,True,23,,data/d4d_concatenated/claudecode_api/2026-09-04g_claude-opus-5-api-generic-v8_rep1/CM4AI_d4d.yaml,data/d4d_concatenated/claudecode_api/2026-09-04g_claude-opus-5-api-generic-v8_rep2/CM4AI_d4d.yaml,data/d4d_concatenated/claudecode_api/2026-09-04g_claude-opus-5-api-generic-v8_rep3/CM4AI_d4d.yaml
CM4AI,v8,Base / root,Base / root: scalar,license,scalar,identical,3,1,True,True,20,,True,20,,True,20,,data/d4d_concatenated/claudecode_api/2026-09-04g_claude-opus-5-api-generic-v8_rep1/CM4AI_d4d.yaml,data/d4d_concatenated/claudecode_api/2026-09-04g_claude-opus-5-api-generic-v8_rep2/CM4AI_d4d.yaml,data/d4d_concatenated/claudecode_api/2026-09-04g_claude-opus-5-api-generic-v8_rep3/CM4AI_d4d.yaml
CM4AI,v8,Base / root,Base / root: scalar,modified_by,scalar,absent,0,,,False,,,False,,,False,,,data/d4d_concatenated/claudecode_api/2026-09-04g_claude-opus-5-api-generic-v8_rep1/CM4AI_d4d.yaml,data/d4d_concatenated/claudecode_api/2026-09-04g_claude-opus-5-api-generic-v8_rep2/CM4AI_d4d.yaml,data/d4d_concatenated/claudecode_api/2026-09-04g_claude-opus-5-api-generic-v8_rep3/CM4AI_d4d.yaml
CM4AI,v8,Base / root,Base / root: scalar,page,scalar,two_agree,3,2,False,True,89,,True,89,,True,23,,data/d4d_concatenated/claudecode_api/2026-09-04g_claude-opus-5-api-generic-v8_rep1/CM4AI_d4d.yaml,data/d4d_concatenated/claudecode_api/2026-09-04g_claude-opus-5-api-generic-v8_rep2/CM4AI_d4d.yaml,data/d4d_concatenated/claudecode_api/2026-09-04g_claude-opus-5-api-generic-v8_rep3/CM4AI_d4d.yaml
CM4AI,v8,Base / root,Base / root: scalar,publisher,scalar,intermittent,2,,,False,,,True,89,,True,40,,data/d4d_concatenated/claudecode_api/2026-09-04g_claude-opus-5-api-generic-v8_rep1/CM4AI_d4d.yaml,data/d4d_concatenated/claudecode_api/2026-09-04g_claude-opus-5-api-generic-v8_rep2/CM4AI_d4d.yaml,data/d4d_concatenated/claudecode_api/2026-09-04g_claude-opus-5-api-generic-v8_rep3/CM4AI_d4d.yaml
CM4AI,v8,Base / root,Base / root: scalar,status,scalar,identical,3,1,True,True,9,,True,9,,True,9,,data/d4d_concatenated/claudecode_api/2026-09-04g_claude-opus-5-api-generic-v8_rep1/CM4AI_d4d.yaml,data/d4d_concatenated/claudecode_api/2026-09-04g_claude-opus-5-api-generic-v8_rep2/CM4AI_d4d.yaml,data/d4d_concatenated/claudecode_api/2026-09-04g_claude-opus-5-api-generic-v8_rep3/CM4AI_d4d.yaml
CM4AI,v8,Base / root,Base / root: scalar,title,scalar,identical,3,1,True,True,74,,True,74,,True,74,,data/d4d_concatenated/claudecode_api/2026-09-04g_claude-opus-5-api-generic-v8_rep1/CM4AI_d4d.yaml,data/d4d_concatenated/claudecode_api/2026-09-04g_claude-opus-5-api-generic-v8_rep2/CM4AI_d4d.yaml,data/d4d_concatenated/claudecode_api/2026-09-04g_claude-opus-5-api-generic-v8_rep3/CM4AI_d4d.yaml
CM4AI,v8,Base / root,Base / root: scalar,version,scalar,identical,3,1,True,True,6,,True,6,,True,6,,data/d4d_concatenated/claudecode_api/2026-09-04g_claude-opus-5-api-generic-v8_rep1/CM4AI_d4d.yaml,data/d4d_concatenated/claudecode_api/2026-09-04g_claude-opus-5-api-generic-v8_rep2/CM4AI_d4d.yaml,data/d4d_concatenated/claudecode_api/2026-09-04g_claude-opus-5-api-generic-v8_rep3/CM4AI_d4d.yaml
CM4AI,v8,Base / root,Base / root: scalar,id,scalar,identical,3,1,True,True,27,,True,27,,True,27,,data/d4d_concatenated/claudecode_api/2026-09-04g_claude-opus-5-api-generic-v8_rep1/CM4AI_d4d.yaml,data/d4d_concatenated/claudecode_api/2026-09-04g_claude-opus-5-api-generic-v8_rep2/CM4AI_d4d.yaml,data/d4d_concatenated/claudecode_api/2026-09-04g_claude-opus-5-api-generic-v8_rep3/CM4AI_d4d.yaml
CM4AI,v8,Base / root,Base / root: scalar,name,scalar,two_agree,3,2,False,True,74,,True,40,,True,40,,data/d4d_concatenated/claudecode_api/2026-09-04g_claude-opus-5-api-generic-v8_rep1/CM4AI_d4d.yaml,data/d4d_concatenated/claudecode_api/2026-09-04g_claude-opus-5-api-generic-v8_rep2/CM4AI_d4d.yaml,data/d4d_concatenated/claudecode_api/2026-09-04g_claude-opus-5-api-generic-v8_rep3/CM4AI_d4d.yaml
CM4AI,v8,Base / root,Base / root: long text,citation,long text,identical,3,1,True,True,672,,True,672,,True,672,,data/d4d_concatenated/claudecode_api/2026-09-04g_claude-opus-5-api-generic-v8_rep1/CM4AI_d4d.yaml,data/d4d_concatenated/claudecode_api/2026-09-04g_claude-opus-5-api-generic-v8_rep2/CM4AI_d4d.yaml,data/d4d_concatenated/claudecode_api/2026-09-04g_claude-opus-5-api-generic-v8_rep3/CM4AI_d4d.yaml
CM4AI,v8,Base / root,Base / root: long text,conforms_to,long text,all_differ,3,3,False,True,105,,True,13,,True,408,,data/d4d_concatenated/claudecode_api/2026-09-04g_claude-opus-5-api-generic-v8_rep1/CM4AI_d4d.yaml,data/d4d_concatenated/claudecode_api/2026-09-04g_claude-opus-5-api-generic-v8_rep2/CM4AI_d4d.yaml,data/d4d_concatenated/claudecode_api/2026-09-04g_claude-opus-5-api-generic-v8_rep3/CM4AI_d4d.yaml
CM4AI,v8,Base / root,Base / root: long text,was_derived_from,long text,absent,0,,,False,,,False,,,False,,,data/d4d_concatenated/claudecode_api/2026-09-04g_claude-opus-5-api-generic-v8_rep1/CM4AI_d4d.yaml,data/d4d_concatenated/claudecode_api/2026-09-04g_claude-opus-5-api-generic-v8_rep2/CM4AI_d4d.yaml,data/d4d_concatenated/claudecode_api/2026-09-04g_claude-opus-5-api-generic-v8_rep3/CM4AI_d4d.yaml
CM4AI,v8,Base / root,Base / root: long text,description,long text,all_differ,3,3,False,True,1248,,True,937,,True,1289,,data/d4d_concatenated/claudecode_api/2026-09-04g_claude-opus-5-api-generic-v8_rep1/CM4AI_d4d.yaml,data/d4d_concatenated/claudecode_api/2026-09-04g_claude-opus-5-api-generic-v8_rep2/CM4AI_d4d.yaml,data/d4d_concatenated/claudecode_api/2026-09-04g_claude-opus-5-api-generic-v8_rep3/CM4AI_d4d.yaml
CM4AI,v8,Base / root,Base / root: long text,notes,long text,all_differ,3,3,False,True,462,,True,1388,,True,1371,,data/d4d_concatenated/claudecode_api/2026-09-04g_claude-opus-5-api-generic-v8_rep1/CM4AI_d4d.yaml,data/d4d_concatenated/claudecode_api/2026-09-04g_claude-opus-5-api-generic-v8_rep2/CM4AI_d4d.yaml,data/d4d_concatenated/claudecode_api/2026-09-04g_claude-opus-5-api-generic-v8_rep3/CM4AI_d4d.yaml
CM4AI,v8,Base / root,Base / root: list of values,conforms_to_standard,list,identical,3,1,True,True,11,1,True,11,1,True,11,1,data/d4d_concatenated/claudecode_api/2026-09-04g_claude-opus-5-api-generic-v8_rep1/CM4AI_d4d.yaml,data/d4d_concatenated/claudecode_api/2026-09-04g_claude-opus-5-api-generic-v8_rep2/CM4AI_d4d.yaml,data/d4d_concatenated/claudecode_api/2026-09-04g_claude-opus-5-api-generic-v8_rep3/CM4AI_d4d.yaml
CM4AI,v8,Base / root,Base / root: list of values,keywords,list,two_agree,3,2,False,True,530,30,True,493,29,True,493,29,data/d4d_concatenated/claudecode_api/2026-09-04g_claude-opus-5-api-generic-v8_rep1/CM4AI_d4d.yaml,data/d4d_concatenated/claudecode_api/2026-09-04g_claude-opus-5-api-generic-v8_rep2/CM4AI_d4d.yaml,data/d4d_concatenated/claudecode_api/2026-09-04g_claude-opus-5-api-generic-v8_rep3/CM4AI_d4d.yaml
CM4AI,v8,Base / root,Base / root: nested,resources,nested,absent,0,,,False,,,False,,,False,,,data/d4d_concatenated/claudecode_api/2026-09-04g_claude-opus-5-api-generic-v8_rep1/CM4AI_d4d.yaml,data/d4d_concatenated/claudecode_api/2026-09-04g_claude-opus-5-api-generic-v8_rep2/CM4AI_d4d.yaml,data/d4d_concatenated/claudecode_api/2026-09-04g_claude-opus-5-api-generic-v8_rep3/CM4AI_d4d.yaml
CM4AI,v8,Base / root,Base / root: nested,subsets,nested,intermittent,2,,,False,,,True,780,2,True,4003,9,data/d4d_concatenated/claudecode_api/2026-09-04g_claude-opus-5-api-generic-v8_rep1/CM4AI_d4d.yaml,data/d4d_concatenated/claudecode_api/2026-09-04g_claude-opus-5-api-generic-v8_rep2/CM4AI_d4d.yaml,data/d4d_concatenated/claudecode_api/2026-09-04g_claude-opus-5-api-generic-v8_rep3/CM4AI_d4d.yaml
CM4AI,v8,Base / root,Base / root: nested,parent_datasets,nested,absent,0,,,False,,,False,,,False,,,data/d4d_concatenated/claudecode_api/2026-09-04g_claude-opus-5-api-generic-v8_rep1/CM4AI_d4d.yaml,data/d4d_concatenated/claudecode_api/2026-09-04g_claude-opus-5-api-generic-v8_rep2/CM4AI_d4d.yaml,data/d4d_concatenated/claudecode_api/2026-09-04g_claude-opus-5-api-generic-v8_rep3/CM4AI_d4d.yaml
VOICE,v7,Motivation,Motivation,purposes,nested,all_differ,3,3,False,True,1160,5,True,1729,4,True,744,3,data/d4d_concatenated/claudecode_agent/2026-09-01_claude-opus-5-api-generic-v7_rep1/VOICE_d4d.yaml,data/d4d_concatenated/claudecode_agent/2026-09-01_claude-opus-5-api-generic-v7_rep2/VOICE_d4d.yaml,data/d4d_concatenated/claudecode_agent/2026-09-01_claude-opus-5-api-generic-v7_rep3/VOICE_d4d.yaml
VOICE,v7,Motivation,Motivation,tasks,nested,all_differ,3,3,False,True,498,3,True,382,2,True,606,3,data/d4d_concatenated/claudecode_agent/2026-09-01_claude-opus-5-api-generic-v7_rep1/VOICE_d4d.yaml,data/d4d_concatenated/claudecode_agent/2026-09-01_claude-opus-5-api-generic-v7_rep2/VOICE_d4d.yaml,data/d4d_concatenated/claudecode_agent/2026-09-01_claude-opus-5-api-generic-v7_rep3/VOICE_d4d.yaml
VOICE,v7,Motivation,Motivation,addressing_gaps,nested,all_differ,3,3,False,True,792,4,True,1199,4,True,875,4,data/d4d_concatenated/claudecode_agent/2026-09-01_claude-opus-5-api-generic-v7_rep1/VOICE_d4d.yaml,data/d4d_concatenated/claudecode_agent/2026-09-01_claude-opus-5-api-generic-v7_rep2/VOICE_d4d.yaml,data/d4d_concatenated/claudecode_agent/2026-09-01_claude-opus-5-api-generic-v7_rep3/VOICE_d4d.yaml
VOICE,v7,Motivation,Motivation,creators,nested,all_differ,3,3,False,True,1674,15,True,2484,15,True,6630,18,data/d4d_concatenated/claudecode_agent/2026-09-01_claude-opus-5-api-generic-v7_rep1/VOICE_d4d.yaml,data/d4d_concatenated/claudecode_agent/2026-09-01_claude-opus-5-api-generic-v7_rep2/VOICE_d4d.yaml,data/d4d_concatenated/claudecode_agent/2026-09-01_claude-opus-5-api-generic-v7_rep3/VOICE_d4d.yaml
VOICE,v7,Motivation,Motivation,funders,nested,all_differ,3,3,False,True,262,1,True,598,1,True,1575,1,data/d4d_concatenated/claudecode_agent/2026-09-01_claude-opus-5-api-generic-v7_rep1/VOICE_d4d.yaml,data/d4d_concatenated/claudecode_agent/2026-09-01_claude-opus-5-api-generic-v7_rep2/VOICE_d4d.yaml,data/d4d_concatenated/claudecode_agent/2026-09-01_claude-opus-5-api-generic-v7_rep3/VOICE_d4d.yaml
VOICE,v7,Composition,Composition,external_resources,nested,all_differ,3,3,False,True,1467,6,True,1581,6,True,1801,7,data/d4d_concatenated/claudecode_agent/2026-09-01_claude-opus-5-api-generic-v7_rep1/VOICE_d4d.yaml,data/d4d_concatenated/claudecode_agent/2026-09-01_claude-opus-5-api-generic-v7_rep2/VOICE_d4d.yaml,data/d4d_concatenated/claudecode_agent/2026-09-01_claude-opus-5-api-generic-v7_rep3/VOICE_d4d.yaml
VOICE,v7,Composition,Composition,instances,nested,all_differ,3,3,False,True,676,2,True,1339,2,True,1875,2,data/d4d_concatenated/claudecode_agent/2026-09-01_claude-opus-5-api-generic-v7_rep1/VOICE_d4d.yaml,data/d4d_concatenated/claudecode_agent/2026-09-01_claude-opus-5-api-generic-v7_rep2/VOICE_d4d.yaml,data/d4d_concatenated/claudecode_agent/2026-09-01_claude-opus-5-api-generic-v7_rep3/VOICE_d4d.yaml
VOICE,v7,Composition,Composition,anomalies,nested,all_differ,3,3,False,True,542,3,True,800,5,True,1002,6,data/d4d_concatenated/claudecode_agent/2026-09-01_claude-opus-5-api-generic-v7_rep1/VOICE_d4d.yaml,data/d4d_concatenated/claudecode_agent/2026-09-01_claude-opus-5-api-generic-v7_rep2/VOICE_d4d.yaml,data/d4d_concatenated/claudecode_agent/2026-09-01_claude-opus-5-api-generic-v7_rep3/VOICE_d4d.yaml
VOICE,v7,Composition,Composition,known_biases,nested,all_differ,3,3,False,True,1388,4,True,1744,4,True,1850,5,data/d4d_concatenated/claudecode_agent/2026-09-01_claude-opus-5-api-generic-v7_rep1/VOICE_d4d.yaml,data/d4d_concatenated/claudecode_agent/2026-09-01_claude-opus-5-api-generic-v7_rep2/VOICE_d4d.yaml,data/d4d_concatenated/claudecode_agent/2026-09-01_claude-opus-5-api-generic-v7_rep3/VOICE_d4d.yaml
VOICE,v7,Composition,Composition,known_limitations,nested,all_differ,3,3,False,True,1941,6,True,1942,6,True,1837,6,data/d4d_concatenated/claudecode_agent/2026-09-01_claude-opus-5-api-generic-v7_rep1/VOICE_d4d.yaml,data/d4d_concatenated/claudecode_agent/2026-09-01_claude-opus-5-api-generic-v7_rep2/VOICE_d4d.yaml,data/d4d_concatenated/claudecode_agent/2026-09-01_claude-opus-5-api-generic-v7_rep3/VOICE_d4d.yaml
VOICE,v7,Composition,Composition,confidential_elements,nested,all_differ,3,3,False,True,615,1,True,332,1,True,251,1,data/d4d_concatenated/claudecode_agent/2026-09-01_claude-opus-5-api-generic-v7_rep1/VOICE_d4d.yaml,data/d4d_concatenated/claudecode_agent/2026-09-01_claude-opus-5-api-generic-v7_rep2/VOICE_d4d.yaml,data/d4d_concatenated/claudecode_agent/2026-09-01_claude-opus-5-api-generic-v7_rep3/VOICE_d4d.yaml
VOICE,v7,Composition,Composition,content_warnings,nested,all_differ,3,3,False,True,922,1,True,629,1,True,678,1,data/d4d_concatenated/claudecode_agent/2026-09-01_claude-opus-5-api-generic-v7_rep1/VOICE_d4d.yaml,data/d4d_concatenated/claudecode_agent/2026-09-01_claude-opus-5-api-generic-v7_rep2/VOICE_d4d.yaml,data/d4d_concatenated/claudecode_agent/2026-09-01_claude-opus-5-api-generic-v7_rep3/VOICE_d4d.yaml
VOICE,v7,Composition,Composition,subpopulations,nested,all_differ,3,3,False,True,1033,2,True,888,2,True,582,1,data/d4d_concatenated/claudecode_agent/2026-09-01_claude-opus-5-api-generic-v7_rep1/VOICE_d4d.yaml,data/d4d_concatenated/claudecode_agent/2026-09-01_claude-opus-5-api-generic-v7_rep2/VOICE_d4d.yaml,data/d4d_concatenated/claudecode_agent/2026-09-01_claude-opus-5-api-generic-v7_rep3/VOICE_d4d.yaml
VOICE,v7,Composition,Composition,sensitive_elements,nested,all_differ,3,3,False,True,660,4,True,686,3,True,817,4,data/d4d_concatenated/claudecode_agent/2026-09-01_claude-opus-5-api-generic-v7_rep1/VOICE_d4d.yaml,data/d4d_concatenated/claudecode_agent/2026-09-01_claude-opus-5-api-generic-v7_rep2/VOICE_d4d.yaml,data/d4d_concatenated/claudecode_agent/2026-09-01_claude-opus-5-api-generic-v7_rep3/VOICE_d4d.yaml
VOICE,v7,Composition,Composition,relationships,nested,all_differ,3,3,False,True,343,1,True,298,1,True,368,1,data/d4d_concatenated/claudecode_agent/2026-09-01_claude-opus-5-api-generic-v7_rep1/VOICE_d4d.yaml,data/d4d_concatenated/claudecode_agent/2026-09-01_claude-opus-5-api-generic-v7_rep2/VOICE_d4d.yaml,data/d4d_concatenated/claudecode_agent/2026-09-01_claude-opus-5-api-generic-v7_rep3/VOICE_d4d.yaml
VOICE,v7,Composition,Composition,splits,nested,all_differ,3,3,False,True,179,1,True,239,1,True,268,1,data/d4d_concatenated/claudecode_agent/2026-09-01_claude-opus-5-api-generic-v7_rep1/VOICE_d4d.yaml,data/d4d_concatenated/claudecode_agent/2026-09-01_claude-opus-5-api-generic-v7_rep2/VOICE_d4d.yaml,data/d4d_concatenated/claudecode_agent/2026-09-01_claude-opus-5-api-generic-v7_rep3/VOICE_d4d.yaml
VOICE,v7,Composition,Composition,sampling_strategies,nested,all_differ,3,3,False,True,986,1,True,1023,1,True,1116,1,data/d4d_concatenated/claudecode_agent/2026-09-01_claude-opus-5-api-generic-v7_rep1/VOICE_d4d.yaml,data/d4d_concatenated/claudecode_agent/2026-09-01_claude-opus-5-api-generic-v7_rep2/VOICE_d4d.yaml,data/d4d_concatenated/claudecode_agent/2026-09-01_claude-opus-5-api-generic-v7_rep3/VOICE_d4d.yaml
VOICE,v7,Composition,Composition,is_deidentified,nested,all_differ,3,3,False,True,1489,,True,1815,,True,1785,,data/d4d_concatenated/claudecode_agent/2026-09-01_claude-opus-5-api-generic-v7_rep1/VOICE_d4d.yaml,data/d4d_concatenated/claudecode_agent/2026-09-01_claude-opus-5-api-generic-v7_rep2/VOICE_d4d.yaml,data/d4d_concatenated/claudecode_agent/2026-09-01_claude-opus-5-api-generic-v7_rep3/VOICE_d4d.yaml
VOICE,v7,Composition,Composition,related_datasets,nested,all_differ,3,3,False,True,898,2,True,1817,6,True,1335,6,data/d4d_concatenated/claudecode_agent/2026-09-01_claude-opus-5-api-generic-v7_rep1/VOICE_d4d.yaml,data/d4d_concatenated/claudecode_agent/2026-09-01_claude-opus-5-api-generic-v7_rep2/VOICE_d4d.yaml,data/d4d_concatenated/claudecode_agent/2026-09-01_claude-opus-5-api-generic-v7_rep3/VOICE_d4d.yaml
VOICE,v7,Collection,Collection,acquisition_methods,nested,all_differ,3,3,False,True,1034,4,True,833,3,True,941,4,data/d4d_concatenated/claudecode_agent/2026-09-01_claude-opus-5-api-generic-v7_rep1/VOICE_d4d.yaml,data/d4d_concatenated/claudecode_agent/2026-09-01_claude-opus-5-api-generic-v7_rep2/VOICE_d4d.yaml,data/d4d_concatenated/claudecode_agent/2026-09-01_claude-opus-5-api-generic-v7_rep3/VOICE_d4d.yaml
VOICE,v7,Collection,Collection,collection_mechanisms,nested,all_differ,3,3,False,True,867,4,True,684,3,True,641,3,data/d4d_concatenated/claudecode_agent/2026-09-01_claude-opus-5-api-generic-v7_rep1/VOICE_d4d.yaml,data/d4d_concatenated/claudecode_agent/2026-09-01_claude-opus-5-api-generic-v7_rep2/VOICE_d4d.yaml,data/d4d_concatenated/claudecode_agent/2026-09-01_claude-opus-5-api-generic-v7_rep3/VOICE_d4d.yaml
VOICE,v7,Collection,Collection,data_collectors,nested,all_differ,3,3,False,True,618,3,True,727,3,True,689,2,data/d4d_concatenated/claudecode_agent/2026-09-01_claude-opus-5-api-generic-v7_rep1/VOICE_d4d.yaml,data/d4d_concatenated/claudecode_agent/2026-09-01_claude-opus-5-api-generic-v7_rep2/VOICE_d4d.yaml,data/d4d_concatenated/claudecode_agent/2026-09-01_claude-opus-5-api-generic-v7_rep3/VOICE_d4d.yaml
VOICE,v7,Collection,Collection,collection_timeframes,nested,all_differ,3,3,False,True,707,1,True,270,1,True,196,1,data/d4d_concatenated/claudecode_agent/2026-09-01_claude-opus-5-api-generic-v7_rep1/VOICE_d4d.yaml,data/d4d_concatenated/claudecode_agent/2026-09-01_claude-opus-5-api-generic-v7_rep2/VOICE_d4d.yaml,data/d4d_concatenated/claudecode_agent/2026-09-01_claude-opus-5-api-generic-v7_rep3/VOICE_d4d.yaml
VOICE,v7,Collection,Collection,direct_collection,nested,all_differ,3,3,False,True,189,1,True,281,1,True,263,1,data/d4d_concatenated/claudecode_agent/2026-09-01_claude-opus-5-api-generic-v7_rep1/VOICE_d4d.yaml,data/d4d_concatenated/claudecode_agent/2026-09-01_claude-opus-5-api-generic-v7_rep2/VOICE_d4d.yaml,data/d4d_concatenated/claudecode_agent/2026-09-01_claude-opus-5-api-generic-v7_rep3/VOICE_d4d.yaml
VOICE,v7,Collection,Collection,missing_data_documentation,nested,all_differ,3,3,False,True,881,1,True,923,1,True,984,1,data/d4d_concatenated/claudecode_agent/2026-09-01_claude-opus-5-api-generic-v7_rep1/VOICE_d4d.yaml,data/d4d_concatenated/claudecode_agent/2026-09-01_claude-opus-5-api-generic-v7_rep2/VOICE_d4d.yaml,data/d4d_concatenated/claudecode_agent/2026-09-01_claude-opus-5-api-generic-v7_rep3/VOICE_d4d.yaml
VOICE,v7,Collection,Collection,raw_data_sources,nested,all_differ,3,3,False,True,1207,2,True,951,1,True,1593,3,data/d4d_concatenated/claudecode_agent/2026-09-01_claude-opus-5-api-generic-v7_rep1/VOICE_d4d.yaml,data/d4d_concatenated/claudecode_agent/2026-09-01_claude-opus-5-api-generic-v7_rep2/VOICE_d4d.yaml,data/d4d_concatenated/claudecode_agent/2026-09-01_claude-opus-5-api-generic-v7_rep3/VOICE_d4d.yaml
VOICE,v7,Preprocessing,Preprocessing,preprocessing_strategies,nested,all_differ,3,3,False,True,1586,8,True,1747,8,True,2175,6,data/d4d_concatenated/claudecode_agent/2026-09-01_claude-opus-5-api-generic-v7_rep1/VOICE_d4d.yaml,data/d4d_concatenated/claudecode_agent/2026-09-01_claude-opus-5-api-generic-v7_rep2/VOICE_d4d.yaml,data/d4d_concatenated/claudecode_agent/2026-09-01_claude-opus-5-api-generic-v7_rep3/VOICE_d4d.yaml
VOICE,v7,Preprocessing,Preprocessing,cleaning_strategies,nested,all_differ,3,3,False,True,590,2,True,484,1,True,631,2,data/d4d_concatenated/claudecode_agent/2026-09-01_claude-opus-5-api-generic-v7_rep1/VOICE_d4d.yaml,data/d4d_concatenated/claudecode_agent/2026-09-01_claude-opus-5-api-generic-v7_rep2/VOICE_d4d.yaml,data/d4d_concatenated/claudecode_agent/2026-09-01_claude-opus-5-api-generic-v7_rep3/VOICE_d4d.yaml
VOICE,v7,Preprocessing,Preprocessing,labeling_strategies,nested,all_differ,3,3,False,True,1045,1,True,1003,2,True,1104,1,data/d4d_concatenated/claudecode_agent/2026-09-01_claude-opus-5-api-generic-v7_rep1/VOICE_d4d.yaml,data/d4d_concatenated/claudecode_agent/2026-09-01_claude-opus-5-api-generic-v7_rep2/VOICE_d4d.yaml,data/d4d_concatenated/claudecode_agent/2026-09-01_claude-opus-5-api-generic-v7_rep3/VOICE_d4d.yaml
VOICE,v7,Preprocessing,Preprocessing,raw_sources,nested,absent,0,,,False,,,False,,,False,,,data/d4d_concatenated/claudecode_agent/2026-09-01_claude-opus-5-api-generic-v7_rep1/VOICE_d4d.yaml,data/d4d_concatenated/claudecode_agent/2026-09-01_claude-opus-5-api-generic-v7_rep2/VOICE_d4d.yaml,data/d4d_concatenated/claudecode_agent/2026-09-01_claude-opus-5-api-generic-v7_rep3/VOICE_d4d.yaml
VOICE,v7,Preprocessing,Preprocessing,imputation_protocols,nested,absent,0,,,False,,,False,,,False,,,data/d4d_concatenated/claudecode_agent/2026-09-01_claude-opus-5-api-generic-v7_rep1/VOICE_d4d.yaml,data/d4d_concatenated/claudecode_agent/2026-09-01_claude-opus-5-api-generic-v7_rep2/VOICE_d4d.yaml,data/d4d_concatenated/claudecode_agent/2026-09-01_claude-opus-5-api-generic-v7_rep3/VOICE_d4d.yaml
VOICE,v7,Preprocessing,Preprocessing,annotation_analyses,nested,intermittent,1,,,False,,,True,800,1,False,,,data/d4d_concatenated/claudecode_agent/2026-09-01_claude-opus-5-api-generic-v7_rep1/VOICE_d4d.yaml,data/d4d_concatenated/claudecode_agent/2026-09-01_claude-opus-5-api-generic-v7_rep2/VOICE_d4d.yaml,data/d4d_concatenated/claudecode_agent/2026-09-01_claude-opus-5-api-generic-v7_rep3/VOICE_d4d.yaml
VOICE,v7,Preprocessing,Preprocessing,machine_annotation_tools,nested,all_differ,3,3,False,True,296,1,True,286,1,True,1114,1,data/d4d_concatenated/claudecode_agent/2026-09-01_claude-opus-5-api-generic-v7_rep1/VOICE_d4d.yaml,data/d4d_concatenated/claudecode_agent/2026-09-01_claude-opus-5-api-generic-v7_rep2/VOICE_d4d.yaml,data/d4d_concatenated/claudecode_agent/2026-09-01_claude-opus-5-api-generic-v7_rep3/VOICE_d4d.yaml
VOICE,v7,Uses,Uses,existing_uses,nested,two_agree,3,2,False,True,133,1,True,290,2,True,133,1,data/d4d_concatenated/claudecode_agent/2026-09-01_claude-opus-5-api-generic-v7_rep1/VOICE_d4d.yaml,data/d4d_concatenated/claudecode_agent/2026-09-01_claude-opus-5-api-generic-v7_rep2/VOICE_d4d.yaml,data/d4d_concatenated/claudecode_agent/2026-09-01_claude-opus-5-api-generic-v7_rep3/VOICE_d4d.yaml
VOICE,v7,Uses,Uses,use_repository,nested,absent,0,,,False,,,False,,,False,,,data/d4d_concatenated/claudecode_agent/2026-09-01_claude-opus-5-api-generic-v7_rep1/VOICE_d4d.yaml,data/d4d_concatenated/claudecode_agent/2026-09-01_claude-opus-5-api-generic-v7_rep2/VOICE_d4d.yaml,data/d4d_concatenated/claudecode_agent/2026-09-01_claude-opus-5-api-generic-v7_rep3/VOICE_d4d.yaml
VOICE,v7,Uses,Uses,other_tasks,nested,absent,0,,,False,,,False,,,False,,,data/d4d_concatenated/claudecode_agent/2026-09-01_claude-opus-5-api-generic-v7_rep1/VOICE_d4d.yaml,data/d4d_concatenated/claudecode_agent/2026-09-01_claude-opus-5-api-generic-v7_rep2/VOICE_d4d.yaml,data/d4d_concatenated/claudecode_agent/2026-09-01_claude-opus-5-api-generic-v7_rep3/VOICE_d4d.yaml
VOICE,v7,Uses,Uses,future_use_impacts,nested,all_differ,3,3,False,True,617,2,True,738,3,True,638,2,data/d4d_concatenated/claudecode_agent/2026-09-01_claude-opus-5-api-generic-v7_rep1/VOICE_d4d.yaml,data/d4d_concatenated/claudecode_agent/2026-09-01_claude-opus-5-api-generic-v7_rep2/VOICE_d4d.yaml,data/d4d_concatenated/claudecode_agent/2026-09-01_claude-opus-5-api-generic-v7_rep3/VOICE_d4d.yaml
VOICE,v7,Uses,Uses,discouraged_uses,nested,all_differ,3,3,False,True,615,2,True,661,2,True,640,3,data/d4d_concatenated/claudecode_agent/2026-09-01_claude-opus-5-api-generic-v7_rep1/VOICE_d4d.yaml,data/d4d_concatenated/claudecode_agent/2026-09-01_claude-opus-5-api-generic-v7_rep2/VOICE_d4d.yaml,data/d4d_concatenated/claudecode_agent/2026-09-01_claude-opus-5-api-generic-v7_rep3/VOICE_d4d.yaml
VOICE,v7,Uses,Uses,intended_uses,nested,all_differ,3,3,False,True,636,2,True,782,3,True,1330,3,data/d4d_concatenated/claudecode_agent/2026-09-01_claude-opus-5-api-generic-v7_rep1/VOICE_d4d.yaml,data/d4d_concatenated/claudecode_agent/2026-09-01_claude-opus-5-api-generic-v7_rep2/VOICE_d4d.yaml,data/d4d_concatenated/claudecode_agent/2026-09-01_claude-opus-5-api-generic-v7_rep3/VOICE_d4d.yaml
VOICE,v7,Uses,Uses,prohibited_uses,nested,all_differ,3,3,False,True,1273,5,True,1252,5,True,1571,5,data/d4d_concatenated/claudecode_agent/2026-09-01_claude-opus-5-api-generic-v7_rep1/VOICE_d4d.yaml,data/d4d_concatenated/claudecode_agent/2026-09-01_claude-opus-5-api-generic-v7_rep2/VOICE_d4d.yaml,data/d4d_concatenated/claudecode_agent/2026-09-01_claude-opus-5-api-generic-v7_rep3/VOICE_d4d.yaml
VOICE,v7,Distribution,Distribution,distribution_formats,nested,all_differ,3,3,False,True,1428,3,True,867,3,True,799,3,data/d4d_concatenated/claudecode_agent/2026-09-01_claude-opus-5-api-generic-v7_rep1/VOICE_d4d.yaml,data/d4d_concatenated/claudecode_agent/2026-09-01_claude-opus-5-api-generic-v7_rep2/VOICE_d4d.yaml,data/d4d_concatenated/claudecode_agent/2026-09-01_claude-opus-5-api-generic-v7_rep3/VOICE_d4d.yaml
VOICE,v7,Distribution,Distribution,distribution_dates,nested,all_differ,3,3,False,True,266,1,True,283,1,True,412,1,data/d4d_concatenated/claudecode_agent/2026-09-01_claude-opus-5-api-generic-v7_rep1/VOICE_d4d.yaml,data/d4d_concatenated/claudecode_agent/2026-09-01_claude-opus-5-api-generic-v7_rep2/VOICE_d4d.yaml,data/d4d_concatenated/claudecode_agent/2026-09-01_claude-opus-5-api-generic-v7_rep3/VOICE_d4d.yaml
VOICE,v7,Distribution,Distribution,third_party_sharing,nested,all_differ,3,3,False,True,432,1,True,435,1,True,314,1,data/d4d_concatenated/claudecode_agent/2026-09-01_claude-opus-5-api-generic-v7_rep1/VOICE_d4d.yaml,data/d4d_concatenated/claudecode_agent/2026-09-01_claude-opus-5-api-generic-v7_rep2/VOICE_d4d.yaml,data/d4d_concatenated/claudecode_agent/2026-09-01_claude-opus-5-api-generic-v7_rep3/VOICE_d4d.yaml
VOICE,v7,Maintenance,Maintenance,maintainers,nested,all_differ,3,3,False,True,870,3,True,982,3,True,1047,3,data/d4d_concatenated/claudecode_agent/2026-09-01_claude-opus-5-api-generic-v7_rep1/VOICE_d4d.yaml,data/d4d_concatenated/claudecode_agent/2026-09-01_claude-opus-5-api-generic-v7_rep2/VOICE_d4d.yaml,data/d4d_concatenated/claudecode_agent/2026-09-01_claude-opus-5-api-generic-v7_rep3/VOICE_d4d.yaml
VOICE,v7,Maintenance,Maintenance,errata,nested,all_differ,3,3,False,True,557,3,True,689,4,True,797,3,data/d4d_concatenated/claudecode_agent/2026-09-01_claude-opus-5-api-generic-v7_rep1/VOICE_d4d.yaml,data/d4d_concatenated/claudecode_agent/2026-09-01_claude-opus-5-api-generic-v7_rep2/VOICE_d4d.yaml,data/d4d_concatenated/claudecode_agent/2026-09-01_claude-opus-5-api-generic-v7_rep3/VOICE_d4d.yaml
VOICE,v7,Maintenance,Maintenance,updates,nested,all_differ,3,3,False,True,360,,True,447,,True,970,,data/d4d_concatenated/claudecode_agent/2026-09-01_claude-opus-5-api-generic-v7_rep1/VOICE_d4d.yaml,data/d4d_concatenated/claudecode_agent/2026-09-01_claude-opus-5-api-generic-v7_rep2/VOICE_d4d.yaml,data/d4d_concatenated/claudecode_agent/2026-09-01_claude-opus-5-api-generic-v7_rep3/VOICE_d4d.yaml
VOICE,v7,Maintenance,Maintenance,retention_limit,nested,all_differ,3,3,False,True,631,,True,909,,True,1218,,data/d4d_concatenated/claudecode_agent/2026-09-01_claude-opus-5-api-generic-v7_rep1/VOICE_d4d.yaml,data/d4d_concatenated/claudecode_agent/2026-09-01_claude-opus-5-api-generic-v7_rep2/VOICE_d4d.yaml,data/d4d_concatenated/claudecode_agent/2026-09-01_claude-opus-5-api-generic-v7_rep3/VOICE_d4d.yaml
VOICE,v7,Maintenance,Maintenance,version_access,nested,all_differ,3,3,False,True,651,,True,1127,,True,784,,data/d4d_concatenated/claudecode_agent/2026-09-01_claude-opus-5-api-generic-v7_rep1/VOICE_d4d.yaml,data/d4d_concatenated/claudecode_agent/2026-09-01_claude-opus-5-api-generic-v7_rep2/VOICE_d4d.yaml,data/d4d_concatenated/claudecode_agent/2026-09-01_claude-opus-5-api-generic-v7_rep3/VOICE_d4d.yaml
VOICE,v7,Maintenance,Maintenance,extension_mechanism,nested,all_differ,3,3,False,True,535,,True,469,,True,477,,data/d4d_concatenated/claudecode_agent/2026-09-01_claude-opus-5-api-generic-v7_rep1/VOICE_d4d.yaml,data/d4d_concatenated/claudecode_agent/2026-09-01_claude-opus-5-api-generic-v7_rep2/VOICE_d4d.yaml,data/d4d_concatenated/claudecode_agent/2026-09-01_claude-opus-5-api-generic-v7_rep3/VOICE_d4d.yaml
VOICE,v7,Ethics,Ethics,collection_notifications,nested,all_differ,3,3,False,True,257,1,True,291,1,True,377,1,data/d4d_concatenated/claudecode_agent/2026-09-01_claude-opus-5-api-generic-v7_rep1/VOICE_d4d.yaml,data/d4d_concatenated/claudecode_agent/2026-09-01_claude-opus-5-api-generic-v7_rep2/VOICE_d4d.yaml,data/d4d_concatenated/claudecode_agent/2026-09-01_claude-opus-5-api-generic-v7_rep3/VOICE_d4d.yaml
VOICE,v7,Ethics,Ethics,collection_consents,nested,all_differ,3,3,False,True,264,1,True,895,2,True,934,3,data/d4d_concatenated/claudecode_agent/2026-09-01_claude-opus-5-api-generic-v7_rep1/VOICE_d4d.yaml,data/d4d_concatenated/claudecode_agent/2026-09-01_claude-opus-5-api-generic-v7_rep2/VOICE_d4d.yaml,data/d4d_concatenated/claudecode_agent/2026-09-01_claude-opus-5-api-generic-v7_rep3/VOICE_d4d.yaml
VOICE,v7,Ethics,Ethics,consent_revocations,nested,two_agree,3,2,False,True,404,1,True,512,1,True,404,1,data/d4d_concatenated/claudecode_agent/2026-09-01_claude-opus-5-api-generic-v7_rep1/VOICE_d4d.yaml,data/d4d_concatenated/claudecode_agent/2026-09-01_claude-opus-5-api-generic-v7_rep2/VOICE_d4d.yaml,data/d4d_concatenated/claudecode_agent/2026-09-01_claude-opus-5-api-generic-v7_rep3/VOICE_d4d.yaml
VOICE,v7,Ethics,Ethics,ethical_reviews,nested,all_differ,3,3,False,True,841,3,True,384,1,True,1047,2,data/d4d_concatenated/claudecode_agent/2026-09-01_claude-opus-5-api-generic-v7_rep1/VOICE_d4d.yaml,data/d4d_concatenated/claudecode_agent/2026-09-01_claude-opus-5-api-generic-v7_rep2/VOICE_d4d.yaml,data/d4d_concatenated/claudecode_agent/2026-09-01_claude-opus-5-api-generic-v7_rep3/VOICE_d4d.yaml
VOICE,v7,Ethics,Ethics,data_protection_impacts,nested,intermittent,2,,,False,,,True,330,1,True,830,1,data/d4d_concatenated/claudecode_agent/2026-09-01_claude-opus-5-api-generic-v7_rep1/VOICE_d4d.yaml,data/d4d_concatenated/claudecode_agent/2026-09-01_claude-opus-5-api-generic-v7_rep2/VOICE_d4d.yaml,data/d4d_concatenated/claudecode_agent/2026-09-01_claude-opus-5-api-generic-v7_rep3/VOICE_d4d.yaml
VOICE,v7,Human,Human,human_subject_research,nested,all_differ,3,3,False,True,1170,,True,1088,,True,1040,,data/d4d_concatenated/claudecode_agent/2026-09-01_claude-opus-5-api-generic-v7_rep1/VOICE_d4d.yaml,data/d4d_concatenated/claudecode_agent/2026-09-01_claude-opus-5-api-generic-v7_rep2/VOICE_d4d.yaml,data/d4d_concatenated/claudecode_agent/2026-09-01_claude-opus-5-api-generic-v7_rep3/VOICE_d4d.yaml
VOICE,v7,Human,Human,informed_consent,nested,all_differ,3,3,False,True,1829,1,True,1487,1,True,1633,1,data/d4d_concatenated/claudecode_agent/2026-09-01_claude-opus-5-api-generic-v7_rep1/VOICE_d4d.yaml,data/d4d_concatenated/claudecode_agent/2026-09-01_claude-opus-5-api-generic-v7_rep2/VOICE_d4d.yaml,data/d4d_concatenated/claudecode_agent/2026-09-01_claude-opus-5-api-generic-v7_rep3/VOICE_d4d.yaml
VOICE,v7,Human,Human,at_risk_populations,nested,all_differ,3,3,False,True,1062,,True,652,,True,592,,data/d4d_concatenated/claudecode_agent/2026-09-01_claude-opus-5-api-generic-v7_rep1/VOICE_d4d.yaml,data/d4d_concatenated/claudecode_agent/2026-09-01_claude-opus-5-api-generic-v7_rep2/VOICE_d4d.yaml,data/d4d_concatenated/claudecode_agent/2026-09-01_claude-opus-5-api-generic-v7_rep3/VOICE_d4d.yaml
VOICE,v7,Human,Human,participant_privacy,nested,all_differ,3,3,False,True,1056,1,True,1551,1,True,1417,1,data/d4d_concatenated/claudecode_agent/2026-09-01_claude-opus-5-api-generic-v7_rep1/VOICE_d4d.yaml,data/d4d_concatenated/claudecode_agent/2026-09-01_claude-opus-5-api-generic-v7_rep2/VOICE_d4d.yaml,data/d4d_concatenated/claudecode_agent/2026-09-01_claude-opus-5-api-generic-v7_rep3/VOICE_d4d.yaml
VOICE,v7,Human,Human,participant_compensation,nested,all_differ,3,3,False,True,666,1,True,289,1,True,309,1,data/d4d_concatenated/claudecode_agent/2026-09-01_claude-opus-5-api-generic-v7_rep1/VOICE_d4d.yaml,data/d4d_concatenated/claudecode_agent/2026-09-01_claude-opus-5-api-generic-v7_rep2/VOICE_d4d.yaml,data/d4d_concatenated/claudecode_agent/2026-09-01_claude-opus-5-api-generic-v7_rep3/VOICE_d4d.yaml
VOICE,v7,Data Governance,Data Governance,license_and_use_terms,nested,all_differ,3,3,False,True,815,,True,775,,True,772,,data/d4d_concatenated/claudecode_agent/2026-09-01_claude-opus-5-api-generic-v7_rep1/VOICE_d4d.yaml,data/d4d_concatenated/claudecode_agent/2026-09-01_claude-opus-5-api-generic-v7_rep2/VOICE_d4d.yaml,data/d4d_concatenated/claudecode_agent/2026-09-01_claude-opus-5-api-generic-v7_rep3/VOICE_d4d.yaml
VOICE,v7,Data Governance,Data Governance,ip_restrictions,nested,all_differ,3,3,False,True,728,,True,679,,True,837,,data/d4d_concatenated/claudecode_agent/2026-09-01_claude-opus-5-api-generic-v7_rep1/VOICE_d4d.yaml,data/d4d_concatenated/claudecode_agent/2026-09-01_claude-opus-5-api-generic-v7_rep2/VOICE_d4d.yaml,data/d4d_concatenated/claudecode_agent/2026-09-01_claude-opus-5-api-generic-v7_rep3/VOICE_d4d.yaml
VOICE,v7,Data Governance,Data Governance,regulatory_restrictions,nested,all_differ,3,3,False,True,734,,True,575,,True,771,,data/d4d_concatenated/claudecode_agent/2026-09-01_claude-opus-5-api-generic-v7_rep1/VOICE_d4d.yaml,data/d4d_concatenated/claudecode_agent/2026-09-01_claude-opus-5-api-generic-v7_rep2/VOICE_d4d.yaml,data/d4d_concatenated/claudecode_agent/2026-09-01_claude-opus-5-api-generic-v7_rep3/VOICE_d4d.yaml
VOICE,v7,Data Governance,Data Governance,data_governance,nested,all_differ,3,3,False,True,1344,,True,1393,,True,1888,,data/d4d_concatenated/claudecode_agent/2026-09-01_claude-opus-5-api-generic-v7_rep1/VOICE_d4d.yaml,data/d4d_concatenated/claudecode_agent/2026-09-01_claude-opus-5-api-generic-v7_rep2/VOICE_d4d.yaml,data/d4d_concatenated/claudecode_agent/2026-09-01_claude-opus-5-api-generic-v7_rep3/VOICE_d4d.yaml
VOICE,v7,Variables,Variables,variables,nested,intermittent,2,,,True,629,4,True,3519,13,False,,,data/d4d_concatenated/claudecode_agent/2026-09-01_claude-opus-5-api-generic-v7_rep1/VOICE_d4d.yaml,data/d4d_concatenated/claudecode_agent/2026-09-01_claude-opus-5-api-generic-v7_rep2/VOICE_d4d.yaml,data/d4d_concatenated/claudecode_agent/2026-09-01_claude-opus-5-api-generic-v7_rep3/VOICE_d4d.yaml
VOICE,v7,FileCollection,FileCollection,file_collections,nested,intermittent,1,,,False,,,False,,,True,3024,4,data/d4d_concatenated/claudecode_agent/2026-09-01_claude-opus-5-api-generic-v7_rep1/VOICE_d4d.yaml,data/d4d_concatenated/claudecode_agent/2026-09-01_claude-opus-5-api-generic-v7_rep2/VOICE_d4d.yaml,data/d4d_concatenated/claudecode_agent/2026-09-01_claude-opus-5-api-generic-v7_rep3/VOICE_d4d.yaml
VOICE,v7,Base / root,Base / root: scalar,total_file_count,scalar,absent,0,,,False,,,False,,,False,,,data/d4d_concatenated/claudecode_agent/2026-09-01_claude-opus-5-api-generic-v7_rep1/VOICE_d4d.yaml,data/d4d_concatenated/claudecode_agent/2026-09-01_claude-opus-5-api-generic-v7_rep2/VOICE_d4d.yaml,data/d4d_concatenated/claudecode_agent/2026-09-01_claude-opus-5-api-generic-v7_rep3/VOICE_d4d.yaml
VOICE,v7,Base / root,Base / root: scalar,total_size_bytes,scalar,absent,0,,,False,,,False,,,False,,,data/d4d_concatenated/claudecode_agent/2026-09-01_claude-opus-5-api-generic-v7_rep1/VOICE_d4d.yaml,data/d4d_concatenated/claudecode_agent/2026-09-01_claude-opus-5-api-generic-v7_rep2/VOICE_d4d.yaml,data/d4d_concatenated/claudecode_agent/2026-09-01_claude-opus-5-api-generic-v7_rep3/VOICE_d4d.yaml
VOICE,v7,Base / root,Base / root: scalar,is_tabular,scalar,absent,0,,,False,,,False,,,False,,,data/d4d_concatenated/claudecode_agent/2026-09-01_claude-opus-5-api-generic-v7_rep1/VOICE_d4d.yaml,data/d4d_concatenated/claudecode_agent/2026-09-01_claude-opus-5-api-generic-v7_rep2/VOICE_d4d.yaml,data/d4d_concatenated/claudecode_agent/2026-09-01_claude-opus-5-api-generic-v7_rep3/VOICE_d4d.yaml
VOICE,v7,Base / root,Base / root: scalar,compression,scalar,absent,0,,,False,,,False,,,False,,,data/d4d_concatenated/claudecode_agent/2026-09-01_claude-opus-5-api-generic-v7_rep1/VOICE_d4d.yaml,data/d4d_concatenated/claudecode_agent/2026-09-01_claude-opus-5-api-generic-v7_rep2/VOICE_d4d.yaml,data/d4d_concatenated/claudecode_agent/2026-09-01_claude-opus-5-api-generic-v7_rep3/VOICE_d4d.yaml
VOICE,v7,Base / root,Base / root: scalar,conforms_to_class,scalar,identical,3,1,True,True,12,,True,12,,True,12,,data/d4d_concatenated/claudecode_agent/2026-09-01_claude-opus-5-api-generic-v7_rep1/VOICE_d4d.yaml,data/d4d_concatenated/claudecode_agent/2026-09-01_claude-opus-5-api-generic-v7_rep2/VOICE_d4d.yaml,data/d4d_concatenated/claudecode_agent/2026-09-01_claude-opus-5-api-generic-v7_rep3/VOICE_d4d.yaml
VOICE,v7,Base / root,Base / root: scalar,conforms_to_schema,scalar,identical,3,1,True,True,50,,True,50,,True,50,,data/d4d_concatenated/claudecode_agent/2026-09-01_claude-opus-5-api-generic-v7_rep1/VOICE_d4d.yaml,data/d4d_concatenated/claudecode_agent/2026-09-01_claude-opus-5-api-generic-v7_rep2/VOICE_d4d.yaml,data/d4d_concatenated/claudecode_agent/2026-09-01_claude-opus-5-api-generic-v7_rep3/VOICE_d4d.yaml
VOICE,v7,Base / root,Base / root: scalar,created_by,scalar,two_agree,3,2,False,True,31,,True,31,,True,175,,data/d4d_concatenated/claudecode_agent/2026-09-01_claude-opus-5-api-generic-v7_rep1/VOICE_d4d.yaml,data/d4d_concatenated/claudecode_agent/2026-09-01_claude-opus-5-api-generic-v7_rep2/VOICE_d4d.yaml,data/d4d_concatenated/claudecode_agent/2026-09-01_claude-opus-5-api-generic-v7_rep3/VOICE_d4d.yaml
VOICE,v7,Base / root,Base / root: scalar,created_on,scalar,absent,0,,,False,,,False,,,False,,,data/d4d_concatenated/claudecode_agent/2026-09-01_claude-opus-5-api-generic-v7_rep1/VOICE_d4d.yaml,data/d4d_concatenated/claudecode_agent/2026-09-01_claude-opus-5-api-generic-v7_rep2/VOICE_d4d.yaml,data/d4d_concatenated/claudecode_agent/2026-09-01_claude-opus-5-api-generic-v7_rep3/VOICE_d4d.yaml
VOICE,v7,Base / root,Base / root: scalar,doi,scalar,identical,3,1,True,True,23,,True,23,,True,23,,data/d4d_concatenated/claudecode_agent/2026-09-01_claude-opus-5-api-generic-v7_rep1/VOICE_d4d.yaml,data/d4d_concatenated/claudecode_agent/2026-09-01_claude-opus-5-api-generic-v7_rep2/VOICE_d4d.yaml,data/d4d_concatenated/claudecode_agent/2026-09-01_claude-opus-5-api-generic-v7_rep3/VOICE_d4d.yaml
VOICE,v7,Base / root,Base / root: scalar,download_url,scalar,absent,0,,,False,,,False,,,False,,,data/d4d_concatenated/claudecode_agent/2026-09-01_claude-opus-5-api-generic-v7_rep1/VOICE_d4d.yaml,data/d4d_concatenated/claudecode_agent/2026-09-01_claude-opus-5-api-generic-v7_rep2/VOICE_d4d.yaml,data/d4d_concatenated/claudecode_agent/2026-09-01_claude-opus-5-api-generic-v7_rep3/VOICE_d4d.yaml
VOICE,v7,Base / root,Base / root: scalar,issued,scalar,identical,3,1,True,True,23,,True,23,,True,23,,data/d4d_concatenated/claudecode_agent/2026-09-01_claude-opus-5-api-generic-v7_rep1/VOICE_d4d.yaml,data/d4d_concatenated/claudecode_agent/2026-09-01_claude-opus-5-api-generic-v7_rep2/VOICE_d4d.yaml,data/d4d_concatenated/claudecode_agent/2026-09-01_claude-opus-5-api-generic-v7_rep3/VOICE_d4d.yaml
VOICE,v7,Base / root,Base / root: scalar,language,scalar,two_agree,3,2,False,True,12,,True,7,,True,12,,data/d4d_concatenated/claudecode_agent/2026-09-01_claude-opus-5-api-generic-v7_rep1/VOICE_d4d.yaml,data/d4d_concatenated/claudecode_agent/2026-09-01_claude-opus-5-api-generic-v7_rep2/VOICE_d4d.yaml,data/d4d_concatenated/claudecode_agent/2026-09-01_claude-opus-5-api-generic-v7_rep3/VOICE_d4d.yaml
VOICE,v7,Base / root,Base / root: scalar,last_updated_on,scalar,absent,0,,,False,,,False,,,False,,,data/d4d_concatenated/claudecode_agent/2026-09-01_claude-opus-5-api-generic-v7_rep1/VOICE_d4d.yaml,data/d4d_concatenated/claudecode_agent/2026-09-01_claude-opus-5-api-generic-v7_rep2/VOICE_d4d.yaml,data/d4d_concatenated/claudecode_agent/2026-09-01_claude-opus-5-api-generic-v7_rep3/VOICE_d4d.yaml
VOICE,v7,Base / root,Base / root: scalar,license,scalar,identical,3,1,True,True,46,,True,46,,True,46,,data/d4d_concatenated/claudecode_agent/2026-09-01_claude-opus-5-api-generic-v7_rep1/VOICE_d4d.yaml,data/d4d_concatenated/claudecode_agent/2026-09-01_claude-opus-5-api-generic-v7_rep2/VOICE_d4d.yaml,data/d4d_concatenated/claudecode_agent/2026-09-01_claude-opus-5-api-generic-v7_rep3/VOICE_d4d.yaml
VOICE,v7,Base / root,Base / root: scalar,modified_by,scalar,absent,0,,,False,,,False,,,False,,,data/d4d_concatenated/claudecode_agent/2026-09-01_claude-opus-5-api-generic-v7_rep1/VOICE_d4d.yaml,data/d4d_concatenated/claudecode_agent/2026-09-01_claude-opus-5-api-generic-v7_rep2/VOICE_d4d.yaml,data/d4d_concatenated/claudecode_agent/2026-09-01_claude-opus-5-api-generic-v7_rep3/VOICE_d4d.yaml
VOICE,v7,Base / root,Base / root: scalar,page,scalar,identical,3,1,True,True,52,,True,52,,True,52,,data/d4d_concatenated/claudecode_agent/2026-09-01_claude-opus-5-api-generic-v7_rep1/VOICE_d4d.yaml,data/d4d_concatenated/claudecode_agent/2026-09-01_claude-opus-5-api-generic-v7_rep2/VOICE_d4d.yaml,data/d4d_concatenated/claudecode_agent/2026-09-01_claude-opus-5-api-generic-v7_rep3/VOICE_d4d.yaml
VOICE,v7,Base / root,Base / root: scalar,publisher,scalar,intermittent,2,,,False,,,True,26,,True,26,,data/d4d_concatenated/claudecode_agent/2026-09-01_claude-opus-5-api-generic-v7_rep1/VOICE_d4d.yaml,data/d4d_concatenated/claudecode_agent/2026-09-01_claude-opus-5-api-generic-v7_rep2/VOICE_d4d.yaml,data/d4d_concatenated/claudecode_agent/2026-09-01_claude-opus-5-api-generic-v7_rep3/VOICE_d4d.yaml
VOICE,v7,Base / root,Base / root: scalar,status,scalar,identical,3,1,True,True,14,,True,14,,True,14,,data/d4d_concatenated/claudecode_agent/2026-09-01_claude-opus-5-api-generic-v7_rep1/VOICE_d4d.yaml,data/d4d_concatenated/claudecode_agent/2026-09-01_claude-opus-5-api-generic-v7_rep2/VOICE_d4d.yaml,data/d4d_concatenated/claudecode_agent/2026-09-01_claude-opus-5-api-generic-v7_rep3/VOICE_d4d.yaml
VOICE,v7,Base / root,Base / root: scalar,title,scalar,identical,3,1,True,True,92,,True,92,,True,92,,data/d4d_concatenated/claudecode_agent/2026-09-01_claude-opus-5-api-generic-v7_rep1/VOICE_d4d.yaml,data/d4d_concatenated/claudecode_agent/2026-09-01_claude-opus-5-api-generic-v7_rep2/VOICE_d4d.yaml,data/d4d_concatenated/claudecode_agent/2026-09-01_claude-opus-5-api-generic-v7_rep3/VOICE_d4d.yaml
VOICE,v7,Base / root,Base / root: scalar,version,scalar,identical,3,1,True,True,10,,True,10,,True,10,,data/d4d_concatenated/claudecode_agent/2026-09-01_claude-opus-5-api-generic-v7_rep1/VOICE_d4d.yaml,data/d4d_concatenated/claudecode_agent/2026-09-01_claude-opus-5-api-generic-v7_rep2/VOICE_d4d.yaml,data/d4d_concatenated/claudecode_agent/2026-09-01_claude-opus-5-api-generic-v7_rep3/VOICE_d4d.yaml
VOICE,v7,Base / root,Base / root: scalar,id,scalar,identical,3,1,True,True,27,,True,27,,True,27,,data/d4d_concatenated/claudecode_agent/2026-09-01_claude-opus-5-api-generic-v7_rep1/VOICE_d4d.yaml,data/d4d_concatenated/claudecode_agent/2026-09-01_claude-opus-5-api-generic-v7_rep2/VOICE_d4d.yaml,data/d4d_concatenated/claudecode_agent/2026-09-01_claude-opus-5-api-generic-v7_rep3/VOICE_d4d.yaml
VOICE,v7,Base / root,Base / root: scalar,name,scalar,two_agree,3,2,False,True,34,,True,20,,True,20,,data/d4d_concatenated/claudecode_agent/2026-09-01_claude-opus-5-api-generic-v7_rep1/VOICE_d4d.yaml,data/d4d_concatenated/claudecode_agent/2026-09-01_claude-opus-5-api-generic-v7_rep2/VOICE_d4d.yaml,data/d4d_concatenated/claudecode_agent/2026-09-01_claude-opus-5-api-generic-v7_rep3/VOICE_d4d.yaml
VOICE,v7,Base / root,Base / root: long text,citation,long text,identical,3,1,True,True,442,,True,442,,True,442,,data/d4d_concatenated/claudecode_agent/2026-09-01_claude-opus-5-api-generic-v7_rep1/VOICE_d4d.yaml,data/d4d_concatenated/claudecode_agent/2026-09-01_claude-opus-5-api-generic-v7_rep2/VOICE_d4d.yaml,data/d4d_concatenated/claudecode_agent/2026-09-01_claude-opus-5-api-generic-v7_rep3/VOICE_d4d.yaml
VOICE,v7,Base / root,Base / root: long text,conforms_to,long text,all_differ,3,3,False,True,40,,True,202,,True,47,,data/d4d_concatenated/claudecode_agent/2026-09-01_claude-opus-5-api-generic-v7_rep1/VOICE_d4d.yaml,data/d4d_concatenated/claudecode_agent/2026-09-01_claude-opus-5-api-generic-v7_rep2/VOICE_d4d.yaml,data/d4d_concatenated/claudecode_agent/2026-09-01_claude-opus-5-api-generic-v7_rep3/VOICE_d4d.yaml
VOICE,v7,Base / root,Base / root: long text,was_derived_from,long text,intermittent,1,,,False,,,True,175,,False,,,data/d4d_concatenated/claudecode_agent/2026-09-01_claude-opus-5-api-generic-v7_rep1/VOICE_d4d.yaml,data/d4d_concatenated/claudecode_agent/2026-09-01_claude-opus-5-api-generic-v7_rep2/VOICE_d4d.yaml,data/d4d_concatenated/claudecode_agent/2026-09-01_claude-opus-5-api-generic-v7_rep3/VOICE_d4d.yaml
VOICE,v7,Base / root,Base / root: long text,description,long text,all_differ,3,3,False,True,2134,,True,1559,,True,2519,,data/d4d_concatenated/claudecode_agent/2026-09-01_claude-opus-5-api-generic-v7_rep1/VOICE_d4d.yaml,data/d4d_concatenated/claudecode_agent/2026-09-01_claude-opus-5-api-generic-v7_rep2/VOICE_d4d.yaml,data/d4d_concatenated/claudecode_agent/2026-09-01_claude-opus-5-api-generic-v7_rep3/VOICE_d4d.yaml
VOICE,v7,Base / root,Base / root: long text,notes,long text,intermittent,2,,,False,,,True,547,,True,381,,data/d4d_concatenated/claudecode_agent/2026-09-01_claude-opus-5-api-generic-v7_rep1/VOICE_d4d.yaml,data/d4d_concatenated/claudecode_agent/2026-09-01_claude-opus-5-api-generic-v7_rep2/VOICE_d4d.yaml,data/d4d_concatenated/claudecode_agent/2026-09-01_claude-opus-5-api-generic-v7_rep3/VOICE_d4d.yaml
VOICE,v7,Base / root,Base / root: list of values,conforms_to_standard,list,identical,3,1,True,True,7,1,True,7,1,True,7,1,data/d4d_concatenated/claudecode_agent/2026-09-01_claude-opus-5-api-generic-v7_rep1/VOICE_d4d.yaml,data/d4d_concatenated/claudecode_agent/2026-09-01_claude-opus-5-api-generic-v7_rep2/VOICE_d4d.yaml,data/d4d_concatenated/claudecode_agent/2026-09-01_claude-opus-5-api-generic-v7_rep3/VOICE_d4d.yaml
VOICE,v7,Base / root,Base / root: list of values,keywords,list,two_agree,3,2,True,True,42,4,True,42,4,True,42,4,data/d4d_concatenated/claudecode_agent/2026-09-01_claude-opus-5-api-generic-v7_rep1/VOICE_d4d.yaml,data/d4d_concatenated/claudecode_agent/2026-09-01_claude-opus-5-api-generic-v7_rep2/VOICE_d4d.yaml,data/d4d_concatenated/claudecode_agent/2026-09-01_claude-opus-5-api-generic-v7_rep3/VOICE_d4d.yaml
VOICE,v7,Base / root,Base / root: nested,resources,nested,absent,0,,,False,,,False,,,False,,,data/d4d_concatenated/claudecode_agent/2026-09-01_claude-opus-5-api-generic-v7_rep1/VOICE_d4d.yaml,data/d4d_concatenated/claudecode_agent/2026-09-01_claude-opus-5-api-generic-v7_rep2/VOICE_d4d.yaml,data/d4d_concatenated/claudecode_agent/2026-09-01_claude-opus-5-api-generic-v7_rep3/VOICE_d4d.yaml
VOICE,v7,Base / root,Base / root: nested,subsets,nested,intermittent,1,,,False,,,False,,,True,5274,8,data/d4d_concatenated/claudecode_agent/2026-09-01_claude-opus-5-api-generic-v7_rep1/VOICE_d4d.yaml,data/d4d_concatenated/claudecode_agent/2026-09-01_claude-opus-5-api-generic-v7_rep2/VOICE_d4d.yaml,data/d4d_concatenated/claudecode_agent/2026-09-01_claude-opus-5-api-generic-v7_rep3/VOICE_d4d.yaml
VOICE,v7,Base / root,Base / root: nested,parent_datasets,nested,absent,0,,,False,,,False,,,False,,,data/d4d_concatenated/claudecode_agent/2026-09-01_claude-opus-5-api-generic-v7_rep1/VOICE_d4d.yaml,data/d4d_concatenated/claudecode_agent/2026-09-01_claude-opus-5-api-generic-v7_rep2/VOICE_d4d.yaml,data/d4d_concatenated/claudecode_agent/2026-09-01_claude-opus-5-api-generic-v7_rep3/VOICE_d4d.yaml
VOICE,v8,Motivation,Motivation,purposes,nested,all_differ,3,3,False,True,726,3,True,756,3,True,902,4,data/d4d_concatenated/claudecode_api/2026-09-04f_claude-opus-5-api-generic-v8_rep1/VOICE_d4d.yaml,data/d4d_concatenated/claudecode_api/2026-09-04f_claude-opus-5-api-generic-v8_rep2/VOICE_d4d.yaml,data/d4d_concatenated/claudecode_api/2026-09-04f_claude-opus-5-api-generic-v8_rep3/VOICE_d4d.yaml
VOICE,v8,Motivation,Motivation,tasks,nested,all_differ,3,3,False,True,347,2,True,430,2,True,490,3,data/d4d_concatenated/claudecode_api/2026-09-04f_claude-opus-5-api-generic-v8_rep1/VOICE_d4d.yaml,data/d4d_concatenated/claudecode_api/2026-09-04f_claude-opus-5-api-generic-v8_rep2/VOICE_d4d.yaml,data/d4d_concatenated/claudecode_api/2026-09-04f_claude-opus-5-api-generic-v8_rep3/VOICE_d4d.yaml
VOICE,v8,Motivation,Motivation,addressing_gaps,nested,all_differ,3,3,False,True,653,3,True,1071,4,True,690,3,data/d4d_concatenated/claudecode_api/2026-09-04f_claude-opus-5-api-generic-v8_rep1/VOICE_d4d.yaml,data/d4d_concatenated/claudecode_api/2026-09-04f_claude-opus-5-api-generic-v8_rep2/VOICE_d4d.yaml,data/d4d_concatenated/claudecode_api/2026-09-04f_claude-opus-5-api-generic-v8_rep3/VOICE_d4d.yaml
VOICE,v8,Motivation,Motivation,creators,nested,all_differ,3,3,False,True,3600,16,True,2401,3,True,3192,16,data/d4d_concatenated/claudecode_api/2026-09-04f_claude-opus-5-api-generic-v8_rep1/VOICE_d4d.yaml,data/d4d_concatenated/claudecode_api/2026-09-04f_claude-opus-5-api-generic-v8_rep2/VOICE_d4d.yaml,data/d4d_concatenated/claudecode_api/2026-09-04f_claude-opus-5-api-generic-v8_rep3/VOICE_d4d.yaml
VOICE,v8,Motivation,Motivation,funders,nested,all_differ,3,3,False,True,901,1,True,1159,1,True,1155,1,data/d4d_concatenated/claudecode_api/2026-09-04f_claude-opus-5-api-generic-v8_rep1/VOICE_d4d.yaml,data/d4d_concatenated/claudecode_api/2026-09-04f_claude-opus-5-api-generic-v8_rep2/VOICE_d4d.yaml,data/d4d_concatenated/claudecode_api/2026-09-04f_claude-opus-5-api-generic-v8_rep3/VOICE_d4d.yaml
VOICE,v8,Composition,Composition,external_resources,nested,all_differ,3,3,False,True,1667,5,True,1371,1,True,1523,6,data/d4d_concatenated/claudecode_api/2026-09-04f_claude-opus-5-api-generic-v8_rep1/VOICE_d4d.yaml,data/d4d_concatenated/claudecode_api/2026-09-04f_claude-opus-5-api-generic-v8_rep2/VOICE_d4d.yaml,data/d4d_concatenated/claudecode_api/2026-09-04f_claude-opus-5-api-generic-v8_rep3/VOICE_d4d.yaml
VOICE,v8,Composition,Composition,instances,nested,all_differ,3,3,False,True,1717,2,True,2485,3,True,1563,2,data/d4d_concatenated/claudecode_api/2026-09-04f_claude-opus-5-api-generic-v8_rep1/VOICE_d4d.yaml,data/d4d_concatenated/claudecode_api/2026-09-04f_claude-opus-5-api-generic-v8_rep2/VOICE_d4d.yaml,data/d4d_concatenated/claudecode_api/2026-09-04f_claude-opus-5-api-generic-v8_rep3/VOICE_d4d.yaml
VOICE,v8,Composition,Composition,anomalies,nested,all_differ,3,3,False,True,615,3,True,684,4,True,843,4,data/d4d_concatenated/claudecode_api/2026-09-04f_claude-opus-5-api-generic-v8_rep1/VOICE_d4d.yaml,data/d4d_concatenated/claudecode_api/2026-09-04f_claude-opus-5-api-generic-v8_rep2/VOICE_d4d.yaml,data/d4d_concatenated/claudecode_api/2026-09-04f_claude-opus-5-api-generic-v8_rep3/VOICE_d4d.yaml
VOICE,v8,Composition,Composition,known_biases,nested,all_differ,3,3,False,True,1164,3,True,1748,4,True,1745,4,data/d4d_concatenated/claudecode_api/2026-09-04f_claude-opus-5-api-generic-v8_rep1/VOICE_d4d.yaml,data/d4d_concatenated/claudecode_api/2026-09-04f_claude-opus-5-api-generic-v8_rep2/VOICE_d4d.yaml,data/d4d_concatenated/claudecode_api/2026-09-04f_claude-opus-5-api-generic-v8_rep3/VOICE_d4d.yaml
VOICE,v8,Composition,Composition,known_limitations,nested,all_differ,3,3,False,True,1834,5,True,1990,5,True,1934,6,data/d4d_concatenated/claudecode_api/2026-09-04f_claude-opus-5-api-generic-v8_rep1/VOICE_d4d.yaml,data/d4d_concatenated/claudecode_api/2026-09-04f_claude-opus-5-api-generic-v8_rep2/VOICE_d4d.yaml,data/d4d_concatenated/claudecode_api/2026-09-04f_claude-opus-5-api-generic-v8_rep3/VOICE_d4d.yaml
VOICE,v8,Composition,Composition,confidential_elements,nested,all_differ,3,3,False,True,286,1,True,554,1,True,386,1,data/d4d_concatenated/claudecode_api/2026-09-04f_claude-opus-5-api-generic-v8_rep1/VOICE_d4d.yaml,data/d4d_concatenated/claudecode_api/2026-09-04f_claude-opus-5-api-generic-v8_rep2/VOICE_d4d.yaml,data/d4d_concatenated/claudecode_api/2026-09-04f_claude-opus-5-api-generic-v8_rep3/VOICE_d4d.yaml
VOICE,v8,Composition,Composition,content_warnings,nested,all_differ,3,3,False,True,823,1,True,735,1,True,633,1,data/d4d_concatenated/claudecode_api/2026-09-04f_claude-opus-5-api-generic-v8_rep1/VOICE_d4d.yaml,data/d4d_concatenated/claudecode_api/2026-09-04f_claude-opus-5-api-generic-v8_rep2/VOICE_d4d.yaml,data/d4d_concatenated/claudecode_api/2026-09-04f_claude-opus-5-api-generic-v8_rep3/VOICE_d4d.yaml
VOICE,v8,Composition,Composition,subpopulations,nested,all_differ,3,3,False,True,524,1,True,925,2,True,675,1,data/d4d_concatenated/claudecode_api/2026-09-04f_claude-opus-5-api-generic-v8_rep1/VOICE_d4d.yaml,data/d4d_concatenated/claudecode_api/2026-09-04f_claude-opus-5-api-generic-v8_rep2/VOICE_d4d.yaml,data/d4d_concatenated/claudecode_api/2026-09-04f_claude-opus-5-api-generic-v8_rep3/VOICE_d4d.yaml
VOICE,v8,Composition,Composition,sensitive_elements,nested,all_differ,3,3,False,True,626,3,True,801,1,True,428,1,data/d4d_concatenated/claudecode_api/2026-09-04f_claude-opus-5-api-generic-v8_rep1/VOICE_d4d.yaml,data/d4d_concatenated/claudecode_api/2026-09-04f_claude-opus-5-api-generic-v8_rep2/VOICE_d4d.yaml,data/d4d_concatenated/claudecode_api/2026-09-04f_claude-opus-5-api-generic-v8_rep3/VOICE_d4d.yaml
VOICE,v8,Composition,Composition,relationships,nested,all_differ,3,3,False,True,512,2,True,375,1,True,788,1,data/d4d_concatenated/claudecode_api/2026-09-04f_claude-opus-5-api-generic-v8_rep1/VOICE_d4d.yaml,data/d4d_concatenated/claudecode_api/2026-09-04f_claude-opus-5-api-generic-v8_rep2/VOICE_d4d.yaml,data/d4d_concatenated/claudecode_api/2026-09-04f_claude-opus-5-api-generic-v8_rep3/VOICE_d4d.yaml
VOICE,v8,Composition,Composition,splits,nested,all_differ,3,3,False,True,178,1,True,114,1,True,304,1,data/d4d_concatenated/claudecode_api/2026-09-04f_claude-opus-5-api-generic-v8_rep1/VOICE_d4d.yaml,data/d4d_concatenated/claudecode_api/2026-09-04f_claude-opus-5-api-generic-v8_rep2/VOICE_d4d.yaml,data/d4d_concatenated/claudecode_api/2026-09-04f_claude-opus-5-api-generic-v8_rep3/VOICE_d4d.yaml
VOICE,v8,Composition,Composition,sampling_strategies,nested,all_differ,3,3,False,True,888,1,True,816,1,True,1320,1,data/d4d_concatenated/claudecode_api/2026-09-04f_claude-opus-5-api-generic-v8_rep1/VOICE_d4d.yaml,data/d4d_concatenated/claudecode_api/2026-09-04f_claude-opus-5-api-generic-v8_rep2/VOICE_d4d.yaml,data/d4d_concatenated/claudecode_api/2026-09-04f_claude-opus-5-api-generic-v8_rep3/VOICE_d4d.yaml
VOICE,v8,Composition,Composition,is_deidentified,nested,all_differ,3,3,False,True,1615,,True,2236,,True,1768,,data/d4d_concatenated/claudecode_api/2026-09-04f_claude-opus-5-api-generic-v8_rep1/VOICE_d4d.yaml,data/d4d_concatenated/claudecode_api/2026-09-04f_claude-opus-5-api-generic-v8_rep2/VOICE_d4d.yaml,data/d4d_concatenated/claudecode_api/2026-09-04f_claude-opus-5-api-generic-v8_rep3/VOICE_d4d.yaml
VOICE,v8,Composition,Composition,related_datasets,nested,all_differ,3,3,False,True,1046,4,True,1808,4,True,4123,7,data/d4d_concatenated/claudecode_api/2026-09-04f_claude-opus-5-api-generic-v8_rep1/VOICE_d4d.yaml,data/d4d_concatenated/claudecode_api/2026-09-04f_claude-opus-5-api-generic-v8_rep2/VOICE_d4d.yaml,data/d4d_concatenated/claudecode_api/2026-09-04f_claude-opus-5-api-generic-v8_rep3/VOICE_d4d.yaml
VOICE,v8,Collection,Collection,acquisition_methods,nested,all_differ,3,3,False,True,624,2,True,684,1,True,589,1,data/d4d_concatenated/claudecode_api/2026-09-04f_claude-opus-5-api-generic-v8_rep1/VOICE_d4d.yaml,data/d4d_concatenated/claudecode_api/2026-09-04f_claude-opus-5-api-generic-v8_rep2/VOICE_d4d.yaml,data/d4d_concatenated/claudecode_api/2026-09-04f_claude-opus-5-api-generic-v8_rep3/VOICE_d4d.yaml
VOICE,v8,Collection,Collection,collection_mechanisms,nested,all_differ,3,3,False,True,549,2,True,946,2,True,751,3,data/d4d_concatenated/claudecode_api/2026-09-04f_claude-opus-5-api-generic-v8_rep1/VOICE_d4d.yaml,data/d4d_concatenated/claudecode_api/2026-09-04f_claude-opus-5-api-generic-v8_rep2/VOICE_d4d.yaml,data/d4d_concatenated/claudecode_api/2026-09-04f_claude-opus-5-api-generic-v8_rep3/VOICE_d4d.yaml
VOICE,v8,Collection,Collection,data_collectors,nested,all_differ,3,3,False,True,747,3,True,797,2,True,623,2,data/d4d_concatenated/claudecode_api/2026-09-04f_claude-opus-5-api-generic-v8_rep1/VOICE_d4d.yaml,data/d4d_concatenated/claudecode_api/2026-09-04f_claude-opus-5-api-generic-v8_rep2/VOICE_d4d.yaml,data/d4d_concatenated/claudecode_api/2026-09-04f_claude-opus-5-api-generic-v8_rep3/VOICE_d4d.yaml
VOICE,v8,Collection,Collection,collection_timeframes,nested,all_differ,3,3,False,True,380,1,True,683,1,True,383,1,data/d4d_concatenated/claudecode_api/2026-09-04f_claude-opus-5-api-generic-v8_rep1/VOICE_d4d.yaml,data/d4d_concatenated/claudecode_api/2026-09-04f_claude-opus-5-api-generic-v8_rep2/VOICE_d4d.yaml,data/d4d_concatenated/claudecode_api/2026-09-04f_claude-opus-5-api-generic-v8_rep3/VOICE_d4d.yaml
VOICE,v8,Collection,Collection,direct_collection,nested,all_differ,3,3,False,True,198,1,True,213,1,True,208,1,data/d4d_concatenated/claudecode_api/2026-09-04f_claude-opus-5-api-generic-v8_rep1/VOICE_d4d.yaml,data/d4d_concatenated/claudecode_api/2026-09-04f_claude-opus-5-api-generic-v8_rep2/VOICE_d4d.yaml,data/d4d_concatenated/claudecode_api/2026-09-04f_claude-opus-5-api-generic-v8_rep3/VOICE_d4d.yaml
VOICE,v8,Collection,Collection,missing_data_documentation,nested,all_differ,3,3,False,True,753,1,True,974,1,True,864,1,data/d4d_concatenated/claudecode_api/2026-09-04f_claude-opus-5-api-generic-v8_rep1/VOICE_d4d.yaml,data/d4d_concatenated/claudecode_api/2026-09-04f_claude-opus-5-api-generic-v8_rep2/VOICE_d4d.yaml,data/d4d_concatenated/claudecode_api/2026-09-04f_claude-opus-5-api-generic-v8_rep3/VOICE_d4d.yaml
VOICE,v8,Collection,Collection,raw_data_sources,nested,intermittent,2,,,True,821,2,False,,,True,1751,3,data/d4d_concatenated/claudecode_api/2026-09-04f_claude-opus-5-api-generic-v8_rep1/VOICE_d4d.yaml,data/d4d_concatenated/claudecode_api/2026-09-04f_claude-opus-5-api-generic-v8_rep2/VOICE_d4d.yaml,data/d4d_concatenated/claudecode_api/2026-09-04f_claude-opus-5-api-generic-v8_rep3/VOICE_d4d.yaml
VOICE,v8,Preprocessing,Preprocessing,preprocessing_strategies,nested,all_differ,3,3,False,True,1311,6,True,1198,2,True,1363,5,data/d4d_concatenated/claudecode_api/2026-09-04f_claude-opus-5-api-generic-v8_rep1/VOICE_d4d.yaml,data/d4d_concatenated/claudecode_api/2026-09-04f_claude-opus-5-api-generic-v8_rep2/VOICE_d4d.yaml,data/d4d_concatenated/claudecode_api/2026-09-04f_claude-opus-5-api-generic-v8_rep3/VOICE_d4d.yaml
VOICE,v8,Preprocessing,Preprocessing,cleaning_strategies,nested,all_differ,3,3,False,True,595,2,True,735,1,True,671,1,data/d4d_concatenated/claudecode_api/2026-09-04f_claude-opus-5-api-generic-v8_rep1/VOICE_d4d.yaml,data/d4d_concatenated/claudecode_api/2026-09-04f_claude-opus-5-api-generic-v8_rep2/VOICE_d4d.yaml,data/d4d_concatenated/claudecode_api/2026-09-04f_claude-opus-5-api-generic-v8_rep3/VOICE_d4d.yaml
VOICE,v8,Preprocessing,Preprocessing,labeling_strategies,nested,all_differ,3,3,False,True,783,1,True,1428,1,True,1232,1,data/d4d_concatenated/claudecode_api/2026-09-04f_claude-opus-5-api-generic-v8_rep1/VOICE_d4d.yaml,data/d4d_concatenated/claudecode_api/2026-09-04f_claude-opus-5-api-generic-v8_rep2/VOICE_d4d.yaml,data/d4d_concatenated/claudecode_api/2026-09-04f_claude-opus-5-api-generic-v8_rep3/VOICE_d4d.yaml
VOICE,v8,Preprocessing,Preprocessing,raw_sources,nested,intermittent,1,,,False,,,True,804,1,False,,,data/d4d_concatenated/claudecode_api/2026-09-04f_claude-opus-5-api-generic-v8_rep1/VOICE_d4d.yaml,data/d4d_concatenated/claudecode_api/2026-09-04f_claude-opus-5-api-generic-v8_rep2/VOICE_d4d.yaml,data/d4d_concatenated/claudecode_api/2026-09-04f_claude-opus-5-api-generic-v8_rep3/VOICE_d4d.yaml
VOICE,v8,Preprocessing,Preprocessing,imputation_protocols,nested,absent,0,,,False,,,False,,,False,,,data/d4d_concatenated/claudecode_api/2026-09-04f_claude-opus-5-api-generic-v8_rep1/VOICE_d4d.yaml,data/d4d_concatenated/claudecode_api/2026-09-04f_claude-opus-5-api-generic-v8_rep2/VOICE_d4d.yaml,data/d4d_concatenated/claudecode_api/2026-09-04f_claude-opus-5-api-generic-v8_rep3/VOICE_d4d.yaml
VOICE,v8,Preprocessing,Preprocessing,annotation_analyses,nested,absent,0,,,False,,,False,,,False,,,data/d4d_concatenated/claudecode_api/2026-09-04f_claude-opus-5-api-generic-v8_rep1/VOICE_d4d.yaml,data/d4d_concatenated/claudecode_api/2026-09-04f_claude-opus-5-api-generic-v8_rep2/VOICE_d4d.yaml,data/d4d_concatenated/claudecode_api/2026-09-04f_claude-opus-5-api-generic-v8_rep3/VOICE_d4d.yaml
VOICE,v8,Preprocessing,Preprocessing,machine_annotation_tools,nested,all_differ,3,3,False,True,801,1,True,1189,1,True,999,1,data/d4d_concatenated/claudecode_api/2026-09-04f_claude-opus-5-api-generic-v8_rep1/VOICE_d4d.yaml,data/d4d_concatenated/claudecode_api/2026-09-04f_claude-opus-5-api-generic-v8_rep2/VOICE_d4d.yaml,data/d4d_concatenated/claudecode_api/2026-09-04f_claude-opus-5-api-generic-v8_rep3/VOICE_d4d.yaml
VOICE,v8,Uses,Uses,existing_uses,nested,all_differ,3,3,False,True,133,1,True,252,1,True,269,1,data/d4d_concatenated/claudecode_api/2026-09-04f_claude-opus-5-api-generic-v8_rep1/VOICE_d4d.yaml,data/d4d_concatenated/claudecode_api/2026-09-04f_claude-opus-5-api-generic-v8_rep2/VOICE_d4d.yaml,data/d4d_concatenated/claudecode_api/2026-09-04f_claude-opus-5-api-generic-v8_rep3/VOICE_d4d.yaml
VOICE,v8,Uses,Uses,use_repository,nested,absent,0,,,False,,,False,,,False,,,data/d4d_concatenated/claudecode_api/2026-09-04f_claude-opus-5-api-generic-v8_rep1/VOICE_d4d.yaml,data/d4d_concatenated/claudecode_api/2026-09-04f_claude-opus-5-api-generic-v8_rep2/VOICE_d4d.yaml,data/d4d_concatenated/claudecode_api/2026-09-04f_claude-opus-5-api-generic-v8_rep3/VOICE_d4d.yaml
VOICE,v8,Uses,Uses,other_tasks,nested,intermittent,1,,,True,170,1,False,,,False,,,data/d4d_concatenated/claudecode_api/2026-09-04f_claude-opus-5-api-generic-v8_rep1/VOICE_d4d.yaml,data/d4d_concatenated/claudecode_api/2026-09-04f_claude-opus-5-api-generic-v8_rep2/VOICE_d4d.yaml,data/d4d_concatenated/claudecode_api/2026-09-04f_claude-opus-5-api-generic-v8_rep3/VOICE_d4d.yaml
VOICE,v8,Uses,Uses,future_use_impacts,nested,all_differ,3,3,False,True,557,2,True,665,2,True,347,1,data/d4d_concatenated/claudecode_api/2026-09-04f_claude-opus-5-api-generic-v8_rep1/VOICE_d4d.yaml,data/d4d_concatenated/claudecode_api/2026-09-04f_claude-opus-5-api-generic-v8_rep2/VOICE_d4d.yaml,data/d4d_concatenated/claudecode_api/2026-09-04f_claude-opus-5-api-generic-v8_rep3/VOICE_d4d.yaml
VOICE,v8,Uses,Uses,discouraged_uses,nested,all_differ,3,3,False,True,368,1,True,641,2,True,358,1,data/d4d_concatenated/claudecode_api/2026-09-04f_claude-opus-5-api-generic-v8_rep1/VOICE_d4d.yaml,data/d4d_concatenated/claudecode_api/2026-09-04f_claude-opus-5-api-generic-v8_rep2/VOICE_d4d.yaml,data/d4d_concatenated/claudecode_api/2026-09-04f_claude-opus-5-api-generic-v8_rep3/VOICE_d4d.yaml
VOICE,v8,Uses,Uses,intended_uses,nested,all_differ,3,3,False,True,560,2,True,933,3,True,555,2,data/d4d_concatenated/claudecode_api/2026-09-04f_claude-opus-5-api-generic-v8_rep1/VOICE_d4d.yaml,data/d4d_concatenated/claudecode_api/2026-09-04f_claude-opus-5-api-generic-v8_rep2/VOICE_d4d.yaml,data/d4d_concatenated/claudecode_api/2026-09-04f_claude-opus-5-api-generic-v8_rep3/VOICE_d4d.yaml
VOICE,v8,Uses,Uses,prohibited_uses,nested,all_differ,3,3,False,True,1027,3,True,1042,4,True,1091,3,data/d4d_concatenated/claudecode_api/2026-09-04f_claude-opus-5-api-generic-v8_rep1/VOICE_d4d.yaml,data/d4d_concatenated/claudecode_api/2026-09-04f_claude-opus-5-api-generic-v8_rep2/VOICE_d4d.yaml,data/d4d_concatenated/claudecode_api/2026-09-04f_claude-opus-5-api-generic-v8_rep3/VOICE_d4d.yaml
VOICE,v8,Distribution,Distribution,distribution_formats,nested,all_differ,3,3,False,True,1166,3,True,595,2,True,414,1,data/d4d_concatenated/claudecode_api/2026-09-04f_claude-opus-5-api-generic-v8_rep1/VOICE_d4d.yaml,data/d4d_concatenated/claudecode_api/2026-09-04f_claude-opus-5-api-generic-v8_rep2/VOICE_d4d.yaml,data/d4d_concatenated/claudecode_api/2026-09-04f_claude-opus-5-api-generic-v8_rep3/VOICE_d4d.yaml
VOICE,v8,Distribution,Distribution,distribution_dates,nested,all_differ,3,3,False,True,373,1,True,273,1,True,412,1,data/d4d_concatenated/claudecode_api/2026-09-04f_claude-opus-5-api-generic-v8_rep1/VOICE_d4d.yaml,data/d4d_concatenated/claudecode_api/2026-09-04f_claude-opus-5-api-generic-v8_rep2/VOICE_d4d.yaml,data/d4d_concatenated/claudecode_api/2026-09-04f_claude-opus-5-api-generic-v8_rep3/VOICE_d4d.yaml
VOICE,v8,Distribution,Distribution,third_party_sharing,nested,all_differ,3,3,False,True,472,1,True,435,1,True,474,1,data/d4d_concatenated/claudecode_api/2026-09-04f_claude-opus-5-api-generic-v8_rep1/VOICE_d4d.yaml,data/d4d_concatenated/claudecode_api/2026-09-04f_claude-opus-5-api-generic-v8_rep2/VOICE_d4d.yaml,data/d4d_concatenated/claudecode_api/2026-09-04f_claude-opus-5-api-generic-v8_rep3/VOICE_d4d.yaml
VOICE,v8,Maintenance,Maintenance,maintainers,nested,all_differ,3,3,False,True,865,3,True,600,2,True,847,3,data/d4d_concatenated/claudecode_api/2026-09-04f_claude-opus-5-api-generic-v8_rep1/VOICE_d4d.yaml,data/d4d_concatenated/claudecode_api/2026-09-04f_claude-opus-5-api-generic-v8_rep2/VOICE_d4d.yaml,data/d4d_concatenated/claudecode_api/2026-09-04f_claude-opus-5-api-generic-v8_rep3/VOICE_d4d.yaml
VOICE,v8,Maintenance,Maintenance,errata,nested,all_differ,3,3,False,True,760,1,True,808,3,True,566,1,data/d4d_concatenated/claudecode_api/2026-09-04f_claude-opus-5-api-generic-v8_rep1/VOICE_d4d.yaml,data/d4d_concatenated/claudecode_api/2026-09-04f_claude-opus-5-api-generic-v8_rep2/VOICE_d4d.yaml,data/d4d_concatenated/claudecode_api/2026-09-04f_claude-opus-5-api-generic-v8_rep3/VOICE_d4d.yaml
VOICE,v8,Maintenance,Maintenance,updates,nested,all_differ,3,3,False,True,596,,True,694,,True,423,,data/d4d_concatenated/claudecode_api/2026-09-04f_claude-opus-5-api-generic-v8_rep1/VOICE_d4d.yaml,data/d4d_concatenated/claudecode_api/2026-09-04f_claude-opus-5-api-generic-v8_rep2/VOICE_d4d.yaml,data/d4d_concatenated/claudecode_api/2026-09-04f_claude-opus-5-api-generic-v8_rep3/VOICE_d4d.yaml
VOICE,v8,Maintenance,Maintenance,retention_limit,nested,all_differ,3,3,False,True,867,,True,914,,True,940,,data/d4d_concatenated/claudecode_api/2026-09-04f_claude-opus-5-api-generic-v8_rep1/VOICE_d4d.yaml,data/d4d_concatenated/claudecode_api/2026-09-04f_claude-opus-5-api-generic-v8_rep2/VOICE_d4d.yaml,data/d4d_concatenated/claudecode_api/2026-09-04f_claude-opus-5-api-generic-v8_rep3/VOICE_d4d.yaml
VOICE,v8,Maintenance,Maintenance,version_access,nested,all_differ,3,3,False,True,660,,True,1263,,True,1211,,data/d4d_concatenated/claudecode_api/2026-09-04f_claude-opus-5-api-generic-v8_rep1/VOICE_d4d.yaml,data/d4d_concatenated/claudecode_api/2026-09-04f_claude-opus-5-api-generic-v8_rep2/VOICE_d4d.yaml,data/d4d_concatenated/claudecode_api/2026-09-04f_claude-opus-5-api-generic-v8_rep3/VOICE_d4d.yaml
VOICE,v8,Maintenance,Maintenance,extension_mechanism,nested,all_differ,3,3,False,True,452,,True,469,,True,458,,data/d4d_concatenated/claudecode_api/2026-09-04f_claude-opus-5-api-generic-v8_rep1/VOICE_d4d.yaml,data/d4d_concatenated/claudecode_api/2026-09-04f_claude-opus-5-api-generic-v8_rep2/VOICE_d4d.yaml,data/d4d_concatenated/claudecode_api/2026-09-04f_claude-opus-5-api-generic-v8_rep3/VOICE_d4d.yaml
VOICE,v8,Ethics,Ethics,collection_notifications,nested,all_differ,3,3,False,True,256,1,True,255,1,True,429,1,data/d4d_concatenated/claudecode_api/2026-09-04f_claude-opus-5-api-generic-v8_rep1/VOICE_d4d.yaml,data/d4d_concatenated/claudecode_api/2026-09-04f_claude-opus-5-api-generic-v8_rep2/VOICE_d4d.yaml,data/d4d_concatenated/claudecode_api/2026-09-04f_claude-opus-5-api-generic-v8_rep3/VOICE_d4d.yaml
VOICE,v8,Ethics,Ethics,collection_consents,nested,all_differ,3,3,False,True,540,2,True,220,1,True,357,1,data/d4d_concatenated/claudecode_api/2026-09-04f_claude-opus-5-api-generic-v8_rep1/VOICE_d4d.yaml,data/d4d_concatenated/claudecode_api/2026-09-04f_claude-opus-5-api-generic-v8_rep2/VOICE_d4d.yaml,data/d4d_concatenated/claudecode_api/2026-09-04f_claude-opus-5-api-generic-v8_rep3/VOICE_d4d.yaml
VOICE,v8,Ethics,Ethics,consent_revocations,nested,all_differ,3,3,False,True,558,1,True,550,1,True,529,1,data/d4d_concatenated/claudecode_api/2026-09-04f_claude-opus-5-api-generic-v8_rep1/VOICE_d4d.yaml,data/d4d_concatenated/claudecode_api/2026-09-04f_claude-opus-5-api-generic-v8_rep2/VOICE_d4d.yaml,data/d4d_concatenated/claudecode_api/2026-09-04f_claude-opus-5-api-generic-v8_rep3/VOICE_d4d.yaml
VOICE,v8,Ethics,Ethics,ethical_reviews,nested,all_differ,3,3,False,True,570,1,True,352,1,True,1126,3,data/d4d_concatenated/claudecode_api/2026-09-04f_claude-opus-5-api-generic-v8_rep1/VOICE_d4d.yaml,data/d4d_concatenated/claudecode_api/2026-09-04f_claude-opus-5-api-generic-v8_rep2/VOICE_d4d.yaml,data/d4d_concatenated/claudecode_api/2026-09-04f_claude-opus-5-api-generic-v8_rep3/VOICE_d4d.yaml
VOICE,v8,Ethics,Ethics,data_protection_impacts,nested,intermittent,1,,,True,166,1,False,,,False,,,data/d4d_concatenated/claudecode_api/2026-09-04f_claude-opus-5-api-generic-v8_rep1/VOICE_d4d.yaml,data/d4d_concatenated/claudecode_api/2026-09-04f_claude-opus-5-api-generic-v8_rep2/VOICE_d4d.yaml,data/d4d_concatenated/claudecode_api/2026-09-04f_claude-opus-5-api-generic-v8_rep3/VOICE_d4d.yaml
VOICE,v8,Human,Human,human_subject_research,nested,all_differ,3,3,False,True,1670,,True,917,,True,1150,,data/d4d_concatenated/claudecode_api/2026-09-04f_claude-opus-5-api-generic-v8_rep1/VOICE_d4d.yaml,data/d4d_concatenated/claudecode_api/2026-09-04f_claude-opus-5-api-generic-v8_rep2/VOICE_d4d.yaml,data/d4d_concatenated/claudecode_api/2026-09-04f_claude-opus-5-api-generic-v8_rep3/VOICE_d4d.yaml
VOICE,v8,Human,Human,informed_consent,nested,all_differ,3,3,False,True,1280,1,True,1746,1,True,1769,1,data/d4d_concatenated/claudecode_api/2026-09-04f_claude-opus-5-api-generic-v8_rep1/VOICE_d4d.yaml,data/d4d_concatenated/claudecode_api/2026-09-04f_claude-opus-5-api-generic-v8_rep2/VOICE_d4d.yaml,data/d4d_concatenated/claudecode_api/2026-09-04f_claude-opus-5-api-generic-v8_rep3/VOICE_d4d.yaml
VOICE,v8,Human,Human,at_risk_populations,nested,intermittent,2,,,True,1378,,False,,,True,811,,data/d4d_concatenated/claudecode_api/2026-09-04f_claude-opus-5-api-generic-v8_rep1/VOICE_d4d.yaml,data/d4d_concatenated/claudecode_api/2026-09-04f_claude-opus-5-api-generic-v8_rep2/VOICE_d4d.yaml,data/d4d_concatenated/claudecode_api/2026-09-04f_claude-opus-5-api-generic-v8_rep3/VOICE_d4d.yaml
VOICE,v8,Human,Human,participant_privacy,nested,all_differ,3,3,False,True,1341,1,True,1526,1,True,1302,1,data/d4d_concatenated/claudecode_api/2026-09-04f_claude-opus-5-api-generic-v8_rep1/VOICE_d4d.yaml,data/d4d_concatenated/claudecode_api/2026-09-04f_claude-opus-5-api-generic-v8_rep2/VOICE_d4d.yaml,data/d4d_concatenated/claudecode_api/2026-09-04f_claude-opus-5-api-generic-v8_rep3/VOICE_d4d.yaml
VOICE,v8,Human,Human,participant_compensation,nested,all_differ,3,3,False,True,423,1,True,484,1,True,589,1,data/d4d_concatenated/claudecode_api/2026-09-04f_claude-opus-5-api-generic-v8_rep1/VOICE_d4d.yaml,data/d4d_concatenated/claudecode_api/2026-09-04f_claude-opus-5-api-generic-v8_rep2/VOICE_d4d.yaml,data/d4d_concatenated/claudecode_api/2026-09-04f_claude-opus-5-api-generic-v8_rep3/VOICE_d4d.yaml
VOICE,v8,Data Governance,Data Governance,license_and_use_terms,nested,all_differ,3,3,False,True,813,,True,1591,,True,827,,data/d4d_concatenated/claudecode_api/2026-09-04f_claude-opus-5-api-generic-v8_rep1/VOICE_d4d.yaml,data/d4d_concatenated/claudecode_api/2026-09-04f_claude-opus-5-api-generic-v8_rep2/VOICE_d4d.yaml,data/d4d_concatenated/claudecode_api/2026-09-04f_claude-opus-5-api-generic-v8_rep3/VOICE_d4d.yaml
VOICE,v8,Data Governance,Data Governance,ip_restrictions,nested,all_differ,3,3,False,True,875,,True,1029,,True,1040,,data/d4d_concatenated/claudecode_api/2026-09-04f_claude-opus-5-api-generic-v8_rep1/VOICE_d4d.yaml,data/d4d_concatenated/claudecode_api/2026-09-04f_claude-opus-5-api-generic-v8_rep2/VOICE_d4d.yaml,data/d4d_concatenated/claudecode_api/2026-09-04f_claude-opus-5-api-generic-v8_rep3/VOICE_d4d.yaml
VOICE,v8,Data Governance,Data Governance,regulatory_restrictions,nested,all_differ,3,3,False,True,1021,,True,1320,,True,1035,,data/d4d_concatenated/claudecode_api/2026-09-04f_claude-opus-5-api-generic-v8_rep1/VOICE_d4d.yaml,data/d4d_concatenated/claudecode_api/2026-09-04f_claude-opus-5-api-generic-v8_rep2/VOICE_d4d.yaml,data/d4d_concatenated/claudecode_api/2026-09-04f_claude-opus-5-api-generic-v8_rep3/VOICE_d4d.yaml
VOICE,v8,Data Governance,Data Governance,data_governance,nested,intermittent,2,,,True,2198,,False,,,True,1448,,data/d4d_concatenated/claudecode_api/2026-09-04f_claude-opus-5-api-generic-v8_rep1/VOICE_d4d.yaml,data/d4d_concatenated/claudecode_api/2026-09-04f_claude-opus-5-api-generic-v8_rep2/VOICE_d4d.yaml,data/d4d_concatenated/claudecode_api/2026-09-04f_claude-opus-5-api-generic-v8_rep3/VOICE_d4d.yaml
VOICE,v8,Variables,Variables,variables,nested,all_differ,3,3,False,True,660,4,True,654,4,True,1072,4,data/d4d_concatenated/claudecode_api/2026-09-04f_claude-opus-5-api-generic-v8_rep1/VOICE_d4d.yaml,data/d4d_concatenated/claudecode_api/2026-09-04f_claude-opus-5-api-generic-v8_rep2/VOICE_d4d.yaml,data/d4d_concatenated/claudecode_api/2026-09-04f_claude-opus-5-api-generic-v8_rep3/VOICE_d4d.yaml
VOICE,v8,FileCollection,FileCollection,file_collections,nested,all_differ,3,3,False,True,5017,3,True,2254,3,True,5469,3,data/d4d_concatenated/claudecode_api/2026-09-04f_claude-opus-5-api-generic-v8_rep1/VOICE_d4d.yaml,data/d4d_concatenated/claudecode_api/2026-09-04f_claude-opus-5-api-generic-v8_rep2/VOICE_d4d.yaml,data/d4d_concatenated/claudecode_api/2026-09-04f_claude-opus-5-api-generic-v8_rep3/VOICE_d4d.yaml
VOICE,v8,Base / root,Base / root: scalar,total_file_count,scalar,absent,0,,,False,,,False,,,False,,,data/d4d_concatenated/claudecode_api/2026-09-04f_claude-opus-5-api-generic-v8_rep1/VOICE_d4d.yaml,data/d4d_concatenated/claudecode_api/2026-09-04f_claude-opus-5-api-generic-v8_rep2/VOICE_d4d.yaml,data/d4d_concatenated/claudecode_api/2026-09-04f_claude-opus-5-api-generic-v8_rep3/VOICE_d4d.yaml
VOICE,v8,Base / root,Base / root: scalar,total_size_bytes,scalar,absent,0,,,False,,,False,,,False,,,data/d4d_concatenated/claudecode_api/2026-09-04f_claude-opus-5-api-generic-v8_rep1/VOICE_d4d.yaml,data/d4d_concatenated/claudecode_api/2026-09-04f_claude-opus-5-api-generic-v8_rep2/VOICE_d4d.yaml,data/d4d_concatenated/claudecode_api/2026-09-04f_claude-opus-5-api-generic-v8_rep3/VOICE_d4d.yaml
VOICE,v8,Base / root,Base / root: scalar,is_tabular,scalar,absent,0,,,False,,,False,,,False,,,data/d4d_concatenated/claudecode_api/2026-09-04f_claude-opus-5-api-generic-v8_rep1/VOICE_d4d.yaml,data/d4d_concatenated/claudecode_api/2026-09-04f_claude-opus-5-api-generic-v8_rep2/VOICE_d4d.yaml,data/d4d_concatenated/claudecode_api/2026-09-04f_claude-opus-5-api-generic-v8_rep3/VOICE_d4d.yaml
VOICE,v8,Base / root,Base / root: scalar,compression,scalar,absent,0,,,False,,,False,,,False,,,data/d4d_concatenated/claudecode_api/2026-09-04f_claude-opus-5-api-generic-v8_rep1/VOICE_d4d.yaml,data/d4d_concatenated/claudecode_api/2026-09-04f_claude-opus-5-api-generic-v8_rep2/VOICE_d4d.yaml,data/d4d_concatenated/claudecode_api/2026-09-04f_claude-opus-5-api-generic-v8_rep3/VOICE_d4d.yaml
VOICE,v8,Base / root,Base / root: scalar,conforms_to_class,scalar,identical,3,1,True,True,12,,True,12,,True,12,,data/d4d_concatenated/claudecode_api/2026-09-04f_claude-opus-5-api-generic-v8_rep1/VOICE_d4d.yaml,data/d4d_concatenated/claudecode_api/2026-09-04f_claude-opus-5-api-generic-v8_rep2/VOICE_d4d.yaml,data/d4d_concatenated/claudecode_api/2026-09-04f_claude-opus-5-api-generic-v8_rep3/VOICE_d4d.yaml
VOICE,v8,Base / root,Base / root: scalar,conforms_to_schema,scalar,identical,3,1,True,True,50,,True,50,,True,50,,data/d4d_concatenated/claudecode_api/2026-09-04f_claude-opus-5-api-generic-v8_rep1/VOICE_d4d.yaml,data/d4d_concatenated/claudecode_api/2026-09-04f_claude-opus-5-api-generic-v8_rep2/VOICE_d4d.yaml,data/d4d_concatenated/claudecode_api/2026-09-04f_claude-opus-5-api-generic-v8_rep3/VOICE_d4d.yaml
VOICE,v8,Base / root,Base / root: scalar,created_by,scalar,identical,3,1,True,True,31,,True,31,,True,31,,data/d4d_concatenated/claudecode_api/2026-09-04f_claude-opus-5-api-generic-v8_rep1/VOICE_d4d.yaml,data/d4d_concatenated/claudecode_api/2026-09-04f_claude-opus-5-api-generic-v8_rep2/VOICE_d4d.yaml,data/d4d_concatenated/claudecode_api/2026-09-04f_claude-opus-5-api-generic-v8_rep3/VOICE_d4d.yaml
VOICE,v8,Base / root,Base / root: scalar,created_on,scalar,absent,0,,,False,,,False,,,False,,,data/d4d_concatenated/claudecode_api/2026-09-04f_claude-opus-5-api-generic-v8_rep1/VOICE_d4d.yaml,data/d4d_concatenated/claudecode_api/2026-09-04f_claude-opus-5-api-generic-v8_rep2/VOICE_d4d.yaml,data/d4d_concatenated/claudecode_api/2026-09-04f_claude-opus-5-api-generic-v8_rep3/VOICE_d4d.yaml
VOICE,v8,Base / root,Base / root: scalar,doi,scalar,identical,3,1,True,True,23,,True,23,,True,23,,data/d4d_concatenated/claudecode_api/2026-09-04f_claude-opus-5-api-generic-v8_rep1/VOICE_d4d.yaml,data/d4d_concatenated/claudecode_api/2026-09-04f_claude-opus-5-api-generic-v8_rep2/VOICE_d4d.yaml,data/d4d_concatenated/claudecode_api/2026-09-04f_claude-opus-5-api-generic-v8_rep3/VOICE_d4d.yaml
VOICE,v8,Base / root,Base / root: scalar,download_url,scalar,absent,0,,,False,,,False,,,False,,,data/d4d_concatenated/claudecode_api/2026-09-04f_claude-opus-5-api-generic-v8_rep1/VOICE_d4d.yaml,data/d4d_concatenated/claudecode_api/2026-09-04f_claude-opus-5-api-generic-v8_rep2/VOICE_d4d.yaml,data/d4d_concatenated/claudecode_api/2026-09-04f_claude-opus-5-api-generic-v8_rep3/VOICE_d4d.yaml
VOICE,v8,Base / root,Base / root: scalar,issued,scalar,identical,3,1,True,True,23,,True,23,,True,23,,data/d4d_concatenated/claudecode_api/2026-09-04f_claude-opus-5-api-generic-v8_rep1/VOICE_d4d.yaml,data/d4d_concatenated/claudecode_api/2026-09-04f_claude-opus-5-api-generic-v8_rep2/VOICE_d4d.yaml,data/d4d_concatenated/claudecode_api/2026-09-04f_claude-opus-5-api-generic-v8_rep3/VOICE_d4d.yaml
VOICE,v8,Base / root,Base / root: scalar,language,scalar,two_agree,3,2,False,True,12,,True,7,,True,12,,data/d4d_concatenated/claudecode_api/2026-09-04f_claude-opus-5-api-generic-v8_rep1/VOICE_d4d.yaml,data/d4d_concatenated/claudecode_api/2026-09-04f_claude-opus-5-api-generic-v8_rep2/VOICE_d4d.yaml,data/d4d_concatenated/claudecode_api/2026-09-04f_claude-opus-5-api-generic-v8_rep3/VOICE_d4d.yaml
VOICE,v8,Base / root,Base / root: scalar,last_updated_on,scalar,intermittent,1,,,False,,,True,23,,False,,,data/d4d_concatenated/claudecode_api/2026-09-04f_claude-opus-5-api-generic-v8_rep1/VOICE_d4d.yaml,data/d4d_concatenated/claudecode_api/2026-09-04f_claude-opus-5-api-generic-v8_rep2/VOICE_d4d.yaml,data/d4d_concatenated/claudecode_api/2026-09-04f_claude-opus-5-api-generic-v8_rep3/VOICE_d4d.yaml
VOICE,v8,Base / root,Base / root: scalar,license,scalar,identical,3,1,True,True,46,,True,46,,True,46,,data/d4d_concatenated/claudecode_api/2026-09-04f_claude-opus-5-api-generic-v8_rep1/VOICE_d4d.yaml,data/d4d_concatenated/claudecode_api/2026-09-04f_claude-opus-5-api-generic-v8_rep2/VOICE_d4d.yaml,data/d4d_concatenated/claudecode_api/2026-09-04f_claude-opus-5-api-generic-v8_rep3/VOICE_d4d.yaml
VOICE,v8,Base / root,Base / root: scalar,modified_by,scalar,absent,0,,,False,,,False,,,False,,,data/d4d_concatenated/claudecode_api/2026-09-04f_claude-opus-5-api-generic-v8_rep1/VOICE_d4d.yaml,data/d4d_concatenated/claudecode_api/2026-09-04f_claude-opus-5-api-generic-v8_rep2/VOICE_d4d.yaml,data/d4d_concatenated/claudecode_api/2026-09-04f_claude-opus-5-api-generic-v8_rep3/VOICE_d4d.yaml
VOICE,v8,Base / root,Base / root: scalar,page,scalar,two_agree,3,2,False,True,52,,True,28,,True,52,,data/d4d_concatenated/claudecode_api/2026-09-04f_claude-opus-5-api-generic-v8_rep1/VOICE_d4d.yaml,data/d4d_concatenated/claudecode_api/2026-09-04f_claude-opus-5-api-generic-v8_rep2/VOICE_d4d.yaml,data/d4d_concatenated/claudecode_api/2026-09-04f_claude-opus-5-api-generic-v8_rep3/VOICE_d4d.yaml
VOICE,v8,Base / root,Base / root: scalar,publisher,scalar,identical,3,1,True,True,27,,True,27,,True,27,,data/d4d_concatenated/claudecode_api/2026-09-04f_claude-opus-5-api-generic-v8_rep1/VOICE_d4d.yaml,data/d4d_concatenated/claudecode_api/2026-09-04f_claude-opus-5-api-generic-v8_rep2/VOICE_d4d.yaml,data/d4d_concatenated/claudecode_api/2026-09-04f_claude-opus-5-api-generic-v8_rep3/VOICE_d4d.yaml
VOICE,v8,Base / root,Base / root: scalar,status,scalar,identical,3,1,True,True,14,,True,14,,True,14,,data/d4d_concatenated/claudecode_api/2026-09-04f_claude-opus-5-api-generic-v8_rep1/VOICE_d4d.yaml,data/d4d_concatenated/claudecode_api/2026-09-04f_claude-opus-5-api-generic-v8_rep2/VOICE_d4d.yaml,data/d4d_concatenated/claudecode_api/2026-09-04f_claude-opus-5-api-generic-v8_rep3/VOICE_d4d.yaml
VOICE,v8,Base / root,Base / root: scalar,title,scalar,identical,3,1,True,True,92,,True,92,,True,92,,data/d4d_concatenated/claudecode_api/2026-09-04f_claude-opus-5-api-generic-v8_rep1/VOICE_d4d.yaml,data/d4d_concatenated/claudecode_api/2026-09-04f_claude-opus-5-api-generic-v8_rep2/VOICE_d4d.yaml,data/d4d_concatenated/claudecode_api/2026-09-04f_claude-opus-5-api-generic-v8_rep3/VOICE_d4d.yaml
VOICE,v8,Base / root,Base / root: scalar,version,scalar,identical,3,1,True,True,10,,True,10,,True,10,,data/d4d_concatenated/claudecode_api/2026-09-04f_claude-opus-5-api-generic-v8_rep1/VOICE_d4d.yaml,data/d4d_concatenated/claudecode_api/2026-09-04f_claude-opus-5-api-generic-v8_rep2/VOICE_d4d.yaml,data/d4d_concatenated/claudecode_api/2026-09-04f_claude-opus-5-api-generic-v8_rep3/VOICE_d4d.yaml
VOICE,v8,Base / root,Base / root: scalar,id,scalar,two_agree,3,2,False,True,27,,True,52,,True,27,,data/d4d_concatenated/claudecode_api/2026-09-04f_claude-opus-5-api-generic-v8_rep1/VOICE_d4d.yaml,data/d4d_concatenated/claudecode_api/2026-09-04f_claude-opus-5-api-generic-v8_rep2/VOICE_d4d.yaml,data/d4d_concatenated/claudecode_api/2026-09-04f_claude-opus-5-api-generic-v8_rep3/VOICE_d4d.yaml
VOICE,v8,Base / root,Base / root: scalar,name,scalar,identical,3,1,True,True,20,,True,20,,True,20,,data/d4d_concatenated/claudecode_api/2026-09-04f_claude-opus-5-api-generic-v8_rep1/VOICE_d4d.yaml,data/d4d_concatenated/claudecode_api/2026-09-04f_claude-opus-5-api-generic-v8_rep2/VOICE_d4d.yaml,data/d4d_concatenated/claudecode_api/2026-09-04f_claude-opus-5-api-generic-v8_rep3/VOICE_d4d.yaml
VOICE,v8,Base / root,Base / root: long text,citation,long text,two_agree,3,2,False,True,442,,True,442,,True,442,,data/d4d_concatenated/claudecode_api/2026-09-04f_claude-opus-5-api-generic-v8_rep1/VOICE_d4d.yaml,data/d4d_concatenated/claudecode_api/2026-09-04f_claude-opus-5-api-generic-v8_rep2/VOICE_d4d.yaml,data/d4d_concatenated/claudecode_api/2026-09-04f_claude-opus-5-api-generic-v8_rep3/VOICE_d4d.yaml
VOICE,v8,Base / root,Base / root: long text,conforms_to,long text,absent,0,,,False,,,False,,,False,,,data/d4d_concatenated/claudecode_api/2026-09-04f_claude-opus-5-api-generic-v8_rep1/VOICE_d4d.yaml,data/d4d_concatenated/claudecode_api/2026-09-04f_claude-opus-5-api-generic-v8_rep2/VOICE_d4d.yaml,data/d4d_concatenated/claudecode_api/2026-09-04f_claude-opus-5-api-generic-v8_rep3/VOICE_d4d.yaml
VOICE,v8,Base / root,Base / root: long text,was_derived_from,long text,all_differ,3,3,False,True,237,,True,171,,True,238,,data/d4d_concatenated/claudecode_api/2026-09-04f_claude-opus-5-api-generic-v8_rep1/VOICE_d4d.yaml,data/d4d_concatenated/claudecode_api/2026-09-04f_claude-opus-5-api-generic-v8_rep2/VOICE_d4d.yaml,data/d4d_concatenated/claudecode_api/2026-09-04f_claude-opus-5-api-generic-v8_rep3/VOICE_d4d.yaml
VOICE,v8,Base / root,Base / root: long text,description,long text,all_differ,3,3,False,True,1281,,True,1917,,True,1614,,data/d4d_concatenated/claudecode_api/2026-09-04f_claude-opus-5-api-generic-v8_rep1/VOICE_d4d.yaml,data/d4d_concatenated/claudecode_api/2026-09-04f_claude-opus-5-api-generic-v8_rep2/VOICE_d4d.yaml,data/d4d_concatenated/claudecode_api/2026-09-04f_claude-opus-5-api-generic-v8_rep3/VOICE_d4d.yaml
VOICE,v8,Base / root,Base / root: long text,notes,long text,intermittent,2,,,False,,,True,1013,,True,731,,data/d4d_concatenated/claudecode_api/2026-09-04f_claude-opus-5-api-generic-v8_rep1/VOICE_d4d.yaml,data/d4d_concatenated/claudecode_api/2026-09-04f_claude-opus-5-api-generic-v8_rep2/VOICE_d4d.yaml,data/d4d_concatenated/claudecode_api/2026-09-04f_claude-opus-5-api-generic-v8_rep3/VOICE_d4d.yaml
VOICE,v8,Base / root,Base / root: list of values,conforms_to_standard,list,absent,0,,,False,,,False,,,False,,,data/d4d_concatenated/claudecode_api/2026-09-04f_claude-opus-5-api-generic-v8_rep1/VOICE_d4d.yaml,data/d4d_concatenated/claudecode_api/2026-09-04f_claude-opus-5-api-generic-v8_rep2/VOICE_d4d.yaml,data/d4d_concatenated/claudecode_api/2026-09-04f_claude-opus-5-api-generic-v8_rep3/VOICE_d4d.yaml
VOICE,v8,Base / root,Base / root: list of values,keywords,list,identical,3,1,True,True,42,4,True,42,4,True,42,4,data/d4d_concatenated/claudecode_api/2026-09-04f_claude-opus-5-api-generic-v8_rep1/VOICE_d4d.yaml,data/d4d_concatenated/claudecode_api/2026-09-04f_claude-opus-5-api-generic-v8_rep2/VOICE_d4d.yaml,data/d4d_concatenated/claudecode_api/2026-09-04f_claude-opus-5-api-generic-v8_rep3/VOICE_d4d.yaml
VOICE,v8,Base / root,Base / root: nested,resources,nested,absent,0,,,False,,,False,,,False,,,data/d4d_concatenated/claudecode_api/2026-09-04f_claude-opus-5-api-generic-v8_rep1/VOICE_d4d.yaml,data/d4d_concatenated/claudecode_api/2026-09-04f_claude-opus-5-api-generic-v8_rep2/VOICE_d4d.yaml,data/d4d_concatenated/claudecode_api/2026-09-04f_claude-opus-5-api-generic-v8_rep3/VOICE_d4d.yaml
VOICE,v8,Base / root,Base / root: nested,subsets,nested,intermittent,1,,,False,,,False,,,True,2562,5,data/d4d_concatenated/claudecode_api/2026-09-04f_claude-opus-5-api-generic-v8_rep1/VOICE_d4d.yaml,data/d4d_concatenated/claudecode_api/2026-09-04f_claude-opus-5-api-generic-v8_rep2/VOICE_d4d.yaml,data/d4d_concatenated/claudecode_api/2026-09-04f_claude-opus-5-api-generic-v8_rep3/VOICE_d4d.yaml
VOICE,v8,Base / root,Base / root: nested,parent_datasets,nested,absent,0,,,False,,,False,,,False,,,data/d4d_concatenated/claudecode_api/2026-09-04f_claude-opus-5-api-generic-v8_rep1/VOICE_d4d.yaml,data/d4d_concatenated/claudecode_api/2026-09-04f_claude-opus-5-api-generic-v8_rep2/VOICE_d4d.yaml,data/d4d_concatenated/claudecode_api/2026-09-04f_claude-opus-5-api-generic-v8_rep3/VOICE_d4d.yaml
