job_id,rubric,project,cohort,generation_rep,rating,purpose,type,severity,code,matched_span,all_matching_codes,n_matching_rules,description
CHORUS_v7_rep1_r10_rating1,rubric10-semantic,CHORUS,v7,1,1,primary,consistency,high,consent_ethics,human_subject,consent_ethics,1,"human_subject_research.involves_human_subjects is true for a 50,000-admission multicenter retrospective clinical dataset, but no IRB, ethics committee, approval identifier, or waiver determination is recorded anywhere. The two ethical_reviews entries describe consortium ethics activity (community focus groups, an 'Ethics (Ethical and Trustworthy AI)' pillar, legal-landscape analysis) and their own source_caveats concede that 'the bundle names no IRB, ethics committee, or approval identifier, and does not state that any body performed a formal ethical review of the dataset.'"
CHORUS_v7_rep1_r10_rating1,rubric10-semantic,CHORUS,v7,1,1,primary,consistency,high,consent_ethics,human_subject,consent_ethics,1,"human_subject_research.involves_human_subjects is true but the informed_consent field is entirely absent. For retrospective EHR extraction a waiver of consent is the expected documentation, and neither consent nor waiver is stated."
CHORUS_v7_rep1_r10_rating1,rubric10-semantic,CHORUS,v7,1,1,primary,consistency,high,consent_ethics,human_subject,consent_ethics,1,"human_subject_research.special_populations identifies pediatric (PICU) and neonatal (NICU) intensive care patients — classic vulnerable populations — yet at_risk_populations and participant_compensation are both absent, so no protections specific to minors are documented."
CHORUS_v7_rep1_r10_rating1,rubric10-semantic,CHORUS,v7,1,1,primary,consistency,medium,scope_drift,in process,scope_drift|temporal_version|privacy_regulatory,3,"status is 'partially released' and updates.update_details describes an actively expanding release (50,000 of an anticipated 100,000 admissions, imaging de-identification and EEG extraction in process), yet no version, version_access, or errata are recorded. A user cannot name or re-obtain the snapshot they analysed."
CHORUS_v7_rep1_r10_rating1,rubric10-semantic,CHORUS,v7,1,1,primary,consistency,medium,scope_drift,in process,scope_drift|privacy_regulatory|bias_quality|processing_provenance,4,"known_limitations documents pronounced and uneven modality availability (1000 images with de-identification in process, EEG extraction in process, note tokens only), which is a documented missingness pattern, but missing_data_documentation and anomalies are both absent and no imputation_protocols statement is given."
CHORUS_v7_rep1_r10_rating1,rubric10-semantic,CHORUS,v7,1,1,primary,content_accuracy,medium,license_use_terms,license,license_use_terms|source_conflict|privacy_regulatory,3,"purposes state the goal of developing 'a publicly available, AI-ready critical care dataset', while description, license_and_use_terms and confidential_elements state that all nine modalities are under controlled access conditional on a signed licensing agreement, with one route additionally requiring a '.edu' address. The aspiration and the realised access regime are not reconciled."
CHORUS_v7_rep1_r10_rating1,rubric10-semantic,CHORUS,v7,1,1,primary,completeness,medium,privacy_regulatory,regulatory,privacy_regulatory|variables_metadata,2,"regulatory_restrictions.hipaa_compliant is absent although the dataset is derived from US hospital protected health information, and is_deidentified carries no named standard (HIPAA Safe Harbor / Expert Determination) and no identifiers_removed list; its own source_caveats concede the record 'does not state whether identifiable elements remain present in the released dataset'. data_protection_impacts is likewise absent."
CHORUS_v7_rep1_r10_rating1,rubric10-semantic,CHORUS,v7,1,1,primary,correctness,medium,persistent_identifier,no persistent identifier,persistent_identifier|temporal_version|format_access|attribution,4,"No persistent identifier is present. id is 'https://chorus4ai.org/#dataset', a project-website URL with a fragment rather than a DOI, ARK or Handle; doi, citation and rrid are absent, as source_caveats itself records ('no release date, DOI, version identifier, or recommended citation')."
CHORUS_v7_rep1_r10_rating1,rubric10-semantic,CHORUS,v7,1,1,primary,correctness,low,format_access,email,format_access|attribution,2,"Two contact strings are malformed as published and reproduced verbatim: the maintainer email 'cmccrary@mgh.havard.edu' (domain misspelled, flagged in the record's own source_caveats) and the external resource 'www.bridge2ai.org/chorus' recorded without a URL scheme. The notes field also reproduces the site banner misspelling 'repoitory'."
CHORUS_v7_rep1_r10_rating1,rubric10-semantic,CHORUS,v7,1,1,primary,semantic_understanding,low,variables_metadata,conforms_to,variables_metadata,1,"conforms_to_standard collapses three distinct standards (EDF+, Persyst, the OHNLP open source schema) into a single OTHER enum term, and the WFDB term stands for a schema the source describes as extended rather than plain WFDB. The record discloses this, but the structured field understates the standards landscape."
CHORUS_v7_rep1_r10_rating1,rubric10-semantic,CHORUS,v7,1,1,primary,consistency,low,source_conflict,two sources,source_conflict|count_size,2,"Two sources disagree on scale and the disagreement is carried into the scored values: tier-2 documentation gives 50,000 admissions and 7,642 admissions with radiology data, while the tier-4 August 2025 webinar gives 'over 45K unique admissions' and 1000 images. The record discloses the conflict and unit mismatch rather than concealing it, which is good practice, but the headline counts remain contested."
CHORUS_v7_rep1_r10_rating1,rubric10-semantic,CHORUS,v7,1,1,primary,completeness,medium,temporal_version,temporal,temporal_version|processing_provenance|attribution,3,"Temporal coverage of the clinical data is unstated. collection_timeframes gives the NIH award period 2022-09-01 to 2026-11-30 and its own source_caveats notes these 'are the NIH project period for award OT2OD032701, not the clinical period the admissions are drawn from'. Temporal ordering of collection, processing and publication therefore cannot be checked."
CHORUS_v7_rep1_r10_rating1,rubric10-semantic,CHORUS,v7,1,1,primary,completeness,high,source_conflict,tension,source_conflict|variables_metadata,2,"No variable-level metadata is present. variables is absent for a release of 1.6 billion OMOP rows across nine modalities; OMOP CDM conformance supplies column semantics for the structured tables only, and nothing describes the flowsheet extensions, the OHNLP token schema, or the waveform channel inventory."
CHORUS_v7_rep1_r10_rating1,rubric10-semantic,CHORUS,v7,1,1,primary,completeness,medium,format_access,download_url,format_access|attribution,2,"No download_url or platform link is recorded, and no publisher, citation or DOI. Access is reachable only through two personal email addresses in data_governance.access_review_process; the enclave hosting OMOP and telemetry data is described but never named or linked."
CHORUS_v7_rep1_r10_rating1,rubric10-semantic,CHORUS,v7,1,1,primary,completeness,low,other,,,0,"No related_datasets or parent_datasets with typed relationships are recorded, even though the dataset is one of four Bridge2AI data generation projects and provisions a sequestered holdout test set that is a sibling of the released cohort."
AI_READI_v7_rep1_r10_rating1,rubric10-semantic,AI_READI,v7,1,1,primary,consistency,medium,source_conflict,contradict,source_conflict|consent_ethics|privacy_regulatory,3,"Contradictory characterization of de-identification. is_deidentified.method records the de-identification type as 'NoDeIdentification' with the explanation that 'no identifiers were collected, so no active de-identification was necessary', while participant_privacy.anonymization_method states that 'Protected Health Information as defined by the HIPAA Privacy Rule was removed from the public release via the Safe Harbor method' and human_subject_research.regulatory_compliance states 'The public release is de-identified under the HIPAA Privacy Rule Safe Harbor method'. Removal of PHI plus removal of sex, race/ethnicity and medications is an active de-identification action, which the 'NoDeIdentification' classification denies."
AI_READI_v7_rep1_r10_rating1,rubric10-semantic,AI_READI,v7,1,1,primary,completeness,low,temporal_version,version,temporal_version|format_access,2,"The dedicated download_url slot is empty even though the dataset is publicly downloadable after self-attestation. The retrieval route is documented only in prose, inside data_governance.access_review_process ('The access route for version 3.0.0 is the FAIRhub access page at https://fairhub.io/datasets/3/access')."
AI_READI_v7_rep1_r10_rating1,rubric10-semantic,AI_READI,v7,1,1,primary,completeness,high,bias_quality,data quality,bias_quality|processing_provenance|format_access,3,"No software is named in a data-producing or data-transforming role. The record describes format conversions in detail (Topcon .fda to DICOM, Heidelberg FLIO .sdt to DICOM, Garmin .FIT to Open mHealth, Dexcom .csv to Open mHealth, ECG .xml to WFDB, REDCap to OMOP CDM tables) but never names the software that performed them, and no used_software attribute is populated on any preprocessing, cleaning, labeling or imputation entry. The software that is named falls in non-qualifying roles: REDCap and the MoCA Duo application are capture tools, FAIRhub and Microsoft Azure are hosting, and the OMOP CDM Data Quality Dashboard is validation of the released data. The GitHub organization link (https://github.com/AI-READI) is an account root that names no specific tool."
AI_READI_v7_rep1_r10_rating1,rubric10-semantic,AI_READI,v7,1,1,primary,correctness,low,privacy_regulatory,regulatory,privacy_regulatory,1,"regulatory_restrictions.confidentiality_level is set to 'restricted', which no source states. The record's own source_caveats discloses that the RO-Crate gives 'HL7:2N (normal)' and FAIRhub gives accessType 'PublicDownloadSelfAttestationRequired'. 'restricted' is the record's own mapping onto the schema enum, and a reader comparing to the upstream metadata will see a mismatch. The disclosure is exemplary; the residual risk is that the enum value overstates the access barrier for a publicly downloadable dataset."
AI_READI_v7_rep1_r10_rating1,rubric10-semantic,AI_READI,v7,1,1,primary,consistency,low,source_conflict,unresolved,source_conflict|temporal_version|bias_quality,3,"Unresolved internal conflict on the size of the longitudinal follow-up arm: the FAIRhub healthsheet gives approximately 4% of participants while the FAIRhub README, the RO-Crate and NIH RePORTER give 10% of the cohort. Both figures are carried in collection_timeframes.source_caveats, relationships and known_limitations without resolution."
AI_READI_v7_rep1_r10_rating1,rubric10-semantic,AI_READI,v7,1,1,primary,consistency,low,license_use_terms,license,license_use_terms|source_conflict|consent_ethics|attribution,4,"The accountable institution is stated inconsistently across sources and is surfaced but not resolved: data_governance.accountable_organization and the license name Washington University in St. Louis (ROR 01yc7t268), while the RO-Crate places the principal investigator in the Department of Ophthalmology at the University of Washington, NIH RePORTER lists the University of Washington as awardee, and the IRB is the University of Washington IRB."
AI_READI_v7_rep1_r10_rating1,rubric10-semantic,AI_READI,v7,1,1,primary,content_accuracy,low,source_conflict,mutually,source_conflict|bias_quality,2,"sampling_strategies carries two mutually tensioned claims from the same tier 1 source: the healthsheet states the dataset 'contains all possible instances' and answers 'N/A' on sampling strategy, while the FAIRhub study description records the sampling method as 'Non-Probability Sample'. The record reconciles these in prose (the release is not a sample of enrollees, but enrollees are a non-probability sample of the study base), which is semantically correct, but the structured flags is_sample=true / is_representative=false only encode the second reading."
AI_READI_v7_rep1_r10_rating1,rubric10-semantic,AI_READI,v7,1,1,primary,completeness,low,privacy_regulatory,data_protection,privacy_regulatory|bias_quality,2,"No data_protection_impacts entry and no future_use_impacts entry exist. The absence of a DPIA is disclosed in notes ('no data protection impact analysis of the potential impact of the dataset and its use on data subjects has been conducted'), and anticipated downstream social impact is addressed only indirectly through bias mitigation and the stated motivation for withholding race/ethnicity to prevent stigmatization."
AI_READI_v7_rep1_r10_rating1,rubric10-semantic,AI_READI,v7,1,1,primary,completeness,low,consent_ethics,irb,consent_ethics|attribution,2,"data_governance names a committee (AI-READI Consortium) and an accountable organization but records no committee contact person or address. A general project contact (contact@aireadi.org, https://aireadi.org/contact) and the IRB reliance mailbox (hsdrely@uw.edu) appear elsewhere, so a reader can reach someone, but not the governance body specifically."
AI_READI_v7_rep1_r10_rating1,rubric10-semantic,AI_READI,v7,1,1,primary,semantic_understanding,low,variables_metadata,loinc,variables_metadata,1,"Variable metadata is rich in units, measurement technique and reference ranges but carries no external variable identifiers (LOINC, SNOMED, OMOP concept ids) despite the clinical tables being mapped one-to-one onto the OMOP Common Data Model, where such concept ids exist."
AI_READI_v7_rep1_r20_rating1,rubric20-semantic,AI_READI,v7,1,1,primary,consistency,medium,source_conflict,contradict,source_conflict|consent_ethics|privacy_regulatory,3,"Internal contradiction in the de-identification account. is_deidentified.method records the de-identification type as ""NoDeIdentification"" with the explanation that ""no identifiers were collected, so no active de-identification was necessary"", yet participant_privacy.anonymization_method states that ""Protected Health Information as defined by the HIPAA Privacy Rule was removed from the public release via the Safe Harbor method"", is_deidentified.identifiers_removed enumerates removed PHI, sex, race/ethnicity and medications, and human_subject_research.regulatory_compliance states ""The public release is de-identified under the HIPAA Privacy Rule Safe Harbor method"". Removal by Safe Harbor is an active de-identification operation, so the two accounts cannot both hold. Unlike the six conflicts the record resolves in source_caveats, this one carries no caveat and is presented as settled fact."
AI_READI_v7_rep1_r20_rating1,rubric20-semantic,AI_READI,v7,1,1,primary,consistency,medium,consent_ethics,human_subject,consent_ethics|privacy_regulatory,2,"Human-subjects / data-protection gate: human_subject_research.involves_human_subjects is true and the release carries retinal imaging, continuous glucose, wearable and cognitive-test data, but data_protection_impacts is absent as a field. The notes disclose that ""no data protection impact analysis of the potential impact of the dataset and its use on data subjects has been conducted"". The absence is honestly disclosed rather than concealed, but the artifact itself is missing, which is what Q8's 5-point band requires."
AI_READI_v7_rep1_r20_rating1,rubric20-semantic,AI_READI,v7,1,1,primary,content_accuracy,medium,temporal_version,version_access,temporal_version|privacy_regulatory,2,"Sustainability claim is undercut by the record's own facts. version_access lists ""2.0.0 — DOI 10.60775/fairhub.2 ... no longer accessible"" and records that ""older versions will not continue to be supported""; related_datasets nevertheless links doi:10.60775/fairhub.2 as an is_new_version_of target. A registered DOI that no longer resolves to accessible content is a persistence failure, not merely a version retirement. The notes add that the FAIRhub landing pages carry the notice ""This repository is under review for potential modification in compliance with Administration directives"" and that the platform is ""currently in beta""."
AI_READI_v7_rep1_r20_rating1,rubric20-semantic,AI_READI,v7,1,1,primary,consistency,low,license_use_terms,licence,license_use_terms|privacy_regulatory,2,"sensitive_elements.sensitive_elements_present is false and confidential_elements.confidential_elements_present is false, while participant_privacy simultaneously records ""a theoretical risk of future re-identification"", notes that ""AI algorithms can infer individual patient characteristics and could facilitate individual-level identification"", and documents watermarking, a strict licence and a robust dissemination system as deterrents. Declaring no sensitive elements while deploying anti-re-identification controls over retinal images, ten-day CGM traces and wrist-worn activity records is internally uneasy, even though the record correctly attributes the ""No"" answers to the healthsheet."
AI_READI_v7_rep1_r20_rating1,rubric20-semantic,AI_READI,v7,1,1,primary,consistency,low,license_use_terms,licence,license_use_terms|source_conflict|temporal_version|attribution,4,"Licence scope tension. license_and_use_terms.license_terms grants use ""for research, commercial and non-commercial purposes"", while license_and_use_terms.data_use_permission is disease_specific_research and intended_uses.usage_notes states ""The public version of the dataset may only be used for type 2 diabetes related research"". The two are reconcilable only by reading the grant as permitting commercial T2DM research; the record does not say so."
AI_READI_v7_rep1_r20_rating1,rubric20-semantic,AI_READI,v7,1,1,primary,correctness,low,privacy_regulatory,regulatory,privacy_regulatory,1,"regulatory_restrictions.confidentiality_level is recorded as ""restricted"", which is more restrictive than either underlying source: the RO-Crate gives confidentialityLevel ""HL7:2N (normal)"" and the FAIRhub dataset description gives accessType ""PublicDownloadSelfAttestationRequired"". The record flags the mapping transparently in regulatory_restrictions.source_caveats, so this is a disclosed enum-mapping approximation rather than a hidden error, but a downstream consumer reading only the enum will overstate the access tier."
AI_READI_v7_rep1_r20_rating1,rubric20-semantic,AI_READI,v7,1,1,primary,completeness,low,format_access,distribution_format,format_access,1,"distribution_formats declares four formats (DICOM, CSV, JSON, Markdown) but does not list WFDB, which file_collections.cardiac_ecg records as the format of all 4,515 ECG files, and folds the .tsv metadata files (manifest.tsv, participants.tsv) under the CSV entry with media_type text/csv rather than text/tab-separated-values. The format inventory is therefore narrower and slightly less precise than the file_collections it summarises."
AI_READI_v7_rep1_r20_rating1,rubric20-semantic,AI_READI,v7,1,1,primary,semantic_understanding,low,bias_quality,sampling,bias_quality,1,"known_biases categorises selection_bias, sampling_bias and representation_bias but omits measurement or instrument bias, despite the record documenting six different retinal imaging device models across three sites, device-specific quality variation (""Optomed Aurora fundus photographs are taken undilated with a handheld camera, so image quality varies from patient to patient""), manual Spectralis operation, and three different blood-pressure device models. These are documented under anomalies and known_limitations but are not carried into the bias taxonomy, where a model developer would look for them."
AI_READI_v7_rep1_r20_rating1,rubric20-semantic,AI_READI,v7,1,1,primary,completeness,low,consent_ethics,consent,consent_ethics|bias_quality,2,"future_use_impacts is absent. Social-impact material exists and is substantive — the addressing_gaps entry on the meta-epidemiological diversity finding, the known_biases mitigation strategies, the Native Biodata Consortium engagement, the community advisory board review of consent, and the scope_limitation noting that fairness analyses stratified by sex or race cannot be run on the public release — but it is scattered across five fields rather than gathered into the CROISSANT RAI social-impact slot that Q18 and Q20 read."
AI_READI_v7_rep1_r20_rating1,rubric20-semantic,AI_READI,v7,1,1,primary,consistency,low,license_use_terms,license,license_use_terms|source_conflict|consent_ethics|attribution,4,"The institution accountable for the dataset is left unresolved across funders, creators, data_governance and license_and_use_terms: FAIRhub and the licence name Washington University in St. Louis (ROR 01yc7t268), while the RO-Crate places the PI in the Department of Ophthalmology at the University of Washington, NIH RePORTER lists the University of Washington as awardee, and the IRB is the University of Washington HSD. The record flags this in three places (creators.source_caveats, data_governance.source_caveats, top-level source_caveats) and declines to resolve it because both are tier 1. The disclosure is exemplary; the unresolved state still leaves a reader unable to name a single accountable steward."
AI_READI_v7_rep2_r10_rating1,rubric10-semantic,AI_READI,v7,2,1,primary,content_accuracy,medium,source_conflict,discordant,source_conflict|consent_ethics|attribution,3,"Institutional attribution is internally discordant. The principal investigator Aaron Y. Lee is given the affiliation 'Washington University in St. Louis' with ROR:01yc7t268, and data_governance.accountable_organization repeats it, while every operational fact in the record points to the University of Washington: the IRB is University of Washington protocol STUDY00016228 with a uw.edu reliance contact and a Seattle postal address, NIH RePORTER records the awardee organization as University of Washington, the LeeLab Anura sensor was built at the University of Washington Karalis Johnson Retina Center, and central laboratory assays ran at the University of Washington Nutrition and Obesity Research Center. The record discloses the conflict in three source_caveats and resolves it by source tier rather than by plausibility, so the asserted accountable organization is likely an upstream FAIRhub conflation of two distinct institutions carried into the datasheet."
AI_READI_v7_rep2_r10_rating1,rubric10-semantic,AI_READI,v7,2,1,primary,completeness,medium,scope_drift,distributed data,scope_drift|bias_quality|processing_provenance|format_access|attribution,5,"No software is named for any step that produced or transformed the distributed data. The release passed through substantial conversion — Topcon .fda and Heidelberg .sdt to DICOM, Philips XML to WFDB, Garmin .FIT to Open mHealth, REDCap exports to OMOP CDM tables, environmental readings to the NASA ASCII Earth-science format, plus static watermarking — and none of the seven preprocessing_strategies or three cleaning_strategies carries a used_software attachment or names a converter, pipeline or library. The software that is named occupies other roles: REDCap and the MoCA Duo application capture data, FAIRhub on Microsoft Azure hosts it, and the OMOP CDM Data Quality Dashboard validates it. external_resources points at the GitHub organisation root https://github.com/AI-READI, which identifies the publisher rather than naming a tool."
AI_READI_v7_rep2_r10_rating1,rubric10-semantic,AI_READI,v7,2,1,primary,consistency,low,source_conflict,two readings,source_conflict|privacy_regulatory,2,"The deidentification account holds two readings in tension. FAIRhub records deIdentType 'NoDeIdentification' with deIdentDirect true and deIdentHIPAA true, explaining that no identifiers were collected so none was necessary, while the Nature Metabolism comment describes the public set as stripped of PHI via the HIPAA Safe Harbor method — an active procedure. The record also notes that the healthsheet question on measures taken to avoid re-identification was left unanswered. The tension is explicitly surfaced in is_deidentified.source_caveats and the two readings agree on the outcome (no PHI in the public release), which substantially mitigates it."
AI_READI_v7_rep2_r10_rating1,rubric10-semantic,AI_READI,v7,2,1,primary,completeness,low,format_access,download_url,format_access,1,No top-level download_url is populated. Platform access is nonetheless locatable: every distribution_formats entry carries access_urls https://fairhub.io/datasets/3/access and data_governance.access_review_process states the three access steps.
AI_READI_v7_rep2_r10_rating1,rubric10-semantic,AI_READI,v7,2,1,primary,completeness,low,format_access,encoding,format_access,1,"Character encoding is not stated for any distribution. Formats are otherwise fully specified with media types, and the omission matters little for the binary DICOM, WFDB and .FIT-derived streams, but the CSV, TSV, JSON and Markdown members leave encoding unstated."
AI_READI_v7_rep2_r10_rating1,rubric10-semantic,AI_READI,v7,2,1,primary,completeness,low,attribution,contact person,attribution,1,"No governance committee contact person is asserted. data_governance.source_caveats states plainly that no source designates one; a committee_name (AI-READI Consortium) and general contacts (contact@aireadi.org, https://aireadi.org/contact, https://docs.aireadi.org/docs/3/contact) are given instead, and the Data Access Committee referenced for the controlled set is unnamed."
AI_READI_v7_rep2_r10_rating1,rubric10-semantic,AI_READI,v7,2,1,primary,completeness,low,variables_metadata,variables,variables_metadata,1,"The variables block documents 26 representative measures in depth but carries no per-variable ontology or concept identifiers. Coded vocabularies are referenced only at the collection level (OMOP CDM one-to-one table mapping, RxNorm for medications), so a variable such as hba1c has no LOINC or OMOP concept ID attached, and the block covers a fraction of the full OMOP variable inventory."
AI_READI_v7_rep2_r10_rating1,rubric10-semantic,AI_READI,v7,2,1,primary,consistency,low,temporal_version,version,temporal_version,1,"Version 2.0.0 is recorded in version_access.version_details as no longer accessible, yet it is listed among versions_available with its DOI and appears in related_datasets as an is_new_version_of target. The claim is accurate rather than wrong, but a consumer resolving doi:10.60775/fairhub.2 from the relationship will not retrieve data."
AI_READI_v7_rep2_r10_rating1,rubric10-semantic,AI_READI,v7,2,1,primary,completeness,low,consent_ethics,irb,consent_ethics|privacy_regulatory,2,"data_protection_impacts records that no data protection impact analysis was conducted. This is a documented absence rather than a silent one, and a formal DPIA is not required of a US NIH study, but it leaves the element-4 assessment resting entirely on the IRB record."
AI_READI_v7_rep2_r20_rating1,rubric20-semantic,AI_READI,v7,2,1,primary,content_accuracy,medium,source_conflict,tension,source_conflict|consent_ethics|attribution,3,"Institutional attribution is internally implausible. The principal investigator Aaron Y. Lee is given the affiliation 'Washington University in St. Louis' with ROR:01yc7t268, and the same institution is named as accountable organization and licensor, while every other element of the record places the project at the University of Washington: IRB protocol STUDY00016228 of the 'University of Washington Institutional Review Board, Human Subjects Division' with the hsdrely@uw.edu contact and a Seattle postal address, the NIH RePORTER award organization 'University of Washington', the central laboratory 'University of Washington Nutrition and Obesity Research Center', and the LeeLab Anura sensor 'built ... at the Karalis Johnson Retina Center, University of Washington'. ROR 01yc7t268 denotes Washington University in St. Louis, a distinct institution from the University of Washington. The record discloses the tension in creators.source_caveats and data_governance.source_caveats and resolves it by source tier in favour of the less plausible reading."
AI_READI_v7_rep2_r20_rating1,rubric20-semantic,AI_READI,v7,2,1,primary,consistency,medium,source_conflict,conflict,source_conflict|privacy_regulatory|processing_provenance,3,"De-identification claims conflict. is_deidentified.identifiable_elements_present is false and is_deidentified.method states that 'no identifiers were collected so no active de-identification was necessary' (FAIRhub deIdentType 'NoDeIdentification'), while deidentification_details quotes the public set being 'stripped of Protected Health Information (PHI) ... via the Safe Harbor method', participant_privacy.anonymization_method describes 'Removal of HIPAA-defined Protected Health Information', and preprocessing_strategies lists 'Removal of protected health information, and of sex, race/ethnicity and medication information, from the public release'. A removal step either was or was not applied; the record also notes that the healthsheet question on measures to avoid re-identification was left unanswered."
AI_READI_v7_rep2_r20_rating1,rubric20-semantic,AI_READI,v7,2,1,primary,consistency,medium,persistent_identifier,persistent identifier,persistent_identifier|temporal_version|privacy_regulatory,3,"A version that carries its own DOI is declared unavailable. version_access states 'Version 2.0.0 is recorded on FAIRhub and in its documentation as no longer accessible' while also listing 'version 2.0.0, DOI 10.60775/fairhub.2'. A resolvable persistent identifier whose object is withdrawn weakens the persistence claim on which Q13 and Q19 depend. The disclosed notice that 'This repository is under review for potential modification in compliance with Administration directives' is a further, unquantified availability risk."
AI_READI_v7_rep2_r20_rating1,rubric20-semantic,AI_READI,v7,2,1,primary,consistency,low,license_use_terms,license,license_use_terms|privacy_regulatory|attribution|variables_metadata,4,"Sensitivity flags are more permissive than the surrounding controls. confidential_elements_present and sensitive_elements_present are both false and confidentiality_details asserts the dataset 'does not contain data that might be considered confidential', while the release is nevertheless governed by verified-ID login, a self-attestation access gate, per-licensee static watermarking, storage confined to institutional or BAA-covered infrastructure, and compliance with the NIH Genomic Data Sharing Policy security standards, and participant_privacy acknowledges a theoretical re-identification risk."
AI_READI_v7_rep2_r20_rating1,rubric20-semantic,AI_READI,v7,2,1,primary,completeness,low,privacy_regulatory,data_protection,privacy_regulatory,1,"No data protection impact analysis exists: data_protection_impacts records only that 'No data protection impact analysis has been conducted for the dataset'. This is an accurate disclosure, but it leaves the acknowledged re-identification risk unassessed for a human-subjects release, and it is the gap that keeps Q8 below the comprehensive band."
AI_READI_v7_rep2_r20_rating1,rubric20-semantic,AI_READI,v7,2,1,primary,completeness,low,temporal_version,version,temporal_version|privacy_regulatory,2,"Two Q1 slots are unpopulated although equivalent content exists elsewhere: parent_datasets is absent (version predecessors are instead typed in related_datasets as is_new_version_of doi:10.60775/fairhub.2 and fairhub.1), and regulatory_restrictions.confidentiality_level is unpopulated although the value 'HL7:2N (normal)' is recorded in regulatory_restrictions.notes. An errata slot is likewise absent, with changes carried in an external CHANGELOG."
AI_READI_v7_rep2_r20_rating1,rubric20-semantic,AI_READI,v7,2,1,primary,consistency,low,consent_ethics,at_risk,consent_ethics,1,"at_risk_populations.at_risk_groups_included is false while special_protections enumerates substantive safeguards (age floor of 40 and ceiling of 85 excluding minors, exclusion of pregnancy, gestational diabetes and type 1 diabetes, capacity to consent, and an incidental-findings pathway for hypertensive crisis, retinal detachment, tumour and optic disc oedema). The flag and its content read in opposite directions, although the reading that no protected class is targeted is defensible."
AI_READI_v7_rep2_r20_rating1,rubric20-semantic,AI_READI,v7,2,1,primary,consistency,low,scope_drift,withheld,scope_drift|count_size|bias_quality,3,"subpopulations.source_caveats reports that the healthsheet answers 'No' to whether the dataset identifies demographic sub-populations, while four subpopulation objects with full distributions are serialized. The record reconciles this by noting that sex, race and ethnicity are withheld from the public release and that the counts come from the release README, but the serialized objects do not carry a per-object marker of which distributions are public and which are controlled-access aggregates."
AI_READI_v7_rep2_r20_rating1,rubric20-semantic,AI_READI,v7,2,1,primary,correctness,low,license_use_terms,ip_restrictions,license_use_terms|temporal_version|bias_quality,3,"ip_restrictions quotes the RO-Crate copyright notice 'Copyright (c) 2026 AI-READI' for a release issued 2025-11-17, a forward-dated notice relative to every other date in the record. Quoted faithfully from the source, but temporally anomalous."
AI_READI_v7_rep3_r10_rating1,rubric10-semantic,AI_READI,v7,3,1,primary,completeness,medium,scope_drift,distributed data,scope_drift|temporal_version|bias_quality|processing_provenance|format_access|attribution|variables_metadata,7,"No software is named for the transformations that produced the distributed data. preprocessing_strategies states in the passive voice that 'Topcon .fda and Heidelberg .sdt files are converted to DICOM, Garmin .FIT files are converted to the Open mHealth standard, and electrocardiogram data are stored in the WaveForm DataBase (WFDB) format', but names no converter, pipeline or version. Every tool the record does name occupies an excluded role: REDCap and the MoCA Duo application are capture, FAIRhub and Microsoft Azure are hosting, the RO-Crate/FAIRscape profile is metadata production, and the OMOP CDM Data Quality Dashboard is validation of the released data rather than its production. The GitHub pointer identifies only the publisher organisation."
AI_READI_v7_rep3_r10_rating1,rubric10-semantic,AI_READI,v7,3,1,primary,content_accuracy,medium,source_conflict,tension,source_conflict|privacy_regulatory,2,"is_deidentified.method simultaneously reports that the FAIRhub dataset description records the de-identification type as 'NoDeIdentification' and that the public set is stripped of PHI 'using the Safe Harbor method', with identifiers_removed listing HIPAA PHI plus sex, race/ethnicity and medications. The two statements describe the same release and pull in opposite directions; the record flags the tension but leaves the structured method value carrying both readings."
AI_READI_v7_rep3_r10_rating1,rubric10-semantic,AI_READI,v7,3,1,primary,completeness,medium,persistent_identifier,persistent identifier,persistent_identifier|variables_metadata,2,"variables is an explicitly partial inventory: eight substantive entries plus a 'Representative subset marker' entry stating that the complete variable documentation lives at https://docs.aireadi.org. No per-variable persistent identifiers (OMOP concept IDs, LOINC codes, column names) are given for any entry, so variable-level cross-dataset linking must be resolved outside the datasheet."
AI_READI_v7_rep3_r10_rating1,rubric10-semantic,AI_READI,v7,3,1,primary,consistency,low,source_conflict,reconciled,source_conflict|count_size,2,"total_size_bytes (3,815,969,779,678) exceeds the sum of the nine datatype directory sizes (3,815,969,360,064) by 419,614 bytes. The record discloses the gap in source_caveats item (7) and states that the bundle does not explain it. The parallel file-count gap (356,343 total vs 356,334 across directories) is fully reconciled by the nine root-level metadata files, so only the byte discrepancy is unresolved."
AI_READI_v7_rep3_r10_rating1,rubric10-semantic,AI_READI,v7,3,1,primary,consistency,low,license_use_terms,licence,license_use_terms|source_conflict|consent_ethics|variables_metadata,4,"Responsible-organisation conflict left unreconciled: data_governance.accountable_organization is Washington University in St. Louis (ROR:01yc7t268) and the licence names it as Licensor, while ethical_reviews and human_subject_research place IRB oversight, the reviewing body address and the reliance contact at the University of Washington. The RO-Crate label 'Washington University IRB' with a uw.edu contact compounds the ambiguity. The record discloses all of this in source_caveats items (2) and (3)."
AI_READI_v7_rep3_r10_rating1,rubric10-semantic,AI_READI,v7,3,1,primary,consistency,low,temporal_version,timeframe,temporal_version,1,"The planned longitudinal follow-up fraction is given as both 10% of the cohort (NIH RePORTER and the FAIRhub study description) and approximately 4% (healthsheet). The record records both rather than selecting, and correctly omits the figure from collection_timeframes rather than asserting one."
AI_READI_v7_rep3_r10_rating1,rubric10-semantic,AI_READI,v7,3,1,primary,semantic_understanding,low,other,,,0,"Two related_datasets entries use relationship_type 'is_described_by' with target_dataset pointing at journal-article DOIs (10.1038/s42255-024-01165-x, 10.1136/bmjopen-2024-097449) rather than datasets. The record itself flags that these targets are articles, so the slot is being used deliberately to carry an attested relationship the schema has no better home for."
AI_READI_v7_rep3_r10_rating1,rubric10-semantic,AI_READI,v7,3,1,primary,correctness,low,privacy_regulatory,confidential,privacy_regulatory,1,"Two governance values are derived by the datasheet author rather than quoted from a source: confidentiality_level 'restricted' is inferred from the access model (the RO-Crate's own term is 'HL7:2N (normal)'), and hipaa_compliant 'compliant' is inferred from statements that no identifiers were collected and Safe Harbor was applied, with no source making a compliance determination in those words. Both derivations are disclosed in regulatory_restrictions.source_caveats and are reasonable, but they are judgements rather than attested facts."
AI_READI_v7_rep3_r10_rating1,rubric10-semantic,AI_READI,v7,3,1,primary,completeness,low,consent_ethics,irb,consent_ethics|attribution,2,"No dedicated governance committee contact is recorded. data_governance carries committee_name, accountable_organization, access_review_process and stewardship_roles but no committee_contact; the reachable addresses are the study central contact (contact@aireadi.org) under maintainers and the IRB reliance mailbox (hsdrely@uw.edu) under human_subject_research. A prospective user with a governance question has no named committee contact."
AI_READI_v7_rep3_r10_rating1,rubric10-semantic,AI_READI,v7,3,1,primary,completeness,low,bias_quality,missing_data,bias_quality|processing_provenance,2,"No imputation_protocols slot is present. The substance is covered elsewhere: missing_data_documentation.handling_strategy states that missing values were filled only where directly derivable from other portions of an individual's record, under site PI approval, and otherwise left missing, with no instances excluded. This documents that statistical imputation was not used, but it is not discoverable from the imputation slot."
AI_READI_v7_rep3_r20_rating1,rubric20-semantic,AI_READI,v7,3,1,primary,consistency,medium,source_conflict,contradict,source_conflict|privacy_regulatory,2,"sensitive_elements carries two entries with directly contradictory booleans: the first sets sensitive_elements_present=false ('the public dataset does not contain data that is considered sensitive') and the second sets sensitive_elements_present=true, listing 'EHR, wearable monitoring, ECG, environmental sensor, continuous glucose monitor, and wearable accelerometer'. The record's prose explains that the two sources enumerate different things (sensitive attributes vs data-source categories) and nominates the healthsheet reading as governing, but a machine consumer reading the boolean slot receives an unresolved contradiction."
AI_READI_v7_rep3_r20_rating1,rubric20-semantic,AI_READI,v7,3,1,primary,consistency,medium,source_conflict,conflict,source_conflict|consent_ethics|attribution,3,"Responsible-institution conflict is recorded but left unresolved in the structured slots: data_governance.accountable_organization is 'Washington University in St. Louis' (ROR:01yc7t268) while human_subject_research.ethics_review_board and ethical_reviews[0].reviewing_organization name the 'University of Washington Human Subjects Division IRB' with a uw.edu reliance contact and a Seattle address, and the principal investigator's ORCID-bearing record is placed at the University of Washington by the RO-Crate. The two institutions are distinct legal entities; a reuser cannot tell which one holds accountability for the release."
AI_READI_v7_rep3_r20_rating1,rubric20-semantic,AI_READI,v7,3,1,primary,completeness,medium,privacy_regulatory,data_protection,privacy_regulatory|bias_quality|processing_provenance|format_access,4,"data_protection_impacts is not populated even though the record documents processing of protected health information under HIPAA Safe Harbor, a controlled-access tier holding zip code, genetic sequencing data and medication history, and an explicit residual re-identification risk. The substance of an impact analysis is present (participant_privacy.reidentification_risk, future_use_impacts risk-and-mitigation statements, Level 3 data security classification), but no formal DPIA slot or document is referenced."
AI_READI_v7_rep3_r20_rating1,rubric20-semantic,AI_READI,v7,3,1,primary,correctness,low,count_size,arithmetic,count_size,1,"Recomputed arithmetic confirms the record's own disclosure: the nine datatype directory sizes sum to exactly 3,815,969,360,064 bytes, which is 419,614 bytes short of the reported total_size_bytes of 3,815,969,779,678. The shortfall is stated but unexplained, and the nine root-level metadata files that reconcile the file counts are far too small to account for 419 kB in aggregate only if they are unusually large, so the residual is plausible but unattributed."
AI_READI_v7_rep3_r20_rating1,rubric20-semantic,AI_READI,v7,3,1,primary,content_accuracy,low,privacy_regulatory,deidentif,privacy_regulatory,1,"is_deidentified records internally tense claims: identifiable_elements_present=false with the reasoning that 'no identifiers were collected, so no active de-identification was necessary' and FAIRhub's de-identification type recorded as 'NoDeIdentification', while the same field asserts that the public set is 'stripped of Protected Health Information as defined by the HIPAA Privacy Rule using the Safe Harbor method' and that direct identifier removal and HIPAA de-identification are flagged as applied. Safe Harbor is an affirmative de-identification procedure; 'NoDeIdentification' and 'Safe Harbor applied' cannot both be literally true."
AI_READI_v7_rep3_r20_rating1,rubric20-semantic,AI_READI,v7,3,1,primary,consistency,low,privacy_regulatory,regulatory,privacy_regulatory,1,"regulatory_restrictions.confidentiality_level='restricted' and regulatory_restrictions.hipaa_compliant='compliant' are both derived rather than quoted, as the record itself discloses; the only confidentiality term in the sources is the RO-Crate's 'HL7:2N (normal)', which is a materially less restrictive characterization, and no source makes a HIPAA compliance determination in those words."
AI_READI_v7_rep3_r20_rating1,rubric20-semantic,AI_READI,v7,3,1,primary,consistency,low,source_conflict,unresolved,source_conflict|temporal_version,2,"The planned Year-4 longitudinal follow-up fraction is reported as both 10% (NIH RePORTER, FAIRhub study description) and approximately 4% (healthsheet) and is left unresolved in relationships.source_caveats and collection_timeframes.source_caveats. Both sources are tier-1 by the record's own ranking, so no value is stated."
AI_READI_v7_rep3_r20_rating1,rubric20-semantic,AI_READI,v7,3,1,primary,completeness,low,license_use_terms,discouraged_uses,license_use_terms|temporal_version,2,"Three named schema slots that this rubric reads are empty although adjacent content partly supplies their substance: discouraged_uses (no equivalent content anywhere; prohibited_uses covers prohibitions, not discouraged practices), errata (the CHANGELOG is referenced but no erratum slot exists), and was_derived_from / parent_datasets (version lineage is carried instead by related_datasets typed relationships is_new_version_of to fairhub.2 and fairhub.1)."
AI_READI_v7_rep3_r20_rating1,rubric20-semantic,AI_READI,v7,3,1,primary,correctness,low,variables_metadata,split,variables_metadata,1,"The stated recommended split proportion of '70%/15%/15%' does not exactly match the stated split sizes: 1,576/352/352 of 2,280 is 69.1%/15.4%/15.4%. The deviation is small and is the expected consequence of forcing exactly 88 participants per race/ethnicity cell in the validation and test sets, but the nominal proportion is presented as if exact."
AI_READI_v7_rep3_r20_rating1,rubric20-semantic,AI_READI,v7,3,1,primary,semantic_understanding,low,count_size,count,count_size,1,"Keyword coverage is adequate in count (9) but under-represents modalities that dominate the release by volume and by scientific distinctiveness: there is no keyword for optical coherence tomography or OCT angiography (together 230,199 files, the large majority of the release), none for fluorescence lifetime imaging ophthalmoscopy, none for wearable/accelerometry, none for environmental or indoor air-quality sensing, and none for OMOP CDM. 'Eye exam' is a low-specificity stand-in for four distinct ophthalmic imaging modalities."
AI_READI_v8_rep1_r10_rating1,rubric10-semantic,AI_READI,v8,1,1,primary,consistency,medium,privacy_regulatory,sensitive_elements,privacy_regulatory,1,"sensitive_elements_present: false and confidential_elements_present: false sit uneasily with regulatory_restrictions.confidentiality_level: restricted, HIPAA-oriented handling, static watermarking of released copies, verified-ID access gating and an acknowledged theoretical re-identification risk. A release that genuinely contains nothing sensitive or confidential would not normally require that control stack; the two blocks appear to answer the healthsheet's narrow questions rather than characterise the release as governed."
AI_READI_v8_rep1_r10_rating1,rubric10-semantic,AI_READI,v8,1,1,primary,consistency,low,source_conflict,mutually,source_conflict|privacy_regulatory,2,"is_deidentified carries three mutually inconsistent source statements: FAIRhub records 'NoDeIdentification' (no identifiers collected), the RO-Crate records the release as deidentified, and the Nature Metabolism comment describes HIPAA Safe Harbor stripping. The structured method field asserts the strongest of the three (HIPAA Safe Harbor) while deidentification_details reports all three unreconciled."
AI_READI_v8_rep1_r10_rating1,rubric10-semantic,AI_READI,v8,1,1,primary,completeness,low,license_use_terms,license,license_use_terms|consent_ethics|format_access,3,"No download_url field is populated. The download route is nevertheless reconstructable from page, data_governance.access_review_process (verified-ID login, T2DM-only attestation, license assent) and the external resource https://fairhub.io/datasets/3/access, so the sub-element's purpose is met by platform access instructions rather than by a direct link."
AI_READI_v8_rep1_r10_rating1,rubric10-semantic,AI_READI,v8,1,1,primary,consistency,low,format_access,distribution_format,format_access|variables_metadata,2,"distribution_formats lists DICOM, CSV, JSON and Markdown, but the release also distributes WFDB electrocardiography records, Open mHealth wearable/CGM payloads and NASA ESDS-style ASCII environmental files per conforms_to and file_collections. The distribution list is narrower than the standards list, and no character encoding is stated anywhere."
AI_READI_v8_rep1_r10_rating1,rubric10-semantic,AI_READI,v8,1,1,primary,semantic_understanding,low,source_conflict,contradict,source_conflict|variables_metadata,2,"is_tabular: false while the description states the modalities 'encompass tabular data, imaging data and physiological signal/waveform data' and clinical_data is distributed as one-to-one OMOP CDM CSV tables. The flag is defensible for a multimodal release that is not a single table, but read alone it contradicts the description."
AI_READI_v8_rep1_r10_rating1,rubric10-semantic,AI_READI,v8,1,1,primary,completeness,medium,temporal_version,version,temporal_version|bias_quality|processing_provenance|attribution,4,"No software that produced or transformed the released data is named. Conversion of Topcon .fda and FLIO .sdt exports to DICOM, of Garmin .FIT to Open mHealth, and mapping of clinical data to OMOP CDM are described as having happened, but no tool, package, version or repository is attached to any of those steps, and no used_software is recorded on preprocessing_strategies or cleaning_strategies. The software that is named occupies non-qualifying roles: REDCap and the MoCA Duo application are capture instrumentation; FAIRhub on Microsoft Azure is hosting; the OMOP CDM Data Quality Dashboard is validation of the released data; https://github.com/AI-READI is an organisation root that identifies the publisher rather than a piece of software."
AI_READI_v8_rep1_r10_rating1,rubric10-semantic,AI_READI,v8,1,1,primary,completeness,low,variables_metadata,variables,variables_metadata,1,"variables provides 20 measures with name, data type, unit, description and measurement technique, but no ontology or concept identifiers (LOINC, OMOP concept_id, SNOMED) are attached, and source_caveats records that the authoritative per-domain data dictionary at docs.aireadi.org was not consulted. Variable coverage is therefore illustrative rather than exhaustive for a 356,343-file multimodal release."
AI_READI_v8_rep1_r10_rating1,rubric10-semantic,AI_READI,v8,1,1,primary,completeness,low,temporal_version,errata,temporal_version|consent_ethics|privacy_regulatory,3,"No errata block and no data_protection_impacts (DPIA) block. Change information is instead carried by updates.update_details and version_access.version_details, and data-protection reasoning by participant_privacy and ethical_reviews, so both sub-elements are satisfied through their alternative fields rather than left undocumented."
AI_READI_v8_rep1_r10_rating1,rubric10-semantic,AI_READI,v8,1,1,primary,content_accuracy,low,source_conflict,contradict,source_conflict|consent_ethics|attribution,3,"Institutional attribution is internally contradictory across the record: Washington University in St. Louis is named as licensor, accountable organization and PI affiliation, while the reviewing IRB, the award recipient per NIH RePORTER and the assay laboratory are all University of Washington. The record discloses the conflict in source_caveats rather than resolving it, which is honest but leaves accountable_organization pointing at an institution that no human-subjects or award evidence supports."
AI_READI_v8_rep1_r10_rating1,rubric10-semantic,AI_READI,v8,1,1,primary,consistency,low,license_use_terms,license,license_use_terms|source_conflict|temporal_version,3,"Collection start is given as 2023-07-19 in collection_timeframes and the description while the BMJ Open protocol states 18 July 2023; license naming differs between two tier-1 sources ('AI-READI custom license v2.0' in the API, 'Health Data License' on the dataset page); a healthsheet answer describing first-year coverage contradicts the stated 2023-07-19 to 2025-05-01 window. All three are disclosed and adjudicated by source tier rather than left silent."
AI_READI_v8_rep1_r20_rating1,rubric20-semantic,AI_READI,v8,1,1,primary,consistency,high,license_use_terms,license,license_use_terms|source_conflict|consent_ethics|privacy_regulatory,4,"sensitive_elements_present=false and confidential_elements_present=false are asserted for a release comprising retinal imaging (DICOM), continuous glucose traces, wrist-worn biometric signals (heart rate, SpO2, sleep, stress) and in-home environmental sensing. These declarations contradict the same record's restricted confidentiality_level, its verified-ID plus license-assent access gate, its static watermarking of released copies, and participant_privacy.reidentification_risk, which concedes a theoretical future re-identification risk from AI inference. A dataset that needs watermarking and a DUA to protect subjects is not plausibly free of sensitive elements, even post-Safe-Harbor."
AI_READI_v8_rep1_r20_rating1,rubric20-semantic,AI_READI,v8,1,1,primary,consistency,high,consent_ethics,ethic,consent_ethics|attribution,2,"Institutional attribution is internally divergent in the structured fields, not only in prose. creators.affiliations[0] and data_governance.accountable_organization both assert Washington University in St. Louis (ROR:01yc7t268) as the accountable organization and PI affiliation, while ethical_reviews.reviewing_organization and human_subject_research.ethics_review_board assert the University of Washington IRB with a UW Human Subjects Division address, and NIH RePORTER is reported as recording award OT2OD032644 to the University of Washington. A consumer reading only the machine-readable fields obtains an institutional attribution that the record's own source_caveats says is contested."
AI_READI_v8_rep1_r20_rating1,rubric20-semantic,AI_READI,v8,1,1,primary,consistency,medium,source_conflict,mutually,source_conflict|privacy_regulatory|processing_provenance,3,"is_deidentified carries two mutually exclusive claims in one object: identifiable_elements_present=false with method 'HIPAA Safe Harbor' and identifiers_removed listing PHI, alongside deidentification_details reporting FAIRhub's de-identification type of 'NoDeIdentification' on the ground that no identifiers were ever collected. 'Safe Harbor stripping was performed' and 'no de-identification was necessary' cannot both describe the same processing step."
AI_READI_v8_rep1_r20_rating1,rubric20-semantic,AI_READI,v8,1,1,primary,content_accuracy,medium,bias_quality,future_use_impacts,bias_quality|attribution,2,"future_use_impacts states the creators 'do not currently anticipate uses of the dataset that could result in unfair treatment of individuals or groups', while known_biases documents representation_bias (no Pacific Islanders or Native Americans), sampling_bias (urban, hospital-based recruitment) and English-language selection bias, and known_limitations states that models 'may not generalize to populations, settings or cultural and socioeconomic backgrounds that the three recruiting health systems do not reach'. The limitations section anticipates precisely the differential model performance the impact statement declines to anticipate."
AI_READI_v8_rep1_r20_rating1,rubric20-semantic,AI_READI,v8,1,1,primary,consistency,medium,source_conflict,unreconciled,source_conflict|count_size,2,"Stated totals do not reconcile with the enumerated collections. total_file_count is 356,343 while the nine data-type directory counts sum to 356,334, and total_size_bytes is 3,815,969,779,678 while directory sizes sum to 3,815,969,360,064 (a 419,614-byte shortfall). The record identifies both gaps and separately states that the structure description lists exactly nine root-level metadata files, which accounts for the nine-file difference precisely, yet it presents the discrepancy as unreconciled."
AI_READI_v8_rep1_r20_rating1,rubric20-semantic,AI_READI,v8,1,1,primary,completeness,medium,privacy_regulatory,data_protection,privacy_regulatory,1,"data_protection_impacts is absent. For a DUA-gated multimodal health release that explicitly contemplates AI-driven re-identification and applies watermarking as a countermeasure, a data protection impact assessment is the field that would record that reasoning. Its absence is the principal gap keeping Q8 below the comprehensive band."
AI_READI_v8_rep1_r20_rating1,rubric20-semantic,AI_READI,v8,1,1,primary,completeness,medium,temporal_version,errata,temporal_version|processing_provenance,2,"Provenance is documented substantively in prose but not in the fields that carry it. was_derived_from, parent_datasets and errata are all empty, so the derivation chain (device-native .xml/.csv/.fda/.sdt/.FIT exports, conversion to DICOM and Open mHealth, OMOP CDM mapping, site QC, central processing, FAIRhub upload) must be reassembled by the reader from raw_data_sources, preprocessing_strategies, data_collectors and related_datasets."
AI_READI_v8_rep1_r20_rating1,rubric20-semantic,AI_READI,v8,1,1,primary,completeness,medium,processing_provenance,preprocessing,processing_provenance,1,"Preprocessing and conversion are described as operations without naming the software that performs them. The .fda and .sdt to DICOM converters, the .FIT to Open mHealth converter and the OMOP mapping pipeline are all described by effect, with no tool names, versions or repository paths, even though external_resources links the project's GitHub organization. labeling_strategies, machine_annotation_tools, annotation_analyses and imputation_protocols are empty, though the record justifies each absence (hypothesis-agnostic, unlabelled, no imputation of missing modalities)."
AI_READI_v8_rep1_r20_rating1,rubric20-semantic,AI_READI,v8,1,1,primary,consistency,medium,persistent_identifier,minted doi,persistent_identifier|temporal_version|privacy_regulatory,3,"Version persistence is compromised in a way the record discloses: version_access marks version 2.0.0 as 'no longer accessible' although it holds a minted DOI (10.60775/fairhub.2), and notes records that the repository 'is under review for potential modification in compliance with Administration directives'. Both bear directly on the long-term sustainability claim underlying Q13."
AI_READI_v8_rep1_r20_rating1,rubric20-semantic,AI_READI,v8,1,1,primary,consistency,low,bias_quality,sampling,bias_quality,1,"sampling_strategies sets is_sample=false, is_random=false and is_representative=false while the strategies text describes non-probability wave-based sampling of a health-system population with deliberate under- and oversampling. The record notes the healthsheet answers 'N/A' to the sampling question while the study is itself a non-probability sample, so the boolean and the prose encode different answers."
AI_READI_v8_rep1_r20_rating1,rubric20-semantic,AI_READI,v8,1,1,primary,completeness,low,variables_metadata,variables,variables_metadata,1,"The variables list enumerates 20 measures drawn, as source_caveats concedes, from the protocol publication and healthsheet device descriptions rather than the released data dictionary. For a 356,343-file release spanning OMOP clinical tables, laboratory panels, imaging and waveform modalities, this is illustrative rather than complete; the authoritative per-domain documentation at docs.aireadi.org was outside the input bundle."
AI_READI_v8_rep1_r20_rating1,rubric20-semantic,AI_READI,v8,1,1,primary,correctness,low,license_use_terms,ip_restrictions,license_use_terms|temporal_version,2,ip_restrictions records the copyright notice 'Copyright (c) 2026 AI-READI' while issued and the version 3.0.0 release date are both 2025-11-17. The copyright year postdates the stated publication date of the version being described.
AI_READI_v8_rep1_r20_rating1,rubric20-semantic,AI_READI,v8,1,1,primary,completeness,low,variables_metadata,keywords,variables_metadata,1,"keywords contains 7 terms, one short of the diversity threshold, and omits several prominent modalities that the description and file_collections treat as first-class (OCT angiography, fluorescence lifetime imaging ophthalmoscopy, wearable activity monitoring, environmental sensing, OMOP)."
AI_READI_v8_rep1_r20_rating1,rubric20-semantic,AI_READI,v8,1,1,primary,completeness,low,license_use_terms,discouraged_uses,license_use_terms|bias_quality,2,"discouraged_uses is empty. The record draws a sharp permitted/prohibited boundary through six detailed prohibited_uses but records no middle tier, although the documented biases imply uses that are permitted yet inadvisable, such as training deployment models for populations the three sites do not reach."
AI_READI_v8_rep1_r20_rating1,rubric20-semantic,AI_READI,v8,1,1,primary,semantic_understanding,low,source_conflict,conflict,source_conflict|count_size|temporal_version,3,"A healthsheet answer quoted in source_caveats states the dataset 'contains data from all participants who have been enrolled during the first year of data collection', which conflicts with the same document's July 19, 2023 to May 1, 2025 coverage and with the 2280-participant count of version 3.0.0. The record identifies the contradiction as a source defect rather than propagating it into the structured fields."
AI_READI_v8_rep2_r10_rating1,rubric10-semantic,AI_READI,v8,2,1,primary,completeness,medium,scope_drift,distributed data,scope_drift|bias_quality|processing_provenance|attribution|variables_metadata,5,"No software that produced or transformed the distributed data is named. preprocessing_strategies states that Topcon .fda and Heidelberg .sdt exports were 'converted to DICOM', Garmin .FIT 'converted to the Open mHealth standard', ECG 'converted to WFDB', and that clinical data were 'mapped to' the OMOP CDM, but no converter, mapper or pipeline is identified; processing is described only as 'a combination of automated and custom processing'. The named software in the record occupies non-qualifying roles: REDCap and the MoCA Duo application are capture, FAIRhub on Microsoft Azure is hosting, the OMOP CDM Data Quality Dashboard is validation, and https://github.com/AI-READI is an organization root that identifies the publisher rather than a tool."
AI_READI_v8_rep2_r10_rating1,rubric10-semantic,AI_READI,v8,2,1,primary,completeness,low,format_access,download_url,format_access,1,No download_url slot is populated even though the release is publicly downloadable. Access is nevertheless actionable from other slots: distribution_formats.access_urls gives https://fairhub.io/datasets/3/access and data_governance.access_review_process records the FAIRhub access type 'PublicDownloadSelfAttestationRequired' and the three steps required.
AI_READI_v8_rep2_r10_rating1,rubric10-semantic,AI_READI,v8,2,1,primary,consistency,low,source_conflict,tension,source_conflict|privacy_regulatory,2,"The de-identification evidence carries an internal tension the record itself surfaces: is_deidentified.deidentification_details reports the FAIRhub deIdentType as 'NoDeIdentification' with deIdentHIPAA true, while is_deidentified.method asserts the public set is stripped of PHI 'via the Safe Harbor method'. The record reconciles this by explaining that no identifiers were collected so no active de-identification step was necessary, which is a coherent reading, but the two statements read as contradictory in isolation."
AI_READI_v8_rep2_r10_rating1,rubric10-semantic,AI_READI,v8,2,1,primary,content_accuracy,low,count_size,total_size_bytes,count_size,1,"total_size_bytes is stated as 3,815,969,779,678 while the nine file_collections directory sizes sum to 3,815,969,360,064, a difference of 419,614 bytes that no source accounts for. The record discloses this discrepancy in source_caveats and attributes it plausibly to the root-level metadata files."
AI_READI_v8_rep2_r10_rating1,rubric10-semantic,AI_READI,v8,2,1,primary,semantic_understanding,low,privacy_regulatory,regulatory,privacy_regulatory,1,"regulatory_restrictions.confidentiality_level 'restricted' and hipaa_compliant 'compliant' are the record's own mappings onto the schema vocabulary, not values any source states; the only source value is the RO-Crate's 'HL7:2N (normal)'. The record declares this inference in source_caveats rather than presenting the enum values as sourced, which is the correct handling, but a consumer reading only the structured slot would not see the inference."
AI_READI_v8_rep2_r10_rating1,rubric10-semantic,AI_READI,v8,2,1,primary,completeness,low,variables_metadata,variables,variables_metadata,1,"variables documents 13 variables (participant_id, seven laboratory analytes, MoCA, visual acuity, contrast sensitivity, CGM, particulate matter) for a release whose clinical_data directory is a one-to-one mapping of OMOP CDM tables covering surveys, assessments and laboratory results. Variable-level coverage is therefore illustrative rather than exhaustive, though the entries present carry data_type, unit, measurement_technique, reference ranges and an is_identifier flag."
AI_READI_v8_rep2_r10_rating1,rubric10-semantic,AI_READI,v8,2,1,primary,completeness,low,consent_ethics,human_subject,consent_ethics|attribution,2,"data_governance records committee_name, accountable_organization, access_review_process and stewardship_roles but no committee_contact. A contact is reachable elsewhere (maintainers gives contact@aireadi.org and https://aireadi.org/contact; human_subject_research.ethics_review_board gives hsdrely@uw.edu for the IRB Reliance Team), so the governance-contact requirement is met in substance but not in the dedicated slot."
AI_READI_v8_rep2_r10_rating1,rubric10-semantic,AI_READI,v8,2,1,primary,completeness,low,temporal_version,errata,temporal_version|privacy_regulatory|bias_quality|processing_provenance,4,"Three named evidence slots are empty where their subject matter is nevertheless addressed in prose: errata (change information is instead in updates.update_details and version_access.version_details), imputation_protocols (missing-value handling is in missing_data_documentation.handling_strategy), and data_protection_impacts (the notes field states that no data protection impact analysis has been conducted)."
AI_READI_v8_rep2_r20_rating1,rubric20-semantic,AI_READI,v8,2,1,primary,consistency,medium,source_conflict,contradict,source_conflict|privacy_regulatory|processing_provenance,3,"is_deidentified is internally contradictory. method states 'No active de-identification was necessary because no identifiers were collected' and simultaneously that 'The public set is stripped of Protected Health Information as defined by the HIPAA Privacy Rule via the Safe Harbor method'. deidentification_details then records the FAIRhub value deIdentType 'NoDeIdentification' alongside deIdentHIPAA true and deIdentDirect true. 'No de-identification was necessary', 'Safe Harbor stripping was performed' and 'NoDeIdentification' cannot all describe the same processing step; identifiers_removed further lists four categories actively removed (PHI, sex, race/ethnicity, medications), which is an active removal, not an absence of need."
AI_READI_v8_rep2_r20_rating1,rubric20-semantic,AI_READI,v8,2,1,primary,consistency,medium,license_use_terms,license,license_use_terms|source_conflict|privacy_regulatory|attribution,4,"Confidentiality and sensitivity declarations conflict with the governance controls actually imposed. confidential_elements_present is false and sensitive_elements_present is false, yet regulatory_restrictions.confidentiality_level is 'restricted', the license prohibits re-identification and contact with data subjects, mandates storage only on institutional servers or HIPAA-BAA-covered cloud, permits static watermarking to identify the licensee, and access requires verified-ID login plus self-attestation. A release with no confidential and no sensitive elements would not require this control set."
AI_READI_v8_rep2_r20_rating1,rubric20-semantic,AI_READI,v8,2,1,primary,consistency,medium,persistent_identifier,minted doi,persistent_identifier|source_conflict|temporal_version,3,"version_access.versions_available enumerates versions 1.0.0 and 2.0.0 with their DOIs as available, while version_details in the same block states that both 'are no longer accessible through FAIRhub'. Two minted DOIs (10.60775/fairhub.1 and 10.60775/fairhub.2) therefore no longer resolve to retrievable data, which contradicts the persistent-identifier premise underlying the record's FAIR and sustainability claims."
AI_READI_v8_rep2_r20_rating1,rubric20-semantic,AI_READI,v8,2,1,primary,content_accuracy,medium,license_use_terms,licence,license_use_terms|privacy_regulatory,2,"No data protection impact assessment exists and the structured slot is empty, yet the record acknowledges a theoretical re-identification risk driven by AI inference and asserts regulatory_restrictions.hipaa_compliant: 'compliant'. The negative finding ('no data protection impact analysis has been conducted') is disclosed only in free-text notes, not in data_protection_impacts, so the gap is not machine-discoverable. A DPIA is the expected artifact precisely where an acknowledged re-identification pathway meets a broad reuse licence."
AI_READI_v8_rep2_r20_rating1,rubric20-semantic,AI_READI,v8,2,1,primary,correctness,low,license_use_terms,licence,license_use_terms|source_conflict|consent_ethics|attribution|variables_metadata,5,"Unresolved institutional attribution across two distinct ROR identities. ROR:01yc7t268 is Washington University in St. Louis and ROR:00cvxb145 is the University of Washington; the record assigns the former as managing organization, lead sponsor, licensor, governance accountable_organization and PI affiliation, and the latter as the PI's department and the IRB's actual address (hsdrely@uw.edu, Human Subjects Division, Seattle). The IRB label 'Washington University IRB' with a University of Washington address and contact is an internal contradiction in the source that propagates into ethical_reviews and data_governance.accountable_organization, leaving legal accountability for the licence and the IRB of record ambiguous."
AI_READI_v8_rep2_r20_rating1,rubric20-semantic,AI_READI,v8,2,1,primary,correctness,low,count_size,arithmetic,count_size,1,"Size arithmetic does not close. The nine datatype directory totals sum to 3,815,969,360,064 bytes against a stated total_size_bytes of 3,815,969,779,678, a 419,614-byte shortfall. The record discloses the difference and offers root-level metadata files as a plausible but unverified explanation. By contrast the file-count arithmetic does close exactly (356,334 + 9 root files = 356,343), which makes the unexplained byte gap the weaker of the two reconciliations."
AI_READI_v8_rep2_r20_rating1,rubric20-semantic,AI_READI,v8,2,1,primary,consistency,low,source_conflict,conflict,source_conflict|bias_quality,2,"Sampling characterization conflicts across same-tier sources: the healthsheet answers that the dataset 'contains all possible instances' and returns 'N/A' for sampling strategy, while the FAIRhub study description registers samplingMethod 'Non-Probability Sample' and the protocol describes wave-based, EHR-screened, balance-adjusted contact pools. The record sets is_sample: true and reasons the conflict out in source_caveats, which is the defensible resolution but remains an unreconciled source disagreement."
AI_READI_v8_rep2_r20_rating1,rubric20-semantic,AI_READI,v8,2,1,primary,consistency,low,source_conflict,conflict,source_conflict|temporal_version,2,"Version scope conflict: the healthsheet and RO-Crate describe version 3.0.0 as covering data 'up through the end of the second year of the study', while the README changelog attributes 863 participants to year 2 and 1,213 to year 3. Separately the v3.0.0 documentation 'About' page reuses v2.0.0 wording describing a version containing 'data from the participants of the pilot study phase', which is inconsistent with 2,280 participants over 2023-07-19 to 2025-05-01."
AI_READI_v8_rep2_r20_rating1,rubric20-semantic,AI_READI,v8,2,1,primary,completeness,low,temporal_version,errata,temporal_version|variables_metadata,2,"No errata slot is populated across three releases, although a substantive corrective change is documented: the Snellen visual-acuity variables were dropped between 2.0.0 and 3.0.0, leaving only logMAR. A dropped variable is errata-adjacent and is currently discoverable only from version_details prose."
AI_READI_v8_rep2_r20_rating1,rubric20-semantic,AI_READI,v8,2,1,primary,correctness,low,license_use_terms,licence,license_use_terms|variables_metadata,2,"The licence is named three different ways: the top-level license field says 'AI-READI custom license v2.0', license_and_use_terms resolves it to https://doi.org/10.5281/zenodo.17555036 (valid Zenodo prefix), and the notes record that FAIRhub pages label it 'Health Data License'. A consumer matching on the licence string will not match across platforms."
AI_READI_v8_rep2_r20_rating1,rubric20-semantic,AI_READI,v8,2,1,primary,semantic_understanding,low,bias_quality,bias,bias_quality,1,"Device heterogeneity is not categorized as a bias. Retinal imaging was acquired on four OCT/OCTA vendor platforms (Heidelberg Spectralis, Topcon Maestro2, Topcon Triton, Zeiss Cirrus) and four fundus platforms, and the record notes that Optomed Aurora image quality 'varies from patient to patient and within the same patient'. Cross-device systematic difference is a textbook measurement_bias for multimodal imaging AI, but it appears only under anomalies, so known_biases omits a bias type that the dataset's own acquisition design makes likely."
AI_READI_v8_rep2_r20_rating1,rubric20-semantic,AI_READI,v8,2,1,primary,correctness,low,attribution,award,attribution,1,"Two NIH RePORTER project-detail identifiers (10885481 and 10471118) are cited for the same core award OT2OD032644, and the healthsheet transcribes the award number as 'OT2ODO32644', substituting the letter O for a zero. Both defects are disclosed by the record and the canonical award number is carried correctly in the structured grant_number slot."
AI_READI_v8_rep2_r20_rating1,rubric20-semantic,AI_READI,v8,2,1,primary,consistency,low,consent_ethics,at_risk,consent_ethics,1,"at_risk_populations.at_risk_groups_included is false while special_protections is populated with substantive protections. The protections are in fact exclusion criteria (no minors, prisoners, pregnant women or adults unable to consent), so the flag and the list are describing opposite things under one heading."
AI_READI_v8_rep3_r10_rating1,rubric10-semantic,AI_READI,v8,3,1,primary,completeness,medium,bias_quality,data quality,bias_quality|processing_provenance|format_access|attribution,4,"Element 8 sub-element 4: the record describes format conversion and processing of the released data (.fda and .sdt to DICOM, Garmin .FIT to Open mHealth, 'a combination of automated and custom processing') but never names the software that performed any of it. Every piece of software named in the record occupies an excluded role: REDCap and the MoCA Duo application are capture and data-entry tools (role a); FAIRhub is the hosting and dissemination platform (role b); the RO-Crate packaging wraps the release without transforming its contents (role c); the OMOP CDM Data Quality Dashboard, supported by the included dqd_omop.json, is a validation aid for downstream users (role d). The GitHub pointer is an organization root (https://github.com/AI-READI) that identifies the publisher rather than a named conversion or processing tool."
AI_READI_v8_rep3_r10_rating1,rubric10-semantic,AI_READI,v8,3,1,primary,content_accuracy,medium,source_conflict,contradict,source_conflict|privacy_regulatory,2,"regulatory_restrictions.confidentiality_level is set to 'restricted', a value the record itself states is its own substitution that 'does not reproduce, and on its face contradicts' the only sourced classification, the RO-Crate's HL7:2N (normal). It also sits against confidential_elements.confidential_elements_present: false. The substitution is disclosed rather than concealed, which is good practice, but the asserted enum value is not supported by any source."
AI_READI_v8_rep3_r10_rating1,rubric10-semantic,AI_READI,v8,3,1,primary,consistency,medium,source_conflict,incompatible,source_conflict|privacy_regulatory,2,"Three incompatible characterizations of deidentification are carried simultaneously: is_deidentified.method reports FAIRhub's 'NoDeIdentification' with identifiable_elements_present: false (no identifiers collected into the release), the RO-Crate records deidentified: true, and the Nature Metabolism comment describes HIPAA Safe Harbor stripping of Protected Health Information. Safe Harbor stripping and 'no de-identification was necessary' are different operational claims about the same release. The record documents the disagreement in source_caveats rather than resolving it."
AI_READI_v8_rep3_r10_rating1,rubric10-semantic,AI_READI,v8,3,1,primary,consistency,low,privacy_regulatory,sensitive_elements,privacy_regulatory,1,"sensitive_elements.sensitive_elements_present is true, enumerating EHR, wearable, ECG, environmental and CGM categories from the RO-Crate, while the FAIRhub healthsheet position recorded in the same block asserts the public dataset contains no sensitive data, and confidential_elements_present is false. Both tier-1 positions are retained without adjudication."
AI_READI_v8_rep3_r10_rating1,rubric10-semantic,AI_READI,v8,3,1,primary,consistency,low,source_conflict,contradict,source_conflict|bias_quality,2,"sampling_strategies.is_sample is false while the same block documents non-probability, wave-based stratified recruitment from an EHR-derived study base with deliberate under- and oversampling. The record scopes is_sample to enrollment completeness and warns the reader, but the boolean read alone contradicts the prose."
AI_READI_v8_rep3_r10_rating1,rubric10-semantic,AI_READI,v8,3,1,primary,completeness,low,license_use_terms,license,license_use_terms|format_access,2,"No download_url slot is populated. Access is nonetheless fully actionable: page gives https://fairhub.io/datasets/3 and data_governance.access_review_process publishes the access route at https://fairhub.io/datasets/3/access together with the exact conditions (verified ID login, type-2-diabetes-research attestation, license acceptance, access type PublicDownloadSelfAttestationRequired)."
AI_READI_v8_rep3_r10_rating1,rubric10-semantic,AI_READI,v8,3,1,primary,completeness,low,temporal_version,errata,temporal_version|bias_quality|variables_metadata,3,"No errata slot is populated. Change documentation is carried by updates.update_details pointing at the CHANGELOG, by the version_access note that 2.0.0 is no longer accessible, and by the known_limitations entry recording that Snellen visual acuity variables were dropped in 3.0.0; no corrections to previously released values are reported as such."
AI_READI_v8_rep3_r10_rating1,rubric10-semantic,AI_READI,v8,3,1,primary,semantic_understanding,low,bias_quality,known_limitations,bias_quality|format_access|variables_metadata,3,"instances.data_topic carries the bare CURIE B2AI_TOPIC:43 with no label or resolvable URI, so the coded topic is not machine- or human-resolvable from the record alone. The condition coverage is recoverable from description, subpopulations and known_limitations (type 2 diabetes across four severity arms), which is why the sub-element still passes."
AI_READI_v8_rep3_r10_rating1,rubric10-semantic,AI_READI,v8,3,1,primary,semantic_understanding,low,license_use_terms,license,license_use_terms|source_conflict|attribution,3,"Unresolved institutional attribution: the acronym expansion ('Exploratory' versus 'Equitable'), the lead institution (Washington University in St. Louis as FAIRhub managing organization and license Licensor versus University of Washington as RO-Crate PI affiliation and NIH RePORTER awardee) and the publisher (FAIRhub versus AI-READI Consortium) each differ between equally ranked sources. The record carries both positions in source_caveats rather than asserting one silently, which is the correct handling, but a consumer of creators.principal_investigator.affiliation receives two affiliations for one person."
AI_READI_v8_rep3_r10_rating1,rubric10-semantic,AI_READI,v8,3,1,primary,correctness,low,license_use_terms,copyright,license_use_terms|temporal_version,2,"The RO-Crate copyright notice quoted in ip_restrictions reads 'Copyright (c) 2026 AI-READI' for a release issued 2025-11-17. The value is faithfully quoted from the source, so this is a source artifact rather than a record error, but it is temporally inconsistent with issued and distribution_dates."
AI_READI_v8_rep3_r20_rating1,rubric20-semantic,AI_READI,v8,3,1,primary,consistency,medium,privacy_regulatory,confidential,privacy_regulatory,1,"The confidentiality and sensitivity fields do not compose into one coherent statement. regulatory_restrictions.confidentiality_level is 'restricted', while confidential_elements.confidential_elements_present is false and is_deidentified.identifiable_elements_present is false, and sensitive_elements_present is true. A machine consumer reading the enum alone would classify the release as restricted-confidential, which the confidential_elements object denies."
AI_READI_v8_rep3_r20_rating1,rubric20-semantic,AI_READI,v8,3,1,primary,correctness,medium,source_conflict,contradict,source_conflict|privacy_regulatory,2,"regulatory_restrictions.confidentiality_level: restricted is, by the record's own notes, a substitution that 'does not reproduce, and on its face contradicts' the only value any declared source states (the RO-Crate's 'HL7:2N (normal)'). The asserted enum value is therefore not source-backed, even though the substitution is disclosed and reasoned."
AI_READI_v8_rep3_r20_rating1,rubric20-semantic,AI_READI,v8,3,1,primary,consistency,medium,license_use_terms,licence,license_use_terms|source_conflict|consent_ethics|privacy_regulatory|format_access,5,"The de-identification method is left under-determined across three conflicting characterizations that the record carries without resolution: FAIRhub 'NoDeIdentification' (no identifiers collected into the release), RO-Crate 'deidentified: true', and Nature Metabolism 'HIPAA Safe Harbor stripping'. The University of Washington IRB protocol separately shows that direct identifiers (name, MRN, DOB, address, phone, email, driver's licence) were collected and code-linked in the study. A reuser assessing re-identification risk cannot tell from this record which method actually governs the released files."
AI_READI_v8_rep3_r20_rating1,rubric20-semantic,AI_READI,v8,3,1,primary,consistency,low,source_conflict,tension,source_conflict|bias_quality,2,"sampling_strategies.is_sample is false while the same object's strategies field describes non-probability, wave-based stratified recruitment from an EHR-derived study base, and is_representative is false with a why_not_representative narrative. The record flags the tension itself and scopes is_sample to enrollment completeness, but the boolean as serialized contradicts the prose beside it."
AI_READI_v8_rep3_r20_rating1,rubric20-semantic,AI_READI,v8,3,1,primary,content_accuracy,medium,source_conflict,conflict,source_conflict|consent_ethics|attribution,3,"Institutional attribution is internally divided: Washington University in St. Louis (ROR:01yc7t268) is recorded as accountable organization, managing organization and Licensor, while the IRB (STUDY00016228), the Human Subjects Division, the assay laboratory (UW Nutrition and Obesity Research Center) and the custom environmental sensor lab (Karalis Johnson Retina Center) are all University of Washington. The ROR identifier does match the name it is attached to, so this is a source conflict rather than a malformed identifier, but the governance chain as asserted places accountability at an institution that performs none of the documented oversight functions."
AI_READI_v8_rep3_r20_rating1,rubric20-semantic,AI_READI,v8,3,1,primary,completeness,medium,temporal_version,errata,temporal_version|bias_quality|processing_provenance|format_access,4,"Several rubric-referenced fields have no slot in the record even where the substance exists in prose: no download_url (access URL appears only inside data_governance.access_review_process), no errata (the CHANGELOG is referenced but not enumerated), no was_derived_from or parent_datasets (version lineage is expressed only through related_datasets), no resources, no labeling_strategies (addressed as an explicit negative in instances.label_description) and no imputation_protocols (addressed in missing_data_documentation.handling_strategy)."
AI_READI_v8_rep3_r20_rating1,rubric20-semantic,AI_READI,v8,3,1,primary,consistency,low,privacy_regulatory,data_protection,privacy_regulatory|format_access,2,"data_protection_impacts records that no DPIA was conducted, while the same record documents human subject research on health data, an acknowledged theoretical re-identification risk, and a companion controlled-access release holding ZIP code, race, sex and genetic data. The negative is reported honestly as an explicit answer rather than an omission, but it is a substantive protection gap rather than a documentation gap."
AI_READI_v8_rep3_r20_rating1,rubric20-semantic,AI_READI,v8,3,1,primary,semantic_understanding,low,license_use_terms,license,license_use_terms|attribution,2,"The reuse permission is stated at two different scopes without reconciliation: license_and_use_terms.license_terms grants use 'for research, commercial and non-commercial purposes', while data_use_permission is disease_specific_research and intended_uses records the access condition limiting the public release to type 2 diabetes related research. The record discloses the divergence, but the enum and the license text would license different downstream uses if read independently."
AI_READI_v8_rep3_r20_rating1,rubric20-semantic,AI_READI,v8,3,1,primary,correctness,low,attribution,grant,attribution,1,Grant number OT2OD032644 is recorded in the canonical core-project form while the RO-Crate cites 1OT2OD032644 and two declared sources link the same core project to different RePORTER records (10885481 and 10471118). The core number itself is well-formed NIH and the divergence is disclosed; the effect is cosmetic.
AI_READI_v8_rep3_r20_rating1,rubric20-semantic,AI_READI,v8,3,1,primary,content_accuracy,medium,temporal_version,version,temporal_version|privacy_regulatory,2,"Two facts reported in the record undercut the persistence its sustainability documentation otherwise establishes: version 2.0.0 carries its own DOI (10.60775/fairhub.2) yet is recorded as 'no longer accessible', and both FAIRhub and the documentation site carry the notice that the repository 'is under review for potential modification in compliance with Administration directives'. The documentation of these facts is exemplary; the facts themselves are adverse to DOI persistence and long-term availability."
CHORUS_v7_rep1_r20_rating1,rubric20-semantic,CHORUS,v7,1,1,primary,consistency,high,consent_ethics,human_subject,consent_ethics,1,"human_subject_research.involves_human_subjects=true and the cohort is described as critically ill hospital patients including PICU and NICU admissions, but no IRB, ethics committee, or approval identifier is recorded anywhere. The two ethical_reviews entries name 'CHoRUS consortium' as reviewing_organization and describe community ethics focus groups and legal-landscape analysis, which is consortium ethics activity rather than a formal review of the dataset; the record's own source_caveats concede this."
CHORUS_v7_rep1_r20_rating1,rubric20-semantic,CHORUS,v7,1,1,primary,consistency,high,consent_ethics,human_subject,consent_ethics,1,"involves_human_subjects=true but informed_consent is entirely absent. For a retrospective EHR extraction a waiver of consent or an exemption determination is the expected documentation, and neither is present, so a reuser cannot tell on what legal basis patient data were assembled."
CHORUS_v7_rep1_r20_rating1,rubric20-semantic,CHORUS,v7,1,1,primary,consistency,high,privacy_regulatory,deidentif,privacy_regulatory|variables_metadata,2,"is_deidentified is populated with a plausible method, and sensitive_elements declares protected health information across nine modalities from US hospitals, yet regulatory_restrictions.hipaa_compliant is absent, regulatory_restrictions.other_compliance is absent, and no data_protection_impacts entry exists. Deidentification is claimed without naming a standard (no Safe Harbor or Expert Determination reference)."
CHORUS_v7_rep1_r20_rating1,rubric20-semantic,CHORUS,v7,1,1,primary,correctness,medium,persistent_identifier,no doi,persistent_identifier|format_access|attribution,3,"No DOI is present for the dataset. The identifier supplied, id: https://chorus4ai.org/#dataset, is a fragment URI on a project marketing site, not a persistent identifier; publisher is also absent, so neither a registrar nor a hosting repository can be resolved. The record's top-level source_caveats confirms the bundle gives no DOI."
CHORUS_v7_rep1_r20_rating1,rubric20-semantic,CHORUS,v7,1,1,primary,correctness,low,format_access,url,format_access,1,"One external resource, 'www.bridge2ai.org/chorus', is recorded without a URL scheme and is therefore not a resolvable URI as written. The record flags that it is reproduced as published, but the value remains machine-unresolvable."
CHORUS_v7_rep1_r20_rating1,rubric20-semantic,CHORUS,v7,1,1,primary,content_accuracy,medium,temporal_version,timeframe,temporal_version|attribution,2,"collection_timeframes reports 2022-09-01 to 2026-11-30, which is the NIH award period for OT2OD032701 rather than the clinical period the admissions are drawn from. Because acquisition_methods describe retrospective extraction, the admissions largely predate the award, so the stated timeframe is semantically the wrong interval for the data. The record itself identifies this substitution."
CHORUS_v7_rep1_r20_rating1,rubric20-semantic,CHORUS,v7,1,1,primary,consistency,medium,source_conflict,two sources,source_conflict|count_size,2,"Two sources quantify the dataset differently: 50,000 admissions and 7,642 admissions with radiology data (project website) versus 'over 45K unique admissions' and 1000 images (August 2025 webinar). instances.counts asserts the tier-2 figures as the values of record. The disclosure is exemplary, but the asserted counts remain unreconciled and the imaging figures are in incompatible units."
CHORUS_v7_rep1_r20_rating1,rubric20-semantic,CHORUS,v7,1,1,primary,semantic_understanding,medium,variables_metadata,conforms_to,variables_metadata,1,"conforms_to_standard collapses EDF+, Persyst, and the OHNLP open source schema into a single OTHER token, and lists WFDB for what the narrative describes as an extended PhysioNet schema. The machine-readable conformance list therefore understates and slightly misstates the standards actually in use relative to the conforms_to prose, weakening the interoperability signal it exists to carry."
CHORUS_v7_rep1_r20_rating1,rubric20-semantic,CHORUS,v7,1,1,primary,consistency,medium,scope_drift,in process,scope_drift|temporal_version|privacy_regulatory,3,"status is 'partially released' and updates describes modalities still in flux (imaging deidentification and EEG extraction in process as of August 2025), yet version, version_access, errata, and any release date are all absent. A reuser who receives an extract cannot identify which state of a moving dataset they hold, which undermines the reproducibility of any analysis built on it."
CHORUS_v7_rep1_r20_rating1,rubric20-semantic,CHORUS,v7,1,1,primary,semantic_understanding,medium,bias_quality,bias,bias_quality,1,"known_biases records one entry whose bias_description states that the project 'treats cohort balance and diversity as an open risk to be managed' and cites the aspiration to build the most diverse dataset. That is an intention and a mitigation posture, not a characterized bias of the released data. No fairness analysis or demographic distribution is given even though demographics and social determinants of health are collected modalities, and obvious candidates (selection bias from 14 academic centers, measurement bias across heterogeneous site documentation practices) are not categorized."
CHORUS_v7_rep1_r20_rating1,rubric20-semantic,CHORUS,v7,1,1,primary,content_accuracy,low,format_access,email,format_access|attribution,2,"The maintainer contact email domain is recorded as 'mgh.havard.edu' (misspelling of harvard), reproduced verbatim from the source with a caveat. The contact is transparently sourced but not actionable as written."
CHORUS_v7_rep1_r20_rating1,rubric20-semantic,CHORUS,v7,1,1,primary,consistency,low,license_use_terms,license,license_use_terms|format_access,2,"license_and_use_terms establishes controlled access conditional on a signed licensing agreement, but no license document, DUA template, or agreement identifier is referenced, and no download_url or enclave access endpoint is given. The prohibition-side terms that a signed agreement would carry are also absent from prohibited_uses and discouraged_uses."
CHORUS_v7_rep2_r10_rating1,rubric10-semantic,CHORUS,v7,2,1,primary,consistency,high,consent_ethics,human_subject,consent_ethics,1,"human_subject_research.involves_human_subjects=true for a multicenter dataset of 50,000 ICU/PICU/NICU admissions, but no IRB approval, ethics board of record, or data protection impact assessment is documented. The record's own source_caveats state 'The bundle does not state IRB approval for the dataset or name an ethics review board of record.' The ethical_reviews entries describe community ethics focus groups and legal-landscape research by consortium pillars, which is ethics activity rather than review or approval of this data collection."
CHORUS_v7_rep2_r10_rating1,rubric10-semantic,CHORUS,v7,2,1,primary,consistency,high,consent_ethics,human_subject,consent_ethics,1,"involves_human_subjects=true but informed_consent is entirely absent. For retrospective EHR/waveform/imaging extraction a consent waiver is the expected documentation, and neither consent nor waiver is recorded."
CHORUS_v7_rep2_r10_rating1,rubric10-semantic,CHORUS,v7,2,1,primary,consistency,medium,privacy_regulatory,deidentif,privacy_regulatory|processing_provenance,2,"is_deidentified.method claims tokenization and 'transformation of data using approaches that limit re-identification', and sensitive_elements flags patient-level clinical data including waveforms, imaging, notes and social determinants of health, yet participant_privacy and an explicit re-identification risk assessment are absent. High-resolution waveform and imaging data carry known re-identification risk that is never assessed."
CHORUS_v7_rep2_r10_rating1,rubric10-semantic,CHORUS,v7,2,1,primary,content_accuracy,medium,scope_drift,in process,scope_drift|privacy_regulatory|variables_metadata,3,"The deidentification method is described procedurally (tokenization, CTP-deid, privacy_scan_tool, imaging de-id in process) but no recognized standard is named (HIPAA Safe Harbor, Expert Determination, k-anonymity), and no HIPAA compliance status is recorded anywhere despite US hospital PHI being the source."
CHORUS_v7_rep2_r10_rating1,rubric10-semantic,CHORUS,v7,2,1,primary,completeness,high,persistent_identifier,no persistent identifier,persistent_identifier|attribution,2,"No persistent identifier: doi is absent and id is the project homepage https://chorus4ai.org/, which is a web address rather than a DOI, RRID, ARK or Handle. Correspondingly no citation and no publisher are recorded, so the dataset cannot be cited or cross-referenced."
CHORUS_v7_rep2_r10_rating1,rubric10-semantic,CHORUS,v7,2,1,primary,completeness,high,source_conflict,tension,source_conflict|variables_metadata,2,"No variable-level metadata at all: variables is absent, is_tabular is unset, and no data dictionary is referenced, despite 1.6 billion rows of OMOP-standardized tabular data. OMOP conformance implies a known column vocabulary but does not document the extensions the record itself claims for nursing flowsheets."
CHORUS_v7_rep2_r10_rating1,rubric10-semantic,CHORUS,v7,2,1,primary,completeness,medium,license_use_terms,license,license_use_terms,1,license_and_use_terms documents only the AIM-AHEAD training-programme licensing agreement and explicitly notes that no general license for the data is stated; there are also no prohibited_uses or discouraged_uses for a sensitive clinical corpus.
CHORUS_v7_rep2_r10_rating1,rubric10-semantic,CHORUS,v7,2,1,primary,completeness,medium,temporal_version,version,temporal_version|format_access,2,"No version, version_access or errata, and no download_url. A dataset described as partially released and growing from 50,000 toward 100,000 admissions has no way for a user to name or retrieve the snapshot they used."
CHORUS_v7_rep2_r10_rating1,rubric10-semantic,CHORUS,v7,2,1,primary,completeness,medium,consent_ethics,ethic,consent_ethics|bias_quality,2,"known_biases and future_use_impacts are absent, and anomalies and missing_data_documentation are absent, for a multi-site retrospective EHR corpus where site-mix bias and structured missingness are near-certain. Bias is mentioned only obliquely inside ethical_reviews and intended_uses."
CHORUS_v7_rep2_r10_rating1,rubric10-semantic,CHORUS,v7,2,1,primary,correctness,low,attribution,maintainer,attribution,1,"The maintainer contact is 'cmccrary@mgh.havard.edu', whose domain is misspelled ('havard' for 'harvard', and MGH's domain is mgh.harvard.edu). The record transparently flags this as transcribed verbatim from the source, so the defect is upstream, but the contact as recorded is unusable."
CHORUS_v7_rep2_r10_rating1,rubric10-semantic,CHORUS,v7,2,1,primary,semantic_understanding,low,count_size,counts,count_size,1,"Two internally inconsistent counts are reported for the cohort (50,000 admissions on chorus4ai.org versus over 45K as of August 2025 in the webinar) and for imaging (7,642 admissions versus roughly 1,000 images). The record handles this correctly by recording both with an explicit source ranking rather than silently reconciling them, so this is a provenance note rather than a defect."
CHORUS_v7_rep2_r20_rating1,rubric20-semantic,CHORUS,v7,2,1,primary,consistency,high,consent_ethics,human_subject,consent_ethics|privacy_regulatory,2,"human_subject_research.involves_human_subjects is true and the record covers patient-level ICU/PICU/NICU clinical data, but no IRB approval, protocol number, or ethics review board of record is documented. The entries under ethical_reviews describe community-facing ethics focus groups and consortium ethics research ('Community-facing ethics focus groups are performed to determine what data is appropriate for public sharing'), which is programmatic ethics activity rather than regulatory human-subjects review. The record discloses the gap honestly in human_subject_research.source_caveats ('The bundle does not state IRB approval for the dataset or name an ethics review board of record'), but disclosure does not supply the missing approval."
CHORUS_v7_rep2_r20_rating1,rubric20-semantic,CHORUS,v7,2,1,primary,consistency,high,consent_ethics,human_subject,consent_ethics,1,"involves_human_subjects is true, yet informed consent is documented nowhere. For retrospective EHR, imaging, waveform and EEG extraction the expected statement is a waiver of consent or a broad-consent basis; neither appears. Pediatric (PICU) and neonatal (NICU) special populations are declared, which raises the expectation of documented parental permission or an explicit waiver rationale."
CHORUS_v7_rep2_r20_rating1,rubric20-semantic,CHORUS,v7,2,1,primary,consistency,medium,privacy_regulatory,deidentif,privacy_regulatory|bias_quality|processing_provenance,3,"is_deidentified.method is populated ('Tokenization of unstructured electronic health record text and transformation of data using approaches that limit re-identification; de-identification of imaging'), but no re-identification risk assessment, no HIPAA Safe Harbor / Expert Determination designation, and no data protection impact assessment accompany it. For US hospital PHI spanning demographics, notes, DICOM, waveforms and EEG, the absence of any HIPAA or regulatory compliance statement is a material gap rather than an omission of detail."
CHORUS_v7_rep2_r20_rating1,rubric20-semantic,CHORUS,v7,2,1,primary,consistency,medium,license_use_terms,license,license_use_terms|format_access,2,"third_party_sharing.is_shared is true and purposes state the aim 'To develop a publicly available, AI-ready critical care dataset', but license_and_use_terms carries no general license for the data: the only terms attested are a licensing agreement and '.edu' email requirement scoped to the AIM-AHEAD training program, and license_and_use_terms.source_caveats confirms 'The bundle states no general license for the data themselves and no access terms outside the training program context'. A reuser outside that program cannot determine the terms under which the data may be used."
CHORUS_v7_rep2_r20_rating1,rubric20-semantic,CHORUS,v7,2,1,primary,completeness,medium,persistent_identifier,no doi,persistent_identifier,1,"No DOI or other persistent identifier is present for a dataset described as partially released (50,000 admissions, 1.6 billion OMOP rows, 23 Tb of waveform data). The id field holds the project homepage 'https://chorus4ai.org/', which is a resolvable but non-persistent web address and duplicates page. A homepage does not provide versioned, citable identity."
CHORUS_v7_rep2_r20_rating1,rubric20-semantic,CHORUS,v7,2,1,primary,completeness,medium,temporal_version,version,temporal_version|attribution,2,"No version, version_access, or errata fields exist, and no preservation commitment beyond the NIH project period is stated, while updates.update_details records that 'The NIH project period runs to 2026-11-30'. A dataset that is still growing toward 100,000 admissions across 9 modalities with no versioning scheme cannot be cited reproducibly, and no organization is named as accountable for the data after the award ends."
CHORUS_v7_rep2_r20_rating1,rubric20-semantic,CHORUS,v7,2,1,primary,content_accuracy,medium,privacy_regulatory,privacy,privacy_regulatory|bias_quality|variables_metadata,3,"The record carries the title 'Patient-Focused Collaborative Hospital Repository Uniting Standards (CHoRUS) for Equitable AI', keywords 'social determinants of health', and intended_uses covering equity research and 'managing privacy and bias', yet there is no known_biases documentation at all and no fairness analysis. known_limitations records coverage, integration and scope constraints (14 hospitals, ICU/PICU/NICU only, modalities incomplete) that imply selection and measurement bias but are never characterized as bias, and subpopulations.source_caveats confirms no demographic breakdown exists."
CHORUS_v7_rep2_r20_rating1,rubric20-semantic,CHORUS,v7,2,1,primary,correctness,low,attribution,maintainer,attribution,1,"The maintainer contact address 'cmccrary@mgh.havard.edu' has a misspelled domain ('havard' rather than 'harvard'; the MGH domain would be mgh.harvard.edu). The record flags the transcription in source_caveats as printed on the source page, so the error is upstream, but the address as recorded is not deliverable."
CHORUS_v7_rep2_r20_rating1,rubric20-semantic,CHORUS,v7,2,1,primary,semantic_understanding,low,attribution,creators,attribution,1,"Five of six creators carry no structured name: 'Azra Bihorac', 'Xiaoqian Jiang', 'Yulia Strekalova', 'Parisa Rashidi' and 'Manlik Kwong' appear only inside free-text notes, with affiliations populated and the name slot empty. Attribution is therefore human-readable but not machine-resolvable, and no ORCIDs are supplied."
CHORUS_v7_rep2_r20_rating1,rubric20-semantic,CHORUS,v7,2,1,primary,consistency,low,source_conflict,reconciled,source_conflict|scope_drift|count_size,3,"Instance counts differ between sources and are adjudicated rather than reconciled: 50,000 admissions (project site) against 'over 45K unique admissions' as of August 2025 (cohort 2 webinar), and 7,642 admissions with radiology data against 'currently 1000 images available with de-id in process'. The record explains the source ranking and states that the imaging figures count different things, so this is a transparency-preserving warning rather than an internal contradiction."
CHORUS_v7_rep3_r10_rating1,rubric10-semantic,CHORUS,v7,3,1,primary,consistency,high,consent_ethics,human_subject,consent_ethics,1,"The record describes patient-level hospital data from 14 contributing hospitals (description: 'retrospective, controlled-access clinical data on critically ill patients'), yet human_subject_research is unpopulated and ethical_reviews names no IRB, ethics committee approval or protocol number. The record's own source_caveats acknowledges that no source states whether the dataset is governed as human subjects research."
CHORUS_v7_rep3_r10_rating1,rubric10-semantic,CHORUS,v7,3,1,primary,consistency,high,consent_ethics,human participant,consent_ethics|privacy_regulatory,2,"Human participant data is present but informed_consent is absent entirely. For a retrospective multicenter EHR/imaging/waveform dataset a waiver of consent or HIPAA authorization waiver would normally apply; neither is documented, so a reuser cannot tell on what legal basis the records were obtained."
CHORUS_v7_rep3_r10_rating1,rubric10-semantic,CHORUS,v7,3,1,primary,consistency,high,consent_ethics,pediatric,consent_ethics,1,"subpopulations and description both state that pediatric ICU and neonatal ICU admissions are included, which are minors and a canonical at-risk population, but at_risk_populations is unpopulated and no assent or guardian-permission arrangements are described. The record flags this gap in source_caveats but leaves the field empty."
CHORUS_v7_rep3_r10_rating1,rubric10-semantic,CHORUS,v7,3,1,primary,content_accuracy,medium,privacy_regulatory,deidentif,privacy_regulatory|processing_provenance|variables_metadata,3,"is_deidentified.method names techniques (OHNLP tokenization, imaging de-identification, transformations that limit re-identification) but no recognized standard (HIPAA Safe Harbor, Expert Determination, k-anonymity) and no list of identifier categories removed. The record's own caveat states 'No source states which identifier categories are removed'. For US hospital PHI this leaves the deidentification claim unverifiable."
CHORUS_v7_rep3_r10_rating1,rubric10-semantic,CHORUS,v7,3,1,primary,consistency,medium,privacy_regulatory,re-identif,privacy_regulatory,1,"No re-identification risk assessment and no data_protection_impacts, despite three risk-amplifying design choices documented elsewhere in the record: geocoding of OMOP Location entities via DeGauss, retention of high-resolution physiologic waveforms and EEG, and linkage of nine modalities at the admission level."
CHORUS_v7_rep3_r10_rating1,rubric10-semantic,CHORUS,v7,3,1,primary,consistency,medium,persistent_identifier,no doi,persistent_identifier|temporal_version|format_access|attribution,4,"The dataset is asserted to be shared and reusable (third_party_sharing.is_shared=true, five populated distribution_formats, a provisioned holdout test set), yet there is no download_url, no publisher, no doi, no citation and no version. A reuser who accepts the controlled-access terms still has no retrieval endpoint, no release identity and no way to cite what they used."
CHORUS_v7_rep3_r10_rating1,rubric10-semantic,CHORUS,v7,3,1,primary,consistency,medium,bias_quality,known_limitations,bias_quality|variables_metadata,2,"The title frames the resource as being 'for Equitable AI' and keywords include 'social determinants of health', but known_biases is entirely absent. Only a single representativeness_limitation in known_limitations touches on cohort composition, and no demographic distribution is reported anywhere, so equity claims cannot be assessed against the data."
CHORUS_v7_rep3_r10_rating1,rubric10-semantic,CHORUS,v7,3,1,primary,correctness,medium,persistent_identifier,only identifier,persistent_identifier|format_access,2,"The only identifier is id='https://chorus4ai.org/#chorus-dataset', a fragment on the project homepage. It is a well-formed URI but carries no persistence guarantee, resolves to a site the record itself notes is 'under review for potential modification', and no DOI or RRID exists anywhere in the record."
CHORUS_v7_rep3_r10_rating1,rubric10-semantic,CHORUS,v7,3,1,primary,completeness,medium,privacy_regulatory,regulatory,privacy_regulatory,1,"regulatory_restrictions records confidentiality_level 'restricted' and a legal-framework narrative, but hipaa_compliant and other_compliance are unpopulated for a dataset derived from US hospital records — the single most load-bearing compliance statement for this data type."
CHORUS_v7_rep3_r10_rating1,rubric10-semantic,CHORUS,v7,3,1,primary,semantic_understanding,medium,license_use_terms,license,license_use_terms|processing_provenance|format_access,3,"license_and_use_terms describes an access gate (controlled access, a licensing agreement inside a training-program registration form, a '.edu' email requirement) but never states reuse rights: no license identifier, no redistribution, attribution, derivative-work or publication terms for the data. The MIT/Apache-2.0 terms present in notes are correctly scoped to CHoRUS software, not the dataset, so no data license exists in the record."
CHORUS_v7_rep3_r10_rating1,rubric10-semantic,CHORUS,v7,3,1,primary,content_accuracy,low,source_conflict,tension,source_conflict|scope_drift|privacy_regulatory,3,"Internal figure tension within the imaging modality: instances reports 7,642 admissions with radiology data while the same entry's notes state that approximately 1000 images were available as of the September 2025 webinar with de-identification still in process. The record does not reconcile whether 7,642 is released or planned."
CHORUS_v7_rep3_r10_rating1,rubric10-semantic,CHORUS,v7,3,1,primary,correctness,low,other,,,0,"The published program-manager contact 'cmccrary@mgh.havard.edu' contains an apparent domain typo ('havard'). The record transparently marks it 'as published', but as recorded the primary project contact address is likely undeliverable."
CHORUS_v7_rep3_r10_rating1,rubric10-semantic,CHORUS,v7,3,1,primary,completeness,low,temporal_version,timeframe,temporal_version|attribution,2,"collection_timeframes substitutes the NIH award period (2022-09-01 to 2026-11-30) for the calendar range of the underlying clinical encounters, which is transparently caveated but leaves the temporal coverage of the data unknown — material for temporal validation and for interpreting practice-pattern drift in ICU data."
CHORUS_v7_rep3_r10_rating1,rubric10-semantic,CHORUS,v7,3,1,primary,completeness,low,format_access,email,format_access|attribution,2,"data_governance.committee_contact names Jared Houghtaling, but the record's own caveat states he is recorded because he is one of two access-request contacts, not because any source identifies him as a committee contact; the second contact is an email address with no name and no formal data access committee is identified."
CHORUS_v7_rep3_r20_rating1,rubric20-semantic,CHORUS,v7,3,1,primary,consistency,high,consent_ethics,human_subject,consent_ethics,1,"The dataset is patient-level hospital data on critically ill patients ('CHoRUS is a multicenter, multimodal, high-resolution critical care dataset', 'retrospective, controlled-access clinical data on critically ill patients'), yet human_subject_research is entirely unpopulated. The record discloses this in source_caveats ('No source states whether the dataset is governed as human subjects research'), which is honest provenance practice, but the human-subjects determination remains undocumented for a dataset composed of identifiable health records."
CHORUS_v7_rep3_r20_rating1,rubric20-semantic,CHORUS,v7,3,1,primary,consistency,high,consent_ethics,pediatric,consent_ethics,1,"The cohort explicitly includes pediatric and neonatal intensive care admissions ('adult intensive care unit (ICU), pediatric intensive care unit (PICU), and neonatal intensive care unit (NICU)'), which are vulnerable populations by definition, yet at_risk_populations is unpopulated and no assent, guardian-permission or minor-specific safeguard is described anywhere in the record."
CHORUS_v7_rep3_r20_rating1,rubric20-semantic,CHORUS,v7,3,1,primary,consistency,high,consent_ethics,informed_consent,consent_ethics,1,"informed_consent is absent for a retrospective dataset of identifiable clinical records drawn from 14 hospitals. Retrospective research typically proceeds under a documented consent waiver, but neither consent nor a waiver is recorded, so the legal basis for the transfer of patient data into the enclave is undocumented."
CHORUS_v7_rep3_r20_rating1,rubric20-semantic,CHORUS,v7,3,1,primary,consistency,medium,consent_ethics,ethic,consent_ethics|privacy_regulatory|attribution,3,"ethical_reviews is populated but describes the consortium's ethics pillar activities (community focus groups, legal landscape analysis, community perspectives on trustworthy AI) rather than a regulatory review. The record's own source_caveats confirms 'No source names an institutional review board, ethics committee approval, or protocol number for the dataset.' The field name implies a review of record that does not exist in evidence."
CHORUS_v7_rep3_r20_rating1,rubric20-semantic,CHORUS,v7,3,1,primary,consistency,medium,privacy_regulatory,regulatory,privacy_regulatory|variables_metadata,2,"The dataset comprises US hospital protected health information under controlled access, yet regulatory_restrictions.hipaa_compliant and other_compliance are absent. regulatory_restrictions contains only a narrative that a 'legal framework' was established, without naming HIPAA, the de-identification standard applied (Safe Harbor vs Expert Determination), or any other framework."
CHORUS_v7_rep3_r20_rating1,rubric20-semantic,CHORUS,v7,3,1,primary,consistency,medium,bias_quality,bias,bias_quality,1,"known_biases is entirely absent, while the substance of a selection/representativeness bias is recorded under known_limitations ('The cohort is drawn from 14 data contributing hospitals within a 20-center academic network and covers ICU, PICU, and NICU admissions only', with a recommended_mitigation). The bias content exists but is filed outside the field a consumer or CROISSANT RAI mapping would read."
CHORUS_v7_rep3_r20_rating1,rubric20-semantic,CHORUS,v7,3,1,primary,correctness,medium,persistent_identifier,no persistent identifier,persistent_identifier|temporal_version|format_access|attribution,4,"No persistent identifier exists for the dataset. id is 'https://chorus4ai.org/#chorus-dataset', a fragment on the project's own website rather than a resolvable persistent identifier, and doi, citation and version are all absent (confirmed by source_caveats). Findability and citability therefore rest entirely on a project-controlled URL."
CHORUS_v7_rep3_r20_rating1,rubric20-semantic,CHORUS,v7,3,1,primary,content_accuracy,medium,privacy_regulatory,de-identif,privacy_regulatory|processing_provenance,2,"The de-identification account is partial relative to the claim it supports. is_deidentified.method names tokenization of notes, imaging de-identification and 'data transformations that limit re-identification', but no identifier categories are enumerated for the OMOP structured data, waveforms or EEG, and reidentification_risk is unquantified (the record states so). Geocoding of OMOP Location entities via DeGauss is disclosed as adding contextual geographic factors, which raises rather than lowers re-identification risk and is not paired with a risk analysis."
CHORUS_v7_rep3_r20_rating1,rubric20-semantic,CHORUS,v7,3,1,primary,content_accuracy,medium,license_use_terms,license,license_use_terms|format_access,2,"license_and_use_terms describes access conditions specific to one training programme ('Users of the dataset through the AIM-AHEAD Bridge2AI for Clinical Care Training Program must sign a licensing agreement ... must have a "".edu"" email address'). No general dataset licence or data use agreement is stated for researchers outside that programme, who are directed only to two personal email addresses. The licence of record is therefore scoped narrower than the dataset it governs."
CHORUS_v7_rep3_r20_rating1,rubric20-semantic,CHORUS,v7,3,1,primary,completeness,medium,persistent_identifier,no persistent identifier,persistent_identifier|temporal_version|attribution,3,"No versioning exists at all: version, version_access and errata are absent, and the record confirms none is published. The dataset is nevertheless a growing partial release ('Partial release ... with acquisition and modality expansion continuing'), so a consumer cannot identify which snapshot they analysed. updates and maintainers are documented, but there is no persistent identifier, no domain repository and no preservation commitment beyond the award period ending 2026-11-30."
CHORUS_v7_rep3_r20_rating1,rubric20-semantic,CHORUS,v7,3,1,primary,completeness,medium,license_use_terms,prohibited_uses,license_use_terms|privacy_regulatory,2,"prohibited_uses and discouraged_uses are both absent for a controlled-access dataset of protected health information. Three intended_uses categories are documented, but no re-identification prohibition, no restriction on attempting to contact individuals and no discouraged applications are recorded, despite a licensing agreement being a precondition of access."
CHORUS_v7_rep3_r20_rating1,rubric20-semantic,CHORUS,v7,3,1,primary,completeness,low,temporal_version,timeframe,temporal_version|attribution,2,"Collection timeframes report the funding period rather than the data. collection_timeframes gives '2022-09-01 to 2026-11-30', which the field's own source_caveats identifies as the NIH award period, noting 'The calendar range of the underlying clinical encounters is not stated in any source.' For a retrospective critical care cohort, the encounter date range is material to reuse (practice change, coding era, COVID-19 period effects)."
CHORUS_v7_rep3_r20_rating1,rubric20-semantic,CHORUS,v7,3,1,primary,correctness,low,format_access,url,format_access|attribution,2,"One external resource URL is recorded without a scheme ('www.bridge2ai.org/chorus') while the others are well-formed absolute URLs, and a published contact email is carried as 'cmccrary@mgh.havard.edu' with an apparent misspelling of the institutional domain. The record flags the latter with 'as published', so this is faithful transcription of a defective source rather than an introduced error."
CHORUS_v7_rep3_r20_rating1,rubric20-semantic,CHORUS,v7,3,1,primary,semantic_understanding,low,bias_quality,demographic,bias_quality|format_access|variables_metadata,3,"distribution_formats entries mix a format name with a content inventory ('OMOP Common Data Model tables covering demographics, medication administration, procedures, nursing flowsheets, and diagnoses') and omit media types, encodings, compression and per-format sizes. The standards named are correct and appropriate for each modality, but the entries describe what is distributed more than how it is packaged."
CHORUS_v7_rep3_r20_rating1,rubric20-semantic,CHORUS,v7,3,1,primary,consistency,low,source_conflict,two sources,source_conflict|count_size,2,"Two sources disagree on release size: project documentation reports 50,000 admissions while the cohort 2 webinar reports 'over 45K unique admissions'. This is a disclosed and adjudicated discrepancy, not an error — the record states the tier ranking and retains both figures — but the headline instance count carries residual uncertainty of roughly 10 percent."
CHORUS_v8_rep1_r10_rating1,rubric10-semantic,CHORUS,v8,1,1,primary,consistency,high,scope_drift,project-level,scope_drift|consent_ethics,2,"human_subject_research.involves_human_subjects=true (hospital records of critically ill patients, including PICU and NICU admissions) but no IRB, ethics committee of record, approval number, determination, or data protection impact assessment is documented. ethical_reviews describes project-level ethics activity (focus groups, legal landscape analysis) rather than review or oversight of this dataset, and its own source_caveats states that no IRB or determination is reported."
CHORUS_v8_rep1_r10_rating1,rubric10-semantic,CHORUS,v8,1,1,primary,consistency,high,consent_ethics,human_subject,consent_ethics,1,"involves_human_subjects=true but informed_consent is entirely absent. For a retrospective multicenter clinical extract a consent waiver is plausible, but neither consent procedures nor a waiver determination are documented anywhere in the record."
CHORUS_v8_rep1_r10_rating1,rubric10-semantic,CHORUS,v8,1,1,primary,consistency,medium,privacy_regulatory,deidentif,privacy_regulatory|processing_provenance|variables_metadata,3,"is_deidentified.method describes techniques (tokenization, transformation limiting re-identification, imaging de-identification) but no identifiers-removed list and no named standard (HIPAA Safe Harbor, Expert Determination, k-anonymity) for the structured OMOP data; participant_privacy.reidentification_risk correspondingly reports no residual-risk assessment."
CHORUS_v8_rep1_r10_rating1,rubric10-semantic,CHORUS,v8,1,1,primary,consistency,medium,consent_ethics,at_risk,consent_ethics,1,"at_risk_populations.at_risk_groups_included=true (minors and neonates via PICU/NICU admissions) but no protections, assent procedures, guardian permission or compensation arrangements are documented; participant_compensation is absent."
CHORUS_v8_rep1_r10_rating1,rubric10-semantic,CHORUS,v8,1,1,primary,content_accuracy,medium,source_conflict,inconsistently across,source_conflict|count_size,2,"Cohort size is reported inconsistently across sources and left unreconciled: description and instances record 50,000 admissions while source_caveats records the webinar figure of 'over 45K unique admissions'. Imaging is likewise counted in two incompatible units (7,642 admissions with radiology data versus 1,000 images available). The record discloses both discrepancies transparently but a reuser cannot determine the released cohort size."
CHORUS_v8_rep1_r10_rating1,rubric10-semantic,CHORUS,v8,1,1,primary,correctness,medium,persistent_identifier,no persistent identifier,persistent_identifier|format_access,2,"No persistent identifier for the dataset: doi is absent and id is 'https://chorus4ai.org/', the project homepage, which is byte-identical to page. A homepage URL is neither dataset-specific nor persistence-guaranteed, so the dataset cannot be uniquely cited or resolved."
CHORUS_v8_rep1_r10_rating1,rubric10-semantic,CHORUS,v8,1,1,primary,correctness,low,format_access,email,format_access|attribution,2,"Maintainer email domain is recorded as 'cmccrary@mgh.havard.edu' ('havard'), and one external resource, 'www.bridge2ai.org/chorus', is given without a URI scheme. The record flags the first as transcribed verbatim from the source and does not adjudicate it."
CHORUS_v8_rep1_r10_rating1,rubric10-semantic,CHORUS,v8,1,1,primary,semantic_understanding,medium,license_use_terms,license,license_use_terms,1,"license_and_use_terms conflates two distinct objects: the MIT License applies to the chorus-ai code, while no license is named for the data. The access terms recorded are those of one route (the AIM-AHEAD training program registration), not a general data use agreement, so reuse permissions for the dataset itself remain unstated."
CHORUS_v8_rep1_r10_rating1,rubric10-semantic,CHORUS,v8,1,1,primary,completeness,medium,privacy_regulatory,regulatory,privacy_regulatory|format_access|attribution,3,"No regulatory determination is recorded for a US multicenter clinical dataset: regulatory_restrictions carries confidentiality_level 'restricted' and access-control statements but no HIPAA status, no other_compliance entries, and no governance committee contact of record (contacts appear only as individual emails under maintainers and data_governance.access_review_process)."
CHORUS_v8_rep1_r10_rating1,rubric10-semantic,CHORUS,v8,1,1,primary,completeness,high,temporal_version,version identity,temporal_version,1,"No version identity or version tracking: version, version_access and errata are all absent, and updates.source_caveats states that no release cadence or versioning policy is reported. The dataset is described as 'partially released' and actively growing (50,000 toward 100,000 admissions), so results computed on it cannot be pinned to a citable state."
CHORUS_v8_rep1_r10_rating1,rubric10-semantic,CHORUS,v8,1,1,primary,completeness,medium,source_conflict,tension,source_conflict|variables_metadata,2,"No variable-level metadata anywhere: variables and is_tabular are absent, despite 1.6 billion rows of OMOP-standardized tabular EHR data being the largest component of the release. Conformance to the OMOP CDM partially substitutes by reference but does not document CHoRUS-specific extensions (the nursing flowsheet schema is described as 'OMOP schema with extensions')."
CHORUS_v8_rep1_r10_rating1,rubric10-semantic,CHORUS,v8,1,1,primary,completeness,high,bias_quality,bias,bias_quality,1,"No bias documentation: known_biases and future_use_impacts are absent, and no demographic composition is reported for the cohort (subpopulations distinguish ICU/PICU/NICU only). The record's own representativeness_limitation concedes that the achieved demographic, geographic and clinical distribution is unreported, which is a substantive gap for a dataset whose stated purpose is equitable AI."
CHORUS_v8_rep1_r10_rating1,rubric10-semantic,CHORUS,v8,1,1,primary,completeness,medium,attribution,publisher,attribution,1,"Cross-platform integration is thin: publisher, citation, doi and related_datasets are all absent. Sibling Bridge2AI data generation projects are referenced in prose but no typed dataset relationship is recorded, and there is no recommended citation for a dataset whose funder mandates attribution."
CHORUS_v8_rep1_r10_rating1,rubric10-semantic,CHORUS,v8,1,1,primary,semantic_understanding,low,scope_drift,capabilit,scope_drift|processing_provenance|attribution|variables_metadata,4,"Several capabilities are documented in fields that ordinarily describe realized dataset properties but are stated in the future tense: splits (a holdout test set the award abstract says will be provisioned) and labeling_strategies (an annotation environment that 'will label data'). Each carries an explicit source_caveat, so the record is not misleading, but a consumer parsing the fields without the caveats would over-read the release."
CHORUS_v8_rep1_r20_rating1,rubric20-semantic,CHORUS,v8,1,1,primary,consistency,high,consent_ethics,human_subject,consent_ethics,1,"human_subject_research.involves_human_subjects=true and the dataset is built from hospital records of critically ill patients, but ethical_reviews names no IRB or ethics committee of record and reports no approval number or determination. The record discloses this gap in its own source_caveats rather than concealing it, but the protection itself remains undocumented."
CHORUS_v8_rep1_r20_rating1,rubric20-semantic,CHORUS,v8,1,1,primary,consistency,high,consent_ethics,human_subject,consent_ethics,1,"involves_human_subjects=true but no informed_consent element appears anywhere in the record. For a retrospective multicenter extraction a waiver is plausible, yet neither consent nor a waiver is documented."
CHORUS_v8_rep1_r20_rating1,rubric20-semantic,CHORUS,v8,1,1,primary,consistency,high,consent_ethics,at_risk,consent_ethics,1,"at_risk_populations.at_risk_groups_included=true and special_populations records that minors and neonates are represented via PICU and NICU admissions, but no assent procedure, guardian permission, or additional safeguard is described. The record flags this itself as an inference from reported PICU/NICU admissions."
CHORUS_v8_rep1_r20_rating1,rubric20-semantic,CHORUS,v8,1,1,primary,correctness,high,persistent_identifier,no doi,persistent_identifier,1,"No DOI or other persistent identifier is present. The dataset id is https://chorus4ai.org/, byte-identical to page, so the identifier is the project homepage rather than a resolvable dataset landing page. There is no ARK, Handle, RRID, or accession."
CHORUS_v8_rep1_r20_rating1,rubric20-semantic,CHORUS,v8,1,1,primary,content_accuracy,medium,license_use_terms,license,license_use_terms|privacy_regulatory|format_access,3,"license_and_use_terms cites the MIT License, which the record itself correctly scopes to the chorus-ai GitHub code rather than to the data. No license is named for the dataset; only access conditions (signed licensing agreement, .edu email) are given. Restrictiveness is nonetheless internally consistent with confidentiality_level=restricted and controlled access on every modality."
CHORUS_v8_rep1_r20_rating1,rubric20-semantic,CHORUS,v8,1,1,primary,content_accuracy,medium,privacy_regulatory,deidentif,privacy_regulatory|processing_provenance|variables_metadata,3,"Deidentification method appropriateness cannot be assessed: is_deidentified describes tokenization, transformations that 'limit re-identification', and imaging de-identification, but names no standard (HIPAA Safe Harbor or Expert Determination), enumerates no removed identifiers, and reports no residual risk assessment. The modalities involved (DICOM, continuous WFDB telemetry, EEG) carry elevated re-identification risk, so an unspecified method is a substantive gap rather than a formatting one."
CHORUS_v8_rep1_r20_rating1,rubric20-semantic,CHORUS,v8,1,1,primary,consistency,medium,privacy_regulatory,hipaa,privacy_regulatory,1,"US hospital clinical data on identifiable patients is documented with no HIPAA determination, no other_compliance entry, and no data_protection_impacts. The record notes that HIPAA/GDPR appear only as a training workshop topic, not as a statement about the dataset."
CHORUS_v8_rep1_r20_rating1,rubric20-semantic,CHORUS,v8,1,1,primary,consistency,medium,scope_drift,in process,scope_drift|temporal_version|privacy_regulatory|attribution,4,"status is 'partially released' and updates describes an actively growing dataset (50,000 admissions now, 100,000 anticipated; imaging de-identification and EEG extraction in process), yet version, version_access, and errata are all absent and publisher is unset. A user cannot cite or reproduce against a specific snapshot."
CHORUS_v8_rep1_r20_rating1,rubric20-semantic,CHORUS,v8,1,1,primary,correctness,low,format_access,url,format_access|attribution,2,"URL and contact validity issues: the maintainer email domain is printed as 'mgh.havard.edu' (a probable misspelling of mgh.harvard.edu), and 'www.bridge2ai.org/chorus' is given without a URI scheme. The record transcribes both exactly as printed and explicitly flags the first as possibly a typographical error in the source, which is correct provenance practice but leaves a non-resolvable contact."
CHORUS_v8_rep1_r20_rating1,rubric20-semantic,CHORUS,v8,1,1,primary,content_accuracy,low,source_conflict,not reconciled,source_conflict,1,"Two internal figure discrepancies exist: 50,000 admissions (project site) versus 'over 45K unique admissions' (August 2025 webinar), and 7,642 admissions with radiology data versus ~1,000 images available. Both are surfaced in source_caveats with a stated source-precedence rule and a note that the imaging figures are different units and are deliberately not reconciled. Severity is low because the conflict is disclosed and adjudicated rather than silently resolved."
CHORUS_v8_rep1_r20_rating1,rubric20-semantic,CHORUS,v8,1,1,primary,consistency,medium,temporal_version,timeframe,temporal_version|attribution,2,"collection_timeframes is populated but characterizes only the reporting snapshot ('as of August 2025', 14 hospitals); the calendar range of the clinical encounters is absent. The record correctly warns that the 2022-09-01 to 2026-11-30 RePORTER dates are the award period and not the encounter period, which avoids a common temporal error but leaves the data period unspecified."
CHORUS_v8_rep1_r20_rating1,rubric20-semantic,CHORUS,v8,1,1,primary,completeness,medium,privacy_regulatory,privacy,privacy_regulatory|bias_quality,2,"known_biases is absent entirely and future_use_impacts is unset, despite the dataset being explicitly framed as AI-ready and equity-focused ('Equitable AI', social determinants of health, 'most diverse... data set'). Bias-adjacent content appears only incidentally as known_limitations.representativeness_limitation and a passing mention of 'privacy and bias' in participant_privacy.notes; no bias type is named and no fairness analysis is reported."
CHORUS_v8_rep1_r20_rating1,rubric20-semantic,CHORUS,v8,1,1,primary,completeness,medium,bias_quality,demographic,bias_quality,1,"No demographic characterization of the cohort exists: no age, sex, race, ethnicity, or geographic distribution, and no inclusion/exclusion criteria. subpopulations distinguishes only ICU/PICU/NICU and each entry caveats that the 50,000 figure is combined with no per-setting breakdown. For an equity-oriented AI-readiness dataset this is the most consequential documentation gap."
CHORUS_v8_rep1_r20_rating1,rubric20-semantic,CHORUS,v8,1,1,primary,completeness,low,variables_metadata,standards,variables_metadata,1,"No related_datasets or typed cross-dataset linkages are recorded, although CHoRUS is described as one of four Bridge2AI data generation projects coordinating on shared standards and best practices. Cross-platform interlinking is therefore asserted organizationally but not expressed as metadata."
CHORUS_v8_rep1_r20_rating1,rubric20-semantic,CHORUS,v8,1,1,primary,completeness,low,count_size,total_size_bytes,count_size,1,Aggregate size and file metadata are prose-only: total_size_bytes and total_file_count are unset and file_collections carry no total_bytes or compression. The 23 Tb waveform figure appears only inside description and collection notes.
CHORUS_v8_rep1_r20_rating1,rubric20-semantic,CHORUS,v8,1,1,primary,semantic_understanding,low,temporal_version,version number,temporal_version|privacy_regulatory|processing_provenance|format_access,4,"Q11 tooling is named without versions: OHNLP toolkit, OHDSI tool stack, Jupyter, Azure, privacy_scan_tool, CTP-deid, chorus-mapping, chorus_waveform and CHoRUSReports are all identified by name and organization URL, but no release tag, commit, or version number is given for any of them, so a preprocessing pipeline cannot be reconstructed exactly."
CHORUS_v8_rep2_r10_rating1,rubric10-semantic,CHORUS,v8,2,1,primary,consistency,high,consent_ethics,human_subject,consent_ethics|privacy_regulatory,2,"human_subject_research.involves_human_subjects is true and the cohort includes pediatric and neonatal ICU admissions, but there is no informed_consent block at all: no consent procedure, no waiver of consent, no HIPAA authorization statement, and no parental permission/assent discussion. direct_collection.is_direct=false explains that data were not collected from individuals for this purpose, which is relevant context but is not consent documentation."
CHORUS_v8_rep2_r10_rating1,rubric10-semantic,CHORUS,v8,2,1,primary,consistency,high,consent_ethics,human_subject,consent_ethics|privacy_regulatory|attribution,3,"involves_human_subjects=true but no institutional review board, ethics committee, or reviewing organization is named. ethical_reviews documents community-facing ethics focus groups (a project workstream) rather than oversight of the data collection, and its own source_caveats states that no IRB, ethics committee or compliance certification is named. data_protection_impacts is absent entirely."
CHORUS_v8_rep2_r10_rating1,rubric10-semantic,CHORUS,v8,2,1,primary,content_accuracy,high,privacy_regulatory,phi,privacy_regulatory,1,"The dataset is PHI-derived clinical data from 14 US hospitals, yet no regulatory framework is asserted: regulatory_restrictions, confidentiality_level, hipaa_compliant and other_compliance are all absent. Confidentiality is conveyed only in prose ('Every data type is listed with controlled access') and through data_governance."
CHORUS_v8_rep2_r10_rating1,rubric10-semantic,CHORUS,v8,2,1,primary,correctness,high,persistent_identifier,no persistent identifier,persistent_identifier|format_access,2,"No persistent identifier exists. doi is absent, no RRID is present, and id is https://chorus4ai.org/ — byte-identical to the page value and resolving to the project homepage rather than to this dataset. The record itself notes the site carries a banner warning of potential modification, which weakens any persistence claim for that URL."
CHORUS_v8_rep2_r10_rating1,rubric10-semantic,CHORUS,v8,2,1,primary,consistency,high,temporal_version,version,temporal_version|attribution,2,"status is 'released' and distribution_dates reports a dataset available to approved users as of August 2025, but version, version_access, errata, citation, doi and publisher are all absent. A released, citable dataset with no version string and no citation cannot be referenced reproducibly in a publication."
CHORUS_v8_rep2_r10_rating1,rubric10-semantic,CHORUS,v8,2,1,primary,completeness,high,bias_quality,demographic,bias_quality|variables_metadata,2,"The dataset's dominant component is 1.6 billion rows of OMOP-standardized tabular EHR data, yet variables is absent, is_tabular is absent, and no data dictionary is provided. subsets name content categories (demographics, medications, procedures, flowsheets, diagnoses) but carry no variable-level metadata or identifiers."
CHORUS_v8_rep2_r10_rating1,rubric10-semantic,CHORUS,v8,2,1,primary,completeness,medium,bias_quality,data quality,bias_quality|processing_provenance,2,"No data quality documentation: anomalies and missing_data_documentation are both absent. For retrospective EHR and high-frequency flowsheet/waveform data, missingness and device artifact are the dominant quality concerns. cleaning_strategies states that characterization reports are returned to contributing sites, so quality findings evidently exist but none are reported to users."
CHORUS_v8_rep2_r10_rating1,rubric10-semantic,CHORUS,v8,2,1,primary,semantic_understanding,medium,consent_ethics,ethic,consent_ethics|privacy_regulatory|processing_provenance,3,"participant_privacy.reidentification_risk is populated but contains no assessment: 'The project describes transforming data using approaches that limit re-identification, and patient-focused efforts to determine ethical and legal approaches to manage privacy' restates mitigation rather than characterizing residual risk. No risk level, quantification, or expert determination is offered."
CHORUS_v8_rep2_r10_rating1,rubric10-semantic,CHORUS,v8,2,1,primary,content_accuracy,medium,scope_drift,in process,scope_drift|privacy_regulatory|processing_provenance|variables_metadata,4,"is_deidentified.identifiable_elements_present=true and the named methods cover clinical notes (OHNLP tokenization) and imaging (de-identification 'in process'), but no method is stated for the largest component, the structured OMOP data, and no standard of record (HIPAA Safe Harbor or Expert Determination) is named anywhere. 'transformation of data using approaches that limit re-identification' is not a method."
CHORUS_v8_rep2_r10_rating1,rubric10-semantic,CHORUS,v8,2,1,primary,consistency,medium,scope_drift,capabilit,scope_drift|processing_provenance|variables_metadata,3,"purposes states a capability to 'acquire, standardize, tokenize, store, visualize and label' data, and tasks/intended_uses centre on supervised model development, but labeling_strategies, annotation_analyses and machine_annotation_tools are all absent. No labels or annotations are described for a dataset advertised as AI-ready."
CHORUS_v8_rep2_r10_rating1,rubric10-semantic,CHORUS,v8,2,1,primary,completeness,medium,processing_provenance,imputation,processing_provenance,1,"imputation_protocols is absent and no statement is made that imputation was not used, despite EHR-derived content where imputation decisions materially affect downstream models."
CHORUS_v8_rep2_r10_rating1,rubric10-semantic,CHORUS,v8,2,1,primary,completeness,medium,license_use_terms,prohibited_uses,license_use_terms|consent_ethics|privacy_regulatory,3,"No prohibited_uses or discouraged_uses for a controlled-access dataset derived from critically ill patients including minors. intended_uses is rich, but no prohibition on re-identification attempts, redistribution, or clinical deployment of unvalidated models is recorded, and the substantive terms of the signed licensing agreement are not summarized."
CHORUS_v8_rep2_r10_rating1,rubric10-semantic,CHORUS,v8,2,1,primary,completeness,medium,format_access,download_url,format_access,1,"No download_url and no link to any access portal or request form. Access instructions exist only as prose in data_governance.access_review_process (two contact email addresses and a registration form reached through a training program), so a prospective user has no dereferenceable access route."
CHORUS_v8_rep2_r10_rating1,rubric10-semantic,CHORUS,v8,2,1,primary,consistency,low,source_conflict,inconsistently across,source_conflict|count_size|bias_quality,3,"Released-cohort size is reported inconsistently across sources (website 50,000 admissions vs. webinar 'over 45K unique admissions' as of August 2025), and imaging volume is reported on incommensurable units (7,642 admissions with radiology vs. 1000 images available). The record handles this transparently in source_caveats, instances descriptions and known_limitations rather than silently picking one figure."
CHORUS_v8_rep2_r10_rating1,rubric10-semantic,CHORUS,v8,2,1,primary,correctness,low,format_access,uri,format_access|attribution,2,"Two malformed locators are carried through faithfully: external_resources lists 'www.bridge2ai.org/chorus' with no URI scheme, and maintainers records the contact address 'cmccrary@mgh.havard.edu' whose domain is misspelled. The record self-flags the second in source_caveats."
CHORUS_v8_rep2_r10_rating1,rubric10-semantic,CHORUS,v8,2,1,primary,semantic_understanding,low,format_access,distribution_format,format_access|variables_metadata,2,"distribution_formats lists OMOP Common Data Model and OHNLP as 'format' values; these are data standards, not file formats, media types, or delivery packaging. The record itself flags this in per-entry source_caveats, so the mis-typing is disclosed rather than concealed. No media_type or encoding is given for any entry."
CHORUS_v8_rep2_r10_rating1,rubric10-semantic,CHORUS,v8,2,1,primary,semantic_understanding,low,variables_metadata,ontology,variables_metadata,1,"instances carries ontology CURIEs (B2AI_TOPIC:4, :9, :15, :37; B2AI_SUBSTRATE:37, :11, :49) with no human-readable labels, so topic and substrate coverage cannot be understood without resolving an external vocabulary that is not linked."
CHORUS_v8_rep2_r10_rating1,rubric10-semantic,CHORUS,v8,2,1,primary,completeness,low,temporal_version,version,temporal_version|processing_provenance,2,"Software is named only in the prose of preprocessing_strategies, collection_mechanisms and external_resources; no used_software slot is populated anywhere and no tool versions are given, so tooling is discoverable but not machine-readable or version-pinned."
CHORUS_v8_rep2_r10_rating1,rubric10-semantic,CHORUS,v8,2,1,primary,completeness,low,bias_quality,demographic,bias_quality|variables_metadata,2,"The project is titled 'for Equitable AI' and keywords include social determinants of health, but no demographic composition (age, sex, race/ethnicity, payer, geography) is reported for the released cohort, and known_biases contains a single selection_bias entry whose own source_caveats concedes that no measured bias assessment exists."
CHORUS_v8_rep2_r20_rating1,rubric20-semantic,CHORUS,v8,2,1,primary,consistency,high,consent_ethics,human_subject,consent_ethics|privacy_regulatory,2,"human_subject_research.involves_human_subjects=true and at_risk_populations.at_risk_groups_included=true (PICU and NICU admissions), but informed_consent is absent entirely. For a retrospective clinical dataset the expected documentation is either a consent process or an explicit waiver of consent / HIPAA authorization waiver; neither is recorded. The gap is most consequential precisely because pediatric and neonatal populations are in scope."
CHORUS_v8_rep2_r20_rating1,rubric20-semantic,CHORUS,v8,2,1,primary,consistency,high,consent_ethics,human_subject,consent_ethics|privacy_regulatory|attribution,3,"human_subject_research.involves_human_subjects=true and ethical_reviews is populated, but ethical_reviews describes only community-facing ethics focus groups and an 'Ethical and Trustworthy AI' workstream; its own source_caveats states that no institutional review board, ethics committee or compliance certification is named. Project ethics workstreams are not a substitute for regulatory review of a 50,000-admission PHI dataset."
CHORUS_v8_rep2_r20_rating1,rubric20-semantic,CHORUS,v8,2,1,primary,consistency,high,persistent_identifier,"homepage (https://chorus4ai.org/), which source_caveats itself reports carries a banner stating the repository 'is under review for potential modification in compliance with administration directives' — an explicitly unstable locator serving as the dataset's only identifier",persistent_identifier|privacy_regulatory|attribution,3,"status is 'released' and third_party_sharing.is_shared=true, yet doi and publisher are both absent. Findability and citability rest on the project homepage (https://chorus4ai.org/), which source_caveats itself reports carries a banner stating the repository 'is under review for potential modification in compliance with Administration directives' — an explicitly unstable locator serving as the dataset's only identifier."
CHORUS_v8_rep2_r20_rating1,rubric20-semantic,CHORUS,v8,2,1,primary,consistency,medium,privacy_regulatory,confidential,privacy_regulatory,1,"The dataset is protected health information from 14 US hospitals and confidential_elements asserts that every data type is under controlled access, but regulatory_restrictions is absent in full: no hipaa_compliant status, no confidentiality_level classification, no other_compliance. The restrictiveness asserted in prose is never expressed as a governance classification."
CHORUS_v8_rep2_r20_rating1,rubric20-semantic,CHORUS,v8,2,1,primary,consistency,medium,scope_drift,in process,scope_drift|privacy_regulatory|bias_quality,3,"is_deidentified.identifiable_elements_present=true and known_limitations records that imaging de-identification was 'in process' and EEG extraction 'in process' as of September 2025, while distribution_dates and status present the same modalities as part of a released dataset under controlled access. The release claim runs ahead of the de-identification state for at least two modalities."
CHORUS_v8_rep2_r20_rating1,rubric20-semantic,CHORUS,v8,2,1,primary,content_accuracy,medium,source_conflict,disagree,source_conflict,1,"Reported volumes disagree across the two mid-tier sources and are partly given on incommensurable units: 50,000 admissions (website) against 'over 45K unique admissions' (webinar); 7,642 admissions with radiology data (website) against 1000 images available (webinar). The record discloses both discrepancies in source_caveats and instances descriptions and states which source it preferred, which is good practice, but the released imaging volume remains genuinely undetermined because admissions and images are not convertible."
CHORUS_v8_rep2_r20_rating1,rubric20-semantic,CHORUS,v8,2,1,primary,semantic_understanding,medium,format_access,distribution_format,format_access|variables_metadata,2,"distribution_formats lists 'OMOP Common Data Model' and 'OHNLP' as formats, but these are data standards and a toolkit, not delivery formats, media types or packaging. The record self-flags this in per-entry source_caveats. The consequence is that the largest component of the dataset — 1.6 billion rows of OMOP data — has no stated delivery format, encoding or packaging anywhere in the datasheet."
CHORUS_v8_rep2_r20_rating1,rubric20-semantic,CHORUS,v8,2,1,primary,completeness,medium,source_conflict,tension,source_conflict|count_size|consent_ethics|bias_quality,4,"No demographic characterization appears anywhere — no age, sex, race, ethnicity or geographic distribution, and no per-subpopulation counts. This is in direct tension with stated purposes ('the most diverse, high-resolution, ethically sourced, AI-ready data set'), the title's 'for Equitable AI', and the 'social determinants of health' keyword. Without demographics no fairness analysis of the released cohort is possible, which is also why known_biases cannot be substantiated."
CHORUS_v8_rep2_r20_rating1,rubric20-semantic,CHORUS,v8,2,1,primary,completeness,medium,license_use_terms,prohibited_uses,license_use_terms|privacy_regulatory,2,"prohibited_uses and discouraged_uses are both absent for a controlled-access dataset of critically ill patients' PHI. intended_uses is developed in detail across three categories, so the use guidance is one-sided: no prohibition on re-identification attempts, redistribution, or clinical deployment of unvalidated models is recorded, even though such terms are presumably in the signed licensing agreement."
CHORUS_v8_rep2_r20_rating1,rubric20-semantic,CHORUS,v8,2,1,primary,completeness,medium,temporal_version,version,temporal_version|processing_provenance|attribution,3,"No version identifier, version_access or errata exist for a dataset that is explicitly and actively growing (updates describes expansion toward 100,000 admissions across 9 modalities, with imaging and EEG still arriving). Users cannot name which state of a moving dataset they analysed, and the maintainers entry notes a package status page listing versions for software while the dataset itself carries none."
CHORUS_v8_rep2_r20_rating1,rubric20-semantic,CHORUS,v8,2,1,primary,completeness,medium,variables_metadata,subsets,variables_metadata,1,"No common identifier for cross-modality linkage is documented. The datasheet describes nine modality subsets held in different places (OMOP and telemetry in the enclave, notes local to sites, imaging and EEG partly pending) but never states the key on which an admission's OMOP rows, waveforms, images and note tokens are joined — the central integration question for a multimodal AI-ready dataset."
CHORUS_v8_rep2_r20_rating1,rubric20-semantic,CHORUS,v8,2,1,primary,correctness,low,format_access,uri,format_access,1,"The external resource 'CHoRUS page on the Bridge2AI website' is recorded as 'www.bridge2ai.org/chorus' without a URI scheme, unlike the other two external resources which are well-formed https URIs. As written it is not a resolvable URI value."
CHORUS_v8_rep2_r20_rating1,rubric20-semantic,CHORUS,v8,2,1,primary,correctness,low,attribution,maintainer,attribution,1,"The maintainer contact address 'cmccrary@mgh.havard.edu' contains a misspelled domain ('havard' for 'harvard'). The record transcribes the published value faithfully and flags the error in source_caveats, which is the right provenance behaviour, but the listed maintainer contact is not usable as given."
CHORUS_v8_rep2_r20_rating1,rubric20-semantic,CHORUS,v8,2,1,primary,completeness,low,temporal_version,timeframe,temporal_version,1,"collection_timeframes is populated but gives no clinical date range: it states retrospective collection reflecting a state 'as of August 2025' without the admission years covered. A critical care cohort whose temporal span is unknown cannot be assessed for practice drift, COVID-era effects, or comparability with other ICU datasets."
CHORUS_v8_rep2_r20_rating1,rubric20-semantic,CHORUS,v8,2,1,primary,completeness,low,bias_quality,sampling,bias_quality,1,"sampling_strategies.is_sample=true and describes an intent to ensure a balanced, diverse cohort, but its own source_caveats concedes that the executed sampling frame, inclusion criteria and any verification of representativeness are undocumented. Stated intent is therefore not evidence of the released cohort's composition, and the same gap weakens the selection-bias mitigation claim in known_biases."
CHORUS_v8_rep3_r10_rating1,rubric10-semantic,CHORUS,v8,3,1,primary,consistency,high,consent_ethics,human_subject,consent_ethics|attribution,2,"human_subject_research.involves_human_subjects is true and the dataset comprises hospital records of critically ill patients, but no informed_consent field is present and no waiver of consent is recorded. direct_collection.is_direct=false establishes that collection was retrospective, which is a plausible basis for a consent waiver, but the record never states that a waiver was granted or by whom."
CHORUS_v8_rep3_r10_rating1,rubric10-semantic,CHORUS,v8,3,1,primary,consistency,high,consent_ethics,human_subject,consent_ethics|privacy_regulatory|attribution,3,"human_subject_research.involves_human_subjects is true, yet ethical_reviews records only community-facing ethics focus groups and perspective-gathering. No institutional review board, ethics committee, reviewing organization or approval number is named for the dataset, and data_protection_impacts is absent. The record's own source_caveats state this gap explicitly."
CHORUS_v8_rep3_r10_rating1,rubric10-semantic,CHORUS,v8,3,1,primary,consistency,medium,privacy_regulatory,deidentif,privacy_regulatory|variables_metadata,2,"is_deidentified describes tokenization and imaging de-identification but names no de-identification standard (HIPAA Safe Harbor, Expert Determination, k-anonymity), enumerates no identifiers removed, and reports no residual re-identification risk. participant_privacy is populated with protections but carries no reidentification_risk assessment, and data_protection_impacts is absent. For 1.6 billion rows of timestamped ICU EHR data plus waveforms and imaging, the method applied to the structured OMOP data is never stated."
CHORUS_v8_rep3_r10_rating1,rubric10-semantic,CHORUS,v8,3,1,primary,consistency,medium,consent_ethics,at_risk,consent_ethics,1,"at_risk_populations.at_risk_groups_included is true and PICU/NICU admissions place minors and neonates in the released data, but no assent procedures, guardian consent procedures, or special protections are documented, and participant_compensation is absent (plausibly not applicable for retrospective data but not stated as such)."
CHORUS_v8_rep3_r10_rating1,rubric10-semantic,CHORUS,v8,3,1,primary,correctness,medium,persistent_identifier,no doi,persistent_identifier|format_access,2,"No DOI is present for a dataset described as released. The id field is https://chorus4ai.org/, the project homepage, which is byte-identical to the page field. A homepage URL that doubles as the landing page is not a distinct, persistent, dataset-level identifier and will not resolve to a specific release."
CHORUS_v8_rep3_r10_rating1,rubric10-semantic,CHORUS,v8,3,1,primary,content_accuracy,medium,source_conflict,disagree,source_conflict|scope_drift|privacy_regulatory,3,"Two volume disagreements are retained rather than reconciled: the project website reports 50,000 released admissions while the September 2025 webinar reports over 45,000 unique admissions as of August 2025; and the website reports 7,642 admissions with radiology data while the webinar reports roughly 1,000 images available with de-identification in process. The record discloses both disagreements and its ranking rule, which is good provenance practice, but a reuser cannot determine the volume of the release they would receive."
CHORUS_v8_rep3_r10_rating1,rubric10-semantic,CHORUS,v8,3,1,primary,content_accuracy,low,count_size,counts,count_size,1,"instances.counts of 1600000000 is disclosed by the record as its own expansion of the rounded website figure '1.6 Billion Rows', not a count reported exactly by any source. The disclosure is appropriate, but the integer reads as more precise than its provenance supports."
CHORUS_v8_rep3_r10_rating1,rubric10-semantic,CHORUS,v8,3,1,primary,consistency,medium,privacy_regulatory,regulatory,privacy_regulatory,1,"regulatory_restrictions.confidentiality_level is 'restricted' and the data are US hospital records subject to HIPAA, but no HIPAA, GDPR or export-control determination is recorded. HIPAA and GDPR appear in the record only as topics of a training workshop, which is not a compliance determination for the dataset."
CHORUS_v8_rep3_r10_rating1,rubric10-semantic,CHORUS,v8,3,1,primary,completeness,medium,temporal_version,version,temporal_version,1,"The dataset is described as partially released and actively expanding toward 100,000 admissions, but version, version_access and errata are all absent and updates.source_caveats confirms no versioning policy is stated. A user cannot cite, reproduce against, or diff a specific release."
CHORUS_v8_rep3_r10_rating1,rubric10-semantic,CHORUS,v8,3,1,primary,consistency,low,license_use_terms,license,license_use_terms|processing_provenance,2,"license_and_use_terms notes an MIT/Apache-2.0 license that the record correctly attributes to the chorus-ai software repositories rather than the clinical dataset, but no data use license is named for a dataset that third_party_sharing.is_shared marks as shared. The licensing agreement is referenced only through the AIM-AHEAD training-program registration flow and is not reproduced."
CHORUS_v8_rep3_r10_rating1,rubric10-semantic,CHORUS,v8,3,1,primary,correctness,low,format_access,email,format_access|attribution,2,"The maintainer contact email 'cmccrary@mgh.havard.edu' contains an apparent misspelling of the domain ('havard'). The record flags it as 'address as printed on the site', so the error is faithfully carried rather than introduced, but the address as recorded is not deliverable."
CHORUS_v8_rep3_r10_rating1,rubric10-semantic,CHORUS,v8,3,1,primary,semantic_understanding,low,privacy_regulatory,compliance,privacy_regulatory,1,"notes reproduces a site-wide banner stating the repository is 'under review for potential modification in compliance with Administration directives' (including the upstream typo 'repoitory'). This is a material availability signal for a prospective reuser, but the record does not state what, if anything, it implies for current access or content."
CHORUS_v8_rep3_r20_rating1,rubric20-semantic,CHORUS,v8,3,1,primary,consistency,high,consent_ethics,human_subject,consent_ethics|privacy_regulatory|attribution,3,"human_subject_research.involves_human_subjects=true for a 50,000-admission clinical EHR dataset, but ethical_reviews names no institutional review board, ethics committee or reviewing organization and states no approval number. The two ethical_reviews entries describe community ethics focus groups and community-perspective research, which are project ethics activities rather than regulatory review of the dataset. The record itself discloses this gap in human_subject_research.source_caveats ('The bundle does not name an IRB or ethics review board, nor state an approval number, for the dataset.'), which is honest but does not supply the missing governance evidence."
CHORUS_v8_rep3_r20_rating1,rubric20-semantic,CHORUS,v8,3,1,primary,consistency,high,consent_ethics,human_subject,consent_ethics|privacy_regulatory,2,"involves_human_subjects=true but there is no informed_consent field at all. For a retrospective EHR/PACS/telemetry dataset the expected documentation is a waiver of informed consent or HIPAA authorization waiver under 45 CFR 46.116(f) / 45 CFR 164.512(i); neither the waiver nor any consent pathway is recorded, and the record does not mark the absence at this location."
CHORUS_v8_rep3_r20_rating1,rubric20-semantic,CHORUS,v8,3,1,primary,consistency,medium,scope_drift,in process,scope_drift|privacy_regulatory|variables_metadata,3,"is_deidentified is populated with a method, but no de-identification standard is named (neither HIPAA Safe Harbor nor Expert Determination), no identifiers removed are enumerated, and participant_privacy.reidentification_risk is absent. The stated method - 'approaches that limit re-identification' - is a paraphrase rather than a specification, and imaging de-identification was still 'in process'. The record further notes that privacy_scan_tool and CTP-deid exist in the GitHub organization but does not state that either was applied to the released data, so no tool-to-artifact link closes the loop."
CHORUS_v8_rep3_r20_rating1,rubric20-semantic,CHORUS,v8,3,1,primary,consistency,medium,privacy_regulatory,deidentif,privacy_regulatory|processing_provenance,2,"Deidentification-method appropriateness cannot be confirmed against the data type. The dataset carries high-risk quasi-identifiers - nursing flowsheets at high frequency, second-resolution waveform telemetry, EEG, DICOM pixel and header data, and DeGauss-geocoded OMOP Location entities - yet the documented protections are tokenization of note text plus controlled enclave access. Geocoding in particular increases rather than reduces re-identification risk and is listed under preprocessing_strategies with no corresponding protection in participant_privacy."
CHORUS_v8_rep3_r20_rating1,rubric20-semantic,CHORUS,v8,3,1,primary,consistency,medium,consent_ethics,at_risk,consent_ethics,1,"at_risk_populations.at_risk_groups_included=true, with PICU and NICU minors identified in human_subject_research.special_populations and subpopulations, but no assent procedures, guardian permission procedures or additional safeguards are described. The record discloses this in at_risk_populations.source_caveats rather than documenting the protections."
CHORUS_v8_rep3_r20_rating1,rubric20-semantic,CHORUS,v8,3,1,primary,consistency,medium,privacy_regulatory,phi,privacy_regulatory,1,"The dataset is US hospital PHI held under restricted confidentiality, yet regulatory_restrictions records no HIPAA determination, no limited-data-set/DUA characterization and no other_compliance entry. The record notes HIPAA and GDPR appear only as topics of a training workshop. A restricted clinical dataset with no stated regulatory basis leaves the access terms semantically incomplete."
CHORUS_v8_rep3_r20_rating1,rubric20-semantic,CHORUS,v8,3,1,primary,correctness,medium,persistent_identifier,no doi,persistent_identifier|format_access,2,"No DOI or other persistent identifier is present anywhere in the record. The id field is 'https://chorus4ai.org/', which is identical to the page field: a project homepage, not a persistent identifier, and not a dataset-level landing page. Findability and sustainability therefore rest entirely on a resolvable but non-persistent project URL, against a dataset the record simultaneously describes as released and third-party shared."
CHORUS_v8_rep3_r20_rating1,rubric20-semantic,CHORUS,v8,3,1,primary,consistency,medium,privacy_regulatory,regulatory,privacy_regulatory|format_access,2,"distribution_formats enumerates five formats as if the dataset were distributed, while regulatory_restrictions states that 'Data are worked with inside a cloud enclave rather than distributed as files' and confidential_elements states the dataset 'is not openly downloadable'. The formats are therefore in-enclave working formats, not distribution formats, and no download_url exists. A reader taking distribution_formats at face value would form an incorrect expectation of how the data are obtained."
CHORUS_v8_rep3_r20_rating1,rubric20-semantic,CHORUS,v8,3,1,primary,consistency,medium,license_use_terms,license,license_use_terms|source_conflict|format_access,3,"license_and_use_terms describes only a licensing agreement embedded in the AIM-AHEAD training-program registration form, and its source_caveats confirm no data use license is named for the dataset itself. Meanwhile third_party_sharing.is_shared=true and data_governance.access_review_process describes a general route via two email contacts. The consequence is that the terms governing the non-training-program access route are undocumented, so 'shared' and 'licensed' are not reconciled."
CHORUS_v8_rep3_r20_rating1,rubric20-semantic,CHORUS,v8,3,1,primary,content_accuracy,medium,source_conflict,unreconciled,source_conflict|scope_drift|count_size|privacy_regulatory,4,"Two unreconciled volume disagreements propagate into the scored composition fields. Admissions: 50,000 (project website) versus 'over 45K unique admissions' (September 2025 webinar). Imaging: 7,642 admissions with radiology data (website) versus approximately 1,000 images available with de-identification in process (webinar). The record discloses both at description, instances.source_caveats and the top-level source_caveats and applies a stated source-ranking rule, which is good practice, but the headline instances.counts values (50000, 7642) are presented without inline qualification and are the values a downstream consumer will read."
CHORUS_v8_rep3_r20_rating1,rubric20-semantic,CHORUS,v8,3,1,primary,content_accuracy,low,count_size,counts,count_size,1,"instances.counts for OMOP rows is given as the exact integer 1600000000, which the record's own note identifies as its expansion of the rounded website figure '1.6 Billion Rows of EHR OMOP data' and 'not a count reported exactly by any source'. The disclosure is exemplary, but the serialized value implies ten significant figures of precision the source does not support."
CHORUS_v8_rep3_r20_rating1,rubric20-semantic,CHORUS,v8,3,1,primary,completeness,high,privacy_regulatory,privacy,privacy_regulatory|bias_quality|variables_metadata,3,"There is no known_biases field, despite a title that reads 'Patient-Focused Collaborative Hospital Repository Uniting Standards (CHoRUS) for Equitable AI', keywords including 'social determinants of health', and a stated purpose of building AI models for clinical deployment. Relevant bias-adjacent content exists but sits in known_limitations (representativeness_limitation) and in a single clause of future_use_impacts about managing 'privacy and bias'; no bias is categorized, no taxonomy (BiasTypeEnum / AIO) is referenced, and no fairness analysis across the ICU/PICU/NICU or demographic strata is reported."
CHORUS_v8_rep3_r20_rating1,rubric20-semantic,CHORUS,v8,3,1,primary,completeness,high,persistent_identifier,no persistent identifier,persistent_identifier|scope_drift|temporal_version|attribution,4,"No version, version_access or errata field exists, and no persistent identifier anchors any release. The record describes a moving target (50,000 admissions now, 100,000 anticipated; imaging and EEG still in process; metadata for three of nine modalities 'planned') with no way to cite the state a given analysis used. updates.source_caveats confirms no update frequency or versioning policy. Sustainability is further exposed by the award period ending 2026-11-30 with no stated preservation commitment beyond it, and by the site banner recorded in notes."
CHORUS_v8_rep3_r20_rating1,rubric20-semantic,CHORUS,v8,3,1,primary,correctness,low,attribution,maintainer,attribution,1,"The maintainer contact address 'cmccrary@mgh.havard.edu' contains an apparent misspelling of the harvard.edu domain. The record marks it 'address as printed on the site', so the transcription is faithful to the source rather than introduced here, but the contact as recorded is likely unroutable - which matters because this is the named project contact."
CHORUS_v8_rep3_r20_rating1,rubric20-semantic,CHORUS,v8,3,1,primary,correctness,low,privacy_regulatory,privacy,privacy_regulatory|format_access,2,"One external resource URL is recorded without a scheme ('www.bridge2ai.org/chorus') and is embedded in prose alongside 'AIM-AHEAD.net', while the remaining URLs (https://chorus4ai.org/, https://github.com/chorus-ai, https://w3id.org/bridge2ai/data-sheets-schema) are well formed and use plausible domains. Several external_resources entries name repositories (Chorus_SOP, chorus-mapping, chorus_waveform, chorus-extract-upload, privacy_scan_tool, CTP-deid, UF-Geocoding, CHoRUSReports) without individual URLs, so they are not directly resolvable."
CHORUS_v8_rep3_r20_rating1,rubric20-semantic,CHORUS,v8,3,1,primary,semantic_understanding,low,scope_drift,future tense,scope_drift|processing_provenance|variables_metadata,3,"labeling_strategies, splits and parts of tasks describe project intentions in the future tense ('a visualization and annotation environment will label data', 'will also provision a holdout test set') and are recorded in fields whose semantics imply realized dataset properties. The record flags this at labeling_strategies.source_caveats, splits.source_caveats and the top-level source_caveats, so the intent/state distinction is preserved - but a consumer reading splits alone would infer a holdout set exists when its size, composition and availability are unstated."
CM4AI_v7_rep1_r10_rating1,rubric10-semantic,CM4AI,v7,1,1,primary,content_accuracy,medium,scope_drift,actually distributed,scope_drift|bias_quality|processing_provenance,3,"The documented processing pipeline (node2vec, DenseNet-121, contrastive co-embedding, HiDeF community detection, GPT-4/Gene Set AI naming) produces predicted cell maps, and the record states explicitly in known_limitations that 'It does not contain predicted cell maps, which will be added in future releases.' No software is named for producing or transforming the files that are actually distributed (SEC-MS and AP-MS result archives, the Perturb-seq cell atlas, the immunofluorescence image archives). FAIRSCAPE is named only as the RO-Crate packaging and provenance-metadata framework."
CM4AI_v7_rep1_r10_rating1,rubric10-semantic,CM4AI,v7,1,1,primary,consistency,medium,temporal_version,version,temporal_version|attribution,2,"Version numbering is internally inconsistent: this June 2026 release is recorded as version '2.0', while version_access lists the earlier June 2025 and October 2025 releases at version '2.1'; the citation string ends 'V2'. A later release carrying a lower version number than its predecessors will mislead automated version resolution."
CM4AI_v7_rep1_r10_rating1,rubric10-semantic,CM4AI,v7,1,1,primary,completeness,medium,variables_metadata,variable-level,variables_metadata,1,"No variable-level metadata is provided. The `variables` slot is absent entirely, so no data dictionary, column definitions, or identifiers exist for the tabular content inside the distributed SEC-MS, AP-MS and Perturb-seq archives."
CM4AI_v7_rep1_r10_rating1,rubric10-semantic,CM4AI,v7,1,1,primary,consistency,medium,privacy_regulatory,deidentif,privacy_regulatory|variables_metadata,2,"is_deidentified asserts a deidentification status and its rationale ('non-clinical (from tissue cultures) and are considered to be de-identified as they cannot be matched, with current knowledge, to a human subject') but names no deidentification method or standard. The rationale is semantically appropriate for immortalized and commercially sourced cell-line material, where no subject-level deidentification step was performed by the producers, but the record leaves the upstream basis unstated."
CM4AI_v7_rep1_r10_rating1,rubric10-semantic,CM4AI,v7,1,1,primary,completeness,low,format_access,distribution_format,format_access|variables_metadata,2,"distribution_formats declares only the container format ('ZIP Archive', media_type application/zip) and the RO-Crate packaging standard. The formats of the files inside the archives (image format, mass-spectrometry table format, single-cell matrix format) and character encoding are not specified anywhere in the record."
CM4AI_v7_rep1_r10_rating1,rubric10-semantic,CM4AI,v7,1,1,primary,completeness,low,bias_quality,anomal,bias_quality|processing_provenance,2,"Neither `anomalies` nor `missing_data_documentation` is populated. cleaning_strategies records only that single-cell CRISPR screen data 'were reported as undergoing quality control at the time of the CM4AI preprint', without stating outcomes, exclusions, or known quality defects in the released files."
CM4AI_v7_rep1_r10_rating1,rubric10-semantic,CM4AI,v7,1,1,primary,completeness,low,temporal_version,errata,temporal_version,1,No errata and no per-release change description. `updates` documents cadence (quarterly through November 2026) but not what changed between the October 2025 release (doi:10.18130/V3/K7TGEM) and this one; the reader must diff the two records to learn what was added.
CM4AI_v7_rep1_r10_rating1,rubric10-semantic,CM4AI,v7,1,1,primary,correctness,low,format_access,download_url,format_access,1,"The `download_url` slot is not populated; the platform access link is carried in distribution_formats.access_urls (https://dataverse.lib.virginia.edu/dataset.xhtml?persistentId=doi:10.18130/V3/HIGT4C) with a note that the Data Access API is available. The information a consumer needs is present, but not in the slot a harvester would read."
CM4AI_v7_rep1_r10_rating1,rubric10-semantic,CM4AI,v7,1,1,primary,consistency,low,temporal_version,temporal,temporal_version,1,"Temporal fields are non-monotonic in two places: created_on (2025-02-27) is flagged by the record's own source_caveats as a Dataverse value carried unchanged across four successive releases, and five immunofluorescence file collections are listed as published 2026-07-15, after the dataset issued date of 2026-06-17. Both are disclosed rather than concealed."
CM4AI_v7_rep1_r10_rating1,rubric10-semantic,CM4AI,v7,1,1,primary,semantic_understanding,low,other,,,0,"Cell-line RRIDs (RRID:CVCL_0419 for MDA-MB-468, RRID:CVCL_B5P3 for KOLF2.1J) are valid Cellosaurus identifiers but appear only inside direct_collection prose, not in a resolvable identifier slot. No dataset-level RRID is claimed (none is required; the DOI serves that role)."
CM4AI_v7_rep1_r20_rating1,rubric20-semantic,CM4AI,v7,1,1,primary,consistency,medium,temporal_version,version ordering,temporal_version|attribution,2,"Version ordering is internally inconsistent: this June 2026 release is declared version '2.0', while version_access lists the earlier June 2025 and October 2025 releases at version '2.1'. The citation string additionally identifies the deposit as 'V2'. A later release carrying a lower version string than its predecessors breaks the temporal ordering a consumer would use to select the newest data."
CM4AI_v7_rep1_r20_rating1,rubric20-semantic,CM4AI,v7,1,1,primary,consistency,medium,scope_drift,this release,scope_drift|bias_quality|processing_provenance,3,"preprocessing_strategies and machine_annotation_tools document the MuSIC cell-map construction pipeline (node2vec, DenseNet-121 embeddings, contrastive co-embedding, HiDeF community detection, GPT-4/GSAI naming), but known_limitations states that this release 'does not contain predicted cell maps'. The processing actually applied to the released artifacts (mass-spectrometry search and elution-profile processing, immunofluorescence image QC, Perturb-seq alignment and guide assignment) is therefore undocumented."
CM4AI_v7_rep1_r20_rating1,rubric20-semantic,CM4AI,v7,1,1,primary,completeness,medium,format_access,no access,format_access,1,"third_party_sharing and raw_sources assert deposition in MassIVE, the Sequence Read Archive (via an NCBI BioProject), and Figshare, but no accession identifiers or URLs are given for any of these deposits, so the external raw data are named but not resolvable from this record."
CM4AI_v7_rep1_r20_rating1,rubric20-semantic,CM4AI,v7,1,1,primary,correctness,low,count_size,total_size_bytes,count_size,1,"File sizes are recorded only as human-readable strings inside file_collections descriptions ('3.8 GB', '113.3 KB') with total_size_bytes omitted; MD5 checksums are present but no byte counts. The record explains this in source_caveats, but machine-readable size metadata is still absent."
CM4AI_v7_rep1_r20_rating1,rubric20-semantic,CM4AI,v7,1,1,primary,consistency,low,temporal_version,temporal,temporal_version|attribution,2,Temporal fields do not form a single clean ordering: issued 2026-06-17 precedes the 2026-07-15 publication date recorded for the three immunofluorescence file collections; created_on 2025-02-27 is acknowledged in source_caveats as carried unchanged from earlier releases; and updates promise quarterly augmentation 'through the end of the project in November 2026' while the funder record gives a project period ending 2026-08-31.
CM4AI_v7_rep1_r20_rating1,rubric20-semantic,CM4AI,v7,1,1,primary,completeness,low,privacy_regulatory,regulatory,privacy_regulatory|variables_metadata,2,"Three Q1 mandatory-field slots are unpopulated: variables (no variable-level metadata for the released tables), parent_datasets (prior releases are captured only as related_datasets with is_new_version_of), and regulatory_restrictions.confidentiality_level (a confidentiality determination is made narratively in confidential_elements but is not expressed as the schema's classification enum)."
CM4AI_v7_rep1_r20_rating1,rubric20-semantic,CM4AI,v7,1,1,primary,content_accuracy,low,consent_ethics,ethic,consent_ethics|format_access|attribution,3,"Ethics contact affiliation mismatch: Vardit Ravitsky is listed in creators with affiliation 'University of Montreal', while the ethical_reviews contact email for the same person is ravitskyv@thehastingscenter.org and the description names the Hastings Center as a partner institution."
CM4AI_v7_rep1_r20_rating1,rubric20-semantic,CM4AI,v7,1,1,primary,semantic_understanding,low,consent_ethics,human_subject,consent_ethics|privacy_regulatory,2,"human_subject_research.involves_human_subjects is false and no data_protection_impacts or formal reidentification_risk assessment is recorded, yet the record discloses donor-level attributes of the source material (a 51-year-old Black female metastatic breast cancer donor; a healthy male Northern European iPSC donor). The non-human-subjects determination is well supported for de-identified commercial cell lines, but the residual re-identification question for donor-derived genomic material is asserted rather than assessed."
CM4AI_v7_rep1_r20_rating1,rubric20-semantic,CM4AI,v7,1,1,primary,completeness,low,temporal_version,version,temporal_version|bias_quality|processing_provenance|format_access,4,"machine_annotation_tools name four tools (node2vec, DenseNet-121, GPT-4, HiDeF) with informative descriptions but no version numbers or per-tool repository URLs; imputation_protocols, missing_data_documentation, annotation_analyses and errata are absent entirely."
CM4AI_v7_rep2_r10_rating1,rubric10-semantic,CM4AI,v7,2,1,primary,consistency,medium,source_conflict,contradict,source_conflict|privacy_regulatory|format_access,3,"The description states that this Beta release includes 'Perturb-seq data for MDA-MB-468 breast cancer cells with and without treatment', but no MDA-MB-468 Perturb-seq file collection is listed among the ten archives (only cm4ai_perturb-seq_KOLF2_cell_atlas.zip and cm4ai_perturb-seq_KOLF2_raw_sra.zip are present). external_resources and confidential_elements record the MDA-MB-468 Perturb-seq deposition as embargoed, which contradicts its inclusion in the release contents."
CM4AI_v7_rep2_r10_rating1,rubric10-semantic,CM4AI,v7,2,1,primary,consistency,medium,license_use_terms,discouraged_uses,license_use_terms|scope_drift|bias_quality|processing_provenance,4,"The documented preprocessing pipeline (node2vec PPI embedding, HPA image embedding, contrastive co-embedding, community detection, GSAI annotation) produces cell maps, which known_limitations, anomalies and discouraged_uses all state are NOT included in this release. How the distributed processed_data packages (AP-MS, SEC-MS, Perturb-seq atlas) were themselves derived from raw acquisitions is not described."
CM4AI_v7_rep2_r10_rating1,rubric10-semantic,CM4AI,v7,2,1,primary,completeness,high,scope_drift,this release,scope_drift|processing_provenance,2,"No software is named that produced or transformed the released data. The named tooling falls entirely into excluded roles: node2vec, DenseNet-121, HiDeF, GPT-4/GSAI and the Cell Mapping Toolkit belong to a pipeline the record states produced cell maps not in this release; FAIRSCAPE produced the RO-Crate packaging and provenance metadata; the 10x Genomics kit, confocal microscope and pipetting robot are capture instrumentation; UVA Dataverse is the hosting platform."
CM4AI_v7_rep2_r10_rating1,rubric10-semantic,CM4AI,v7,2,1,primary,completeness,medium,source_conflict,sources give,source_conflict|format_access|variables_metadata,3,"Content-level file formats inside the distributed ZIP archives are not specified. distribution_formats declares only the container (ZIP, application/zip) and the metadata package (RO-Crate, application/ld+json); raw_data_sources gives 'Multi-channel confocal microscopy image files' without naming a standard (e.g. OME-TIFF, mzML, MTX/H5AD). No character encoding is stated."
CM4AI_v7_rep2_r10_rating1,rubric10-semantic,CM4AI,v7,2,1,primary,completeness,medium,variables_metadata,variable-level,variables_metadata,1,"No variable-level metadata is provided: the variables slot is absent entirely, and no data dictionary describes the columns of the distributed tabular components (AP-MS/SEC-MS result tables, Perturb-seq atlas). is_tabular: false is asserted at dataset level, but processed_data packages plainly contain tabular content."
CM4AI_v7_rep2_r10_rating1,rubric10-semantic,CM4AI,v7,2,1,primary,completeness,medium,scope_drift,this release,scope_drift|temporal_version,2,"No errata and no change description for this release. errata is absent; updates.update_details states only future cadence ('quarterly ... through the end of the project in November 2026') and carries no release or derivation information. The only change narrative in the record concerns an earlier release (related_datasets note on the June 2025 revision), not what June 2026 added over October 2025."
CM4AI_v7_rep2_r10_rating1,rubric10-semantic,CM4AI,v7,2,1,primary,consistency,low,temporal_version,version ordering,temporal_version,1,"Version ordering is confusing: this June 2026 release is version 2.0, while version_access records the earlier June 2025 and October 2025 releases as version 2.1. A newer release carries a lower version string than its predecessors."
CM4AI_v7_rep2_r10_rating1,rubric10-semantic,CM4AI,v7,2,1,primary,consistency,low,temporal_version,quarterly,temporal_version,1,"Stated update frequency 'quarterly' is not borne out by the release dates recorded: March 2025, June 2025, October 2025, then June 2026 — an eight-month interval between the last two."
CM4AI_v7_rep2_r10_rating1,rubric10-semantic,CM4AI,v7,2,1,primary,content_accuracy,low,privacy_regulatory,deidentif,privacy_regulatory|variables_metadata,2,"Deidentification is asserted by rationale rather than by a named method: is_deidentified.deidentification_details argues the data 'cannot be matched, with current knowledge, to a human subject' because they are non-clinical tissue culture. No standard (Safe Harbor, expert determination) is invoked, while subpopulations.notes does disclose donor attributes for both lines (MDA-MB-468: 51-year-old black female, metastatic mammary adenocarcinoma; KOLF2.1J: healthy male Northern European donor)."
CM4AI_v7_rep2_r10_rating1,rubric10-semantic,CM4AI,v7,2,1,primary,completeness,low,format_access,download_url,format_access,1,The dedicated download_url slot is empty. Access is reachable only via the page landing URL plus platform access instructions carried in distribution_formats.notes (per-file direct download under a 1.9 GB limit; Dataverse Data Access API for programmatic access).
CM4AI_v7_rep2_r10_rating1,rubric10-semantic,CM4AI,v7,2,1,primary,completeness,low,scope_drift,release-level,scope_drift|count_size,2,"No release-level instance counts for the imaging modality. Project-level figures (53,788 immunofluorescent images, 7,023 proteins) are explicitly withheld in source_caveats as project-wide, and the per-condition protein count (464/563) is attributed to prior releases rather than to this one."
CM4AI_v7_rep2_r10_rating1,rubric10-semantic,CM4AI,v7,2,1,primary,semantic_understanding,low,scope_drift,project-level,scope_drift,1,"acquisition_methods states AP-MS was acquired 'under three conditions (untreated, paclitaxel treated, vorinostat treated)', while the release distributes AP-MS only for the two treated conditions. The acquisition text describes project-level acquisition rather than release contents, which is defensible but not signposted."
CM4AI_v7_rep2_r20_rating1,rubric20-semantic,CM4AI,v7,2,1,primary,consistency,medium,scope_drift,this release,scope_drift|temporal_version,2,"Version sequence is non-monotonic across the release series. This release (issued 2026-06-17) carries version '2.0', while the two EARLIER releases it supersedes are recorded at higher version numbers: June 2025 (doi:10.18130/V3/F3TD5R, 'version 2.1') and October 2025 (doi:10.18130/V3/K7TGEM, 'version 2.1'). The March 2025 release is 'version 1.4'. A consumer ordering releases by version string would place this release before its own predecessors."
CM4AI_v7_rep2_r20_rating1,rubric20-semantic,CM4AI,v7,2,1,primary,consistency,medium,license_use_terms,discouraged_uses,license_use_terms|scope_drift|bias_quality|processing_provenance,4,"The documented preprocessing pipeline does not correspond to the artifacts actually released. preprocessing_strategies and machine_annotation_tools describe cell-map construction (node2vec PPI embedding, DenseNet-121 image embedding, contrastive co-embedding, HiDeF community detection, GSAI/GPT-4 assembly naming), but known_limitations and discouraged_uses state that 'computed cell maps are not included in this release'. No preprocessing is documented for what is released: no mass-spectrometry search or quantification parameters for the AP-MS/SEC-MS packages, no image processing or segmentation for the IF archives, and no alignment/QC pipeline for the Perturb-seq atlas."
CM4AI_v7_rep2_r20_rating1,rubric20-semantic,CM4AI,v7,2,1,primary,consistency,medium,source_conflict,conflict,source_conflict|count_size|format_access,3,"Embargo statements conflict with what is distributed. external_resources and third_party_sharing record the Perturb-seq depositions for both KOLF2.1J iPSCs and MDA-MB-468 as embargoed, yet the release distributes cm4ai_perturb-seq_KOLF2_cell_atlas.zip and cm4ai_perturb-seq_KOLF2_raw_sra.zip. Their stated sizes (30.2 KB and 73.3 KB) are implausibly small for a genome-scale atlas of 11,739 targeted genes or for raw SRA sequence data, suggesting pointer/manifest packages rather than data; the record does not say so. The same question arises for the SEC-MS and AP-MS packages (93.9 KB to 171.8 KB) against multi-GB image archives."
CM4AI_v7_rep2_r20_rating1,rubric20-semantic,CM4AI,v7,2,1,primary,completeness,medium,privacy_regulatory,regulatory,privacy_regulatory|variables_metadata,2,"No variable-level metadata. The Q1 field set variables, resources and parent_datasets is entirely unpopulated, and regulatory_restrictions.confidentiality_level is not asserted. For the tabular outputs (SEC-MS elution profiles, AP-MS interaction tables, Perturb-seq atlas) the absence of VariableMetadata leaves column semantics, units and value ranges undocumented, which is the semantic/statistical characterization axis of the Bridge2AI AI-readiness criteria the record itself invokes."
CM4AI_v7_rep2_r20_rating1,rubric20-semantic,CM4AI,v7,2,1,primary,completeness,medium,count_size,total_size_bytes,count_size|processing_provenance,2,"File sizes are not machine-readable. total_size_bytes is omitted at dataset level and total_bytes is omitted on all ten file_collections; sizes appear only as rounded free text inside notes ('Size reported by the repository as 4.6 GB'). The record documents this decision in source_caveats rather than presenting conversions of rounded figures as exact, which is sound practice, but the effect is that no program can compute the release size."
CM4AI_v7_rep2_r20_rating1,rubric20-semantic,CM4AI,v7,2,1,primary,completeness,medium,bias_quality,bias,bias_quality,1,"Bias documentation is narrow and no fairness analysis is present. known_biases carries two entries (selection_bias, sampling_bias) and no AIO or CROISSANT RAI term mappings. Measurement and technical bias is absent despite four measurement modalities where it dominates: antibody specificity and cross-reactivity in the IF imaging, abundance-dependent detection bias in AP-MS and SEC-MS, and variable knockdown efficiency in CRISPRi. The record's own known_limitations notes that the modalities 'interrogate sets of proteins which incompletely overlap', a coverage bias that is not carried into known_biases."
CM4AI_v7_rep2_r20_rating1,rubric20-semantic,CM4AI,v7,2,1,primary,correctness,low,other,,,0,"The keyword 'mass spectroscopy' is an incorrect term for the methods used. The dataset employs mass spectrometry (AP-MS, SEC-MS), which the record names correctly everywhere else; 'spectroscopy' denotes a different class of technique and will match the wrong queries."
CM4AI_v7_rep2_r20_rating1,rubric20-semantic,CM4AI,v7,2,1,primary,correctness,low,attribution,creator,attribution,1,"Several creator names are retained in surname-initial form rather than full personal names ('Axelsson U', 'Gao J', 'Lee YH', 'Sigaeva A', 'Ballllosero Navarro F'), and 'Ballllosero' contains a probable orthographic error (four consecutive 'l' characters). Most of these entries nonetheless carry ORCID iDs, which disambiguate them."
CM4AI_v7_rep2_r20_rating1,rubric20-semantic,CM4AI,v7,2,1,primary,content_accuracy,low,attribution,publisher,attribution|variables_metadata,2,"publisher is given only as the opaque CURIE 'ROR:0153tk833' with no human-readable label. The identifier resolves to the University of Virginia and is consistent with the DOI prefix and landing-page domain, so this is a readability rather than an accuracy defect."
CM4AI_v7_rep2_r20_rating1,rubric20-semantic,CM4AI,v7,2,1,primary,consistency,low,source_conflict,unresolved,source_conflict|temporal_version|attribution,3,"Two disclosed source discrepancies remain unresolved in the record: the project end date (NIH RePORTER 2026-08-31 versus the Dataverse maintenance statement 'end of the project in November 2026'), and the affiliation of Andrej Sali (UCSD per the Dataverse release, UCSF per the Nature publication and preprint). In both cases the record states the conflict, names the competing sources and explains its resolution rule rather than silently picking one."
CM4AI_v7_rep2_r20_rating1,rubric20-semantic,CM4AI,v7,2,1,primary,semantic_understanding,low,scope_drift,this release,scope_drift|temporal_version|attribution,3,"The citation string cites this release as 'V2' while the version field records '2.0'. Minor, but it compounds the version-sequence issue above for anyone matching a citation to a deposit version."
CM4AI_v7_rep3_r10_rating1,rubric10-semantic,CM4AI,v7,3,1,primary,content_accuracy,high,scope_drift,does not describe the distributed,scope_drift|processing_provenance,2,"The processing documentation does not describe the distributed artifacts. All four preprocessing_strategies entries and the single labeling_strategies entry carry source_caveats stating that they are steps of the MuSIC pipeline whose cell-map outputs are 'not included in this release', one of them adding explicitly that 'this step was not applied to the artifacts distributed here'. The first cleaning_strategies entry is caveated the same way. What remains applicable to the released archives is one vague sentence ('Data generated by the acquisition modules undergo quality control before release') plus FAIRSCAPE RO-Crate packaging. Three of the five file_collections are typed collection_type: processed_data (AP-MS, SEC-MS, perturb-seq), so the released data were processed, yet no mass-spectrometry search or quantification step, no single-cell alignment or counting step, and no image-processing step is described for them."
CM4AI_v7_rep3_r10_rating1,rubric10-semantic,CM4AI,v7,3,1,primary,completeness,high,scope_drift,this release,scope_drift|temporal_version|processing_provenance,3,"No software is named in a producing or transforming role for the released data. The software the record does name falls outside that role: FAIRSCAPE client/framework performs RO-Crate packaging, provenance-metadata generation and input validation (packaging/metadata production and validation roles); the University of Virginia Dataverse is the hosting and serving platform; the 10x Genomics 3'HT kit is a capture reagent used at acquisition; and node2vec, the Human Protein Atlas embedding model, the contrastive co-embedding and community-detection steps, the Cell Mapping Toolkit (github.com/idekerlab/cellmaps_pipeline) and the Integrative Modeling Platform all belong to pipelines the record itself states produced outputs that are not in this release, or that consume the release downstream. No used_software is attached to any property, and machine_annotation_tools and imputation_protocols are absent. No version number is given for any named software."
CM4AI_v7_rep3_r10_rating1,rubric10-semantic,CM4AI,v7,3,1,primary,completeness,high,variables_metadata,variable-level,variables_metadata,1,"No variable-level metadata anywhere in the record. The variables slot is absent, is_tabular is absent, and no subsets block carries is_data_split or is_subpopulation flags. The release distributes AP-MS, SEC-MS and perturb-seq tables that are inherently tabular, but a reuser is given no column names, no units, no identifier scheme and no data dictionary for any of them."
CM4AI_v7_rep3_r10_rating1,rubric10-semantic,CM4AI,v7,3,1,primary,consistency,medium,attribution,publisher,attribution,1,"The record omits publisher on the stated ground that 'The bundle names no publisher for the release', yet its own citation field prints 'University of Virginia Dataverse, V2' in the publisher position of the citation, page resolves to dataverse.lib.virginia.edu, description says the data are 'archived in the University of Virginia Dataverse', and maintainers and retention_limit both name the UVA Dataverse (LibraData) as archival steward. The omission is therefore inconsistent with four other fields of the same record."
CM4AI_v7_rep3_r10_rating1,rubric10-semantic,CM4AI,v7,3,1,primary,completeness,medium,bias_quality,anomal,bias_quality,1,"No anomalies documentation. The anomalies slot is absent and no substitute covers data-content quality issues: batch effects, failed or non-specific antibodies, discarded images, failed mass-spectrometry runs, low-complexity cells or filtered guides are nowhere discussed. known_limitations covers scope, coverage, embargo and expertise, and missing_data_documentation covers what is absent, but neither documents anomalies within the data that are present."
CM4AI_v7_rep3_r10_rating1,rubric10-semantic,CM4AI,v7,3,1,primary,content_accuracy,medium,privacy_regulatory,deidentif,privacy_regulatory|variables_metadata,2,"Deidentification is asserted without a formal method and without a residual-risk assessment. is_deidentified.identifiable_elements_present is false and deidentification_details argue the material is non-identifiable because it derives from commercially available cell lines that 'cannot be matched, with current knowledge, to a human subject'. No recognised standard (Safe Harbor, Expert Determination, k-anonymity) is named and no identifiers_removed list is given. The rationale is also not tested against the record's own content: both lines are donor-derived and named, the record states MDA-MB-468 has public whole-genome sequencing data available, and the release distributes single-cell transcriptomic data, so genotype-based linkage is a risk the record asserts away rather than assesses."
CM4AI_v7_rep3_r10_rating1,rubric10-semantic,CM4AI,v7,3,1,primary,completeness,medium,format_access,container,format_access|variables_metadata,2,"Data formats are described only at the container level. distribution_formats gives 'ZIP archives containing RO-Crate packaged data files and metadata' with media_type application/zip, and conforms_to names JSON-LD, RDF-XML and JSON-Schema for the metadata and provenance layer, but no format is stated for the payload: the image files inside the three immunofluorescence archives, the AP-MS and SEC-MS tables and the perturb-seq matrices. Character encoding is stated nowhere."
CM4AI_v7_rep3_r10_rating1,rubric10-semantic,CM4AI,v7,3,1,primary,completeness,medium,scope_drift,this release,scope_drift|count_size|temporal_version,3,"Release-scope instance counts are largely unstated. instances describes four instance types but reports no counts. The figures in notes (1,374 protein interactions, 53,788 immunofluorescent images, 7,023 proteins, 21.4 TB) are explicitly flagged as project-wide across all quarterly releases rather than for this release, and source_caveats explains, defensibly, why the per-file protein counts from the October 2025 release are not carried over. The only release-scope sample count is the 11,739 genes targeted by the iPSC perturbation atlas. A user therefore cannot say how many images, cells or interactions this release contains."
CM4AI_v7_rep3_r10_rating1,rubric10-semantic,CM4AI,v7,3,1,primary,correctness,low,persistent_identifier,locally minted,persistent_identifier|format_access|attribution,3,"Locally minted DOI fragment identifiers are used as identifiers for entities that have no DOI. Three grants carry ids of the form doi:10.18130/V3/HIGT4C#grant-1OT2OD032742-01 and nine creators carry ids of the form doi:10.18130/V3/HIGT4C#creator-axelsson-u. A fragment appended to a registered DOI does not resolve and is not itself registered, so these identifiers are not dereferenceable even though the underlying award numbers they encode are correct and are also written out in the accompanying notes."
CM4AI_v7_rep3_r10_rating1,rubric10-semantic,CM4AI,v7,3,1,primary,completeness,low,scope_drift,release-level,scope_drift|temporal_version|format_access,3,"No download_url and no errata. The download_url slot is empty; access is conveyed through distribution_formats.access_urls, one of which is the landing page and the other the Dataverse data-access API base https://dataverse.lib.virginia.edu/api/access/datafile/, which is a truncated endpoint requiring a file identifier that the record does not supply for any of the ten archives. The errata slot is likewise empty, and there is no consolidated release-level changelog; what changed since the October 2025 release has to be reconstructed from source_caveats."
CM4AI_v7_rep3_r10_rating1,rubric10-semantic,CM4AI,v7,3,1,primary,semantic_understanding,low,source_conflict,unresolved,source_conflict|temporal_version|privacy_regulatory|attribution,4,"Two disclosed but unresolved source conditions sit in tension with other assertions. First, the CM4AI portal's 'Released on: June 17, 2025' against the Dataverse publication date of 2026-06-17 is a one-year discrepancy that the record resolves by source ranking without reconciling; the internal dates it does assert (created_on 2025-02-27, issued 2026-06-17, distribution_dates 2026-06-17 and 2026-07-15) are mutually ordered and consistent. Second, notes records that the hosting Dataverse collection 'is under review for potential modification in compliance with Administration directives', which is an availability risk that retention_limit's commitment to 'long term preservation ... supported by committed institutional funds' does not acknowledge."
CM4AI_v7_rep3_r10_rating1,rubric10-semantic,CM4AI,v7,3,1,primary,completeness,low,bias_quality,missing_data,bias_quality|processing_provenance,2,"imputation_protocols is absent and is not documented as unused. missing_data_documentation describes what is missing from the release and why, but does not state whether any imputation was performed on the released mass-spectrometry or single-cell data, where missing values are routine."
CM4AI_v7_rep3_r20_rating1,rubric20-semantic,CM4AI,v7,3,1,primary,consistency,low,privacy_regulatory,regulatory,privacy_regulatory|format_access|variables_metadata,3,"regulatory_restrictions.confidentiality_level is 'unrestricted', but the same record documents a commercial-use prohibition (data_use_permission: no_commercial_use), a ShareAlike obligation, a Data Access Committee supervising dual licensing, and two external perturb-seq resources 'listed as embargoed'. 'Unrestricted' is defensible for access confidentiality (data_governance.access_review_process states 'no access request is required for the published files'), but the single-token label under-states the documented use restrictions and the partial embargo."
CM4AI_v7_rep3_r20_rating1,rubric20-semantic,CM4AI,v7,3,1,primary,consistency,low,temporal_version,version,temporal_version,1,"Version-number inversion across the release series: the current June 2026 release carries version '2.0', while version_access lists the superseded 'October 2025 Data Release (Beta), Version 2.1' and 'June 2025 Data Release (Beta), Version 2.1'. A later release bearing a lower version string is confusing on its face."
CM4AI_v7_rep3_r20_rating1,rubric20-semantic,CM4AI,v7,3,1,primary,completeness,medium,attribution,creator,attribution,1,"Creator affiliations are recorded in the structured `affiliations` field for only 5 of 47 creators (the five ROR:0153tk833 University of Virginia authors). The remaining 42 affiliations exist only as free text inside `notes` (e.g. 'Ideker T, University of California San Diego'), so they are human-readable but not machine-resolvable, and no ROR identifiers are asserted for them."
CM4AI_v7_rep3_r20_rating1,rubric20-semantic,CM4AI,v7,3,1,primary,completeness,medium,temporal_version,version,temporal_version|processing_provenance|format_access,3,"Software tools are named with resolvable URLs but never with version numbers: node2vec, the Cell Mapping Toolkit (github.com/idekerlab/cellmaps_pipeline), FAIRSCAPE, the Integrative Modeling Platform, the Human Protein Atlas deep learning model and the 10x Genomics 3'HT kit all appear without a release, tag or commit. version_access asserts that 'Software packages used to produce each release are versioned, and the version used to produce a dataset is referenced in that dataset's metadata' — a pointer to versions held elsewhere rather than the versions themselves."
CM4AI_v7_rep3_r20_rating1,rubric20-semantic,CM4AI,v7,3,1,primary,semantic_understanding,medium,scope_drift,this release,scope_drift|processing_provenance,2,"The most detailed processing documentation describes a pipeline whose outputs are excluded from this release. All four preprocessing_strategies entries (node2vec PPI embedding, HPA image embedding, contrastive co-embedding, community detection) and the labeling_strategies entry carry source_caveats stating these are MuSIC pipeline steps and that 'the June 2026 release states that computed cell maps are not included in this release'. The processing actually applied to the distributed artifacts is therefore covered only by RO-Crate packaging and a general QC statement."
CM4AI_v7_rep3_r20_rating1,rubric20-semantic,CM4AI,v7,3,1,primary,content_accuracy,medium,consent_ethics,consent,consent_ethics,1,"No consent or ethical-sourcing provenance is documented for the donor material underlying the two cell lines, although donor-level descriptors are disclosed: MDA-MB-468 'established from a metastatic site pleural effusion of a 51-year-old black female with a metastatic mammary adenocarcinoma' and KOLF2.1J 'derived from a healthy male Northern European donor'. human_subject_research.involves_human_subjects is false and no informed_consent field is present. The 'no human subjects' determination is correct for secondary use of established lines, but the consent basis of the source material is asserted only indirectly ('the project describes these lines as ethically sourced')."
CM4AI_v7_rep3_r20_rating1,rubric20-semantic,CM4AI,v7,3,1,primary,completeness,medium,privacy_regulatory,privacy,privacy_regulatory|attribution,2,"Governance and privacy content is present in prose but absent from the designated structured fields. The Data Governance Committee contact (Jillian Parker, jillianparker@health.ucsd.edu) is stated inside regulatory_restrictions.other_compliance rather than in regulatory_restrictions.governance_committee_contact; reidentification risk is argued in prose ('cannot be matched, with current knowledge, to a human subject') with no participant_privacy.reidentification_risk field; and there is no data_protection_impacts field."
CM4AI_v7_rep3_r20_rating1,rubric20-semantic,CM4AI,v7,3,1,primary,completeness,low,count_size,total_size_bytes,count_size,1,"File sizes are given only in free text inside file_collections descriptions ('untreated (4.6 GB), paclitaxel-treated (3.8 GB) and vorinostat-treated (4.2 GB)', '113.3 KB', '171.8 KB', '1.1 MB'). The structured total_size_bytes and file_collections.total_bytes fields are unpopulated, so no machine-readable size is available despite the information being known."
CM4AI_v7_rep3_r20_rating1,rubric20-semantic,CM4AI,v7,3,1,primary,completeness,low,attribution,publisher,attribution,1,"`publisher` is omitted with the explanation 'The bundle names no publisher for the release', yet the record's own `citation` ends 'https://doi.org/10.18130/V3/HIGT4C, University of Virginia Dataverse, V2', and maintainers name 'University of Virginia Dataverse (LibraData)' as archival steward. The publishing organization is therefore stated twice in the record while the dedicated field is left empty."
CM4AI_v7_rep3_r20_rating1,rubric20-semantic,CM4AI,v7,3,1,primary,correctness,low,other,,,0,"The keyword 'mass spectroscopy' is a terminological error for mass spectrometry, the technique actually used throughout (SEC-MS, AP-MS). Spectroscopy and spectrometry are distinct methods, so the keyword misdescribes the assay and will not match controlled-vocabulary searches."
CM4AI_v7_rep3_r20_rating1,rubric20-semantic,CM4AI,v7,3,1,primary,completeness,low,bias_quality,bias,bias_quality|variables_metadata,2,"Bias documentation covers representation and selection bias but not measurement or technical bias, which are material for these modalities: antibody specificity and cross-reactivity in the Human Protein Atlas IF panel, abundance-dependent detection bias in SEC-MS/AP-MS, and guide-RNA efficiency variance in the CRISPRi screens. Only one of the two documented biases (selection_bias) carries a mitigation_strategy. No AIO or CROISSANT RAI ontology term identifiers accompany the bias_type values."
CM4AI_v7_rep3_r20_rating1,rubric20-semantic,CM4AI,v7,3,1,primary,consistency,low,source_conflict,contradict,source_conflict|scope_drift,2,"The `notes` field mixes release-scope and project-scope quantities: 1,374 protein interactions, 53,788 immunofluorescent images, 7,023 proteins and 21.4 TB are project-wide portal totals, while 11,739 genes appears at both scopes. This is not an internal contradiction — the record itself states 'the portal total and the atlas figure coincide but are stated at different scopes' — but the figures sit in a field a reader may take as describing this release."
CM4AI_v8_rep1_r10_rating1,rubric10-semantic,CM4AI,v8,1,1,primary,consistency,medium,source_conflict,contradict,source_conflict|temporal_version|bias_quality,3,"Temporal ordering is internally contradictory: the dataset is issued 2026-06-17, yet three immunofluorescence archives carry issued: 2026-07-15, a month after the version publication date, and created_on is 2025-02-27, sixteen months before issuance. The record flags the file-date anomaly in source_caveats but supplies no resolution."
CM4AI_v8_rep1_r10_rating1,rubric10-semantic,CM4AI,v8,1,1,primary,correctness,medium,source_conflict,disagree,source_conflict|temporal_version,2,"Two upstream sources disagree on the release date (CM4AI portal: 'Released on: June 17, 2025'; UVA Dataverse: Publication Date 2026-06-17). The record adopts the Dataverse date and documents the conflict, which is good practice, but the dataset title ('June 2026') and the portal listing remain mutually inconsistent for any user arriving from the portal."
CM4AI_v8_rep1_r10_rating1,rubric10-semantic,CM4AI,v8,1,1,primary,completeness,high,format_access,zip,format_access|variables_metadata,2,"No variable-level metadata at all: variables, is_tabular, is_data_split and is_subpopulation are entirely absent, and the ten ZIP archives carry no per-file content description. A reuser cannot determine what columns, channels or matrices the archives contain without downloading them."
CM4AI_v8_rep1_r10_rating1,rubric10-semantic,CM4AI,v8,1,1,primary,semantic_understanding,high,format_access,format,format_access,1,"Distribution format is declared only as the ZIP container (format: ZIP, media_type: application/zip) for all ten archives. ZIP is packaging, not a data format: the record never states whether the contents are mzML, TIFF/OME-TIFF, h5ad, MTX, FASTQ or CSV. This satisfies the distribution question but not the interoperability question."
CM4AI_v8_rep1_r10_rating1,rubric10-semantic,CM4AI,v8,1,1,primary,content_accuracy,medium,source_conflict,conflict,source_conflict|scope_drift|count_size,3,"Reported sample magnitudes cannot be attributed to this release. The portal 'Data Insights' figures (53,788 images, 11,739 genes, 21.4 TB) are read by the record as cumulative project-wide holdings by inference, and the 523-protein figure conflicts with the 464-protein figure on the October 2025 release page. The record correctly declines to assert either for the June 2026 archives, leaving instance counts for this release unstated."
CM4AI_v8_rep1_r10_rating1,rubric10-semantic,CM4AI,v8,1,1,primary,completeness,high,scope_drift,distributed archives,scope_drift|processing_provenance,2,"No software that produced or transformed the distributed archives is named. The Cell Mapping Toolkit / CM4AI integration pipeline is named, but the record states the computed cell maps it produces are explicitly not included in this release; FAIRSCAPE is named for packaging, metadata and provenance-graph production. Neither answers what generated the SEC-MS, AP-MS, immunofluorescence or perturb-seq atlas products that are distributed."
CM4AI_v8_rep1_r10_rating1,rubric10-semantic,CM4AI,v8,1,1,primary,completeness,medium,processing_provenance,preprocessing,processing_provenance,1,"Preprocessing is documented only as an inference from archive names ('Inferred from the paired archive names ... the June 2026 release listing carries no per-file processing description'), and no cleaning, labeling, annotation-quality or imputation documentation exists. The atlas is known to be a processed product but not how it was processed."
CM4AI_v8_rep1_r10_rating1,rubric10-semantic,CM4AI,v8,1,1,primary,consistency,low,license_use_terms,copyright,license_use_terms|scope_drift,2,"Governance is partly aspirational relative to the release as distributed: data_governance.notes reports a Data Access Committee as a planned arrangement in the preprint, while all ten archives are listed with public file access; and the commercial-licensing and copyright statements in ip_restrictions are drawn from the preprint and earlier release pages rather than from the June 2026 page, which states only CC BY-NC-SA 4.0."
CM4AI_v8_rep1_r10_rating1,rubric10-semantic,CM4AI,v8,1,1,primary,consistency,low,source_conflict,reconciled,source_conflict|consent_ethics|format_access|attribution,4,Ethical review contact identity is reconciled across sources with a residual mismatch: Vardit Ravitsky is given affiliation University of Montreal while the contact email domain is thehastingscenter.org. The record discloses the mismatch rather than silently resolving it.
CM4AI_v8_rep1_r10_rating1,rubric10-semantic,CM4AI,v8,1,1,primary,completeness,medium,temporal_version,errata,temporal_version,1,"No errata and no version-level change log. updates describes only a forward-looking quarterly cadence; the one comparative statement ('adds AP-MS data for treated MDA-MB-468 ... which the October 2025 release did not include') sits in related_datasets.notes and describes a cross-DOI delta, not what changed between Dataverse versions of this DOI. The carried-forward '(2025-06-30)' description stamp and the differing MD5s for same-named October 2025 archives are exactly the kind of item an errata entry should carry."
CM4AI_v8_rep1_r10_rating1,rubric10-semantic,CM4AI,v8,1,1,primary,completeness,medium,consent_ethics,conflict-of-interest,consent_ethics|bias_quality,2,"No downstream social impact analysis (future_use_impacts) and no conflict-of-interest statement, despite a named ethics team and an explicit ethics workstream in the project's stated purposes ('ethical, AI-ready datasets')."
CM4AI_v8_rep1_r10_rating1,rubric10-semantic,CM4AI,v8,1,1,primary,content_accuracy,low,count_size,scale,count_size|bias_quality,2,"sampling_strategies[1].is_sample: false is the record's own reading of 'expressed genome-scale' and 'whole-genome', which the record admits no source states in terms. A false flag asserted on inference is weaker evidence than the surrounding prose it rests on."
CM4AI_v8_rep1_r20_rating1,rubric20-semantic,CM4AI,v8,1,1,primary,content_accuracy,medium,count_size,scale,count_size,1,"Stated archive sizes are implausibly small for the described content and this is not flagged anywhere in the record. The KOLF2.1J CRISPRi perturbation cell atlas archive is given as 30.2 KB and the accompanying raw sequence archive as 73.3 KB, yet the same record describes a genome-scale screen covering 11,739 targeted genes; the SEC-MS archives are 171.8 KB and 93.9 KB and the AP-MS archives 113.3 KB and 135.8 KB. Only the three immunofluorescence archives (3.8-4.6 GB) are of an order consistent with their described contents. Either the small archives are pointers/manifests rather than data, or the sizes are transcribed incorrectly; the record asserts neither."
CM4AI_v8_rep1_r20_rating1,rubric20-semantic,CM4AI,v8,1,1,primary,semantic_understanding,medium,count_size,count,count_size|format_access,2,"distribution_formats declares a single format, ZIP (application/zip), for all ten deliverables, so the formats a reuser actually parses — image formats for 53,788 immunofluorescence images, matrix/count formats for perturb-seq, mass-spectrometry table formats for SEC-MS and AP-MS — are nowhere stated. The record simultaneously claims RO-Crate packaging, conformance to https://w3id.org/bridge2ai/data-sheets-schema and AI-ready status, which cannot be assessed at the level of an opaque container."
CM4AI_v8_rep1_r20_rating1,rubric20-semantic,CM4AI,v8,1,1,primary,consistency,medium,format_access,zip,format_access|variables_metadata,2,"conforms_to asserts 'RO-Crate packaging with provenance graphs and rich metadata, produced using the FAIRSCAPE framework', but no RO-Crate or provenance artifact is identifiable among the ten enumerated resources. The only candidate is cm4ai_release_metadata.zip (1.1 MB), whose description is simply 'One ZIP archive (1.1 MB) of release metadata' and which is not stated to contain the RO-Crate or the provenance graph."
CM4AI_v8_rep1_r20_rating1,rubric20-semantic,CM4AI,v8,1,1,primary,consistency,medium,processing_provenance,preprocessing,processing_provenance|format_access,2,The provenance and derivation claims rest on an acknowledged inference rather than documentation. preprocessing_strategies and the derived acquisition_method both carry source_caveats stating that the atlas-from-raw derivation is 'Inferred from the paired archive names cm4ai_perturb-seq_KOLF2_cell_atlas.zip and cm4ai_perturb-seq_KOLF2_raw_sra.zip' because 'the June 2026 release listing carries no per-file processing description'. The structured provenance fields was_derived_from and parent_datasets are unpopulated.
CM4AI_v8_rep1_r20_rating1,rubric20-semantic,CM4AI,v8,1,1,primary,consistency,low,temporal_version,temporal,temporal_version,1,"Temporal ordering inside the release is internally inconsistent: version 2.0 is issued 2026-06-17 while three immunofluorescence archives carry issued dates of 2026-07-15, a month after the version they belong to was published. The record discloses this in source_caveats but does not resolve it into a version."
CM4AI_v8_rep1_r20_rating1,rubric20-semantic,CM4AI,v8,1,1,primary,content_accuracy,medium,scope_drift,this release,scope_drift,1,"The description text is flagged by the record itself as possibly carried forward from prior releases: the Dataverse description block 'ends with a trailing (2025-06-30) stamp identical to that on the June 2025 and October 2025 releases'. The June 2026 file listing also carries no per-file descriptions, so modality and content detail for individual archives is imported from the preprint and earlier release pages. Content statements about this release therefore have weaker evidentiary standing than their confident phrasing suggests, even though the record flags each instance."
CM4AI_v8_rep1_r20_rating1,rubric20-semantic,CM4AI,v8,1,1,primary,correctness,low,attribution,grant,attribution,1,"A grant_number slot is used for a non-identifier: funders[University of Virginia].grants[0].grant_number is 'Frederick Thomas Fund', with the note conceding 'no numeric identifier is given'. The two NIH values (1OT2OD032742-01, 5U54HG012513-02) are well-formed NIH award numbers; the third breaks the field's type expectation."
CM4AI_v8_rep1_r20_rating1,rubric20-semantic,CM4AI,v8,1,1,primary,consistency,low,consent_ethics,consent,consent_ethics|privacy_regulatory,2,Donor-origin consent provenance is absent while human-derived material is central. human_subject_research.involves_human_subjects is false and is_deidentified.identifiable_elements_present is false — a self-consistent pair for cell-line work — but both source lines derive from identified human donors (MDA-MB-468 from a 51-year-old Black female; KOLF2.1J from a healthy male Northern European donor) and no consent or provenance-of-consent statement accompanies either.
CM4AI_v8_rep1_r20_rating1,rubric20-semantic,CM4AI,v8,1,1,primary,consistency,low,consent_ethics,ethic,consent_ethics|format_access|attribution,3,"Ethical review contact identity is asserted across mismatched affiliations: Vardit Ravitsky is given ORCID 0000-0002-7080-8801 with affiliation University of Montreal but an email at thehastingscenter.org. The record flags the mismatch and explains the identification, so this is a disclosed uncertainty rather than an error."
CM4AI_v8_rep1_r20_rating1,rubric20-semantic,CM4AI,v8,1,1,primary,semantic_understanding,low,temporal_version,version,temporal_version,1,"Version numbering across the release series is non-monotonic as presented: this June 2026 release is Dataverse version 2.0 while the earlier October 2025 and June 2025 releases are listed at Dataverse version 2.1. This is coherent because each release is a separate DOI versioned independently, but it is not stated and reads as a regression."
CM4AI_v8_rep1_r20_rating1,rubric20-semantic,CM4AI,v8,1,1,primary,consistency,low,scope_drift,this release,scope_drift|privacy_regulatory,2,"Access status is stated two ways without reconciliation: data_governance notes 'All ten archives in this release are listed with public file access', while confidential_elements records that external data links for perturb-seq in KOLF2.1J iPSCs and in MDA-MB-468 cells are 'marked embargoed'. The two are reconcilable (deposited archives public, external links embargoed) but the record does not say so."
CM4AI_v8_rep1_r20_rating1,rubric20-semantic,CM4AI,v8,1,1,primary,consistency,low,scope_drift,this release,scope_drift|count_size,2,"The 21.4 TB, 53,788 image and 1,374 interaction figures in notes are read by the record as cumulative project-wide holdings, an inference it flags; they sit beside enumerated archive sizes totalling roughly 12.6 GB for this release. A reader taking the notes figures as release-scoped would overstate the release by three orders of magnitude."
CM4AI_v8_rep2_r10_rating1,rubric10-semantic,CM4AI,v8,2,1,primary,consistency,medium,other,,,0,"The single erratum is self-referential: 'The June 2025 Data Release was published as a revision of the preceding June 2025 release'. The related_datasets chain indicates the June 2025 release (doi:10.18130/V3/F3TD5R, published 2025-07-01) revised the March 2025 release (doi:10.18130/V3/B35XWX, published 2025-03-03), so the antecedent release name appears to be wrong."
CM4AI_v8_rep2_r10_rating1,rubric10-semantic,CM4AI,v8,2,1,primary,consistency,medium,temporal_version,version,temporal_version,1,"Version numbering is non-monotonic across the release chain: the top-level version for this June 2026 release is '2.0', while version_access records the earlier June 2025 and October 2025 releases as version 2.1. A successor release carrying a lower version string than its predecessors is implausible and will confuse automated version ordering."
CM4AI_v8_rep2_r10_rating1,rubric10-semantic,CM4AI,v8,2,1,primary,completeness,high,scope_drift,actually distributed,scope_drift|processing_provenance,2,"No software is named that produced or transformed the data actually distributed in this release. The named tooling is either capture instrumentation (10x Genomics 3'HT kit, pipetting robot, confocal microscopy), metadata/packaging production (FAIRSCAPE), hosting and sharing (NDEx, MassIVE, Figshare), or a pipeline the record itself states produced outputs not present here (MuSIC / Cell Mapping Toolkit, IMP, node2vec, the HPA deep-learning image model). A reuser cannot determine what software generated the ten archives."
CM4AI_v8_rep2_r10_rating1,rubric10-semantic,CM4AI,v8,2,1,primary,completeness,medium,format_access,zip,format_access,1,"Every distributed file is described only as a ZIP container (format: ZIP, media_type: application/zip); no internal data format (e.g. mzML, mzTab, TIFF/OME-TIFF, h5ad, MTX, FASTQ/SRA) and no character encoding is documented for any archive."
CM4AI_v8_rep2_r10_rating1,rubric10-semantic,CM4AI,v8,2,1,primary,completeness,medium,variables_metadata,variable-level,variables_metadata,1,"No variable-level metadata is provided anywhere in the record: the variables slot is absent entirely, so the columns, channels and measured fields inside the mass-spectrometry, perturb-seq and image archives are undocumented."
CM4AI_v8_rep2_r10_rating1,rubric10-semantic,CM4AI,v8,2,1,primary,completeness,medium,source_conflict,disagree,source_conflict|bias_quality,2,"No data anomalies, sampling strategies, or missing-data documentation are recorded. The anomalies, sampling_strategies and missing_data_documentation slots are all absent; the extensive source_caveats concern disagreements between metadata sources, not quality issues in the data themselves."
CM4AI_v8_rep2_r10_rating1,rubric10-semantic,CM4AI,v8,2,1,primary,completeness,medium,processing_provenance,processing,processing_provenance,1,"No processing of the released data is documented: preprocessing_strategies, cleaning_strategies, labeling_strategies, annotation_analyses, machine_annotation_tools and imputation_protocols are all absent, and notes explicitly scope the MuSIC pipeline description to tooling and future releases rather than to these files."
CM4AI_v8_rep2_r10_rating1,rubric10-semantic,CM4AI,v8,2,1,primary,completeness,low,scope_drift,this release,scope_drift|count_size,2,"Instance-level counts are not reported for this release: the instances entries carry no counts of images, cells, proteins or interactions, and the record's own source_caveats note that the June 2026 listing states no protein count. Quantification is available only at file level (10 files, 12,601,718,300 bytes)."
CM4AI_v8_rep2_r10_rating1,rubric10-semantic,CM4AI,v8,2,1,primary,consistency,low,temporal_version,quarterly,temporal_version|attribution,2,"The stated maintenance horizon and the recorded funding period do not align: updates.update_details promises quarterly updates 'through the end of the project in November 2026', while the funders notes give the NIH project period as 2022-09-01 to 2026-08-31."
CM4AI_v8_rep2_r10_rating1,rubric10-semantic,CM4AI,v8,2,1,primary,completeness,low,format_access,download_url,format_access|attribution,2,"No download_url slot is populated. Access is recoverable only from distribution_formats.access_urls, page and publisher, all of which carry the same Dataverse landing-page URL; no per-file retrieval endpoint or Data Access API base URL is given despite the API being mentioned in prose."
CM4AI_v8_rep2_r10_rating1,rubric10-semantic,CM4AI,v8,2,1,primary,completeness,low,consent_ethics,conflict-of-interest,consent_ethics|bias_quality,2,"No future_use_impacts (rai:dataSocialImpact) analysis and no conflict-of-interest statement accompany the ethical review, so anticipated downstream social impacts of the released maps and their mitigations are undocumented."
CM4AI_v8_rep2_r10_rating1,rubric10-semantic,CM4AI,v8,2,1,primary,content_accuracy,low,bias_quality,bias,bias_quality,1,"Only one bias is categorized (representation_bias, cell lines not representing population variation). Plausible biases specific to the modalities — antibody-availability bias in the immunofluorescence protein panel, detectability bias in SEC-MS/AP-MS toward abundant and soluble complexes, guide-library coverage bias in the CRISPRi screen — are not categorized."
CM4AI_v8_rep2_r10_rating1,rubric10-semantic,CM4AI,v8,2,1,primary,semantic_understanding,low,temporal_version,date,temporal_version|consent_ethics|privacy_regulatory,3,"The two ethical_reviews entries carry byte-identical review_details prose, differing only in contact_person, and describe an oversight role rather than a completed review with a date, determination or reference. data_protection_impacts is absent."
CM4AI_v8_rep2_r20_rating1,rubric20-semantic,CM4AI,v8,2,1,primary,consistency,medium,source_conflict,conflict,source_conflict|temporal_version,2,"Version numbering regresses across releases: this June 2026 release declares version: '2.0', while version_access records the earlier October 2025 release (doi:10.18130/V3/K7TGEM) and June 2025 release (doi:10.18130/V3/F3TD5R) as 'version 2.1'. A successor release carrying a lower version string than its predecessors is not explained anywhere in the record, and source_caveats does not flag it among the source conflicts it does disclose."
CM4AI_v8_rep2_r20_rating1,rubric20-semantic,CM4AI,v8,2,1,primary,content_accuracy,medium,source_conflict,contradict,source_conflict,1,"The single erratum is self-referential and internally contradictory: 'The June 2025 Data Release was published as a revision of the preceding June 2025 release'. From related_datasets, the June 2025 release (doi:10.18130/V3/F3TD5R, published 2025-07-01) succeeded the March 2025 release (doi:10.18130/V3/B35XWX, published 2025-03-03), so 'preceding June 2025' should read 'preceding March 2025'. The erratum_url does resolve to the correct release DOI, and the described changes (RGB images, RO-Crate metadata corrections, naming conventions) match the June 2025 entry in related_datasets."
CM4AI_v8_rep2_r20_rating1,rubric20-semantic,CM4AI,v8,2,1,primary,consistency,medium,privacy_regulatory,confidential,privacy_regulatory,1,"confidential_elements declares confidential_elements_present: true with a named pre-publication embargo on perturb-seq data, and third_party_sharing repeats that the perturb-seq deposits are embargoed, yet regulatory_restrictions carries only other_compliance and no confidentiality_level classification. A record that asserts confidential content should classify its confidentiality level."
CM4AI_v8_rep2_r20_rating1,rubric20-semantic,CM4AI,v8,2,1,primary,completeness,high,scope_drift,this release,scope_drift|bias_quality|processing_provenance,3,"No data-preparation documentation for the released files: preprocessing_strategies, cleaning_strategies, labeling_strategies, machine_annotation_tools, annotation_analyses, imputation_protocols and missing_data_documentation are all absent. The MuSIC pipeline described in notes is explicitly scoped out ('Computed cell maps are not included in this release, so those pipeline stages describe project tooling and planned future releases rather than processing applied to the data released here'), so a reuser cannot tell how, for example, the perturb-seq cell atlas archive was derived from raw sequence."
CM4AI_v8_rep2_r20_rating1,rubric20-semantic,CM4AI,v8,2,1,primary,completeness,medium,temporal_version,timeframe,temporal_version,1,"collection_timeframes is absent. acquisition_methods, collection_mechanisms and data_collectors are all well populated, but no acquisition window is given for any modality; created_on (2025-02-27) and issued (2026-06-17) are record and publication dates, not collection dates."
CM4AI_v8_rep2_r20_rating1,rubric20-semantic,CM4AI,v8,2,1,primary,completeness,medium,license_use_terms,prohibited_uses,license_use_terms|bias_quality,2,"future_use_impacts is absent, so the record offers no social-impact analysis or mitigation strategies even though it carries prohibited_uses, discouraged_uses and a representation_bias entry that would anchor one. This caps both Q18 and Q20."
CM4AI_v8_rep2_r20_rating1,rubric20-semantic,CM4AI,v8,2,1,primary,completeness,medium,bias_quality,missing_data,bias_quality,1,"Provenance is expressed only in prose and typed dataset relationships: was_derived_from, parent_datasets and missing_data_documentation are all absent. Agents (Lundberg Lab, Krogan Lab), activities (AP-MS, SEC-MS, ICC-IF, perturb-seq) and entities (ten enumerated files) are each documented, but no field links a given activity and agent to a given output file, so the entity-activity-agent chain must be inferred by the reader."
CM4AI_v8_rep2_r20_rating1,rubric20-semantic,CM4AI,v8,2,1,primary,semantic_understanding,medium,format_access,distribution_format,format_access,1,"distribution_formats declares a single container format (ZIP, application/zip) for all ten files and no internal format is named anywhere, so the actual data encodings (e.g. mzML/raw for mass spectrometry, matrix or h5 for perturb-seq, TIFF/PNG for the image archives) are undeclared. The record is genuinely multi-modal in content, but its declared format variety is one, which limits machine-actionable interoperability and forces a download to discover what the archives contain."
CM4AI_v8_rep2_r20_rating1,rubric20-semantic,CM4AI,v8,2,1,primary,content_accuracy,low,source_conflict,not reconciled,source_conflict|temporal_version|variables_metadata,3,"Temporal oddity, disclosed but not reconciled: the dataset issued date is 2026-06-17, while the three immunofluorescence archives carry issued: 2026-07-15, i.e. component files post-date the release they belong to by four weeks. distribution_dates records the same split, so this appears to be faithful reporting of a staged publication rather than an error, but the record does not say so."
CM4AI_v8_rep2_r20_rating1,rubric20-semantic,CM4AI,v8,2,1,primary,consistency,low,source_conflict,conflict,source_conflict|count_size,2,"Two quantitative source conflicts are carried unresolved, though both are explicitly disclosed and neither is silently adjusted: total_size_bytes (12.6 GB, this record's own computation) versus the project portal's 21.4 TB 'Data volume', and 563 versus 464 immunofluorescence proteins of interest across prior releases. source_caveats states the tier ranking used and marks the superseded reading."
CM4AI_v8_rep2_r20_rating1,rubric20-semantic,CM4AI,v8,2,1,primary,consistency,low,consent_ethics,ethic,consent_ethics,1,"ethical_reviews documents two named project ethics leads with ORCIDs and e-mail addresses but records no IRB or ethics-board determination, protocol number, or exemption finding. This is coherent with human_subject_research.involves_human_subjects: false and with the laboratory cell-line provenance, so it is noted rather than penalised, and Q8 is not scored under the human-subjects gate."
CM4AI_v8_rep2_r20_rating1,rubric20-semantic,CM4AI,v8,2,1,primary,semantic_understanding,low,variables_metadata,keywords,variables_metadata,1,"Keyword 'mass spectroscopy' is the wrong term for the technique the record describes throughout (mass spectrometry, in AP-MS and SEC-MS). Discoverability is only mildly affected because 'AP-MS' and 'SEC-MS' are also present as keywords."
CM4AI_v8_rep2_r20_rating1,rubric20-semantic,CM4AI,v8,2,1,primary,completeness,low,privacy_regulatory,regulatory,privacy_regulatory|variables_metadata,2,"Three Q1 mandatory-field slots are unpopulated: variables (no variable-level metadata for any modality), parent_datasets (prior releases are instead expressed as related_datasets with is_new_version_of), and regulatory_restrictions.confidentiality_level. A top-level resources list is also absent, though per-file resources are fully enumerated inside file_collections."
CM4AI_v8_rep3_r10_rating1,rubric10-semantic,CM4AI,v8,3,1,primary,consistency,medium,processing_provenance,preprocessing,processing_provenance,1,"Seven of the ten file collections are typed collection_type: processed_data, but no preprocessing_strategies, cleaning_strategies, labeling_strategies, annotation_analyses, machine_annotation_tools or imputation_protocols are present. A reader cannot tell how raw AP-MS, SEC-MS or perturb-seq output became the distributed processed archives."
CM4AI_v8_rep3_r10_rating1,rubric10-semantic,CM4AI,v8,3,1,primary,consistency,medium,scope_drift,actually distributed,scope_drift|processing_provenance,2,No software is named as having produced or transformed the data actually distributed. The tools the record does name fall outside that role: the Cell Mapping Toolkit / MuSIC pipeline is stated by the record itself to produce computed cell maps that 'are not included in this release'; FAIRSCAPE is packaging and provenance-metadata software; NDEx and the UVA Dataverse are sharing and hosting platforms; the 10x Genomics 3'HT kit is acquisition instrumentation.
CM4AI_v8_rep3_r10_rating1,rubric10-semantic,CM4AI,v8,3,1,primary,completeness,medium,format_access,zip,format_access|variables_metadata,2,"No variable-level metadata is provided for any subset; the variables slot is entirely absent, so column, channel and measurement semantics inside the ZIP archives are undocumented."
CM4AI_v8_rep3_r10_rating1,rubric10-semantic,CM4AI,v8,3,1,primary,content_accuracy,medium,format_access,distribution_format,format_access,1,"distribution_formats declares only the container: format ZIP with media_type application/zip. The scientific payload formats inside the archives (image format for the 12.6 GB of IF data, mass-spectrometry table or mzML-family format, perturb-seq matrix format) and character encoding are never stated, which limits interoperability and harmonization."
CM4AI_v8_rep3_r10_rating1,rubric10-semantic,CM4AI,v8,3,1,primary,completeness,medium,scope_drift,release level,scope_drift|count_size,2,"No instance or sample counts are reported at release level: instances lists four instance types with no counts, and source_caveats explicitly declines to assert the project-level totals (1,374 interactions, 53,788 images, 11,739 genes) as release totals. total_file_count: 10 counts archives, not samples."
CM4AI_v8_rep3_r10_rating1,rubric10-semantic,CM4AI,v8,3,1,primary,completeness,medium,scope_drift,this release,scope_drift|temporal_version,2,No change log or errata for this release: errata is absent and updates carries only a forward-looking cadence ('quarterly ... through the end of the project in November 2026'). What changed relative to the October 2025 release can only be inferred from related_datasets notes.
CM4AI_v8_rep3_r10_rating1,rubric10-semantic,CM4AI,v8,3,1,primary,completeness,medium,bias_quality,anomal,bias_quality,1,"No data anomalies, outliers, batch effects or missing-data documentation are recorded: anomalies and missing_data_documentation are both absent, even though the release spans four assay modalities with partially overlapping protein coverage."
CM4AI_v8_rep3_r10_rating1,rubric10-semantic,CM4AI,v8,3,1,primary,correctness,low,format_access,access url,format_access,1,"The only access URL given is a truncated Dataverse API root, https://dataverse.lib.virginia.edu/api/access/datafile/, with no datafile identifier appended, so it does not resolve to any downloadable object; the dedicated download_url slot is unpopulated."
CM4AI_v8_rep3_r10_rating1,rubric10-semantic,CM4AI,v8,3,1,primary,consistency,low,temporal_version,version,temporal_version|format_access|variables_metadata,3,"The conforms_to RO-Crate claim is, by the record's own admission, carried from the tier-3 preprint and the March/June 2025 releases: 'the June 2026 release page does not itself restate the packaging format, and its file listing names only cm4ai_release_metadata.zip without stating its internal format.' The conformance assertion is therefore unverified for the version being described."
CM4AI_v8_rep3_r10_rating1,rubric10-semantic,CM4AI,v8,3,1,primary,content_accuracy,low,source_conflict,unresolved,source_conflict|temporal_version|bias_quality,3,"Inherited date anomalies are disclosed but unresolved: the release page's Dataset Description block is dated 2025-06-30 on a release published 2026-06-17, and created_on 2025-02-27 is 'reused verbatim from earlier releases'. Top-level ordering (created_on 2025-02-27 < issued 2026-06-17 < last_updated_on 2026-07-15) is itself consistent."
CM4AI_v8_rep3_r10_rating1,rubric10-semantic,CM4AI,v8,3,1,primary,semantic_understanding,low,consent_ethics,human_subject,consent_ethics,1,"The KOLF2.1J line is described as 'derived from a healthy male Northern European donor' available via HipSci, i.e. donor-derived human material, while human_subject_research.involves_human_subjects is false. The determination is defensible for an established, distributed line, but the consent and ethical provenance of the originating donation are not referenced."
CM4AI_v8_rep3_r10_rating1,rubric10-semantic,CM4AI,v8,3,1,primary,completeness,low,consent_ethics,ethic,consent_ethics|privacy_regulatory|bias_quality,3,"Regulatory metadata is thin on the classification axis: confidentiality_level, hipaa_compliant and other_compliance are unpopulated; regulatory_restrictions records only 'FDA Regulated: No; no export control or regulatory restriction is stated'. Anticipated downstream social impacts (future_use_impacts) are likewise absent despite a substantial ethics programme."
CM4AI_v8_rep3_r20_rating1,rubric20-semantic,CM4AI,v8,3,1,primary,consistency,medium,temporal_version,version number,temporal_version,1,"Version number regresses relative to its own declared predecessors. This record declares version '2.0' for the June 2026 release, while version_access records the June 2025 release (doi:10.18130/V3/F3TD5R) and the October 2025 release (doi:10.18130/V3/K7TGEM) as 'Version 2.1'. A later release carrying a lower version string than the two releases it supersedes cannot be ordered by version alone, which undermines the version_access chain it is meant to anchor."
CM4AI_v8_rep3_r20_rating1,rubric20-semantic,CM4AI,v8,3,1,primary,content_accuracy,medium,scope_drift,this release,scope_drift|temporal_version,2,"Temporal ordering of the declared dates is internally inconsistent and the record says so itself. created_on is 2025-02-27 and issued is 2026-06-17, a sixteen-month gap; source_caveats states the Data Creation Date is 'reused verbatim from earlier releases in this Dataverse collection' and that the release page carries a Dataset Description block dated 2025-06-30 although the release was published 2026-06-17. last_updated_on (2026-07-15) correctly follows the immunofluorescence file publication date, so the collection-to-publication ordering is not violated, but created_on does not describe this release's data."
CM4AI_v8_rep3_r20_rating1,rubric20-semantic,CM4AI,v8,3,1,primary,consistency,medium,format_access,format,format_access|variables_metadata,2,"conforms_to asserts RO-Crate packaging while simultaneously disclaiming the evidence for it: the value states that 'the June 2026 release page does not itself restate the packaging format, and its file listing names only cm4ai_release_metadata.zip without stating its internal format.' conforms_to_standard nonetheless asserts RO_CRATE as an unqualified enum value, so a machine reader receives a firm standards claim that the free-text qualifies away."
CM4AI_v8_rep3_r20_rating1,rubric20-semantic,CM4AI,v8,3,1,primary,consistency,medium,bias_quality,bias,bias_quality,1,"Bias taxonomy under-covers a bias the record documents elsewhere. known_biases lists a single entry, representation_bias. sampling_strategies independently records is_random: false, is_representative: false and 'Targeted selection of cell lines and perturbation targets rather than random sampling', and known_limitations records that the three assays 'interrogate sets of proteins which incompletely overlap'. Both are selection/coverage biases with direct consequences for models trained on the release, and neither is categorized in known_biases."
CM4AI_v8_rep3_r20_rating1,rubric20-semantic,CM4AI,v8,3,1,primary,completeness,medium,other,,,0,"External repository deposits are named without accession identifiers. raw_data_sources and third_party_sharing state that SEC-MS and AP-MS data are 'Available at the MassIVE Repository' and the CRISPRi atlas is 'Available at Figshare', but give no MassIVE MSV number, no ProteomeXchange PXD number and no Figshare DOI. The contrast is visible inside the record: the related_datasets entry for the separate U2OS Nature paper does supply MSV000097168 and PXD052362."
CM4AI_v8_rep3_r20_rating1,rubric20-semantic,CM4AI,v8,3,1,primary,consistency,medium,temporal_version,end date,temporal_version|bias_quality|format_access,3,"Embargoed content is declared but no access path is given for it. known_limitations and raw_data_sources state that perturb-seq data in KOLF2.1J iPSCs and in MDA-MB-468 cells are 'Embargoed', yet no embargo end date, request procedure or Data Access Committee route for embargoed material is documented, even though data_governance describes an access_review_process for commercial dual licensing."
CM4AI_v8_rep3_r20_rating1,rubric20-semantic,CM4AI,v8,3,1,primary,consistency,low,consent_ethics,consent,consent_ethics|privacy_regulatory,2,"Human-subject negation is well argued but the donor consent chain is not documented. human_subject_research.involves_human_subjects is false and is_deidentified explains that tissue-culture data 'cannot be matched, with current knowledge, to a human subject' — a defensible position. However direct_collection records that KOLF2.1J was 'derived from a healthy male Northern European donor' via HipSci, so human-derived material with a named donor phenotype is in scope and no consent or provenance-of-consent statement accompanies it."
CM4AI_v8_rep3_r20_rating1,rubric20-semantic,CM4AI,v8,3,1,primary,completeness,low,count_size,total_size_bytes,count_size,1,"File sizes are present only as free text inside file_collections.notes ('113.3 KB', '3.8 GB', '4.6 GB', ...). total_size_bytes is absent and no file_collections.total_bytes is populated, so no size is machine-readable despite the record enumerating all ten archives with checksums."
CM4AI_v8_rep3_r20_rating1,rubric20-semantic,CM4AI,v8,3,1,primary,completeness,low,format_access,access url,format_access,1,"Access URL is a non-resolvable API stem. distribution_formats.access_urls gives only 'https://dataverse.lib.virginia.edu/api/access/datafile/' with no file identifiers appended, and no download_url is recorded, so the documented access path stops one step short of retrieval for each of the ten archives."
CM4AI_v8_rep3_r20_rating1,rubric20-semantic,CM4AI,v8,3,1,primary,completeness,low,privacy_regulatory,confidential,privacy_regulatory,1,"Governance is documented but the confidentiality classification is absent. regulatory_restrictions contains only a free-text statement that FDA regulation does not apply; regulatory_restrictions.confidentiality_level, hipaa_compliant and other_compliance are unpopulated, and no data_protection_impacts assessment is recorded, even though a Data Access Committee and named governance contact exist."
CM4AI_v8_rep3_r20_rating1,rubric20-semantic,CM4AI,v8,3,1,primary,correctness,low,persistent_identifier,"identifiers mix resolvable orcids with locally minted, non-resolvable person ids. eight creators (axelsson u, chinn b, fall j, johannesson a, khaliq h, muralidharan m, pan e, polacco b, zhang y) carry identifiers of the form doi:10.18130/v3/higt4c#person-<surname>-<initial>, which are fragment",persistent_identifier|attribution,2,"Creator identifiers mix resolvable ORCIDs with locally minted, non-resolvable person IDs. Eight creators (Axelsson U, Chinn B, Fall J, Johannesson A, Khaliq H, Muralidharan M, Pan E, Polacco B, Zhang Y) carry identifiers of the form doi:10.18130/V3/HIGT4C#person-<surname>-<initial>, which are fragment identifiers on the dataset DOI and do not resolve to a person record. Names for these creators are surname-plus-initial only, which source_caveats acknowledges."
CM4AI_v8_rep3_r20_rating1,rubric20-semantic,CM4AI,v8,3,1,primary,semantic_understanding,low,temporal_version,dates,temporal_version|format_access,2,"Distribution format variety is nominally one (ZIP) because ZIP is a container, not a data format. The record enumerates ten archives with checksums, sizes and publication dates but never states the internal formats (image format for the 12.6 GB of confocal IF data, matrix/h5ad format for perturb-seq, tabular format for SEC-MS and AP-MS elution and interaction data), so a reuser cannot determine what they will find inside before download."
CM4AI_v8_rep3_r20_rating1,rubric20-semantic,CM4AI,v8,3,1,primary,completeness,high,scope_drift,this release,scope_drift|bias_quality|processing_provenance,3,"Processing documentation is absent for the released data. None of preprocessing_strategies, cleaning_strategies, labeling_strategies, machine_annotation_tools, annotation_analyses, imputation_protocols or missing_data_documentation is populated, even though seven of the ten archives are labelled collection_type: processed_data. The MuSIC pipeline and Cell Mapping Toolkit are described in notes and external_resources, but those produce the computed cell maps that this release explicitly excludes, so they do not document how the released processed files were derived from the raw acquisitions."
VOICE_v7_rep1_r10_rating1,rubric10-semantic,VOICE,v7,1,1,primary,consistency,medium,source_conflict,does not reconcile,source_conflict|temporal_version|consent_ethics,3,"collection_timeframes states a 12-month collection period, which does not reconcile with the four-year phased IRB protocol also summarized in the same block (pilot collection begun November 2023, still ongoing November 2024) or with the six documented releases spanning November 2024 to May 2026. The record surfaces the conflict in its own source_caveats rather than concealing it, which is good documentation practice, but the collection window of the released data remains undetermined."
VOICE_v7_rep1_r10_rating1,rubric10-semantic,VOICE,v7,1,1,primary,consistency,low,privacy_regulatory,confidential,privacy_regulatory,1,"confidential_elements.confidential_elements_present is false, asserting no legally privileged data, while the same block's source_caveats and regulatory_restrictions.other_compliance both record that the underlying data are covered by a Certificate of Confidentiality that must be asserted against subpoenas. A CoC is a legal protection over the data, so the false flag reads more absolutely than the surrounding prose supports."
VOICE_v7_rep1_r10_rating1,rubric10-semantic,VOICE,v7,1,1,primary,content_accuracy,low,source_conflict,contradict,source_conflict|privacy_regulatory,2,"regulatory_restrictions.regulatory_restrictions states 'No export controls or other regulatory restrictions apply to the dataset', yet HIPAA de-identification rules, a Certificate of Confidentiality, PhysioNet credentialing requirements and a signed DUA all constrain the data and are documented in adjacent fields. The sweeping 'or other regulatory restrictions' clause contradicts the record's own compliance inventory."
VOICE_v7_rep1_r10_rating1,rubric10-semantic,VOICE,v7,1,1,primary,completeness,medium,variables_metadata,keywords,variables_metadata,1,"keywords contains only four broad terms (health, biomarkers, bridge2ai, voice). It omits the disease cohorts the dataset is organized around (voice disorders, Parkinson's/neurodegenerative, mood and psychiatric, respiratory), the modalities (speech, cough, breathing), the methods (spectrogram, MFCC, acoustic biomarker, machine learning) and the standards (BIDS) that a searcher would plausibly use."
VOICE_v7_rep1_r10_rating1,rubric10-semantic,VOICE,v7,1,1,primary,completeness,medium,bias_quality,demographic,bias_quality|variables_metadata,2,"variables declares only four columns (participant_id, session_id, task_name, n_frames). These correctly document the join keys of the Parquet feature files, but the phenotype tables the record itself enumerates (confounders, demographics, diagnosis, enrollment, questionnaires, task metadata) have no variable-level entries here, and are covered only by the statement that JSON data dictionaries ship alongside the TSVs."
VOICE_v7_rep1_r10_rating1,rubric10-semantic,VOICE,v7,1,1,primary,completeness,low,bias_quality,missing_data,bias_quality|processing_provenance|format_access|attribution|variables_metadata,5,"Several dedicated schema slots are unpopulated even though their substance is documented in prose elsewhere: publisher (PhysioNet is identified in citation, page, maintainers and third_party_sharing), download_url (access_urls and the DACO/credentialing process are given, and the absence of a file endpoint is explicitly and correctly explained by the access gating), is_tabular, imputation_protocols (no-imputation is stated in missing_data_documentation.handling_strategy), was_derived_from (derivation is carried by raw_data_sources and preprocessing_strategies), and media_type/encoding on the distribution formats. This costs machine-readability rather than human comprehension."
VOICE_v7_rep1_r10_rating1,rubric10-semantic,VOICE,v7,1,1,primary,correctness,low,persistent_identifier,"rrid carried in the citation, rrid:scr_007345, is well formed and resolves",persistent_identifier|attribution,2,"The RRID carried in the citation, RRID:SCR_007345, is well formed and resolves to PhysioNet, the hosting repository, rather than to the dataset itself. Using a repository RRID inside a dataset citation is a category slip: it identifies where the data sit, not the resource being cited."
VOICE_v7_rep1_r10_rating1,rubric10-semantic,VOICE,v7,1,1,primary,correctness,low,source_conflict,unresolved,source_conflict|attribution,2,"The record documents five divergent renderings of the same NIH award across upstream sources (OT2OD032720, 3OT2OD032720-01S1, 3OT2OD032720-01S3, 1OT2OD032720-01 and the malformed '3Tf-OTOD03272001S2'). The two renderings actually adopted into funders.grants are both well-formed NIH strings, and the malformed variant is quarantined in source_caveats rather than propagated, which is the correct handling; the underlying upstream inconsistency nonetheless remains unresolved."
VOICE_v7_rep1_r10_rating1,rubric10-semantic,VOICE,v7,1,1,primary,consistency,low,scope_drift,this release,scope_drift|consent_ethics,2,"The description lists pediatric voice and speech disorders among the five cohort categories recruited, while human_subject_research.special_populations and subpopulations state that pediatric participants are released as a separate dataset and that this release contains adults only. The two statements are reconcilable (five consortium cohorts versus one adult release) but the description does not make the scoping explicit at the point where it lists the cohorts."
VOICE_v7_rep1_r10_rating1,rubric10-semantic,VOICE,v7,1,1,primary,semantic_understanding,low,source_conflict,inconsistent across,source_conflict|count_size,2,"The recording-count evidence is inconsistent across upstream sources: approximately 61,937 voice-derived recordings from 833 participants in the project documentation against per-feature counts on PhysioNet (32,522 pitch series, 29,278 spectrograms, 29,289 posteriorgram files). The record resolves this by preferring the higher-ranked source and declining to state a single recording total, which is defensible, but the audio-recording instance entry consequently carries no count."
VOICE_v7_rep1_r20_rating1,rubric20-semantic,VOICE,v7,1,1,primary,consistency,medium,source_conflict,conflict,source_conflict|temporal_version|consent_ethics,3,"collection_timeframes asserts a single unanchored figure ('The data were collected over a period of 12 months') while its own source_caveats records a four-year IRB study with pilot collection begun November 2023 and still ongoing November 2024, plus a feasibility window of 5 June to 28 July 2023. No start or end date is given for the released dataset's collection window, so a reuser cannot situate the data in time. The conflict is disclosed rather than concealed, but it remains unresolved."
VOICE_v7_rep1_r20_rating1,rubric20-semantic,VOICE,v7,1,1,primary,content_accuracy,medium,privacy_regulatory,deidentif,privacy_regulatory|bias_quality,2,"The structured flag is_deidentified.identifiable_elements_present is false, yet participant_privacy.reidentification_risk states that k-anonymization with k of 2 or more is not achieved and that re-identification by voice cannot be entirely excluded. The registered-access release ships spectrograms, Mel spectrograms and MFCCs, which are speaker-discriminative representations of the excluded waveform; the boolean therefore under-represents the residual risk the prose itself describes."
VOICE_v7_rep1_r20_rating1,rubric20-semantic,VOICE,v7,1,1,primary,consistency,low,scope_drift,self-assessment,scope_drift|bias_quality,2,"The description reports a consortium self-assessment of 100 percent on provenance ('transparent, traceable, interpretable, key actors identified') and 100 percent on FAIRness, while known_limitations records that the same self-assessment fails the data quality criterion under characterization and the domain-appropriate and associated criteria under sustainability. The record carries no was_derived_from or parent_datasets linkage, so the 100 percent provenance claim is not machine-evidenced within the datasheet itself."
VOICE_v7_rep1_r20_rating1,rubric20-semantic,VOICE,v7,1,1,primary,semantic_understanding,low,scope_drift,this release,scope_drift|consent_ethics,2,"The description enumerates five disease cohort categories including 'pediatric voice and speech disorders', but the record's scope is the adult dataset: human_subject_research.special_populations and related_datasets state that pediatric participants were released as a separate Bridge2AI-Voice Pediatric Dataset. subpopulations repeats the five-category list and then notes 'the adult dataset contains adult participants only'. A reader skimming the description could infer pediatric data is included in this release."
VOICE_v7_rep1_r20_rating1,rubric20-semantic,VOICE,v7,1,1,primary,correctness,low,persistent_identifier,"rrid (rrid:scr_xxxxx), but scr_007345 identifies",persistent_identifier|format_access|attribution,3,"RRID:SCR_007345 appears inside the dataset citation string. The format is a valid RRID (RRID:SCR_XXXXX), but SCR_007345 identifies the PhysioNet resource, not this dataset; no dataset-level RRID is asserted and the record has no top-level rrid field."
VOICE_v7_rep1_r20_rating1,rubric20-semantic,VOICE,v7,1,1,primary,correctness,low,attribution,grant,attribution,1,"Grant identifier renderings vary across the cited sources (OT2OD032720, 3OT2OD032720-01S1, 3OT2OD032720-01S3, 1OT2OD032720-01, and the malformed '3Tf-OTOD03272001S2' in a documentation footer). The two carried in funders.grants are both well-formed NIH identifiers and the variance is disclosed in source_caveats, but the malformed footer variant is quoted without being marked as a transcription error."
VOICE_v7_rep1_r20_rating1,rubric20-semantic,VOICE,v7,1,1,primary,completeness,medium,processing_provenance,labeling,processing_provenance|variables_metadata,2,"Only four keywords are supplied (health, biomarkers, bridge2ai, voice) for a dataset spanning five clinical cohorts and dozens of conditions. No disease terms, modality terms (spectrogram, MFCC, cough, respiratory), standard ontology codes (SNOMED CT, ICD-10) or method terms appear in keywords, even though labeling_strategies states labels follow ICD-10 codes and instances carry B2AI_TOPIC / B2AI_SUBSTRATE ontology terms."
VOICE_v7_rep1_r20_rating1,rubric20-semantic,VOICE,v7,1,1,primary,completeness,low,count_size,total_size_bytes,count_size|bias_quality|variables_metadata,3,"Structural containment fields resources and parent_datasets are absent, and variables enumerates only four columns (participant_id, session_id, task_name, n_frames) for a release that includes phenotype tables covering confounders, demographics, diagnosis, enrollment, questionnaires and task metadata. No total_size_bytes, file_collections or total_file_count is given; per-feature file counts appear only inside source_caveats prose."
VOICE_v7_rep1_r20_rating1,rubric20-semantic,VOICE,v7,1,1,primary,completeness,low,temporal_version,version,temporal_version|processing_provenance,2,"Tool documentation names the software used (sparc, openSMILE, Parselmouth, Praat, ppgs, Whisper Large, b2aiprep, senselab) with signal-processing parameters, but supplies no version numbers for any of them; 'Whisper Large' names a model size, not a pinned revision. tool_accuracy states transcriptions came from off-the-shelf models 'not audited for correctness', so no annotation quality metric is available. imputation_protocols is absent, though handling_strategy states no imputation is applied."
VOICE_v7_rep1_r20_rating1,rubric20-semantic,VOICE,v7,1,1,primary,completeness,low,count_size,no counts,count_size|bias_quality,2,"Demographic sub-populations are named by axis (age, gender, sex, ethnicity, socioeconomic status) and their skew is described qualitatively, but no counts or distributions per stratum are given, and the inclusion and exclusion criteria are referred to ('the corresponding inclusion and exclusion criteria') without being enumerated. Only English-only and adult-only exclusions are stated concretely, via known_limitations."
VOICE_v7_rep1_r20_rating1,rubric20-semantic,VOICE,v7,1,1,primary,completeness,low,license_use_terms,discouraged_uses,license_use_terms|count_size|bias_quality|variables_metadata,4,"known_biases uses four taxonomy-conformant bias_type values with clear descriptions, but only one of the four carries a mitigation_strategy and only one carries affected_subsets. No quantitative fairness analysis (subgroup counts, parity metrics) and no explicit AIO ontology mappings are present; fairness is treated qualitatively via future_use_impacts and discouraged_uses."
VOICE_v7_rep1_r20_rating1,rubric20-semantic,VOICE,v7,1,1,primary,consistency,low,temporal_version,version_access,temporal_version|attribution|variables_metadata,3,"Identifier rendering is inconsistent: doi is the bare string '10.13026/8xbn-nq66' while id and version_access.latest_version_doi and related_datasets.target_dataset use the 'doi:' CURIE prefix. There is no top-level publisher field, although PhysioNet is identified as host in citation, maintainers and data_governance.stewardship_roles."
VOICE_v7_rep2_r10_rating1,rubric10-semantic,VOICE,v7,2,1,primary,completeness,medium,variables_metadata,keywords,variables_metadata,1,"keywords contains only four broad terms (health, biomarkers, bridge2ai, voice). It falls below the five-keyword expectation and, more importantly, covers only the domain: none of the disease cohorts (voice, neurological, mood/psychiatric, respiratory disorders), none of the acoustic methods (spectrogram, MFCC, articulatory coding, phonetic posteriorgram) and none of the data modalities documented at length elsewhere in the record are reachable by keyword search."
VOICE_v7_rep2_r10_rating1,rubric10-semantic,VOICE,v7,2,1,primary,completeness,low,temporal_version,version,temporal_version|format_access,2,"No download_url slot is populated. Access is nevertheless operationally resolvable: the PhysioNet version-specific landing page, the registered-access procedure, the DACO review route and the Synapse controlled-access URLs are all given."
VOICE_v7_rep2_r10_rating1,rubric10-semantic,VOICE,v7,2,1,primary,completeness,low,format_access,distribution_format,format_access,1,distribution_formats names formats and even individual file names but records no media_type (MIME) and no character encoding for the TSV and JSON products.
VOICE_v7_rep2_r10_rating1,rubric10-semantic,VOICE,v7,2,1,primary,content_accuracy,medium,consent_ethics,ethic,consent_ethics|privacy_regulatory,2,"data_protection_impacts states plainly that no analysis of the potential impact of the dataset and its use on data subjects has been conducted, while participant_privacy.reidentification_risk concedes that voice is inherently identifying and that k-anonymity with k>=2 is not achieved. A formal DPIA is the instrument that would normally be expected given that admitted residual risk, even though the consortium substitutes an ethicist review of sensitive fields and a published memorandum justifying controlled access."
VOICE_v7_rep2_r10_rating1,rubric10-semantic,VOICE,v7,2,1,primary,consistency,low,privacy_regulatory,sensitive_elements,privacy_regulatory|variables_metadata,2,"sensitive_elements declares sensitive_elements_present: true for race/ethnic origin, sexual orientation and socioeconomic/health information, while the notes on the same block state that fields encoded as sensitive in the REDCap data dictionary were removed before release along with household income, mental health status and traumatic life experiences. A reader cannot determine from these two statements which sensitive attributes survive into the published feature-only release."
VOICE_v7_rep2_r10_rating1,rubric10-semantic,VOICE,v7,2,1,primary,semantic_understanding,low,persistent_identifier,"rrid quoted in citation, rrid:scr_007345, is well formed but identifies",persistent_identifier|attribution,2,"The RRID quoted in citation, RRID:SCR_007345, is well formed but identifies PhysioNet as a resource rather than this dataset. It is therefore a platform identifier carried into the citation string, not a persistent identifier for the Bridge2AI-Voice release; the identification burden is carried entirely by the DOI."
VOICE_v7_rep2_r10_rating1,rubric10-semantic,VOICE,v7,2,1,primary,completeness,low,variables_metadata,is_tabular,variables_metadata,1,"is_tabular is not set although the release distributes tab-separated phenotype tables, static features and audio quality metrics alongside the Parquet tensors, and the variables block enumerates tabular columns."
VOICE_v7_rep2_r10_rating1,rubric10-semantic,VOICE,v7,2,1,primary,completeness,low,bias_quality,missing_data,bias_quality|processing_provenance,2,"No structured imputation_protocols block is present. The substance is supplied instead by missing_data_documentation.handling_strategy, which states that no imputation is performed and that a missingness table accompanies the release, so the concept is documented even though the dedicated slot is empty."
VOICE_v7_rep2_r20_rating1,rubric20-semantic,VOICE,v7,2,1,primary,consistency,medium,source_conflict,reconciled,source_conflict|temporal_version|bias_quality,3,"Temporal inconsistency in the collection window. collection_timeframes states the data were collected 'over a period of twelve months' (and known_limitations repeats 'approximately twelve months'), but the same field records accrual across releases published November 2024 (306 participants), version 2.0 April 2025 (+136) and version 3.0.0 December 2025 (+391), a span of roughly twenty-five months of accrual. No absolute collection start or end date is given anywhere in the record, so the twelve-month figure cannot be reconciled with the release timeline."
VOICE_v7_rep2_r20_rating1,rubric20-semantic,VOICE,v7,2,1,primary,content_accuracy,medium,consent_ethics,ethic,consent_ethics|privacy_regulatory,2,"data_protection_impacts states plainly that 'No analysis of the potential impact of the dataset and its use on data subjects has been conducted', while the same record documents biometric voice data, psychiatric and cognitive-impairment cohorts, an explicit statement that k-anonymity with k>=2 is not achieved, and an acknowledgement that voice can never be fully de-identified. The absence of a formal DPIA is honestly disclosed and partly offset by ethicist review of sensitive fields and the published memorandum 'Ethical Justification for Controlled Access to Raw Voice Data Samples', but the substantive gap remains for a dataset of this sensitivity."
VOICE_v7_rep2_r20_rating1,rubric20-semantic,VOICE,v7,2,1,primary,consistency,low,source_conflict,contradict,source_conflict|temporal_version|processing_provenance,3,"The final errata entry asserts 'No formal erratum is published', directly following three concrete erratum entries describing spectrogram reprocessing in v2.0.0, an authorship correction in v2.0.1 and Parquet repairs plus diagnosis back-fill in v3.1.0. The intended meaning is presumably that no standalone erratum document exists and corrections are carried in the changelog, but as written the list contradicts itself."
VOICE_v7_rep2_r20_rating1,rubric20-semantic,VOICE,v7,2,1,primary,semantic_understanding,low,variables_metadata,standards,variables_metadata,1,"The standards-conformance claims do not cover the artifacts actually released. conforms_to states BIDS v1.9.0 applies to 'the audio dataset layout and the phenotype folder organization rather than to the Parquet feature files of the published feature-only release' — that is, not to the dense features that constitute the release — while conforms_to_schema points to the LinkML data-sheets schema, which governs this datasheet rather than the data files. Column-level structure for the released files rests on the per-file JSON data dictionaries, which are documented but are not a registered standard."
VOICE_v7_rep2_r20_rating1,rubric20-semantic,VOICE,v7,2,1,primary,consistency,low,privacy_regulatory,regulatory,privacy_regulatory,1,"regulatory_restrictions.regulatory_restrictions asserts that 'No export controls or other regulatory restrictions apply to the dataset or to individual instances', while regulatory_restrictions.other_compliance in the same block documents a Certificate of Confidentiality that must be asserted against subpoenas, and hipaa_compliant is set to 'compliant'. The two senses (trade/export control versus privacy regulation) are distinguishable, but the blanket phrase 'or other regulatory restrictions' overreaches."
VOICE_v7_rep2_r20_rating1,rubric20-semantic,VOICE,v7,2,1,primary,semantic_understanding,low,variables_metadata,keywords,variables_metadata,1,"Discovery metadata is thin relative to the record's own content. keywords holds only four generic terms (health, biomarkers, bridge2ai, voice) for a dataset the description characterizes as spanning five disease cohorts (voice, neurological and neurodegenerative, mood and psychiatric, respiratory, controls) and that notes 22 acoustic tasks. None of the cohort names, modality terms (spectrogram, MFCC, articulatory, cough, respiration) or coding systems referenced elsewhere (ICD-10, B2AI_TOPIC, B2AI_SUBSTRATE) appear as keywords."
VOICE_v7_rep2_r20_rating1,rubric20-semantic,VOICE,v7,2,1,primary,completeness,low,other,,,0,"Two hierarchical schema fields named by Q1 are unpopulated: resources and parent_datasets. The underlying information is present in other fields — was_derived_from describes the raw audio and REDCap origin, and related_datasets carries six typed relationships with DOIs including is_new_version_of and is_version_of — so this is a placement gap rather than missing knowledge, but it reduces mandatory-field coverage to roughly 86 percent."
VOICE_v7_rep2_r20_rating1,rubric20-semantic,VOICE,v7,2,1,primary,content_accuracy,low,count_size,counts,count_size|bias_quality|processing_provenance|format_access|variables_metadata,5,"Bias documentation is taxonomy-aligned but the fairness analysis is qualitative only. Two of four known_biases entries (measurement_bias, annotation_bias) carry no mitigation_strategy, and no quantitative demographic distributions, subgroup counts or fairness metrics appear anywhere: subpopulations names the demographic axes (age, gender, sex, ethnicity, socioeconomic status) and states the sample is 'skewed by site and by demographic factors' without reporting the skew. No AIO ontology term URIs are attached to the bias types."
VOICE_v7_rep3_r10_rating1,rubric10-semantic,VOICE,v7,3,1,primary,completeness,medium,attribution,affiliation,attribution|variables_metadata,2,"keywords contains only four terms (voice, health, biomarkers, bridge2ai), below the five-term threshold, and covers domain and program affiliation only. No methods terms (machine learning, acoustic features, spectrogram, speech), no condition terms (Parkinson's disease, dysphonia, depression, chronic cough) and no modality terms appear, despite all being described at length elsewhere in the record."
VOICE_v7_rep3_r10_rating1,rubric10-semantic,VOICE,v7,3,1,primary,completeness,medium,variables_metadata,variables,variables_metadata,1,"No variables field is present. The record documents that every released table is paired with a JSON data dictionary keyed by column name, and names the tables, but supplies no variable-level identifiers, types or descriptions in the datasheet itself. A reuser must fetch the release to learn what any column means."
VOICE_v7_rep3_r10_rating1,rubric10-semantic,VOICE,v7,3,1,primary,content_accuracy,medium,consent_ethics,at_risk,consent_ethics|variables_metadata,2,"at_risk_populations.at_risk_groups_included is false, while the subsets enumerate participants with mild cognitive impairment, Alzheimer's disease, other dementias, schizophrenia, bipolar disorder, and alcohol or substance use disorder. These are conventionally treated as populations with potentially impaired decisional capacity. The special_protections text partially reconciles the flag by recording that enrollment required the ability to provide informed consent for oneself in English, but the boolean as stated understates the cohort composition."
VOICE_v7_rep3_r10_rating1,rubric10-semantic,VOICE,v7,3,1,primary,consistency,medium,privacy_regulatory,deidentif,privacy_regulatory,1,"is_deidentified.identifiable_elements_present is false, while participant_privacy.reidentification_risk and is_deidentified.deidentification_details both state that k-anonymization with k greater than or equal to two is not achieved for the released tables. HIPAA Safe Harbor does not require k-anonymity, so the two claims are reconcilable under that framing, but an unqualified false flag sits awkwardly beside an explicit statement of residual re-identification risk in the released files."
VOICE_v7_rep3_r10_rating1,rubric10-semantic,VOICE,v7,3,1,primary,consistency,low,temporal_version,semi-annual,temporal_version,1,"updates.frequency states a semi-annual cadence, while the release dates recorded in version_access and distribution_dates run January 2025, April 2025, August 2025, December 2025 and May 2026 - approximately quarterly through 2025. The record discloses this discrepancy itself in updates.source_caveats and attributes the semi-annual figure to the project documentation."
VOICE_v7_rep3_r10_rating1,rubric10-semantic,VOICE,v7,3,1,primary,consistency,low,source_conflict,tension,source_conflict|consent_ethics|privacy_regulatory,3,"data_protection_impacts.impact_details describes an ethicist review of sensitive fields and a published memorandum justifying controlled access, while its source_caveats records that the healthsheet answers 'No' to whether an impact analysis on data subjects was conducted. The tension is disclosed rather than concealed, and the substantive activities described do constitute an impact assessment in effect."
VOICE_v7_rep3_r10_rating1,rubric10-semantic,VOICE,v7,3,1,primary,completeness,low,format_access,download_url,format_access,1,"No download_url field is populated. The platform link is nonetheless available: distribution_formats[].access_urls give the versioned PhysioNet URL and the Synapse controlled-access URL, page resolves to the same PhysioNet record, and data_governance.access_review_process gives step-by-step access instructions for both tiers."
VOICE_v7_rep3_r10_rating1,rubric10-semantic,VOICE,v7,3,1,primary,completeness,low,variables_metadata,is_tabular,variables_metadata,1,"is_tabular is not set, although the release is substantially tabular (TSV phenotype tables and static features, Parquet feature tables with a documented row granularity of one row per unique recording)."
VOICE_v7_rep3_r10_rating1,rubric10-semantic,VOICE,v7,3,1,primary,correctness,low,persistent_identifier,"rrid cited in the citation string, rrid:scr_007345, is well formed but identifies",persistent_identifier|attribution,2,"The RRID cited in the citation string, RRID:SCR_007345, is well formed but identifies PhysioNet as a resource rather than this dataset. The citation therefore carries a repository RRID, not a dataset-level persistent identifier; the dataset-level identification rests on the DOI, which is valid."
VOICE_v7_rep3_r10_rating1,rubric10-semantic,VOICE,v7,3,1,primary,correctness,low,attribution,funder,attribution,1,"funders.notes records two award strings from the project documentation, 3TF-OT2ActfOD032720Projectf01S1 and 3Tf-OTOD03272001S2, that do not match any NIH award pattern. The record identifies them as corrupted renderings of the same core award rather than presenting them as valid identifiers, which is the correct handling; the primary awards cited are well formed."
VOICE_v7_rep3_r20_rating1,rubric20-semantic,VOICE,v7,3,1,primary,content_accuracy,medium,source_conflict,tension,source_conflict|consent_ethics|variables_metadata,3,"at_risk_populations.at_risk_groups_included is asserted false, yet the enrolled cohorts explicitly include participants with mild cognitive impairment, Alzheimer's disease and other dementias, and a mood/psychiatric cohort encompassing schizophrenia, bipolar disorder and alcohol or substance use disorder. Under common human-subjects framings these are vulnerable populations. The record mitigates the claim by requiring capacity to consent in English, but the boolean as stated understates the population risk profile and is in tension with the subsets it describes."
VOICE_v7_rep3_r20_rating1,rubric20-semantic,VOICE,v7,3,1,primary,consistency,medium,consent_ethics,ethic,consent_ethics|privacy_regulatory,2,"data_protection_impacts asserts that an ethics team reviewed the data and that a controlled-access memorandum was published, while its own source_caveats records that the healthsheet answers 'No' to whether an analysis of the potential impact of the dataset and its use on data subjects was conducted. The element therefore both claims and disclaims an impact assessment."
VOICE_v7_rep3_r20_rating1,rubric20-semantic,VOICE,v7,3,1,primary,semantic_understanding,medium,variables_metadata,keywords,variables_metadata,1,"The keywords field contains only four terms (voice, health, biomarkers, bridge2ai) for a dataset whose subsets enumerate more than fifty clinical conditions across four disease cohorts and whose description names seventeen acoustic tasks and thirteen validated instruments. The controlled vocabulary does not carry the topical coverage the rest of the record demonstrates, which depresses findability by topic."
VOICE_v7_rep3_r20_rating1,rubric20-semantic,VOICE,v7,3,1,primary,completeness,medium,variables_metadata,variables,variables_metadata,1,"Three mandatory-field slots in the Q1 list are unpopulated: resources, parent_datasets and variables. Variable-level metadata is described narratively (every table is 'paired with a JSON data dictionary keyed by column name') but no variables element is emitted, so column semantics are not machine-readable from the datasheet itself."
VOICE_v7_rep3_r20_rating1,rubric20-semantic,VOICE,v7,3,1,primary,consistency,low,privacy_regulatory,confidential,privacy_regulatory,1,"confidential_elements_present is false, on the stated ground that the released data contain no privileged or doctor-patient-confidential material, while regulatory_restrictions records a Certificate of Confidentiality over the identifiable source data and confidentiality_level 'restricted'. The scoping difference (released tier versus source tier) is stated elsewhere but not inside the confidential_elements element."
VOICE_v7_rep3_r20_rating1,rubric20-semantic,VOICE,v7,3,1,primary,consistency,low,source_conflict,conflict,source_conflict|privacy_regulatory|attribution,3,"Hosting and maintenance are attributed to PhysioNet / MIT Laboratory for Computational Physiology in maintainers and regulatory_restrictions, while the project documentation is quoted as placing hosting with the Health Data Nexus at the University of Toronto. The record resolves the conflict in favour of the PhysioNet record and attributes the other statement to v1.0, so the residual risk to a reader is small."
VOICE_v7_rep3_r20_rating1,rubric20-semantic,VOICE,v7,3,1,primary,completeness,low,source_conflict,source give,source_conflict|count_size,2,"No aggregate recording count and no byte sizes are recorded. instances.counts is populated for participants (833) but deliberately omitted for recordings because the preferred source gives only per-feature counts; total_size_bytes and file_collections.total_bytes are absent throughout, so a prospective user cannot size a download."
VOICE_v7_rep3_r20_rating1,rubric20-semantic,VOICE,v7,3,1,primary,correctness,low,persistent_identifier,"rrid:scr_007345 is well-formed and appears inside the citation string, but scr_ identifiers name research resources; here it plausibly identifies",persistent_identifier|attribution,2,"RRID:SCR_007345 is well-formed and appears inside the citation string, but SCR_ identifiers name research resources; here it plausibly identifies the hosting repository rather than this dataset. No top-level rrid field is populated."
VOICE_v7_rep3_r20_rating1,rubric20-semantic,VOICE,v7,3,1,primary,completeness,low,count_size,no counts,count_size|bias_quality|variables_metadata,3,"Subpopulation distribution is qualitative only. subpopulations.distribution states that the release is not equally distributed across disease cohorts and shows skews by site and demographic factors, but no counts per cohort and no age, sex, race or ethnicity breakdown are given, despite those variables being named as the identification basis."
VOICE_v7_rep3_r20_rating1,rubric20-semantic,VOICE,v7,3,1,primary,completeness,low,bias_quality,bias,bias_quality|variables_metadata,2,Bias documentation uses typed categories and mitigation strategies but carries no mappings to the AI Ontology (AIO) and no quantitative fairness analysis; fairness is addressed as guidance to users rather than as measured subgroup representation or performance.
VOICE_v8_rep1_r10_rating1,rubric10-semantic,VOICE,v8,1,1,primary,consistency,medium,source_conflict,conflict,source_conflict|temporal_version|attribution,3,"version_access.latest_version_doi is doi:10.13026/37yb-1t42, an identifier that appears nowhere else in the record and that conflicts with the record's own DOI for the latest listed version (3.1.0 = doi:10.13026/8xbn-nq66, listed in versions_available and in doi/id/citation)."
VOICE_v8_rep1_r10_rating1,rubric10-semantic,VOICE,v8,1,1,primary,consistency,medium,source_conflict,unreconciled,source_conflict|privacy_regulatory,2,"Unreconciled HIPAA characterization: regulatory_restrictions.hipaa_compliant is 'compliant' and other_compliance states HIPAA de-identification rules were applied, while regulatory_restrictions.source_caveats records that the Data Transfer and Use Agreement calls the transferred data personally identifiable information 'not covered under HIPAA, FERPA, or similar laws'. The record flags the conflict but leaves a downstream user unable to determine the operative regime for the raw-audio transfer."
VOICE_v8_rep1_r10_rating1,rubric10-semantic,VOICE,v8,1,1,primary,completeness,medium,variables_metadata,keywords,variables_metadata,1,"keywords contains only four generic terms (health, biomarkers, bridge2ai, voice). No method terms (spectrogram, MFCC, articulatory features, speech), no condition terms (Parkinson's disease, dysphonia, depression, COPD) and no modality terms, although all of these are described at length elsewhere in the record."
VOICE_v8_rep1_r10_rating1,rubric10-semantic,VOICE,v8,1,1,primary,content_accuracy,medium,privacy_regulatory,data_protection,privacy_regulatory,1,"data_protection_impacts states that no analysis of the potential impact of the dataset and its use on data subjects has been conducted, for a dataset that the record itself classifies as containing race, ethnicity, sexual orientation, socioeconomic, mental-health and clinical-diagnosis data derived from a biometric signal. The absence is honestly reported, but it is a substantive governance gap rather than a documentation gap."
VOICE_v8_rep1_r10_rating1,rubric10-semantic,VOICE,v8,1,1,primary,consistency,low,scope_drift,this release,scope_drift|privacy_regulatory,2,"is_deidentified.identifiable_elements_present is false while the same block states that 'K-anonymization with k of two or more is not achieved' and participant_privacy.reidentification_risk states that voice cannot be fully de-identified. The claims are reconcilable for this release (raw audio is withheld and direct identifiers removed), but the boolean reads more absolutely than the surrounding prose."
VOICE_v8_rep1_r10_rating1,rubric10-semantic,VOICE,v8,1,1,primary,content_accuracy,low,count_size,count,count_size|temporal_version,2,"The participant count of 833 is attributed to version 3.1.0 in description and instances.counts, while source_caveats records that the figure comes from documentation written against version 3.0, and related_datasets notes that 3.0.0 itself added 391 participants over 2.0.1. The record discloses the provenance of the figure but still asserts it for 3.1.0."
VOICE_v8_rep1_r10_rating1,rubric10-semantic,VOICE,v8,1,1,primary,semantic_understanding,low,scope_drift,this release,scope_drift|variables_metadata,2,No data-standard conformance is asserted for this release: conforms_to is absent and conforms_to_schema names the metadata record's own schema (w3id.org/bridge2ai/data-sheets-schema) rather than a standard the data conforms to. source_caveats explains that earlier releases were converted to BIDS v1.9.0 but that the 3.1.0 features/metadata/phenotype layout states no such conformance.
VOICE_v8_rep1_r10_rating1,rubric10-semantic,VOICE,v8,1,1,primary,completeness,low,processing_provenance,imputation,processing_provenance|format_access|attribution|variables_metadata,4,"Several schema slots that the rubric reads are unused even though equivalent content exists elsewhere: download_url (access URLs appear only inside distribution_formats and data_governance.access_review_process), is_tabular, character encoding on any distributed file, Parquet media_type, imputation_protocols, and data_governance.committee_contact (the DACO mailbox appears only in notes)."
VOICE_v8_rep1_r10_rating1,rubric10-semantic,VOICE,v8,1,1,primary,semantic_understanding,low,attribution,maintainer,attribution,1,"maintainers records NIH under role 'government_agency' with maintainer_details describing award support. That is funding provenance rather than maintenance of the released artifact, and it duplicates funders."
VOICE_v8_rep1_r10_rating1,rubric10-semantic,VOICE,v8,1,1,primary,completeness,low,variables_metadata,variables,variables_metadata,1,"variables enumerates only four fields (participant_id, session_id, task_name, n_frames) for a release whose phenotype directory holds dozens of diagnosis and questionnaire tables. Column-level semantics are delegated to the per-file JSON data dictionaries, which are described but not enumerated in the record."
VOICE_v8_rep1_r20_rating1,rubric20-semantic,VOICE,v8,1,1,primary,consistency,high,temporal_version,version_access,temporal_version,1,"version_access.latest_version_doi is 'doi:10.13026/37yb-1t42', a DOI that appears nowhere else in the record and does not match the DOI the record itself gives for its latest version. The record's own versions_available list terminates at '3.1.0 — 1 May 2026 — doi:10.13026/8xbn-nq66', and the top-level doi is 10.13026/8xbn-nq66. A consumer resolving latest_version_doi would be directed away from the described release."
VOICE_v8_rep1_r20_rating1,rubric20-semantic,VOICE,v8,1,1,primary,content_accuracy,medium,privacy_regulatory,regulatory,privacy_regulatory,1,"regulatory_restrictions.hipaa_compliant is asserted as 'compliant' and other_compliance states HIPAA de-identification rules were applied, while the record's own regulatory_restrictions.source_caveats quotes the Data Transfer and Use Agreement describing the transferred data as personally identifiable information under OMB M-07-16 that is 'not covered under HIPAA, FERPA, or similar laws'. The enumerated coded value therefore rests on one of two source statements the record declines to reconcile."
VOICE_v8_rep1_r20_rating1,rubric20-semantic,VOICE,v8,1,1,primary,consistency,medium,source_conflict,contradict,source_conflict|privacy_regulatory|bias_quality,3,"data_protection_impacts records that 'no analysis of the potential impact of the dataset and its use on data subjects has been conducted', yet future_use_impacts supplies two substantive impact statements about unfair treatment and discrimination. The two fields are not strictly contradictory (a formal DPIA differs from narrative risk commentary) but a reader cannot tell from the record whether an impact analysis exists."
VOICE_v8_rep1_r20_rating1,rubric20-semantic,VOICE,v8,1,1,primary,completeness,medium,count_size,total_size_bytes,count_size,1,"No byte sizes are given anywhere: total_size_bytes and file_collections.total_bytes are both absent, and file_collections.compression is unstated for the Parquet resources. Sizing must be inferred from record counts (833 participants; 28,640-32,522 records per feature file), which permits only a rough estimate for download planning."
VOICE_v8_rep1_r20_rating1,rubric20-semantic,VOICE,v8,1,1,primary,completeness,medium,scope_drift,this release,scope_drift|temporal_version|processing_provenance,3,"Processing tool versions are largely unstated. Only b2aiprep is versioned ('version 3.0.0 generated this release'); openSMILE, Praat, parselmouth, torchaudio, sparc, ppgs and SenseLab carry no version, and Whisper is identified only by size class ('Whisper Large'). Feature extraction output is version-sensitive, so the preprocessing description is not exactly reproducible despite giving precise parameters."
VOICE_v8_rep1_r20_rating1,rubric20-semantic,VOICE,v8,1,1,primary,completeness,medium,count_size,counts,count_size|bias_quality,2,"Subpopulations are identified categorically (age, gender, sex, ethnicity, socioeconomic status, five disease cohorts) but never quantified. No per-cohort counts, no demographic distribution, and no enumerated per-diagnosis inclusion/exclusion criteria are given, although sampling_strategies states such criteria were applied and subpopulations states the distribution is skewed."
VOICE_v8_rep1_r20_rating1,rubric20-semantic,VOICE,v8,1,1,primary,semantic_understanding,low,variables_metadata,keywords,variables_metadata,1,"Only four keywords are supplied (health, biomarkers, bridge2ai, voice), all generic. The dataset covers roughly eighteen named conditions and four modalities, but those terms appear only inside a prose description of the phenotype folder, not in structured, indexable metadata. Two ontology codes (B2AI_TOPIC:25, B2AI_SUBSTRATE:41) are the only coded topic terms."
VOICE_v8_rep1_r20_rating1,rubric20-semantic,VOICE,v8,1,1,primary,consistency,low,temporal_version,timeframe,temporal_version,1,"collection_timeframes gives a 12-month duration with no start or end date, and the record's own caveat says the figure comes from a healthsheet written against an earlier release. The distribution_dates span November 2024 to May 2026 across six releases, which a single 12-month collection window does not obviously cover."
VOICE_v8_rep1_r20_rating1,rubric20-semantic,VOICE,v8,1,1,primary,completeness,low,persistent_identifier,no doi,persistent_identifier|temporal_version|attribution,3,"Two of five listed versions (2.0.0 and 2.0.1) carry release dates but no DOI in version_access.versions_available, while 1.1, 3.0.0 and 3.1.0 do. Citation of those intermediate releases is therefore not possible from this record."
VOICE_v8_rep1_r20_rating1,rubric20-semantic,VOICE,v8,1,1,primary,correctness,low,variables_metadata,standard,variables_metadata,1,"No conformance to a data-level standard is asserted. conforms_to_schema points to the datasheet schema (w3id.org/bridge2ai/data-sheets-schema) rather than to a standard governing the data files, and the record's caveat explains that BIDS v1.9.0 conformance documented for the audio layout is deliberately not asserted for this features/metadata/phenotype release. The abstention is correct and well-reasoned, but leaves the release without a declared data standard."
VOICE_v8_rep1_r20_rating1,rubric20-semantic,VOICE,v8,1,1,primary,consistency,low,other,,,0,"parent_datasets is absent at the top level even though derivation is documented elsewhere: was_derived_from names the raw audio and REDCap capture, and related_datasets records derives_from syn72370534 and is_new_version_of 10.13026/k81f-qr68. The provenance is recoverable but not through the field a consumer would query first."
VOICE_v8_rep2_r10_rating1,rubric10-semantic,VOICE,v8,2,1,primary,consistency,medium,source_conflict,does not reconcile,source_conflict|temporal_version,2,"updates.frequency states a semi-annual (twice yearly) cadence, but the release history the record itself supplies is denser and irregular: 2025-01-17 (1.1), 2025-04-16 (2.0.0), 2025-08-18 (2.0.1), 2025-12-16 (3.0.0), 2026-05-01 (3.1.0) — five releases in roughly sixteen months. The record caveats that the cadence statement was written against Health Data Nexus hosting, but does not reconcile it with the observed PhysioNet release pattern."
VOICE_v8_rep2_r10_rating1,rubric10-semantic,VOICE,v8,2,1,primary,correctness,medium,temporal_version,version_access,temporal_version,1,"version_access.latest_version_doi is given as doi:10.13026/37yb-1t42, which related_datasets (relationship_type: is_version_of) identifies as the concept DOI resolving to the latest version. The DOI of the version actually described by this record is 10.13026/8xbn-nq66. A field named latest_version_doi holding a concept DOI is a slot/value mismatch that could mislead an automated consumer."
VOICE_v8_rep2_r10_rating1,rubric10-semantic,VOICE,v8,2,1,primary,completeness,medium,variables_metadata,keywords,variables_metadata,1,"keywords contains only four broad terms (health, biomarkers, bridge2ai, voice). No clinical condition (Parkinson's disease, ALS, laryngeal cancer, depression), no modality or method term (spectrogram, MFCC, acoustic features, speech), and no data-type term appears, despite all of these being prominent in the description and phenotype inventory. Searchability is materially weaker than the rest of the record would support."
VOICE_v8_rep2_r10_rating1,rubric10-semantic,VOICE,v8,2,1,primary,completeness,low,license_use_terms,license,license_use_terms|format_access,2,"The dedicated download_url slot is unpopulated. Platform access is nonetheless locatable: distribution_formats.access_urls give https://physionet.org/content/b2ai-voice/3.1.0/ for both formats, raw_sources.access_url gives the Synapse controlled-access location, and license_and_use_terms states the credentialing steps."
VOICE_v8_rep2_r10_rating1,rubric10-semantic,VOICE,v8,2,1,primary,completeness,low,consent_ethics,at_risk,consent_ethics,1,"at_risk_populations is not used; the vulnerable-population content lives in human_subject_research.special_populations (neurological/neurodegenerative cohorts including mild cognitive impairment, Alzheimer's, ALS, Parkinson's; mood and psychiatric cohorts including depression, bipolar, PTSD). The information is present and specific, but in a non-canonical slot."
VOICE_v8_rep2_r10_rating1,rubric10-semantic,VOICE,v8,2,1,primary,consistency,low,source_conflict,contradict,source_conflict,1,"content_warnings.content_warnings_present is false while a warnings entry is supplied. The record explains the pairing (the warning describes free-speech transcripts removed at 1.1 and excluded from the feature-only 3.0.0/3.1.0 releases), so the semantics are recoverable, but the boolean and the populated list read as contradictory to a consumer that reads only the flag."
VOICE_v8_rep2_r10_rating1,rubric10-semantic,VOICE,v8,2,1,primary,content_accuracy,low,source_conflict,tension,source_conflict|privacy_regulatory|format_access,3,"confidential_elements_present is false while sensitive_elements_present is true, access is credentialed/restricted, a Certificate of Confidentiality applies, and the Data Transfer and Use Agreement characterizes the data as personally identifiable information under OMB M-07-16. The record flags the tension in source_caveats and scopes the false answer to the feature-only release, which makes the position defensible but not self-evidently coherent."
VOICE_v8_rep2_r10_rating1,rubric10-semantic,VOICE,v8,2,1,primary,consistency,low,source_conflict,conflict,source_conflict|temporal_version|privacy_regulatory,3,"sensitive_elements carries an acknowledged internal conflict: the healthsheet inventory lists race, sexual orientation, socioeconomic and health information as present, while the version 3.0.0 de-identification account states that all REDCap-flagged sensitive fields and highly sensitive non-identifying elements (household income, mental health status, traumatic life experiences) were removed. The record reports both rather than resolving which holds for 3.1.0."
VOICE_v8_rep2_r10_rating1,rubric10-semantic,VOICE,v8,2,1,primary,completeness,low,bias_quality,demographic,bias_quality|variables_metadata,2,"variables enumerates only four elements (participant_id, session_id, task_name, n_frames) for a release whose phenotype directory holds dozens of tables across confounders, demographics, eighteen diagnosis tables, enrollment and thirteen questionnaires. The record compensates by documenting that every table ships a companion JSON data dictionary carrying description, question text and data type."
VOICE_v8_rep2_r10_rating1,rubric10-semantic,VOICE,v8,2,1,primary,completeness,low,processing_provenance,conversion,processing_provenance|variables_metadata,2,"conforms_to is deliberately omitted, with source_caveats explaining that the BIDS 1.9.0 conversion describes the audio dataset's folder layout rather than this feature-only release. The omission is honest, but it leaves no data-level community-standard conformance assertion for the released artifact; ICD-10 appears only as a labeling protocol and conforms_to_schema describes the datasheet, not the data."
VOICE_v8_rep2_r10_rating1,rubric10-semantic,VOICE,v8,2,1,primary,semantic_understanding,low,persistent_identifier,"rrid carried in the citation string (rrid:scr_007345) is the resource identifier of physionet, the hosting platform",persistent_identifier|format_access|attribution,3,"The RRID carried in the citation string (RRID:SCR_007345) is the resource identifier of PhysioNet, the hosting platform, not of the Bridge2AI-Voice dataset. The format is valid and the usage follows PhysioNet's own citation convention, but the identifier does not uniquely identify this dataset."
VOICE_v8_rep2_r10_rating1,rubric10-semantic,VOICE,v8,2,1,primary,completeness,low,temporal_version,timeframe,temporal_version,1,"collection_timeframes supplies no start or end dates. The twelve-month figure is caveated as drawn from documentation written against versions 2.0.0/3.0.0, and the record itself observes that the cohort accumulated across releases from 306 to 833 participants, so the stated span probably does not describe the assembly of the released cohort."
VOICE_v8_rep2_r20_rating1,rubric20-semantic,VOICE,v8,2,1,primary,consistency,medium,temporal_version,version_access,temporal_version|variables_metadata,2,"version_access.latest_version_doi is 'doi:10.13026/37yb-1t42', but related_datasets identifies that same DOI as the concept DOI ('is_version_of ... resolving to the latest version'), while the DOI of the latest version (3.1.0) is 10.13026/8xbn-nq66. The field named 'latest_version_doi' therefore holds a concept identifier rather than the latest version identifier, and a machine consumer resolving it would not obtain 3.1.0 deterministically."
VOICE_v8_rep2_r20_rating1,rubric20-semantic,VOICE,v8,2,1,primary,consistency,medium,privacy_regulatory,deidentif,privacy_regulatory,1,"is_deidentified.identifiable_elements_present is false and the method claims HIPAA Safe Harbor, yet regulatory_restrictions.other_compliance states the Data Transfer and Use Agreement 'records that the data are personally identifiable information as defined in OMB Memorandum M-07-16', and is_deidentified.deidentification_details concedes 'k-anonymization with k of at least two was not achieved'. A de-identified claim, a PII designation and a failed k-anonymity threshold cannot all hold without reconciliation."
VOICE_v8_rep2_r20_rating1,rubric20-semantic,VOICE,v8,2,1,primary,consistency,medium,temporal_version,version,temporal_version|privacy_regulatory,2,"sensitive_elements_present is true and lists race, ethnic origin, sexual orientation and socioeconomic information as present, while the same entry's source_caveats and is_deidentified.deidentification_details state that all fields encoded as sensitive in the REDCap dictionary, including household income and mental health status, were removed at version 3.0.0. subpopulations.identification then asserts that socioeconomic status and sexual orientation are recorded. The three statements describe different release contents."
VOICE_v8_rep2_r20_rating1,rubric20-semantic,VOICE,v8,2,1,primary,completeness,medium,variables_metadata,keywords,variables_metadata,1,"Only four keywords are supplied (health, biomarkers, bridge2ai, voice). None of the disorder domains actually covered (voice disorders, neurological/neurodegenerative, mood/psychiatric, respiratory), nor 'speech', 'acoustics', 'machine learning', 'spectrogram' or any ICD-10/SNOMED condition CURIE, appear as keywords, despite the description and phenotype listing naming eighteen conditions."
VOICE_v8_rep2_r20_rating1,rubric20-semantic,VOICE,v8,2,1,primary,completeness,medium,count_size,total_size_bytes,count_size,1,"No byte sizes are given anywhere: total_size_bytes and file_collections.total_bytes are absent, and total_file_count is absent, although eleven feature files are individually named. Sizing must be inferred from record counts (29,278 to 32,522 per feature), which for dense Parquet tensors is a weak proxy."
VOICE_v8_rep2_r20_rating1,rubric20-semantic,VOICE,v8,2,1,primary,completeness,medium,privacy_regulatory,data_protection,privacy_regulatory,1,"No data_protection_impacts entry is present. Storage controls, transmission security, the Certificate of Confidentiality and re-identification risk are documented, but no formal DPIA or equivalent impact assessment is recorded, which the Q8 top band requires."
VOICE_v8_rep2_r20_rating1,rubric20-semantic,VOICE,v8,2,1,primary,content_accuracy,medium,consent_ethics,irb,consent_ethics|privacy_regulatory|bias_quality|attribution,4,"Collection took place in the United States and Canada (direct_collection, known_biases.representation_bias, and Canadian affiliations including Mount Sinai Hospital, Hospital for Sick Children, University of Toronto, Simon Fraser University), but the compliance frame is exclusively United States: HIPAA, a Certificate of Confidentiality, the Single IRB process and OMB M-07-16. No Canadian instrument (PIPEDA, provincial health privacy law, TCPS 2, REB approval for the adult Canadian sites) is cited for the adult cohort."
VOICE_v8_rep2_r20_rating1,rubric20-semantic,VOICE,v8,2,1,primary,consistency,low,source_conflict,disagree,source_conflict,1,"content_warnings_present is false, yet the same entry populates a substantive warning about potentially offensive free-speech transcription. The explanation (that the warning describes an earlier release) is given, but the boolean and the populated warning body disagree on their face."
VOICE_v8_rep2_r20_rating1,rubric20-semantic,VOICE,v8,2,1,primary,consistency,low,source_conflict,tension,source_conflict|scope_drift|privacy_regulatory,3,"confidential_elements_present is false, while the dataset is under a Certificate of Confidentiality, is classified confidentiality_level: restricted, carries clinician-established diagnoses, and its raw audio is withheld for re-identification potential. The record flags the tension but leaves the boolean as sourced from the healthsheet."
VOICE_v8_rep2_r20_rating1,rubric20-semantic,VOICE,v8,2,1,primary,consistency,low,source_conflict,unresolved,source_conflict|processing_provenance,2,"cleaning_strategies documents an audit and quality-control protocol while its own source_caveats records that the healthsheet answers 'No' to whether any cleaning preprocessing was performed. Transparently reported, but an unresolved contradiction between two project sources."
VOICE_v8_rep2_r20_rating1,rubric20-semantic,VOICE,v8,2,1,primary,completeness,low,temporal_version,timeframe,temporal_version,1,"collection_timeframes gives only an undated 'twelve months' drawn from documentation written against earlier releases, with no start or end date for a cohort the record says accumulated from 306 participants at v1.0 to 833 at v3.0.0. Temporal ordering of releases is otherwise clean (2025-01-17 through 2026-05-01, matching version_access)."
VOICE_v8_rep2_r20_rating1,rubric20-semantic,VOICE,v8,2,1,primary,correctness,low,persistent_identifier,"rrid:scr_007345, which is the rrid of the physionet platform",persistent_identifier|format_access|attribution,3,"The citation embeds RRID:SCR_007345, which is the RRID of the PhysioNet platform, not of this dataset. Format is valid (RRID:SCR_ pattern) but the identifier denotes the host, so a consumer parsing it as a dataset RRID would mis-attribute."
VOICE_v8_rep2_r20_rating1,rubric20-semantic,VOICE,v8,2,1,primary,semantic_understanding,low,scope_drift,distributed data,scope_drift|processing_provenance|variables_metadata,3,"conforms_to_schema points at the datasheet metamodel (https://w3id.org/bridge2ai/data-sheets-schema), not at any schema the distributed data files conform to; conforms_to is deliberately omitted because the BIDS 1.9.0 conversion applies to the audio dataset rather than to this feature-only release. Data-level schema conformance is therefore undeclared, and is instead carried informally by the per-file JSON data dictionaries."
VOICE_v8_rep2_r20_rating1,rubric20-semantic,VOICE,v8,2,1,primary,semantic_understanding,low,source_conflict,tension,source_conflict|processing_provenance|format_access,3,"extension_mechanism.contribution_url resolves to the b2aiprep code repository, which accepts preprocessing pull requests rather than data contributions; the described mechanism for derivative datasets (publishing on the hosting platform) has no URL."
VOICE_v8_rep2_r20_rating1,rubric20-semantic,VOICE,v8,2,1,primary,completeness,low,bias_quality,representation,bias_quality|processing_provenance,2,"known_biases supplies mitigation_strategy for selection_bias and representation_bias only; measurement_bias (site/device confounding) and annotation_bias (single labeler, varying diagnostic practice) are described without mitigation or residual-risk guidance, and no AIO/CROISSANT identifiers are attached to the bias types. No quantitative subgroup or fairness analysis accompanies the narrative."
VOICE_v8_rep3_r10_rating1,rubric10-semantic,VOICE,v8,3,1,primary,completeness,medium,variables_metadata,keywords,variables_metadata,1,"Only four keywords are supplied (health, biomarkers, bridge2ai, voice), below the five-keyword threshold, and all four are generic. None names a disease cohort (Parkinson's, ALS, dysphonia, COPD, depression), a modality term (speech, cough, breath, spectrogram, MFCC), a method term (machine learning, acoustic features, audiomics) or the hosting platform. A dataset spanning four clinical cohorts is under-indexed for discovery by exactly the terms a searcher would use."
VOICE_v8_rep3_r10_rating1,rubric10-semantic,VOICE,v8,3,1,primary,consistency,medium,privacy_regulatory,data_protection,privacy_regulatory,1,"No data_protection_impacts entry is present although the release carries health, mental-health, race, ethnicity and sexual-orientation derived data and the record itself assesses residual re-identification risk. The absence is disclosed rather than silent: source_caveats states 'the project documentation states that no analysis of the potential impact of the dataset and its use on data subjects has been conducted'. The disclosure is good practice, but the DPIA limb of Element 4 sub-element 1 remains substantively unmet."
VOICE_v8_rep3_r10_rating1,rubric10-semantic,VOICE,v8,3,1,primary,consistency,medium,scope_drift,this release,scope_drift|variables_metadata,2,"conforms_to is deliberately not asserted for this release, so no community data standard is claimed for the distributed features and phenotype tables. source_caveats explains that BIDS 1.9.0 conformance belongs to the controlled-access raw audio distribution rather than to the PhysioNet featurized release, and records the BIDS fact against related_datasets instead. conforms_to_schema is populated but points at the datasheet's own metadata schema (w3id.org/bridge2ai/data-sheets-schema), which does not help a consumer harmonize the data."
VOICE_v8_rep3_r10_rating1,rubric10-semantic,VOICE,v8,3,1,primary,completeness,medium,variables_metadata,variables,variables_metadata,1,"The variables list contains four entries (participant_id, session_id, task_name, n_frames) against a release holding hundreds of phenotype columns across 18 diagnosis tables and 13 questionnaire instruments, plus per-feature columns in static_features.tsv. The four documented variables are the cross-file join keys and are documented well, and file_collections states that every table is paired with a JSON data dictionary giving per-column descriptions, question text and data type, so the mechanism for full coverage is disclosed; the datasheet itself nevertheless exposes almost none of it."
VOICE_v8_rep3_r10_rating1,rubric10-semantic,VOICE,v8,3,1,primary,completeness,low,consent_ethics,conflict-of-interest,consent_ethics|attribution,2,"No conflict-of-interest statement appears anywhere in the record, although Element 9 sub-element 5 asks for one alongside ethical review. The consortium spans fifteen named lead investigators across twelve institutions and an NIH award, which is the circumstance in which such a statement is normally expected."
VOICE_v8_rep3_r10_rating1,rubric10-semantic,VOICE,v8,3,1,primary,content_accuracy,low,source_conflict,unresolved,source_conflict|consent_ethics,2,"at_risk_populations declines to determine whether the neurological cohort (which includes mild cognitive impairment, Alzheimer's disease and other dementias, where capacity to consent may be impaired) or the mood and psychiatric cohort are at-risk groups, recording in source_caveats that 'the bundle makes no statement ... so no determination is recorded here'. The IRB protocol is reported as identifying only children under that heading. Declining to infer beyond the source is methodologically correct for the datasheet, but it leaves an unresolved protection question for cohorts the dataset demonstrably contains."
VOICE_v8_rep3_r10_rating1,rubric10-semantic,VOICE,v8,3,1,primary,completeness,low,format_access,download_url,format_access|variables_metadata,2,"Three declared schema slots that the rubric names as evidence paths are unpopulated, with the substance carried elsewhere: download_url is empty (access URLs appear under distribution_formats.access_urls and data_governance.access_review_process); is_tabular is absent although the phenotype and static-feature tables are plainly tabular; character encoding is not stated for any distributed file."
VOICE_v8_rep3_r10_rating1,rubric10-semantic,VOICE,v8,3,1,primary,semantic_understanding,low,variables_metadata,ontology,variables_metadata,1,"Ontology references are given as bare CURIEs without labels or resolvable prefixes: instances carry data_topic: B2AI_TOPIC:36 and data_substrate: B2AI_SUBSTRATE:69. A reader cannot determine what topic or substrate is meant from the datasheet alone, even though the same concepts are described richly in prose elsewhere in the record."
VOICE_v8_rep3_r10_rating1,rubric10-semantic,VOICE,v8,3,1,primary,consistency,low,source_conflict,conflict,source_conflict|count_size|temporal_version|attribution,4,"Several genuine source conflicts exist but are surfaced and adjudicated rather than concealed, which is the correct handling and is recorded here as a positive consistency finding rather than a defect: award identifiers differ across sources (PhysioNet 3OT2OD032720-01S1, RePORTER 3OT2OD032720-01S3, publication 1OT2OD032720-01, and a garbled documentation footer), with the stable core project number OT2OD032720 identified; the healthsheet answer 'No, they are unrelated' on instance relationships is recorded beside the release notes describing repeated sessions per participant; and the ~61,937 recording figure for version 3.0 is set beside the 28,640-32,522 per-feature counts for 3.1.0 with no false reconciliation attempted."
VOICE_v8_rep3_r10_rating1,rubric10-semantic,VOICE,v8,3,1,primary,completeness,low,count_size,no counts,count_size|bias_quality,2,"Subpopulation characterization is qualitative only. subpopulations.identification names the dimensions collected (age, gender, sex, ethnicity, socioeconomic status) and distribution describes the skew and its causes, but no counts or percentages are given for any demographic stratum, nor per-cohort participant counts against the 833 total. A user assessing fitness for a fairness study cannot size any subgroup from the datasheet."
VOICE_v8_rep3_r10_rating1,rubric10-semantic,VOICE,v8,3,1,primary,semantic_understanding,low,source_conflict,contradict,source_conflict|temporal_version,2,"version_access.latest_version_doi is doi:10.13026/37yb-1t42, which differs from this record's doi of 10.13026/8xbn-nq66. This is not an error: version_details explains that 10.13026/37yb-1t42 is the resolver DOI for the latest version while 10.13026/8xbn-nq66 pins version 3.1.0. The field name alone could nonetheless be read as contradicting the record's own identifier."
VOICE_v8_rep3_r20_rating1,rubric20-semantic,VOICE,v8,3,1,primary,consistency,medium,source_conflict,reconciled,source_conflict|temporal_version,2,"Temporal inconsistency in the collection window: collection_timeframes states only 'the data was collected over a period of twelve months', yet distribution_dates and version_access record an accumulation of participants across releases from November 2024 (v1.0 on Health Data Nexus) through 2026-05-01 (v3.1.0, +391 participants in v3.0.0 alone), which cannot be reconciled with a single twelve-month window for the 833 released participants. The record itself flags the conflict in source_caveats but records no absolute start/end date."
VOICE_v8_rep3_r20_rating1,rubric20-semantic,VOICE,v8,3,1,primary,consistency,medium,privacy_regulatory,confidential,privacy_regulatory,1,"Confidentiality/identifiability statements pull in two directions: confidential_elements_present is false and is_deidentified.identifiable_elements_present is false, while regulatory_restrictions.other_compliance asserts 'The data is Personally Identifiable Information as defined in OMB Memorandum M-07-16' and that a Certificate of Confidentiality applies. The record partly reconciles this via source_caveats (the CoC and DTUA language attach to the underlying/raw collection), but the PII assertion is stated unqualified against the released featurized data."
VOICE_v8_rep3_r20_rating1,rubric20-semantic,VOICE,v8,3,1,primary,consistency,low,source_conflict,unresolved,source_conflict|variables_metadata,2,"Unresolved contradiction about inter-instance relationships carried from two sources: relationships.source_caveats records the healthsheet answer 'No, they are unrelated' alongside the PhysioNet description of repeated sessions nested within participants. Both statements are retained without adjudication, so a downstream user cannot tell whether participant-level grouping must be respected in splits."
VOICE_v8_rep3_r20_rating1,rubric20-semantic,VOICE,v8,3,1,primary,completeness,medium,consent_ethics,ethic,consent_ethics|privacy_regulatory,2,"No data_protection_impacts entry exists. The record discloses the reason ('the project documentation states that no analysis of the potential impact of the dataset and its use on data subjects has been conducted'), so this is a documented negative rather than a silent omission, but the formal DPIA component of the ethics band is unmet."
VOICE_v8_rep3_r20_rating1,rubric20-semantic,VOICE,v8,3,1,primary,completeness,medium,variables_metadata,keywords,variables_metadata,1,"Only four keywords are supplied ('health', 'biomarkers', 'bridge2ai', 'voice') for a dataset whose subsets and phenotype tables enumerate more than forty distinct diagnoses across four disease cohorts. Discoverability is materially below what the content supports."
VOICE_v8_rep3_r20_rating1,rubric20-semantic,VOICE,v8,3,1,primary,completeness,low,count_size,total_size_bytes,count_size,1,No byte-level size metadata anywhere: total_size_bytes and file_collections.total_bytes are absent despite exhaustive per-file enumeration with per-feature record counts and tensor dimensions.
VOICE_v8_rep3_r20_rating1,rubric20-semantic,VOICE,v8,3,1,primary,completeness,low,other,,,0,Top-level resources and parent_datasets are unpopulated. File-level resources are nested inside file_collections and the upstream raw-audio collection is expressed as a related_datasets 'derives_from' entry rather than a parent dataset linkage.
VOICE_v8_rep3_r20_rating1,rubric20-semantic,VOICE,v8,3,1,primary,semantic_understanding,low,scope_drift,this release,scope_drift|variables_metadata,2,"No data-level standard conformance is asserted for this release: conforms_to_schema points to the datasheet schema (w3id.org/bridge2ai/data-sheets-schema), not to a standard the released tables follow, and source_caveats deliberately withholds the BIDS claim because BIDS applies to the raw audio distribution. FHIR profiles are listed as a consortium output, not as a standard applied to the released phenotype tables."
VOICE_v8_rep3_r20_rating1,rubric20-semantic,VOICE,v8,3,1,primary,correctness,low,persistent_identifier,rrid:scr_007345 appears only inside the citation string and is the resource identifier for the physionet platform,persistent_identifier|attribution,2,"RRID:SCR_007345 appears only inside the citation string and is the resource identifier for the PhysioNet platform, not for this dataset. It is well-formed (RRID:SCR_ pattern) but semantically identifies the host rather than the resource being cited."
VOICE_v8_rep3_r20_rating1,rubric20-semantic,VOICE,v8,3,1,primary,content_accuracy,low,source_conflict,conflict,source_conflict|attribution,2,"Award identifiers conflict across sources (3OT2OD032720-01S1 per PhysioNet, 3OT2OD032720-01S3 per RePORTER, 1OT2OD032720-01 in the feasibility publication, and a garbled '3Tf-OTOD03272001S2' in project documentation). All quoted forms except the garbled one are valid NIH patterns, and the record discloses the conflict rather than silently picking one, but the dataset's funding source remains ambiguous."
VOICE_v8_rep3_r20_rating1,rubric20-semantic,VOICE,v8,3,1,primary,content_accuracy,low,source_conflict,not reconciled,source_conflict|count_size|temporal_version,3,"Reported instance counts are not reconciled: 833 participants, per-feature record counts of 28,640-32,522, and a documentation figure of ~61,937 voice-derived recordings for version 3.0. The record states no reconciliation is attempted."
AI_READI_v7_rep1_r10_rating2,rubric10-semantic,AI_READI,v7,1,2,repeatability,consistency,medium,source_conflict,contradict,source_conflict|privacy_regulatory,2,"The deidentification characterization is internally contradictory. is_deidentified.method records the de-identification type as 'NoDeIdentification' with the explanation that 'no identifiers were collected, so no active de-identification was necessary', while participant_privacy.anonymization_method states that PHI 'was removed from the public release via the Safe Harbor method' and is_deidentified.identifiers_removed lists PHI, sex, race/ethnicity and medications as removed and held under controlled access. Removal via Safe Harbor and 'no de-identification was necessary because no identifiers were collected' cannot both describe the same release."
AI_READI_v7_rep1_r10_rating2,rubric10-semantic,AI_READI,v7,1,2,repeatability,completeness,medium,scope_drift,distributed files,scope_drift|temporal_version|bias_quality|processing_provenance|attribution,5,"No software is named for the pipeline that produced the distributed files. preprocessing_strategies describes .fda to DICOM, .sdt to DICOM, .FIT to Open mHealth, .xml to WFDB conversions and OMOP CDM mapping, and characterizes version 2.0.0/3.0.0 processing as 'a combination of automated and custom processing', but no converter, mapper or pipeline is named. The named software in the record occupies non-producing roles: REDCap and the MoCA Duo application are data capture (role a), FAIRhub is hosting (role b), and the OMOP CDM Data Quality Dashboard validates the released tables (role d). The GitHub organization link is an account root identifying the publisher, not a named tool."
AI_READI_v7_rep1_r10_rating2,rubric10-semantic,AI_READI,v7,1,2,repeatability,correctness,low,license_use_terms,licence,license_use_terms|privacy_regulatory,2,"regulatory_restrictions.confidentiality_level is recorded as 'restricted', a value the record itself states no source asserts: the RO-Crate gives 'HL7:2N (normal)' and FAIRhub gives accessType 'PublicDownloadSelfAttestationRequired'. 'restricted' overstates the barrier relative to a publicly downloadable release gated only by identity verification, a use attestation and licence acceptance."
AI_READI_v7_rep1_r10_rating2,rubric10-semantic,AI_READI,v7,1,2,repeatability,content_accuracy,low,privacy_regulatory,privacy,privacy_regulatory,1,"participant_privacy.reidentification_risk assesses a theoretical future re-identification risk driven by AI inference over multimodal data, yet notes records that no data protection impact analysis has been conducted and there is no data_protection_impacts block. HIPAA Safe Harbor addresses tabular identifiers and does not speak to the re-identification surface of high-dimensional retinal DICOM, ten-day CGM traces and wearable activity streams, which are the bulk of the 3.82 TB release."
AI_READI_v7_rep1_r10_rating2,rubric10-semantic,AI_READI,v7,1,2,repeatability,completeness,low,format_access,download_url,format_access,1,"The dedicated download_url slot is unpopulated. The access route (https://fairhub.io/datasets/3/access) and the three-step access procedure appear only in data_governance.access_review_process prose, and the landing page appears in page."
AI_READI_v7_rep1_r10_rating2,rubric10-semantic,AI_READI,v7,1,2,repeatability,completeness,low,consent_ethics,irb,consent_ethics|attribution,2,"data_governance.committee_contact is absent. A governance committee is named (AI-READI Consortium) and an accountable organization given, but the only contact addresses in the record are maintainers (contact@aireadi.org, https://aireadi.org/contact) and the IRB reliance team (hsdrely@uw.edu), neither of which is presented as the governance committee contact."
AI_READI_v7_rep1_r10_rating2,rubric10-semantic,AI_READI,v7,1,2,repeatability,completeness,low,license_use_terms,licence,license_use_terms|source_conflict|privacy_regulatory|bias_quality|variables_metadata,5,"No future_use_impacts block exists. Anticipated downstream social impact reasoning is present but distributed: removal of race and sex 'to prevent stigmatization of findings', the recommended splits 'aimed at reducing disparities in models developed using the dataset', watermarking and licence terms to deter re-identification, and the Community Advisory Board review. Conflicts of interest are not addressed anywhere."
AI_READI_v7_rep1_r10_rating2,rubric10-semantic,AI_READI,v7,1,2,repeatability,semantic_understanding,low,license_use_terms,licence,license_use_terms|source_conflict|consent_ethics|bias_quality|attribution,5,"Three substantive source conflicts remain unresolved rather than adjudicated: the accountable institution (Washington University in St. Louis per FAIRhub and the licence, versus University of Washington per the RO-Crate, the IRB and NIH RePORTER), the longitudinal follow-up arm (approximately 4% per the healthsheet versus 10% per the README, RO-Crate and RePORTER), and the sampling characterization ('contains all possible instances' versus 'Non-Probability Sample' within the same FAIRhub record). The record discloses each conflict explicitly in source_caveats, which is good documentation practice, but a reuser cannot determine the correct value."
AI_READI_v7_rep1_r10_rating3,rubric10-semantic,AI_READI,v7,1,3,repeatability,consistency,medium,source_conflict,incompatible,source_conflict|privacy_regulatory|variables_metadata,3,"Two incompatible accounts of the same de-identification process. is_deidentified.method records the de-identification type as 'NoDeIdentification' with the explanation that 'no identifiers were collected, so no active de-identification was necessary', while participant_privacy.anonymization_method states that 'Protected Health Information as defined by the HIPAA Privacy Rule was removed from the public release via the Safe Harbor method'. Removal via Safe Harbor and 'no identifiers were collected, so no de-identification was necessary' cannot both describe the same release. is_deidentified.identifiers_removed then lists specific removed elements (PHI, sex, race/ethnicity, medications), which supports the removal account and contradicts the 'NoDeIdentification' label."
AI_READI_v7_rep1_r10_rating3,rubric10-semantic,AI_READI,v7,1,3,repeatability,completeness,medium,temporal_version,version,temporal_version|bias_quality|processing_provenance|format_access|attribution,5,"Element 8 sub-element 4 is unmet. Every released modality passed through a format transformation (.fda and .sdt converted to DICOM, .FIT converted to Open mHealth, .csv mapped to Open mHealth, .xml mapped to WFDB, REDCap exports mapped one-to-one onto OMOP CDM tables), and the processing regime is characterised only as 'custom and ad hoc handling for version 1.0.0' moving to 'a combination of automated and custom processing' for versions 2.0.0 and 3.0.0. No used_software is attached to preprocessing_strategies or cleaning_strategies and no converter, mapper or pipeline is named. The software that is named occupies non-qualifying roles: REDCap and the MoCA Duo application are capture instruments, FAIRhub is the hosting platform, and the OMOP CDM Data Quality Dashboard is a validation tool run against the released tables. The GitHub organisation link is an account root that identifies the publisher rather than naming a piece of software."
AI_READI_v7_rep1_r10_rating3,rubric10-semantic,AI_READI,v7,1,3,repeatability,completeness,low,license_use_terms,license,license_use_terms|format_access,2,"No download_url field is populated. The access route is recoverable only from data_governance.access_review_process prose, which names https://fairhub.io/datasets/3/access and the three access steps (verified-ID login, T2DM-research use attestation, license acceptance). The information is actionable but is not in the slot a harvester would read."
AI_READI_v7_rep1_r10_rating3,rubric10-semantic,AI_READI,v7,1,3,repeatability,completeness,low,consent_ethics,irb,consent_ethics|attribution,2,"data_governance.committee_contact is not populated. The governance committee is named ('AI-READI Consortium') and an accountable organization with a ROR is given, but no contact person or address is attached to the governance role. Contacts do appear elsewhere in the record (contact@aireadi.org via maintainers, hsdrely@uw.edu as the IRB reliance contact), so a reader can reach someone, but not the governance committee as such."
AI_READI_v7_rep1_r10_rating3,rubric10-semantic,AI_READI,v7,1,3,repeatability,content_accuracy,low,license_use_terms,license,license_use_terms|privacy_regulatory,2,"regulatory_restrictions.confidentiality_level is set to 'restricted', which the record's own source_caveats identify as its mapping rather than a source value: the RO-Crate gives 'HL7:2N (normal)' and the FAIRhub dataset description gives accessType 'PublicDownloadSelfAttestationRequired'. 'Restricted' is a defensible reading of self-attestation plus a restrictive license, but it is more severe than 'normal' and a consumer filtering on the enum will classify this public release alongside genuinely controlled data. The disclosure of the mapping is itself good practice and is why this is scored low rather than as a correctness failure."
AI_READI_v7_rep1_r10_rating3,rubric10-semantic,AI_READI,v7,1,3,repeatability,consistency,low,license_use_terms,license,license_use_terms|source_conflict|consent_ethics|attribution,4,"Unresolved source disagreements are carried rather than silently merged, but they do leave three facts indeterminate for a reader: the longitudinal follow-up arm is given as approximately 4% (FAIRhub healthsheet) and as 10% (FAIRhub README, RO-Crate, NIH RePORTER); the accountable institution is Washington University in St. Louis (FAIRhub, license Licensor) or the University of Washington (RO-Crate, NIH RePORTER awardee, IRB location); and enrolment start is 18 July 2023 (BMJ Open) or 19 July 2023 (FAIRhub). All three conflicts are between or within tier 1 sources, so the record's own ranking rule does not settle them."
AI_READI_v7_rep1_r10_rating3,rubric10-semantic,AI_READI,v7,1,3,repeatability,completeness,low,privacy_regulatory,data_protection,privacy_regulatory|bias_quality,2,"No data_protection_impacts and no future_use_impacts blocks. The record states explicitly in notes that 'no data protection impact analysis of the potential impact of the dataset and its use on data subjects has been conducted', which is honest negative documentation rather than an omission, but it means the re-identification risk assessment in participant_privacy stands without a formal DPIA behind it, and anticipated downstream social impacts are addressed only obliquely (stigmatization-motivated withholding of sex and race/ethnicity, community advisory board review)."
CHORUS_v7_rep1_r10_rating2,rubric10-semantic,CHORUS,v7,1,2,repeatability,consistency,high,consent_ethics,human_subject,consent_ethics,1,"human_subject_research.involves_human_subjects is true for a cohort of 50,000 critically ill hospital admissions, but no IRB, ethics committee, reviewing body, or approval identifier is named anywhere. The two ethical_reviews entries give 'CHoRUS consortium' as reviewing_organization and describe community ethics focus groups and an 'Ethics (Ethical and Trustworthy AI)' pillar; both carry source_caveats stating that no body performed a formal ethical review of the dataset. The prescribed check (involves_human_subjects=True implies IRB approval documented) fails."
CHORUS_v7_rep1_r10_rating2,rubric10-semantic,CHORUS,v7,1,2,repeatability,consistency,high,consent_ethics,human_subject,consent_ethics,1,"involves_human_subjects is true but there is no informed_consent field at all, and no waiver of consent is documented. direct_collection.is_direct is false ('extracted from hospital clinical systems ... rather than gathered directly from patients for research purposes'), which typically implies a waiver of consent or an authorization exception, yet neither is stated. A reuser cannot determine the consent basis on which the data were assembled."
CHORUS_v7_rep1_r10_rating2,rubric10-semantic,CHORUS,v7,1,2,repeatability,correctness,high,persistent_identifier,no doi,persistent_identifier|temporal_version|format_access|attribution,4,"No DOI is present and the only identifier, id: 'https://chorus4ai.org/#dataset', is a fragment anchor on the project homepage. It is syntactically a URI but carries no persistence guarantee, is not registered with any resolver, and will not survive a site reorganization. The record's own source_caveats confirm: 'The bundle gives no release date, DOI, version identifier, or recommended citation for the dataset'."
CHORUS_v7_rep1_r10_rating2,rubric10-semantic,CHORUS,v7,1,2,repeatability,consistency,medium,scope_drift,in process,scope_drift|temporal_version|privacy_regulatory|attribution,4,"The dataset is shared to external users (third_party_sharing.is_shared true; access granted to up to 30 AIM-AHEAD trainees) and its status is 'partially released' with an acknowledged expansion trajectory, yet there is no version field and no version_access. Users given access in different months will hold materially different data (imaging de-identification and EEG extraction were in process as of August 2025) with no identifier distinguishing what they received, which defeats reproducible citation."
CHORUS_v7_rep1_r10_rating2,rubric10-semantic,CHORUS,v7,1,2,repeatability,content_accuracy,medium,privacy_regulatory,deidentif,privacy_regulatory|processing_provenance|variables_metadata,3,"is_deidentified.method describes concrete, modality-appropriate procedures (OHNLP tokenization, local retention of notes, imaging de-identification, transformations limiting re-identification) but names no recognized de-identification standard, and its source_caveats state the bundle 'does not state whether identifiable elements remain present in the released dataset'. For US hospital EHR, imaging and waveform data, regulatory_restrictions.hipaa_compliant is unset and no Safe Harbor or Expert Determination basis is claimed, so the regulatory status of the released data is indeterminate."
CHORUS_v7_rep1_r10_rating2,rubric10-semantic,CHORUS,v7,1,2,repeatability,semantic_understanding,medium,consent_ethics,ethic,consent_ethics|privacy_regulatory|processing_provenance,3,"participant_privacy.reidentification_risk does not assess risk; it restates mitigation ('The project transforms data using approaches that limit re-identification, and patient-focused ethics and legal work determines the approaches used to manage privacy'). No risk level, no residual-risk statement, and no consideration of the specific re-identification vectors this dataset carries (high-frequency waveforms, geocoded distance-to-hospital, rare NICU/PICU case mix at named academic centers)."
CHORUS_v7_rep1_r10_rating2,rubric10-semantic,CHORUS,v7,1,2,repeatability,consistency,medium,consent_ethics,vulnerable,consent_ethics,1,"Vulnerable populations are clearly identified in human_subject_research.special_populations ('pediatric intensive care (PICU) and neonatal intensive care (NICU) patients', acutely and critically ill patients), but no at_risk_populations entry describes protections specific to those groups, and participant_compensation is absent with no statement that compensation is inapplicable to retrospective extraction. Identification without safeguards leaves the strongest protection claim in the record unsupported."
CHORUS_v7_rep1_r10_rating2,rubric10-semantic,CHORUS,v7,1,2,repeatability,completeness,medium,source_conflict,tension,source_conflict|variables_metadata,2,"There is no variables field. For a dataset of 1.6 billion OMOP rows plus flowsheet extensions, note tokens, waveforms and EEG, no variable-level metadata, data dictionary, or column identifiers are provided. Reliance on the OMOP CDM covers the standard tables but not the documented schema extensions for high-frequency nursing flowsheets, which are by definition non-standard."
CHORUS_v7_rep1_r10_rating2,rubric10-semantic,CHORUS,v7,1,2,repeatability,completeness,medium,count_size,scale,count_size|bias_quality,2,"No anomalies and no missing_data_documentation, and sampling_strategies contains two statements of intent rather than a protocol: 'Sampling at scale across data contributing centers...' and the future-tense 'Federated access will enable sampling methods to ensure a balanced and diverse cohort'. For multi-site EHR data with acknowledged uneven modality coverage, missingness patterns are a first-order quality concern and are not characterized."
CHORUS_v7_rep1_r10_rating2,rubric10-semantic,CHORUS,v7,1,2,repeatability,content_accuracy,low,source_conflict,two sources,source_conflict|count_size,2,"Two sources disagree on dataset scale and the record discloses the conflict rather than resolving it: 50,000 admissions (tier-2 website) versus 'over 45K unique admissions' as of August 2025 (tier-4 webinar), and 7,642 admissions with radiology data versus 1000 images available. The record correctly notes the imaging figures use different units. The disclosure is good practice; the residual effect is that the released scale remains ambiguous to a planner."
CHORUS_v7_rep1_r10_rating2,rubric10-semantic,CHORUS,v7,1,2,repeatability,content_accuracy,low,temporal_version,timeframe,temporal_version|attribution,2,"collection_timeframes reports the NIH award period 2022-09-01 to 2026-11-30 as the collection timeframe. The record's own source_caveats correctly identify this as a temporal mismatch: 'the admissions almost certainly predate the award, and the bundle does not state the temporal coverage of the clinical data'. Temporal ordering is therefore unverifiable, and a user cannot tell which care era the admissions reflect."
CHORUS_v7_rep1_r10_rating2,rubric10-semantic,CHORUS,v7,1,2,repeatability,semantic_understanding,low,variables_metadata,conforms_to,variables_metadata,1,"conforms_to_standard collapses three distinct standards (EDF+, Persyst, OHNLP open source schema) into a single OTHER term, and the WFDB entry stands for what the source describes as an extended rather than plain WFDB schema. The prose conforms_to field carries the full detail, so the loss is confined to the machine-readable enum; the record discloses it."
CHORUS_v7_rep1_r10_rating2,rubric10-semantic,CHORUS,v7,1,2,repeatability,correctness,low,format_access,uri,format_access|attribution,2,"One external_resources entry, 'www.bridge2ai.org/chorus', lacks a URI scheme and is therefore not a dereferenceable URL. Separately, the maintainer contact address is given as 'cmccrary@mgh.havard.edu', with a misspelled domain. Both are reproduced faithfully from the source and flagged as such by the record, which is the correct transcription choice, but both are unusable as written."
CHORUS_v7_rep1_r10_rating2,rubric10-semantic,CHORUS,v7,1,2,repeatability,completeness,medium,attribution,publisher,attribution,1,"No publisher field and no recognized repository. The data sit in an unnamed 'cloud enclave' and the 'Bridge2AI AI/ML for Clinical Care Collaborative Cloud' is mentioned only in intended_uses and existing_uses prose. Combined with the absent DOI and citation, the dataset has no persistent platform identity in the wider ecosystem."
CHORUS_v7_rep1_r10_rating2,rubric10-semantic,CHORUS,v7,1,2,repeatability,consistency,low,license_use_terms,prohibited_uses,license_use_terms|privacy_regulatory,2,"There are no prohibited_uses or discouraged_uses. For a controlled-access dataset of identifiable-origin clinical records, the absence of an explicit prohibition on re-identification attempts and on redistribution is a notable asymmetry against the strong access controls documented elsewhere; the licensing agreement presumably contains such terms but its contents are not summarized."
CHORUS_v7_rep1_r10_rating3,rubric10-semantic,CHORUS,v7,1,3,repeatability,consistency,high,consent_ethics,human_subject,consent_ethics,1,"human_subject_research.involves_human_subjects is true and the cohort includes PICU and NICU patients, but no IRB, ethics committee, approval identifier, or waiver determination is documented. ethical_reviews names only the consortium itself as 'reviewing_organization' and its own source_caveats state that 'the bundle names no IRB, ethics committee, or approval identifier, and does not state that any body performed a formal ethical review of the dataset.'"
CHORUS_v7_rep1_r10_rating3,rubric10-semantic,CHORUS,v7,1,3,repeatability,consistency,high,consent_ethics,human_subject,consent_ethics,1,"involves_human_subjects is true but informed_consent is entirely absent. For a retrospective EHR/PACS/telemetry extraction a consent waiver is the expected disposition, yet neither consent procedures nor a waiver is recorded, leaving the consent basis for 50,000 admissions undocumented."
CHORUS_v7_rep1_r10_rating3,rubric10-semantic,CHORUS,v7,1,3,repeatability,consistency,high,scope_drift,in process,scope_drift|temporal_version|privacy_regulatory|variables_metadata,4,"status is 'partially released' and updates.update_details describes an actively growing dataset (50,000 admissions now, 100,000 anticipated; imaging de-identification and EEG extraction in process), yet no version, version_access, or errata are recorded. A growing controlled-access dataset with no version label cannot support reproducible analyses."
CHORUS_v7_rep1_r10_rating3,rubric10-semantic,CHORUS,v7,1,3,repeatability,consistency,medium,persistent_identifier,no doi,persistent_identifier|attribution,2,"The dataset is shared with external users under a signed licensing agreement (third_party_sharing.is_shared true; AIM-AHEAD trainees) but no DOI and no recommended citation exist, so reuse cannot be cited or cross-referenced. The record's own source_caveats confirm the gap."
CHORUS_v7_rep1_r10_rating3,rubric10-semantic,CHORUS,v7,1,3,repeatability,correctness,medium,persistent_identifier,only identifier,persistent_identifier|format_access,2,"The only identifier is id: https://chorus4ai.org/#dataset, a fragment anchor on the project homepage. It is a syntactically valid URI but carries no persistence guarantee, no resolver, and no registrar; doi and RRID are absent."
CHORUS_v7_rep1_r10_rating3,rubric10-semantic,CHORUS,v7,1,3,repeatability,content_accuracy,medium,scope_drift,in process,scope_drift|privacy_regulatory|variables_metadata,3,"Deidentification is described as activity (OHNLP tokenization, local note retention, image de-identification in process, 'approaches that limit re-identification') but no formal standard is named. For US hospital PHI the expected dispositions are HIPAA Safe Harbor or Expert Determination; neither is stated, and is_deidentified.source_caveats concede that whether identifiable elements remain is unrecorded."
CHORUS_v7_rep1_r10_rating3,rubric10-semantic,CHORUS,v7,1,3,repeatability,semantic_understanding,medium,consent_ethics,ethic,consent_ethics|privacy_regulatory|processing_provenance,3,"participant_privacy.reidentification_risk restates mitigation rather than assessing risk: 'The project transforms data using approaches that limit re-identification, and patient-focused ethics and legal work determines the approaches used to manage privacy.' No residual risk level, no quantification, no adversary model. data_protection_impacts is absent although confidentiality_level is 'restricted'."
CHORUS_v7_rep1_r10_rating3,rubric10-semantic,CHORUS,v7,1,3,repeatability,completeness,medium,source_conflict,tension,source_conflict|variables_metadata,2,"No variable-level metadata exists anywhere in the record (variables absent), despite 1.6 billion rows of OMOP data with documented schema extensions for nursing flowsheets. OMOP conformance defines the base tables, but the extensions and the waveform/EEG channel semantics are undocumented."
CHORUS_v7_rep1_r10_rating3,rubric10-semantic,CHORUS,v7,1,3,repeatability,completeness,medium,scope_drift,in process,scope_drift|bias_quality|processing_provenance,3,"Missing-data and anomaly documentation is absent (anomalies, missing_data_documentation, imputation_protocols all unpopulated) even though the record itself establishes severe modality sparsity: 7,642 of 50,000 admissions have radiology, EEG extraction is in process, and only note tokens are centralised."
CHORUS_v7_rep1_r10_rating3,rubric10-semantic,CHORUS,v7,1,3,repeatability,content_accuracy,low,source_conflict,two source tiers,source_conflict|count_size,2,"The two source tiers disagree on scale (50,000 vs 'over 45K' admissions; 7,642 admissions-with-radiology vs 1000 images). The record adjudicates the conflict transparently at source_caveats and on each affected instance, so the disagreement is disclosed rather than concealed; the imaging figures remain in incommensurable units."
CHORUS_v7_rep1_r10_rating3,rubric10-semantic,CHORUS,v7,1,3,repeatability,content_accuracy,low,variables_metadata,is_tabular,variables_metadata,1,is_tabular is false for a dataset whose largest component is 1.6 billion rows of OMOP tabular data. The flag is defensible at the multimodal dataset level but is semantically ambiguous where tabular and non-tabular modalities coexist.
CHORUS_v7_rep1_r10_rating3,rubric10-semantic,CHORUS,v7,1,3,repeatability,correctness,low,format_access,uri,format_access|attribution,2,"Two URI/address defects are carried through from the sources and flagged as such by the record: the external resource 'www.bridge2ai.org/chorus' lacks a URL scheme, and the maintainer contact domain reads 'mgh.havard.edu' (Harvard misspelt, and MGH's domain is mgh.harvard.edu). The record documents both as faithful transcriptions."
CHORUS_v7_rep1_r10_rating3,rubric10-semantic,CHORUS,v7,1,3,repeatability,completeness,low,temporal_version,timeframe,temporal_version|attribution,2,"collection_timeframes gives the NIH award period (2022-09-01 to 2026-11-30) rather than the clinical period the admissions are drawn from, and the record states so. Temporal coverage of the EHR data is therefore unknown, which affects drift and secular-trend analyses."
CHORUS_v7_rep1_r10_rating3,rubric10-semantic,CHORUS,v7,1,3,repeatability,completeness,low,other,,,0,"No related_datasets or parent_datasets with typed relationships are recorded, although the record describes a sequestered holdout set derived from the same cohort and situates CHoRUS among four Bridge2AI data generation projects."
CM4AI_v7_rep1_r10_rating2,rubric10-semantic,CM4AI,v7,1,2,repeatability,consistency,high,source_conflict,contradict,source_conflict|bias_quality|format_access,3,"The description states this Beta release 'includes Perturb-seq data for MDA-MB-468 breast cancer cells with and without treatment and for undifferentiated (parental) KOLF2.1J iPSCs', but no MDA-MB-468 Perturb-seq file appears among the ten file_collections entries, and external_resources marks 'Perturb-seq data in KOLF2.1J iPSCs (undifferentiated) and in MDA-MB-468 breast cancer cells' as 'Embargoed at the time of the June 2026 release'. known_limitations compounds the contradiction by describing 'Embargoed Perturb-seq data for KOLF2.1J iPSCs' as not yet available, while cm4ai_perturb-seq_KOLF2_cell_atlas.zip and cm4ai_perturb-seq_KOLF2_raw_sra.zip are listed as published 2026-06-17. A reader cannot determine which Perturb-seq data the release actually contains."
CM4AI_v7_rep1_r10_rating2,rubric10-semantic,CM4AI,v7,1,2,repeatability,completeness,high,scope_drift,actually distributed,scope_drift|processing_provenance|format_access,3,"No software is named for producing or transforming any file actually distributed in this release. The processed_data collections (cm4ai_mass-spec_KOLF2.zip, cm4ai_mass-spec_MDA-MB-468.zip, cm4ai_perturb-seq_KOLF2_cell_atlas.zip) must have passed through mass-spectrometry search/quantification and single-cell alignment/counting software, none of which is stated. The tooling that is documented occupies excluded roles: node2vec, DenseNet-121, HiDeF, GPT-4/GSAI and the Cell Mapping Toolkit constitute the MuSIC cell-map pipeline, whose outputs the record itself states are absent ('It does not contain predicted cell maps'; 'computed cell maps are not included'); FAIRSCAPE packages the release and generates its provenance metadata without transforming the data inside it; the 10x Genomics 3'HT kit and the pipetting robot are capture instrumentation."
CM4AI_v7_rep1_r10_rating2,rubric10-semantic,CM4AI,v7,1,2,repeatability,completeness,high,variables_metadata,variable-level,variables_metadata,1,"No variable-level metadata is provided anywhere in the record. The variables slot is absent, and no data dictionary, column description or field-level identifier is given for the SEC-MS elution profiles, AP-MS interaction records or the CRISPRi transcriptional/fitness phenotype matrices, so a reuser cannot know the internal structure of any distributed archive before downloading it."
CM4AI_v7_rep1_r10_rating2,rubric10-semantic,CM4AI,v7,1,2,repeatability,completeness,medium,format_access,format,format_access,1,"Distribution format information stops at the container. distribution_formats declares only 'ZIP Archive' (application/zip) and 'RO-Crate'; the formats of the files inside the archives are unstated (image format of the confocal images, mass-spectrometry format, sequence format), and no character encoding is given for any text or tabular payload. raw_data_sources supplies only the informal 'Confocal microscopy image with four color channels'."
CM4AI_v7_rep1_r10_rating2,rubric10-semantic,CM4AI,v7,1,2,repeatability,completeness,medium,bias_quality,anomal,bias_quality|processing_provenance,2,"Neither anomalies nor missing_data_documentation is populated. The record documents sampling design and scope limitations thoroughly, but no data-quality anomalies, outliers, failed runs, low-quality antibody stainings or missing-value patterns are reported, despite cleaning_strategies stating that single-cell CRISPR screen data were 'undergoing quality control'."
CM4AI_v7_rep1_r10_rating2,rubric10-semantic,CM4AI,v7,1,2,repeatability,content_accuracy,medium,count_size,scale,count_size|privacy_regulatory,2,"The deidentification statement asserts a conclusion without naming a method or an assessing authority: 'CM4AI data are non-clinical (from tissue cultures) and are considered to be de-identified as they cannot be matched, with current knowledge, to a human subject.' The release nonetheless distributes genome-scale single-cell transcriptomic and raw sequence data from a named, traceable donor-derived line (KOLF2.1J, RRID:CVCL_B5P3, a HipSci line from a healthy male Northern European donor), which carries donor genotype information; the blanket non-matchability claim is not supported by any stated risk assessment."
CM4AI_v7_rep1_r10_rating2,rubric10-semantic,CM4AI,v7,1,2,repeatability,completeness,medium,scope_drift,this release,scope_drift|temporal_version,2,"No change descriptions or errata are provided for this release. errata is absent, and updates.update_details describes only the forward-looking quarterly cadence; nothing states what changed between the October 2025 release (doi:10.18130/V3/K7TGEM) and this one, even though four prior releases are enumerated in version_access and related_datasets."
CM4AI_v7_rep1_r10_rating2,rubric10-semantic,CM4AI,v7,1,2,repeatability,consistency,low,temporal_version,version,temporal_version,1,"Version numbering across the release series is non-monotonic: this June 2026 release is version 2.0, while version_access records the earlier June 2025 and October 2025 releases at version 2.1 and the March 2025 release at 1.4. This is explicable because each release carries its own DOI and therefore its own independent Dataverse version counter, but the record does not say so, and a reader comparing the enumerated versions may infer a regression."
CM4AI_v7_rep1_r10_rating2,rubric10-semantic,CM4AI,v7,1,2,repeatability,consistency,low,scope_drift,this release,scope_drift|temporal_version,2,"Temporal fields are internally explained but not fully aligned: created_on is 2025-02-27, sixteen months before issued (2026-06-17), and the immunofluorescence archives are dated 2026-07-15, a month after the release date. source_caveats transparently flags created_on as a value carried unchanged across four release records and unlikely to be specific to this release, and no last_updated_on is asserted."
CM4AI_v7_rep1_r10_rating2,rubric10-semantic,CM4AI,v7,1,2,repeatability,consistency,low,source_conflict,disagree,source_conflict|temporal_version|attribution,3,"The stated project end date and the recorded award period disagree: updates.update_details gives the project end as November 2026, while funders records the NIH project period for OT2OD032742 as 2022-09-01 to 2026-08-31. A no-cost extension would explain the gap but is not stated."
CM4AI_v7_rep1_r10_rating2,rubric10-semantic,CM4AI,v7,1,2,repeatability,consistency,low,attribution,institution,attribution,1,"The collaborator list in the description ('UCSD, UCSF, Stanford, UVA, Yale, UT Austin, UA Birmingham, Simon Fraser University, and the Hastings Center') omits institutions that appear in creators affiliations, notably KTH Royal Institute of Technology (four contributors) and the University of Montreal."
CM4AI_v7_rep1_r10_rating2,rubric10-semantic,CM4AI,v7,1,2,repeatability,completeness,low,format_access,download_url,format_access,1,"The dedicated download_url slot is unpopulated. Retrieval is nonetheless documented through distribution_formats.access_urls (the Dataverse persistent-identifier page) together with explicit access instructions naming direct download and the Data Access API, and every file collection carries a path and an MD5 checksum."
CM4AI_v7_rep1_r10_rating2,rubric10-semantic,CM4AI,v7,1,2,repeatability,completeness,low,privacy_regulatory,regulatory,privacy_regulatory|attribution,2,"regulatory_restrictions.confidentiality_level is not set and other_compliance is absent; the regulatory position is conveyed instead through the prose 'The release records FDA Regulated: No', hipaa_compliant: not_applicable, a named governance_committee_contact, and a confidential_elements block asserting confidential_elements_present: false with a rationale."
CM4AI_v7_rep1_r10_rating2,rubric10-semantic,CM4AI,v7,1,2,repeatability,completeness,low,consent_ethics,ethic,consent_ethics|privacy_regulatory,2,"Ethical review documentation names accountable people and describes the oversight structure but records no conflict-of-interest statement, and no data_protection_impacts entry is present."
CM4AI_v7_rep1_r10_rating3,rubric10-semantic,CM4AI,v7,1,3,repeatability,consistency,high,temporal_version,version,temporal_version,1,"Version numbering is non-monotonic across releases. This June 2026 release declares version '2.0', while version_access states that the earlier June 2025 and October 2025 releases were 'at version 2.1'. A later release therefore carries a lower version string than its predecessors, which breaks the ordering a user needs to identify the current release."
CM4AI_v7_rep1_r10_rating3,rubric10-semantic,CM4AI,v7,1,3,repeatability,content_accuracy,medium,scope_drift,does not correspond,scope_drift|bias_quality|processing_provenance,3,"The documented processing pipeline does not correspond to the distributed artifacts. preprocessing_strategies, labeling_strategies and machine_annotation_tools (node2vec, DenseNet-121, HiDeF, GPT-4/GSAI) describe the MuSIC cell-map construction and annotation pipeline, while known_limitations states 'This is an interim release. It does not contain predicted cell maps'. No software is described for the transformations that did produce the released processed_data collections (SEC-MS tables, the perturb-seq Cell Atlas)."
CM4AI_v7_rep1_r10_rating3,rubric10-semantic,CM4AI,v7,1,3,repeatability,completeness,medium,format_access,zip,format_access|variables_metadata,2,"No variable-level metadata is provided. The variables slot is absent entirely, so a reuser cannot determine the columns of the SEC-MS elution tables, AP-MS interaction records or perturb-seq atlas matrices contained inside the ZIP archives."
CM4AI_v7_rep1_r10_rating3,rubric10-semantic,CM4AI,v7,1,3,repeatability,completeness,medium,format_access,encoding,format_access|variables_metadata,2,"Internal data formats and character encoding are not specified. distribution_formats declares only the container ('ZIP Archive', application/zip) and the packaging standard (RO-Crate); file_collections entries carry compression: zip but no resources.format, media_type or encoding, so the formats of the mass-spectrometry, imaging and sequencing payloads are undocumented."
CM4AI_v7_rep1_r10_rating3,rubric10-semantic,CM4AI,v7,1,3,repeatability,completeness,medium,temporal_version,errata,temporal_version,1,"No errata or per-release change description is provided. updates documents only the forward-looking cadence ('quarterly ... through the end of the project in November 2026'); errata is absent and no statement records what changed relative to the October 2025, June 2025, March 2025 or May 2024 releases."
CM4AI_v7_rep1_r10_rating3,rubric10-semantic,CM4AI,v7,1,3,repeatability,completeness,medium,bias_quality,anomal,bias_quality|processing_provenance,2,"Data anomalies are not documented. anomalies and missing_data_documentation are both absent; cleaning_strategies states only that single-cell CRISPR screen data 'were reported as undergoing quality control', leaving outcomes, failure rates and excluded runs unrecorded."
CM4AI_v7_rep1_r10_rating3,rubric10-semantic,CM4AI,v7,1,3,repeatability,completeness,low,format_access,download_url,format_access,1,"The dedicated download_url slot is unpopulated. Access is nevertheless actionable through distribution_formats.access_urls, which gives the Dataverse persistent-identifier URL plus instructions for direct download and the Data Access API."
CM4AI_v7_rep1_r10_rating3,rubric10-semantic,CM4AI,v7,1,3,repeatability,consistency,low,temporal_version,temporal,temporal_version,1,"Temporal ordering is mostly coherent but the immunofluorescence archives carry a publication date (2026-07-15) later than the dataset issued date (2026-06-17), so the release as cited was incomplete on its stated issue date."
CM4AI_v7_rep1_r10_rating3,rubric10-semantic,CM4AI,v7,1,3,repeatability,semantic_understanding,low,privacy_regulatory,deidentif,privacy_regulatory,1,"No formal deidentification method is named. is_deidentified gives a basis and a residual-risk statement ('cannot be matched, with current knowledge, to a human subject') rather than a procedure such as Safe Harbor or Expert Determination. This is semantically appropriate for commercially sourced, de-identified cell lines, where the deidentification occurred upstream at the source repository, but the provenance of the deidentification is left implicit."
CM4AI_v7_rep1_r10_rating3,rubric10-semantic,CM4AI,v7,1,3,repeatability,correctness,low,source_conflict,conflict,source_conflict|attribution,2,"A creator affiliation conflicts between sources (Andrej Sali recorded as University of California San Diego here, University of California San Francisco in the cited preprint). The record discloses the conflict in a source_caveats field and states the ranking rule used, so the discrepancy is transparent rather than silent."
VOICE_v7_rep1_r10_rating2,rubric10-semantic,VOICE,v7,1,2,repeatability,completeness,medium,processing_provenance,processing,processing_provenance|variables_metadata,2,"keywords contains only four terms (health, biomarkers, bridge2ai, voice), all of them generic programme- or domain-level labels. None of the five disease cohort categories, none of the acoustic-feature or processing methods (spectrogram, MFCC, phonetic posteriorgram, BIDS), and none of the modality terms (speech, cough, breathing) that the description itself uses are exposed as search terms."
VOICE_v7_rep1_r10_rating2,rubric10-semantic,VOICE,v7,1,2,repeatability,consistency,medium,format_access,download_url,format_access,1,"The dedicated download_url slot is unpopulated while the dataset is demonstrably distributed: distribution_formats.access_urls carry the PhysioNet landing page and the Synapse controlled-access page, and the notes explain that no file endpoint is published because the files are gated. The access route is therefore documented, but a consumer reading the download_url field alone would find nothing."
VOICE_v7_rep1_r10_rating2,rubric10-semantic,VOICE,v7,1,2,repeatability,completeness,low,attribution,publisher,attribution,1,"The publisher slot is not populated. PhysioNet is identified unambiguously in the citation string, in page, in third_party_sharing and in maintainers, so the hosting platform is recoverable, but no single field states it."
VOICE_v7_rep1_r10_rating2,rubric10-semantic,VOICE,v7,1,2,repeatability,completeness,medium,bias_quality,demographic,bias_quality|variables_metadata,2,"variables enumerates only four columns (participant_id, session_id, task_name, n_frames), all of them from the Parquet feature files. The release also ships phenotype tables covering confounders, demographics, diagnosis, enrollment, questionnaires and task metadata, whose variables are not enumerated; the record points to accompanying JSON data dictionaries instead."
VOICE_v7_rep1_r10_rating2,rubric10-semantic,VOICE,v7,1,2,repeatability,consistency,low,variables_metadata,is_tabular,variables_metadata,1,"is_tabular is not set although the release consists of Apache Parquet feature tables and tab-separated phenotype tables, and variables are declared with data types."
VOICE_v7_rep1_r10_rating2,rubric10-semantic,VOICE,v7,1,2,repeatability,consistency,low,consent_ethics,ethic,consent_ethics|privacy_regulatory,2,"data_protection_impacts is not populated even though the record classifies the data as restricted, asserts HIPAA compliance, and carries a Certificate of Confidentiality. The substance of an impact assessment is present in participant_privacy.reidentification_risk and in the ethics working group's memorandum on controlled access to raw voice, so the gap is a missing dedicated slot rather than missing analysis."
VOICE_v7_rep1_r10_rating2,rubric10-semantic,VOICE,v7,1,2,repeatability,content_accuracy,low,source_conflict,does not reconcile,source_conflict|temporal_version|consent_ethics,3,"collection_timeframes states a 12-month collection period, which does not reconcile with an IRB protocol describing a four-year phased study with pilot collection from November 2023 and with releases running from November 2024 to May 2026. The record discloses this conflict itself in collection_timeframes.source_caveats and states which source it preferred and why, so the disagreement is transparent rather than concealed."
VOICE_v7_rep1_r10_rating2,rubric10-semantic,VOICE,v7,1,2,repeatability,correctness,low,source_conflict,inconsistent across,source_conflict|attribution,2,"The grant renderings are internally inconsistent across the underlying sources: OT2OD032720, 3OT2OD032720-01S1, 3OT2OD032720-01S3, 1OT2OD032720-01 and '3Tf-OTOD03272001S2'. The last is malformed for an NIH award. The two renderings actually asserted in funders.grants (OT2OD032720, 3OT2OD032720-01S1) both parse correctly as NIH activity code OT2, institute OD, serial 032720, so the award identification itself validates; the variants are recorded only in source_caveats as a disclosed source discrepancy."
VOICE_v7_rep1_r10_rating2,rubric10-semantic,VOICE,v7,1,2,repeatability,content_accuracy,low,source_conflict,tension,source_conflict|privacy_regulatory,2,"confidential_elements.confidential_elements_present is false, asserting that no data are covered by legal privilege, while regulatory_restrictions.other_compliance records a Certificate of Confidentiality that must be asserted against subpoenas. These are reconcilable (the CoC protects against compelled disclosure rather than making the released features privileged) and the record flags the tension in its own source_caveats, but the boolean read alone understates the legal posture."
VOICE_v7_rep1_r10_rating2,rubric10-semantic,VOICE,v7,1,2,repeatability,semantic_understanding,low,scope_drift,self-assessment,scope_drift|consent_ethics,2,"The description reproduces the consortium's own AI-readiness self-assessment percentages (100 percent FAIRness, 100 percent ethics, 50 percent sustainability, and so on). These are self-reported scores, attributed as such in the text, and the corresponding shortfalls are restated as limitations; they are nonetheless promotional in register for a description field."
VOICE_v7_rep1_r10_rating3,rubric10-semantic,VOICE,v7,1,3,repeatability,consistency,medium,source_conflict,tension,source_conflict|privacy_regulatory,2,"Internal tension inside the regulatory_restrictions block: the nested regulatory_restrictions list asserts 'No export controls or other regulatory restrictions apply to the dataset or to individual instances', while the sibling other_compliance field in the same block records a Certificate of Confidentiality that must be asserted against court orders and subpoenas, mandatory administrative/physical/technical safeguards, a five-business-day breach-reporting duty and PhysioNet-specific requirements, and confidentiality_level is 'restricted' with hipaa_compliant 'compliant'. A reader cannot tell from the block alone whether regulatory constraints apply."
VOICE_v7_rep1_r10_rating3,rubric10-semantic,VOICE,v7,1,3,repeatability,consistency,medium,privacy_regulatory,confidential,privacy_regulatory|variables_metadata,2,"confidential_elements_present is set to false on the grounds that the dataset contains no data protected by legal privilege or doctor-patient confidentiality, yet the same entry's source_caveats records that 'the underlying data are covered by a Certificate of Confidentiality', and the release carries clinician-assigned diagnostic labels derived from clinical interviews and electronic health records. The boolean and the caveat point in opposite directions."
VOICE_v7_rep1_r10_rating3,rubric10-semantic,VOICE,v7,1,3,repeatability,completeness,medium,variables_metadata,keywords,variables_metadata,1,"keywords contains only four terms ('health', 'biomarkers', 'bridge2ai', 'voice'). The description covers speech, breathing and cough modalities, five named disease cohorts, BIDS, Parquet, acoustic feature families and machine-learning use, none of which are discoverable as keywords. Searchability is materially weaker than the record's own content warrants."
VOICE_v7_rep1_r10_rating3,rubric10-semantic,VOICE,v7,1,3,repeatability,completeness,medium,bias_quality,demographic,bias_quality|variables_metadata,2,"variables lists only four entries (participant_id, session_id, task_name, n_frames), all of them generic columns of the feature Parquet files. The phenotype tables the record itself enumerates - confounders, demographics, diagnosis, enrollment, questionnaires, task metadata - are not described at variable level, so the analytically substantive columns have no variable metadata in the datasheet. is_tabular is also unset despite a release consisting of Parquet and TSV tables."
VOICE_v7_rep1_r10_rating3,rubric10-semantic,VOICE,v7,1,3,repeatability,completeness,low,format_access,url,format_access|attribution,2,"The dedicated publisher slot is absent. The publishing platform is nevertheless identified unambiguously in citation ('PhysioNet'), maintainers ('PhysioNet, maintained by the MIT Laboratory for Computational Physiology, hosts the current dataset versions'), third_party_sharing and the page URL, so the sub-element's question is answered, but not from the field the rubric names."
VOICE_v7_rep1_r10_rating3,rubric10-semantic,VOICE,v7,1,3,repeatability,completeness,low,license_use_terms,data use agreement,license_use_terms|format_access,2,"download_url is unpopulated. The record explains why - 'No direct download URL is published: the PhysioNet files are gated behind credentialing and a signed data use agreement' - and supplies access_urls plus a full access_review_process, so the access route is documented even though the slot is empty."
VOICE_v7_rep1_r10_rating3,rubric10-semantic,VOICE,v7,1,3,repeatability,completeness,low,attribution,committee_contact,attribution,1,"data_governance.committee_contact is not used; the governance contact address DACO@b2ai-voice.org appears instead in data_governance.stewardship_roles, raw_data_sources.access_details and maintainers. The contact is discoverable but not in the dedicated slot the rubric names for governance contacts."
VOICE_v7_rep1_r10_rating3,rubric10-semantic,VOICE,v7,1,3,repeatability,completeness,low,consent_ethics,ethic,consent_ethics|privacy_regulatory|bias_quality|processing_provenance,4,"imputation_protocols and data_protection_impacts are unpopulated as dedicated slots. Both concepts are nevertheless documented: missing_data_documentation.handling_strategy states 'A missingness table is generated as part of the audit protocol and is included with the dataset; no imputation is applied', and ethical_reviews records an ethics working group memorandum setting out the justification for controlled access to raw voice samples, which functions as a data protection impact analysis."
VOICE_v7_rep1_r10_rating3,rubric10-semantic,VOICE,v7,1,3,repeatability,correctness,low,attribution,award,attribution,1,"source_caveats records five divergent renderings of the award identifier, one of which ('3Tf-OTOD03272001S2', from the documentation footer) does not match any NIH award pattern. The identifiers actually carried in funders.grants - OT2OD032720 and 3OT2OD032720-01S1 - are both well-formed NIH awards, so the malformed variant is quarantined in the caveat rather than propagated into the structured field."
VOICE_v7_rep1_r10_rating3,rubric10-semantic,VOICE,v7,1,3,repeatability,semantic_understanding,low,temporal_version,version_access,temporal_version,1,"version_access.latest_version_doi (doi:10.13026/37yb-1t42) differs from the record's own doi (10.13026/8xbn-nq66). This is correct by design - a version-agnostic resolver alongside a version-specific identifier - and source_caveats states the referent explicitly, but the two DOIs in adjacent fields invite conflation by a reader who does not reach the caveat."
VOICE_v7_rep1_r10_rating3,rubric10-semantic,VOICE,v7,1,3,repeatability,content_accuracy,low,source_conflict,tension,source_conflict|temporal_version|consent_ethics,3,"collection_timeframes states a 12-month collection period while the IRB protocol in the same source bundle describes a four-year phased study, with pilot collection begun November 2023 and ongoing November 2024. The record flags the tension itself in source_caveats and states which source it preferred and why, so the discrepancy is disclosed rather than concealed, but it remains unresolved."
