path,referent,condition_key,arm,identifier,role,flagged_for_review,yaml_paths
data/d4d_concatenated/claudecode_agent/2026-07-27_claude-opus-5_rep1/VOICE_d4d.yaml,VOICE,mode:four-phase project agent,agentic,adult_1.0_hdn,dist,True,distribution_formats.[].access_urls.[]
data/d4d_concatenated/claudecode_agent/2026-07-27_claude-opus-5_rep1/VOICE_d4d.yaml,VOICE,mode:four-phase project agent,agentic,adult_1.0_hdn,related,False,related_datasets.[].target_dataset
data/d4d_concatenated/claudecode_agent/2026-07-27_claude-opus-5_rep1/VOICE_d4d.yaml,VOICE,mode:four-phase project agent,agentic,adult_1.0_hdn,text,False,resources.[].version_access.version_details.[]
data/d4d_concatenated/claudecode_agent/2026-07-27_claude-opus-5_rep1/VOICE_d4d.yaml,VOICE,mode:four-phase project agent,agentic,adult_1.1,version,False,resources.[].version_access.versions_available.[]
data/d4d_concatenated/claudecode_agent/2026-07-27_claude-opus-5_rep1/VOICE_d4d.yaml,VOICE,mode:four-phase project agent,agentic,adult_3.0.0,version,False,resources.[].version_access.versions_available.[]
data/d4d_concatenated/claudecode_agent/2026-07-27_claude-opus-5_rep1/VOICE_d4d.yaml,VOICE,mode:four-phase project agent,agentic,adult_3.1.0,dist,False,distribution_formats.[].access_urls.[]; file_collections.[].download_url; resources.[].distribution_formats.[].access_urls.[]; resources.[].doi; resources.[].download_url
data/d4d_concatenated/claudecode_agent/2026-07-27_claude-opus-5_rep1/VOICE_d4d.yaml,VOICE,mode:four-phase project agent,agentic,adult_3.1.0,root,False,citation
data/d4d_concatenated/claudecode_agent/2026-07-27_claude-opus-5_rep1/VOICE_d4d.yaml,VOICE,mode:four-phase project agent,agentic,adult_3.1.0,version,False,resources.[].version_access.versions_available.[]
data/d4d_concatenated/claudecode_agent/2026-07-27_claude-opus-5_rep1/VOICE_d4d.yaml,VOICE,mode:four-phase project agent,agentic,adult_all,dist,False,distribution_formats.[].access_urls.[]; resources.[].page
data/d4d_concatenated/claudecode_agent/2026-07-27_claude-opus-5_rep1/VOICE_d4d.yaml,VOICE,mode:four-phase project agent,agentic,adult_all,text,False,resources.[].version_access.version_details.[]
data/d4d_concatenated/claudecode_agent/2026-07-27_claude-opus-5_rep1/VOICE_d4d.yaml,VOICE,mode:four-phase project agent,agentic,adult_all,version,False,resources.[].version_access.latest_version_doi
data/d4d_concatenated/claudecode_agent/2026-07-27_claude-opus-5_rep1/VOICE_d4d.yaml,VOICE,mode:four-phase project agent,agentic,adult_raw_synapse,dist,False,distribution_formats.[].access_urls.[]; raw_sources.[].access_url
data/d4d_concatenated/claudecode_agent/2026-07-27_claude-opus-5_rep1/VOICE_d4d.yaml,VOICE,mode:four-phase project agent,agentic,adult_raw_synapse,related,False,external_resources.[].external_resources.[]
data/d4d_concatenated/claudecode_agent/2026-07-27_claude-opus-5_rep1/VOICE_d4d.yaml,VOICE,mode:four-phase project agent,agentic,adult_raw_synapse,text,False,known_limitations.[].recommended_mitigation; raw_data_sources.[].access_details; resources.[].description
data/d4d_concatenated/claudecode_agent/2026-07-27_claude-opus-5_rep1/VOICE_d4d.yaml,VOICE,mode:four-phase project agent,agentic,ped_1.1.0,dist,True,distribution_formats.[].access_urls.[]; file_collections.[].download_url; resources.[].distribution_formats.[].access_urls.[]; resources.[].doi; resources.[].download_url
data/d4d_concatenated/claudecode_agent/2026-07-27_claude-opus-5_rep1/VOICE_d4d.yaml,VOICE,mode:four-phase project agent,agentic,ped_1.1.0,root,True,citation
data/d4d_concatenated/claudecode_agent/2026-07-27_claude-opus-5_rep1/VOICE_d4d.yaml,VOICE,mode:four-phase project agent,agentic,ped_1.1.0,version,True,resources.[].version_access.versions_available.[]
data/d4d_concatenated/claudecode_agent/2026-07-27_claude-opus-5_rep1/VOICE_d4d.yaml,VOICE,mode:four-phase project agent,agentic,ped_all,dist,True,distribution_formats.[].access_urls.[]; resources.[].page
data/d4d_concatenated/claudecode_agent/2026-07-27_claude-opus-5_rep1/VOICE_d4d.yaml,VOICE,mode:four-phase project agent,agentic,ped_all,text,False,resources.[].version_access.version_details.[]
data/d4d_concatenated/claudecode_agent/2026-07-27_claude-opus-5_rep1/VOICE_d4d.yaml,VOICE,mode:four-phase project agent,agentic,ped_all,version,True,resources.[].version_access.latest_version_doi
data/d4d_concatenated/claudecode_agent/2026-07-27_claude-opus-5_rep1/VOICE_d4d.yaml,VOICE,mode:four-phase project agent,agentic,ped_raw_synapse,dist,True,distribution_formats.[].access_urls.[]; raw_sources.[].access_url
data/d4d_concatenated/claudecode_agent/2026-07-27_claude-opus-5_rep1/VOICE_d4d.yaml,VOICE,mode:four-phase project agent,agentic,ped_raw_synapse,related,False,external_resources.[].external_resources.[]
data/d4d_concatenated/claudecode_agent/2026-07-27_claude-opus-5_rep1/VOICE_d4d.yaml,VOICE,mode:four-phase project agent,agentic,ped_raw_synapse,text,False,known_limitations.[].recommended_mitigation; raw_data_sources.[].access_details; resources.[].description
data/d4d_concatenated/claudecode_agent/2026-07-27_claude-opus-5_rep2/VOICE_d4d.yaml,VOICE,mode:four-phase project agent,agentic,adult_1.0_hdn,related,False,resources.[].related_datasets.[].target_dataset
data/d4d_concatenated/claudecode_agent/2026-07-27_claude-opus-5_rep2/VOICE_d4d.yaml,VOICE,mode:four-phase project agent,agentic,adult_1.0_hdn,text,False,resources.[].related_datasets.[].description; resources.[].version_access.version_details.[]
data/d4d_concatenated/claudecode_agent/2026-07-27_claude-opus-5_rep2/VOICE_d4d.yaml,VOICE,mode:four-phase project agent,agentic,adult_1.0_hdn,version,False,distribution_dates.[].release_dates.[]; version_access.versions_available.[]
data/d4d_concatenated/claudecode_agent/2026-07-27_claude-opus-5_rep2/VOICE_d4d.yaml,VOICE,mode:four-phase project agent,agentic,adult_1.1,dist,True,distribution_formats.[].access_urls.[]
data/d4d_concatenated/claudecode_agent/2026-07-27_claude-opus-5_rep2/VOICE_d4d.yaml,VOICE,mode:four-phase project agent,agentic,adult_1.1,version,False,resources.[].version_access.versions_available.[]
data/d4d_concatenated/claudecode_agent/2026-07-27_claude-opus-5_rep2/VOICE_d4d.yaml,VOICE,mode:four-phase project agent,agentic,adult_3.0.0,dist,True,distribution_formats.[].access_urls.[]
data/d4d_concatenated/claudecode_agent/2026-07-27_claude-opus-5_rep2/VOICE_d4d.yaml,VOICE,mode:four-phase project agent,agentic,adult_3.0.0,version,False,resources.[].version_access.versions_available.[]
data/d4d_concatenated/claudecode_agent/2026-07-27_claude-opus-5_rep2/VOICE_d4d.yaml,VOICE,mode:four-phase project agent,agentic,adult_3.1.0,dist,False,distribution_formats.[].access_urls.[]; resources.[].citation; resources.[].distribution_formats.[].access_urls.[]; resources.[].doi; resources.[].download_url; resources.[].file_collections.[].download_url
data/d4d_concatenated/claudecode_agent/2026-07-27_claude-opus-5_rep2/VOICE_d4d.yaml,VOICE,mode:four-phase project agent,agentic,adult_3.1.0,root,False,citation
data/d4d_concatenated/claudecode_agent/2026-07-27_claude-opus-5_rep2/VOICE_d4d.yaml,VOICE,mode:four-phase project agent,agentic,adult_3.1.0,version,False,resources.[].version_access.versions_available.[]
data/d4d_concatenated/claudecode_agent/2026-07-27_claude-opus-5_rep2/VOICE_d4d.yaml,VOICE,mode:four-phase project agent,agentic,adult_all,dist,False,resources.[].page
data/d4d_concatenated/claudecode_agent/2026-07-27_claude-opus-5_rep2/VOICE_d4d.yaml,VOICE,mode:four-phase project agent,agentic,adult_all,related,False,related_datasets.[].target_dataset; resources.[].related_datasets.[].target_dataset
data/d4d_concatenated/claudecode_agent/2026-07-27_claude-opus-5_rep2/VOICE_d4d.yaml,VOICE,mode:four-phase project agent,agentic,adult_all,text,False,version_access.version_details.[]
data/d4d_concatenated/claudecode_agent/2026-07-27_claude-opus-5_rep2/VOICE_d4d.yaml,VOICE,mode:four-phase project agent,agentic,adult_all,version,False,resources.[].version_access.latest_version_doi
data/d4d_concatenated/claudecode_agent/2026-07-27_claude-opus-5_rep2/VOICE_d4d.yaml,VOICE,mode:four-phase project agent,agentic,adult_raw_synapse,dist,False,distribution_formats.[].access_urls.[]; raw_sources.[].access_url; resources.[].raw_sources.[].access_url
data/d4d_concatenated/claudecode_agent/2026-07-27_claude-opus-5_rep2/VOICE_d4d.yaml,VOICE,mode:four-phase project agent,agentic,ped_1.1.0,dist,True,distribution_formats.[].access_urls.[]; resources.[].citation; resources.[].distribution_formats.[].access_urls.[]; resources.[].doi; resources.[].download_url; resources.[].file_collections.[].download_url
data/d4d_concatenated/claudecode_agent/2026-07-27_claude-opus-5_rep2/VOICE_d4d.yaml,VOICE,mode:four-phase project agent,agentic,ped_1.1.0,root,True,citation
data/d4d_concatenated/claudecode_agent/2026-07-27_claude-opus-5_rep2/VOICE_d4d.yaml,VOICE,mode:four-phase project agent,agentic,ped_1.1.0,version,True,resources.[].version_access.versions_available.[]
data/d4d_concatenated/claudecode_agent/2026-07-27_claude-opus-5_rep2/VOICE_d4d.yaml,VOICE,mode:four-phase project agent,agentic,ped_all,dist,True,distribution_formats.[].access_urls.[]; resources.[].page
data/d4d_concatenated/claudecode_agent/2026-07-27_claude-opus-5_rep2/VOICE_d4d.yaml,VOICE,mode:four-phase project agent,agentic,ped_all,related,False,related_datasets.[].target_dataset; resources.[].related_datasets.[].target_dataset
data/d4d_concatenated/claudecode_agent/2026-07-27_claude-opus-5_rep2/VOICE_d4d.yaml,VOICE,mode:four-phase project agent,agentic,ped_all,text,False,version_access.version_details.[]
data/d4d_concatenated/claudecode_agent/2026-07-27_claude-opus-5_rep2/VOICE_d4d.yaml,VOICE,mode:four-phase project agent,agentic,ped_all,version,True,resources.[].version_access.latest_version_doi
data/d4d_concatenated/claudecode_agent/2026-07-27_claude-opus-5_rep2/VOICE_d4d.yaml,VOICE,mode:four-phase project agent,agentic,ped_raw_synapse,dist,True,distribution_formats.[].access_urls.[]; raw_sources.[].access_url; resources.[].raw_sources.[].access_url
data/d4d_concatenated/claudecode_agent/2026-07-27_claude-opus-5_rep3/VOICE_d4d.yaml,VOICE,mode:four-phase project agent,agentic,adult_1.0_hdn,related,False,resources.[].related_datasets.[].target_dataset
data/d4d_concatenated/claudecode_agent/2026-07-27_claude-opus-5_rep3/VOICE_d4d.yaml,VOICE,mode:four-phase project agent,agentic,adult_1.0_hdn,text,False,related_datasets.[].description
data/d4d_concatenated/claudecode_agent/2026-07-27_claude-opus-5_rep3/VOICE_d4d.yaml,VOICE,mode:four-phase project agent,agentic,adult_1.0_hdn,version,False,distribution_dates.[].release_dates.[]
data/d4d_concatenated/claudecode_agent/2026-07-27_claude-opus-5_rep3/VOICE_d4d.yaml,VOICE,mode:four-phase project agent,agentic,adult_1.1,text,False,resources.[].version_access.version_details.[]
data/d4d_concatenated/claudecode_agent/2026-07-27_claude-opus-5_rep3/VOICE_d4d.yaml,VOICE,mode:four-phase project agent,agentic,adult_1.1,version,False,distribution_dates.[].release_dates.[]
data/d4d_concatenated/claudecode_agent/2026-07-27_claude-opus-5_rep3/VOICE_d4d.yaml,VOICE,mode:four-phase project agent,agentic,adult_3.0.0,related,False,resources.[].related_datasets.[].target_dataset
data/d4d_concatenated/claudecode_agent/2026-07-27_claude-opus-5_rep3/VOICE_d4d.yaml,VOICE,mode:four-phase project agent,agentic,adult_3.0.0,text,False,resources.[].version_access.version_details.[]
data/d4d_concatenated/claudecode_agent/2026-07-27_claude-opus-5_rep3/VOICE_d4d.yaml,VOICE,mode:four-phase project agent,agentic,adult_3.0.0,version,False,distribution_dates.[].release_dates.[]
data/d4d_concatenated/claudecode_agent/2026-07-27_claude-opus-5_rep3/VOICE_d4d.yaml,VOICE,mode:four-phase project agent,agentic,adult_3.1.0,dist,False,distribution_formats.[].access_urls.[]; file_collections.[].id; resources.[].citation; resources.[].distribution_formats.[].access_urls.[]; resources.[].distribution_formats.[].id; resources.[].doi; resources.[].ethical_reviews.[].id; resources.[].funders.[].grants.[].id; resources.[].funders.[].id; resources.[].id; resources.[].instances.[].id; resources.[].page; resources.[].raw_sources.[].id
data/d4d_concatenated/claudecode_agent/2026-07-27_claude-opus-5_rep3/VOICE_d4d.yaml,VOICE,mode:four-phase project agent,agentic,adult_3.1.0,root,False,citation
data/d4d_concatenated/claudecode_agent/2026-07-27_claude-opus-5_rep3/VOICE_d4d.yaml,VOICE,mode:four-phase project agent,agentic,adult_3.1.0,text,False,resources.[].version_access.version_details.[]
data/d4d_concatenated/claudecode_agent/2026-07-27_claude-opus-5_rep3/VOICE_d4d.yaml,VOICE,mode:four-phase project agent,agentic,adult_3.1.0,version,False,distribution_dates.[].release_dates.[]; resources.[].version_access.id
data/d4d_concatenated/claudecode_agent/2026-07-27_claude-opus-5_rep3/VOICE_d4d.yaml,VOICE,mode:four-phase project agent,agentic,adult_all,dist,False,distribution_formats.[].access_urls.[]
data/d4d_concatenated/claudecode_agent/2026-07-27_claude-opus-5_rep3/VOICE_d4d.yaml,VOICE,mode:four-phase project agent,agentic,adult_all,related,False,resources.[].related_datasets.[].target_dataset
data/d4d_concatenated/claudecode_agent/2026-07-27_claude-opus-5_rep3/VOICE_d4d.yaml,VOICE,mode:four-phase project agent,agentic,adult_all,text,False,resources.[].version_access.version_details.[]
data/d4d_concatenated/claudecode_agent/2026-07-27_claude-opus-5_rep3/VOICE_d4d.yaml,VOICE,mode:four-phase project agent,agentic,adult_all,version,False,resources.[].version_access.latest_version_doi
data/d4d_concatenated/claudecode_agent/2026-07-27_claude-opus-5_rep3/VOICE_d4d.yaml,VOICE,mode:four-phase project agent,agentic,adult_raw_synapse,dist,False,distribution_formats.[].access_urls.[]; raw_sources.[].access_url; resources.[].distribution_formats.[].access_urls.[]; resources.[].raw_sources.[].access_url
data/d4d_concatenated/claudecode_agent/2026-07-27_claude-opus-5_rep3/VOICE_d4d.yaml,VOICE,mode:four-phase project agent,agentic,ped_1.1.0,dist,True,distribution_formats.[].access_urls.[]; file_collections.[].id; resources.[].citation; resources.[].distribution_formats.[].access_urls.[]; resources.[].distribution_formats.[].id; resources.[].doi; resources.[].ethical_reviews.[].id; resources.[].funders.[].grants.[].id; resources.[].funders.[].id; resources.[].id; resources.[].instances.[].id; resources.[].page; resources.[].raw_sources.[].id; resources.[].sampling_strategies.[].id
data/d4d_concatenated/claudecode_agent/2026-07-27_claude-opus-5_rep3/VOICE_d4d.yaml,VOICE,mode:four-phase project agent,agentic,ped_1.1.0,related,False,resources.[].related_datasets.[].target_dataset
data/d4d_concatenated/claudecode_agent/2026-07-27_claude-opus-5_rep3/VOICE_d4d.yaml,VOICE,mode:four-phase project agent,agentic,ped_1.1.0,root,True,citation
data/d4d_concatenated/claudecode_agent/2026-07-27_claude-opus-5_rep3/VOICE_d4d.yaml,VOICE,mode:four-phase project agent,agentic,ped_1.1.0,version,True,distribution_dates.[].release_dates.[]; resources.[].version_access.id
data/d4d_concatenated/claudecode_agent/2026-07-27_claude-opus-5_rep3/VOICE_d4d.yaml,VOICE,mode:four-phase project agent,agentic,ped_all,dist,True,distribution_formats.[].access_urls.[]
data/d4d_concatenated/claudecode_agent/2026-07-27_claude-opus-5_rep3/VOICE_d4d.yaml,VOICE,mode:four-phase project agent,agentic,ped_all,version,True,resources.[].version_access.latest_version_doi
data/d4d_concatenated/claudecode_agent/2026-07-27_claude-opus-5_rep3/VOICE_d4d.yaml,VOICE,mode:four-phase project agent,agentic,ped_raw_synapse,dist,True,distribution_formats.[].access_urls.[]; raw_sources.[].access_url; resources.[].distribution_formats.[].access_urls.[]; resources.[].raw_sources.[].access_url
data/d4d_concatenated/claudecode_agent/2026-07-27_claude-opus-5_rep3/VOICE_d4d.yaml,VOICE,mode:four-phase project agent,agentic,ped_raw_synapse,text,False,resources.[].raw_sources.[].raw_data_details.[]
data/d4d_concatenated/claudecode_agent/2026-07-28_claude-opus-5-deprimed_rep1/VOICE_d4d.yaml,VOICE,"mode:four-phase project agent, de-primed",agentic,adult_1.0_hdn,related,False,resources.[].related_datasets.[].target_dataset
data/d4d_concatenated/claudecode_agent/2026-07-28_claude-opus-5-deprimed_rep1/VOICE_d4d.yaml,VOICE,"mode:four-phase project agent, de-primed",agentic,adult_1.0_hdn,version,False,resources.[].version_access.versions_available.[]; version_access.versions_available.[]
data/d4d_concatenated/claudecode_agent/2026-07-28_claude-opus-5-deprimed_rep1/VOICE_d4d.yaml,VOICE,"mode:four-phase project agent, de-primed",agentic,adult_1.1,version,False,resources.[].version_access.versions_available.[]; version_access.versions_available.[]
data/d4d_concatenated/claudecode_agent/2026-07-28_claude-opus-5-deprimed_rep1/VOICE_d4d.yaml,VOICE,"mode:four-phase project agent, de-primed",agentic,adult_3.0.0,related,False,resources.[].related_datasets.[].target_dataset
data/d4d_concatenated/claudecode_agent/2026-07-28_claude-opus-5-deprimed_rep1/VOICE_d4d.yaml,VOICE,"mode:four-phase project agent, de-primed",agentic,adult_3.0.0,version,False,resources.[].version_access.versions_available.[]; version_access.versions_available.[]
data/d4d_concatenated/claudecode_agent/2026-07-28_claude-opus-5-deprimed_rep1/VOICE_d4d.yaml,VOICE,"mode:four-phase project agent, de-primed",agentic,adult_3.1.0,dist,False,distribution_formats.[].access_urls.[]; resources.[].citation; resources.[].doi; resources.[].download_url; resources.[].file_collections.[].id
data/d4d_concatenated/claudecode_agent/2026-07-28_claude-opus-5-deprimed_rep1/VOICE_d4d.yaml,VOICE,"mode:four-phase project agent, de-primed",agentic,adult_3.1.0,root,False,citation
data/d4d_concatenated/claudecode_agent/2026-07-28_claude-opus-5-deprimed_rep1/VOICE_d4d.yaml,VOICE,"mode:four-phase project agent, de-primed",agentic,adult_3.1.0,version,False,resources.[].version_access.versions_available.[]; version_access.versions_available.[]
data/d4d_concatenated/claudecode_agent/2026-07-28_claude-opus-5-deprimed_rep1/VOICE_d4d.yaml,VOICE,"mode:four-phase project agent, de-primed",agentic,adult_all,dist,False,resources.[].id
data/d4d_concatenated/claudecode_agent/2026-07-28_claude-opus-5-deprimed_rep1/VOICE_d4d.yaml,VOICE,"mode:four-phase project agent, de-primed",agentic,adult_all,version,False,resources.[].version_access.latest_version_doi; version_access.versions_available.[]
data/d4d_concatenated/claudecode_agent/2026-07-28_claude-opus-5-deprimed_rep1/VOICE_d4d.yaml,VOICE,"mode:four-phase project agent, de-primed",agentic,adult_raw_synapse,dist,False,distribution_formats.[].access_urls.[]; raw_sources.[].access_url
data/d4d_concatenated/claudecode_agent/2026-07-28_claude-opus-5-deprimed_rep1/VOICE_d4d.yaml,VOICE,"mode:four-phase project agent, de-primed",agentic,adult_raw_synapse,text,False,raw_data_sources.[].access_details
data/d4d_concatenated/claudecode_agent/2026-07-28_claude-opus-5-deprimed_rep1/VOICE_d4d.yaml,VOICE,"mode:four-phase project agent, de-primed",agentic,ped_1.0.0,related,False,resources.[].related_datasets.[].target_dataset
data/d4d_concatenated/claudecode_agent/2026-07-28_claude-opus-5-deprimed_rep1/VOICE_d4d.yaml,VOICE,"mode:four-phase project agent, de-primed",agentic,ped_1.1.0,dist,True,distribution_formats.[].access_urls.[]; resources.[].citation; resources.[].doi; resources.[].download_url; resources.[].file_collections.[].id
data/d4d_concatenated/claudecode_agent/2026-07-28_claude-opus-5-deprimed_rep1/VOICE_d4d.yaml,VOICE,"mode:four-phase project agent, de-primed",agentic,ped_1.1.0,root,True,citation
data/d4d_concatenated/claudecode_agent/2026-07-28_claude-opus-5-deprimed_rep1/VOICE_d4d.yaml,VOICE,"mode:four-phase project agent, de-primed",agentic,ped_1.1.0,version,True,resources.[].version_access.versions_available.[]; version_access.versions_available.[]
data/d4d_concatenated/claudecode_agent/2026-07-28_claude-opus-5-deprimed_rep1/VOICE_d4d.yaml,VOICE,"mode:four-phase project agent, de-primed",agentic,ped_all,dist,True,resources.[].id
data/d4d_concatenated/claudecode_agent/2026-07-28_claude-opus-5-deprimed_rep1/VOICE_d4d.yaml,VOICE,"mode:four-phase project agent, de-primed",agentic,ped_all,version,True,resources.[].version_access.latest_version_doi; version_access.versions_available.[]
data/d4d_concatenated/claudecode_agent/2026-07-28_claude-opus-5-deprimed_rep1/VOICE_d4d.yaml,VOICE,"mode:four-phase project agent, de-primed",agentic,ped_raw_synapse,dist,True,distribution_formats.[].access_urls.[]; raw_sources.[].access_url
data/d4d_concatenated/claudecode_agent/2026-07-28_claude-opus-5-deprimed_rep1/VOICE_d4d.yaml,VOICE,"mode:four-phase project agent, de-primed",agentic,ped_raw_synapse,text,False,raw_data_sources.[].access_details
data/d4d_concatenated/claudecode_agent/2026-07-28_claude-opus-5-deprimed_rep2/VOICE_d4d.yaml,VOICE,"mode:four-phase project agent, de-primed",agentic,adult_1.0_hdn,version,False,version_access.versions_available.[]
data/d4d_concatenated/claudecode_agent/2026-07-28_claude-opus-5-deprimed_rep2/VOICE_d4d.yaml,VOICE,"mode:four-phase project agent, de-primed",agentic,adult_1.1,version,False,version_access.versions_available.[]
data/d4d_concatenated/claudecode_agent/2026-07-28_claude-opus-5-deprimed_rep2/VOICE_d4d.yaml,VOICE,"mode:four-phase project agent, de-primed",agentic,adult_3.0.0,related,False,resources.[].related_datasets.[].target_dataset
data/d4d_concatenated/claudecode_agent/2026-07-28_claude-opus-5-deprimed_rep2/VOICE_d4d.yaml,VOICE,"mode:four-phase project agent, de-primed",agentic,adult_3.0.0,text,False,resources.[].related_datasets.[].description
data/d4d_concatenated/claudecode_agent/2026-07-28_claude-opus-5-deprimed_rep2/VOICE_d4d.yaml,VOICE,"mode:four-phase project agent, de-primed",agentic,adult_3.0.0,version,False,version_access.versions_available.[]
data/d4d_concatenated/claudecode_agent/2026-07-28_claude-opus-5-deprimed_rep2/VOICE_d4d.yaml,VOICE,"mode:four-phase project agent, de-primed",agentic,adult_3.1.0,dist,False,distribution_formats.[].access_urls.[]; file_collections.[].download_url; resources.[].citation; resources.[].doi; resources.[].download_url; resources.[].id
data/d4d_concatenated/claudecode_agent/2026-07-28_claude-opus-5-deprimed_rep2/VOICE_d4d.yaml,VOICE,"mode:four-phase project agent, de-primed",agentic,adult_3.1.0,related,False,related_datasets.[].target_dataset
data/d4d_concatenated/claudecode_agent/2026-07-28_claude-opus-5-deprimed_rep2/VOICE_d4d.yaml,VOICE,"mode:four-phase project agent, de-primed",agentic,adult_3.1.0,root,False,citation
data/d4d_concatenated/claudecode_agent/2026-07-28_claude-opus-5-deprimed_rep2/VOICE_d4d.yaml,VOICE,"mode:four-phase project agent, de-primed",agentic,adult_3.1.0,version,False,version_access.versions_available.[]
data/d4d_concatenated/claudecode_agent/2026-07-28_claude-opus-5-deprimed_rep2/VOICE_d4d.yaml,VOICE,"mode:four-phase project agent, de-primed",agentic,adult_all,dist,False,distribution_formats.[].access_urls.[]
data/d4d_concatenated/claudecode_agent/2026-07-28_claude-opus-5-deprimed_rep2/VOICE_d4d.yaml,VOICE,"mode:four-phase project agent, de-primed",agentic,adult_all,text,False,version_access.version_details.[]
data/d4d_concatenated/claudecode_agent/2026-07-28_claude-opus-5-deprimed_rep2/VOICE_d4d.yaml,VOICE,"mode:four-phase project agent, de-primed",agentic,adult_all,version,False,version_access.latest_version_doi
data/d4d_concatenated/claudecode_agent/2026-07-28_claude-opus-5-deprimed_rep2/VOICE_d4d.yaml,VOICE,"mode:four-phase project agent, de-primed",agentic,adult_raw_synapse,dist,False,distribution_formats.[].access_urls.[]; file_collections.[].download_url; raw_sources.[].access_url
data/d4d_concatenated/claudecode_agent/2026-07-28_claude-opus-5-deprimed_rep2/VOICE_d4d.yaml,VOICE,"mode:four-phase project agent, de-primed",agentic,adult_raw_synapse,related,False,resources.[].related_datasets.[].target_dataset
data/d4d_concatenated/claudecode_agent/2026-07-28_claude-opus-5-deprimed_rep2/VOICE_d4d.yaml,VOICE,"mode:four-phase project agent, de-primed",agentic,adult_raw_synapse,text,False,file_collections.[].description; raw_data_sources.[].access_details; resources.[].related_datasets.[].description
data/d4d_concatenated/claudecode_agent/2026-07-28_claude-opus-5-deprimed_rep2/VOICE_d4d.yaml,VOICE,"mode:four-phase project agent, de-primed",agentic,ped_1.0.0,related,False,resources.[].related_datasets.[].target_dataset
data/d4d_concatenated/claudecode_agent/2026-07-28_claude-opus-5-deprimed_rep2/VOICE_d4d.yaml,VOICE,"mode:four-phase project agent, de-primed",agentic,ped_1.1.0,dist,True,distribution_formats.[].access_urls.[]; file_collections.[].download_url; resources.[].citation; resources.[].doi; resources.[].download_url; resources.[].id
data/d4d_concatenated/claudecode_agent/2026-07-28_claude-opus-5-deprimed_rep2/VOICE_d4d.yaml,VOICE,"mode:four-phase project agent, de-primed",agentic,ped_1.1.0,related,False,related_datasets.[].target_dataset; resources.[].related_datasets.[].target_dataset
data/d4d_concatenated/claudecode_agent/2026-07-28_claude-opus-5-deprimed_rep2/VOICE_d4d.yaml,VOICE,"mode:four-phase project agent, de-primed",agentic,ped_1.1.0,root,True,citation
data/d4d_concatenated/claudecode_agent/2026-07-28_claude-opus-5-deprimed_rep2/VOICE_d4d.yaml,VOICE,"mode:four-phase project agent, de-primed",agentic,ped_1.1.0,version,True,version_access.versions_available.[]
data/d4d_concatenated/claudecode_agent/2026-07-28_claude-opus-5-deprimed_rep2/VOICE_d4d.yaml,VOICE,"mode:four-phase project agent, de-primed",agentic,ped_all,dist,True,distribution_formats.[].access_urls.[]
data/d4d_concatenated/claudecode_agent/2026-07-28_claude-opus-5-deprimed_rep2/VOICE_d4d.yaml,VOICE,"mode:four-phase project agent, de-primed",agentic,ped_all,text,False,version_access.version_details.[]
data/d4d_concatenated/claudecode_agent/2026-07-28_claude-opus-5-deprimed_rep2/VOICE_d4d.yaml,VOICE,"mode:four-phase project agent, de-primed",agentic,ped_raw_synapse,dist,True,distribution_formats.[].access_urls.[]; file_collections.[].download_url; raw_sources.[].access_url
data/d4d_concatenated/claudecode_agent/2026-07-28_claude-opus-5-deprimed_rep2/VOICE_d4d.yaml,VOICE,"mode:four-phase project agent, de-primed",agentic,ped_raw_synapse,related,False,resources.[].related_datasets.[].target_dataset
data/d4d_concatenated/claudecode_agent/2026-07-28_claude-opus-5-deprimed_rep2/VOICE_d4d.yaml,VOICE,"mode:four-phase project agent, de-primed",agentic,ped_raw_synapse,text,False,file_collections.[].description; raw_data_sources.[].access_details; resources.[].related_datasets.[].description
data/d4d_concatenated/claudecode_agent/2026-07-28_claude-opus-5-deprimed_rep3/VOICE_d4d.yaml,VOICE,"mode:four-phase project agent, de-primed",agentic,adult_1.0_hdn,related,False,related_datasets.[].target_dataset
data/d4d_concatenated/claudecode_agent/2026-07-28_claude-opus-5-deprimed_rep3/VOICE_d4d.yaml,VOICE,"mode:four-phase project agent, de-primed",agentic,adult_3.1.0,dist,False,distribution_formats.[].access_urls.[]; file_collections.[].download_url; resources.[].doi; resources.[].download_url; resources.[].id
data/d4d_concatenated/claudecode_agent/2026-07-28_claude-opus-5-deprimed_rep3/VOICE_d4d.yaml,VOICE,"mode:four-phase project agent, de-primed",agentic,adult_3.1.0,root,False,citation
data/d4d_concatenated/claudecode_agent/2026-07-28_claude-opus-5-deprimed_rep3/VOICE_d4d.yaml,VOICE,"mode:four-phase project agent, de-primed",agentic,adult_3.1.0,text,False,resources.[].description; version_access.version_details.[]
data/d4d_concatenated/claudecode_agent/2026-07-28_claude-opus-5-deprimed_rep3/VOICE_d4d.yaml,VOICE,"mode:four-phase project agent, de-primed",agentic,adult_all,dist,False,distribution_formats.[].access_urls.[]; resources.[].page
data/d4d_concatenated/claudecode_agent/2026-07-28_claude-opus-5-deprimed_rep3/VOICE_d4d.yaml,VOICE,"mode:four-phase project agent, de-primed",agentic,adult_all,text,False,resources.[].description; version_access.version_details.[]
data/d4d_concatenated/claudecode_agent/2026-07-28_claude-opus-5-deprimed_rep3/VOICE_d4d.yaml,VOICE,"mode:four-phase project agent, de-primed",agentic,adult_raw_synapse,dist,False,distribution_formats.[].access_urls.[]; file_collections.[].download_url; raw_sources.[].access_url
data/d4d_concatenated/claudecode_agent/2026-07-28_claude-opus-5-deprimed_rep3/VOICE_d4d.yaml,VOICE,"mode:four-phase project agent, de-primed",agentic,adult_raw_synapse,text,False,raw_data_sources.[].access_details
data/d4d_concatenated/claudecode_agent/2026-07-28_claude-opus-5-deprimed_rep3/VOICE_d4d.yaml,VOICE,"mode:four-phase project agent, de-primed",agentic,ped_1.1.0,dist,True,distribution_formats.[].access_urls.[]; file_collections.[].download_url; resources.[].doi; resources.[].download_url; resources.[].id
data/d4d_concatenated/claudecode_agent/2026-07-28_claude-opus-5-deprimed_rep3/VOICE_d4d.yaml,VOICE,"mode:four-phase project agent, de-primed",agentic,ped_1.1.0,root,True,citation
data/d4d_concatenated/claudecode_agent/2026-07-28_claude-opus-5-deprimed_rep3/VOICE_d4d.yaml,VOICE,"mode:four-phase project agent, de-primed",agentic,ped_1.1.0,text,False,resources.[].description; version_access.version_details.[]
data/d4d_concatenated/claudecode_agent/2026-07-28_claude-opus-5-deprimed_rep3/VOICE_d4d.yaml,VOICE,"mode:four-phase project agent, de-primed",agentic,ped_all,dist,True,distribution_formats.[].access_urls.[]; resources.[].page
data/d4d_concatenated/claudecode_agent/2026-07-28_claude-opus-5-deprimed_rep3/VOICE_d4d.yaml,VOICE,"mode:four-phase project agent, de-primed",agentic,ped_all,text,False,resources.[].description; version_access.version_details.[]
data/d4d_concatenated/claudecode_agent/2026-07-28_claude-opus-5-deprimed_rep3/VOICE_d4d.yaml,VOICE,"mode:four-phase project agent, de-primed",agentic,ped_raw_synapse,dist,True,distribution_formats.[].access_urls.[]; raw_sources.[].access_url
data/d4d_concatenated/claudecode_agent/2026-07-28_claude-opus-5-deprimed_rep3/VOICE_d4d.yaml,VOICE,"mode:four-phase project agent, de-primed",agentic,ped_raw_synapse,text,False,raw_data_sources.[].access_details; resources.[].description
data/d4d_concatenated/claudecode_agent/2026-07-28_claude-opus-5-generic_rep1/VOICE_d4d.yaml,VOICE,src/download/prompts/d4d_generic_arm_prompt.md@7e9a67f7,agentic,adult_1.0_hdn,related,False,resources.[].related_datasets.[].target_dataset
data/d4d_concatenated/claudecode_agent/2026-07-28_claude-opus-5-generic_rep1/VOICE_d4d.yaml,VOICE,src/download/prompts/d4d_generic_arm_prompt.md@7e9a67f7,agentic,adult_1.0_hdn,text,False,resources.[].version_access.version_details.[]
data/d4d_concatenated/claudecode_agent/2026-07-28_claude-opus-5-generic_rep1/VOICE_d4d.yaml,VOICE,src/download/prompts/d4d_generic_arm_prompt.md@7e9a67f7,agentic,adult_1.0_hdn,version,False,version_access.versions_available.[]
data/d4d_concatenated/claudecode_agent/2026-07-28_claude-opus-5-generic_rep1/VOICE_d4d.yaml,VOICE,src/download/prompts/d4d_generic_arm_prompt.md@7e9a67f7,agentic,adult_1.1,version,False,resources.[].version_access.versions_available.[]; version_access.versions_available.[]
data/d4d_concatenated/claudecode_agent/2026-07-28_claude-opus-5-generic_rep1/VOICE_d4d.yaml,VOICE,src/download/prompts/d4d_generic_arm_prompt.md@7e9a67f7,agentic,adult_3.0.0,version,False,resources.[].version_access.versions_available.[]; version_access.versions_available.[]
data/d4d_concatenated/claudecode_agent/2026-07-28_claude-opus-5-generic_rep1/VOICE_d4d.yaml,VOICE,src/download/prompts/d4d_generic_arm_prompt.md@7e9a67f7,agentic,adult_3.1.0,dist,False,distribution_formats.[].access_urls.[]; resources.[].citation; resources.[].doi; resources.[].file_collections.[].id; resources.[].page
data/d4d_concatenated/claudecode_agent/2026-07-28_claude-opus-5-generic_rep1/VOICE_d4d.yaml,VOICE,src/download/prompts/d4d_generic_arm_prompt.md@7e9a67f7,agentic,adult_3.1.0,version,False,resources.[].version_access.versions_available.[]; version_access.versions_available.[]
data/d4d_concatenated/claudecode_agent/2026-07-28_claude-opus-5-generic_rep1/VOICE_d4d.yaml,VOICE,src/download/prompts/d4d_generic_arm_prompt.md@7e9a67f7,agentic,adult_all,dist,False,distribution_formats.[].access_urls.[]; resources.[].citation; resources.[].id
data/d4d_concatenated/claudecode_agent/2026-07-28_claude-opus-5-generic_rep1/VOICE_d4d.yaml,VOICE,src/download/prompts/d4d_generic_arm_prompt.md@7e9a67f7,agentic,adult_all,related,False,resources.[].related_datasets.[].id
data/d4d_concatenated/claudecode_agent/2026-07-28_claude-opus-5-generic_rep1/VOICE_d4d.yaml,VOICE,src/download/prompts/d4d_generic_arm_prompt.md@7e9a67f7,agentic,adult_all,text,False,version_access.version_details.[]
data/d4d_concatenated/claudecode_agent/2026-07-28_claude-opus-5-generic_rep1/VOICE_d4d.yaml,VOICE,src/download/prompts/d4d_generic_arm_prompt.md@7e9a67f7,agentic,adult_all,version,False,resources.[].version_access.id; resources.[].version_access.latest_version_doi
data/d4d_concatenated/claudecode_agent/2026-07-28_claude-opus-5-generic_rep1/VOICE_d4d.yaml,VOICE,src/download/prompts/d4d_generic_arm_prompt.md@7e9a67f7,agentic,adult_raw_synapse,dist,False,distribution_formats.[].access_urls.[]; raw_sources.[].access_url
data/d4d_concatenated/claudecode_agent/2026-07-28_claude-opus-5-generic_rep1/VOICE_d4d.yaml,VOICE,src/download/prompts/d4d_generic_arm_prompt.md@7e9a67f7,agentic,adult_raw_synapse,related,False,resources.[].related_datasets.[].target_dataset
data/d4d_concatenated/claudecode_agent/2026-07-28_claude-opus-5-generic_rep1/VOICE_d4d.yaml,VOICE,src/download/prompts/d4d_generic_arm_prompt.md@7e9a67f7,agentic,adult_raw_synapse,text,False,raw_data_sources.[].access_details
data/d4d_concatenated/claudecode_agent/2026-07-28_claude-opus-5-generic_rep1/VOICE_d4d.yaml,VOICE,src/download/prompts/d4d_generic_arm_prompt.md@7e9a67f7,agentic,ped_1.1.0,dist,True,distribution_formats.[].access_urls.[]; resources.[].doi; resources.[].file_collections.[].id; resources.[].page
data/d4d_concatenated/claudecode_agent/2026-07-28_claude-opus-5-generic_rep1/VOICE_d4d.yaml,VOICE,src/download/prompts/d4d_generic_arm_prompt.md@7e9a67f7,agentic,ped_1.1.0,version,True,resources.[].version_access.versions_available.[]; version_access.versions_available.[]
data/d4d_concatenated/claudecode_agent/2026-07-28_claude-opus-5-generic_rep1/VOICE_d4d.yaml,VOICE,src/download/prompts/d4d_generic_arm_prompt.md@7e9a67f7,agentic,ped_all,dist,True,distribution_formats.[].access_urls.[]; resources.[].id
data/d4d_concatenated/claudecode_agent/2026-07-28_claude-opus-5-generic_rep1/VOICE_d4d.yaml,VOICE,src/download/prompts/d4d_generic_arm_prompt.md@7e9a67f7,agentic,ped_all,related,False,resources.[].related_datasets.[].id
data/d4d_concatenated/claudecode_agent/2026-07-28_claude-opus-5-generic_rep1/VOICE_d4d.yaml,VOICE,src/download/prompts/d4d_generic_arm_prompt.md@7e9a67f7,agentic,ped_all,text,False,version_access.version_details.[]
data/d4d_concatenated/claudecode_agent/2026-07-28_claude-opus-5-generic_rep1/VOICE_d4d.yaml,VOICE,src/download/prompts/d4d_generic_arm_prompt.md@7e9a67f7,agentic,ped_all,version,True,resources.[].version_access.id; resources.[].version_access.latest_version_doi
data/d4d_concatenated/claudecode_agent/2026-07-28_claude-opus-5-generic_rep1/VOICE_d4d.yaml,VOICE,src/download/prompts/d4d_generic_arm_prompt.md@7e9a67f7,agentic,ped_raw_synapse,dist,True,distribution_formats.[].access_urls.[]
data/d4d_concatenated/claudecode_agent/2026-07-28_claude-opus-5-generic_rep1/VOICE_d4d.yaml,VOICE,src/download/prompts/d4d_generic_arm_prompt.md@7e9a67f7,agentic,ped_raw_synapse,related,False,resources.[].related_datasets.[].target_dataset
data/d4d_concatenated/claudecode_agent/2026-07-28_claude-opus-5-generic_rep1/VOICE_d4d.yaml,VOICE,src/download/prompts/d4d_generic_arm_prompt.md@7e9a67f7,agentic,ped_raw_synapse,text,False,raw_data_sources.[].access_details
data/d4d_concatenated/claudecode_agent/2026-07-28_claude-opus-5-generic_rep2/VOICE_d4d.yaml,VOICE,src/download/prompts/d4d_generic_arm_prompt.md@7e9a67f7,agentic,adult_1.0_hdn,related,False,related_datasets.[].target_dataset
data/d4d_concatenated/claudecode_agent/2026-07-28_claude-opus-5-generic_rep2/VOICE_d4d.yaml,VOICE,src/download/prompts/d4d_generic_arm_prompt.md@7e9a67f7,agentic,adult_1.0_hdn,version,False,version_access.versions_available.[]
data/d4d_concatenated/claudecode_agent/2026-07-28_claude-opus-5-generic_rep2/VOICE_d4d.yaml,VOICE,src/download/prompts/d4d_generic_arm_prompt.md@7e9a67f7,agentic,adult_1.1,version,False,resources.[].version_access.versions_available.[]
data/d4d_concatenated/claudecode_agent/2026-07-28_claude-opus-5-generic_rep2/VOICE_d4d.yaml,VOICE,src/download/prompts/d4d_generic_arm_prompt.md@7e9a67f7,agentic,adult_3.0.0,version,False,resources.[].version_access.versions_available.[]
data/d4d_concatenated/claudecode_agent/2026-07-28_claude-opus-5-generic_rep2/VOICE_d4d.yaml,VOICE,src/download/prompts/d4d_generic_arm_prompt.md@7e9a67f7,agentic,adult_3.1.0,dist,False,distribution_formats.[].access_urls.[]; resources.[].citation; resources.[].doi; resources.[].file_collections.[].id; resources.[].page
data/d4d_concatenated/claudecode_agent/2026-07-28_claude-opus-5-generic_rep2/VOICE_d4d.yaml,VOICE,src/download/prompts/d4d_generic_arm_prompt.md@7e9a67f7,agentic,adult_3.1.0,version,False,resources.[].version_access.versions_available.[]
data/d4d_concatenated/claudecode_agent/2026-07-28_claude-opus-5-generic_rep2/VOICE_d4d.yaml,VOICE,src/download/prompts/d4d_generic_arm_prompt.md@7e9a67f7,agentic,adult_all,dist,False,distribution_formats.[].access_urls.[]; resources.[].id
data/d4d_concatenated/claudecode_agent/2026-07-28_claude-opus-5-generic_rep2/VOICE_d4d.yaml,VOICE,src/download/prompts/d4d_generic_arm_prompt.md@7e9a67f7,agentic,adult_all,other,False,funders.[].grants.[].id
data/d4d_concatenated/claudecode_agent/2026-07-28_claude-opus-5-generic_rep2/VOICE_d4d.yaml,VOICE,src/download/prompts/d4d_generic_arm_prompt.md@7e9a67f7,agentic,adult_all,related,False,external_resources.[].external_resources.[]
data/d4d_concatenated/claudecode_agent/2026-07-28_claude-opus-5-generic_rep2/VOICE_d4d.yaml,VOICE,src/download/prompts/d4d_generic_arm_prompt.md@7e9a67f7,agentic,adult_all,text,False,resources.[].version_access.version_details.[]
data/d4d_concatenated/claudecode_agent/2026-07-28_claude-opus-5-generic_rep2/VOICE_d4d.yaml,VOICE,src/download/prompts/d4d_generic_arm_prompt.md@7e9a67f7,agentic,adult_all,version,False,resources.[].version_access.latest_version_doi
data/d4d_concatenated/claudecode_agent/2026-07-28_claude-opus-5-generic_rep2/VOICE_d4d.yaml,VOICE,src/download/prompts/d4d_generic_arm_prompt.md@7e9a67f7,agentic,adult_raw_synapse,dist,False,distribution_formats.[].access_urls.[]; raw_sources.[].access_url
data/d4d_concatenated/claudecode_agent/2026-07-28_claude-opus-5-generic_rep2/VOICE_d4d.yaml,VOICE,src/download/prompts/d4d_generic_arm_prompt.md@7e9a67f7,agentic,adult_raw_synapse,related,False,external_resources.[].external_resources.[]; related_datasets.[].target_dataset
data/d4d_concatenated/claudecode_agent/2026-07-28_claude-opus-5-generic_rep2/VOICE_d4d.yaml,VOICE,src/download/prompts/d4d_generic_arm_prompt.md@7e9a67f7,agentic,adult_raw_synapse,text,False,raw_data_sources.[].access_details
data/d4d_concatenated/claudecode_agent/2026-07-28_claude-opus-5-generic_rep2/VOICE_d4d.yaml,VOICE,src/download/prompts/d4d_generic_arm_prompt.md@7e9a67f7,agentic,ped_1.1.0,dist,True,distribution_formats.[].access_urls.[]; resources.[].doi; resources.[].file_collections.[].id; resources.[].page
data/d4d_concatenated/claudecode_agent/2026-07-28_claude-opus-5-generic_rep2/VOICE_d4d.yaml,VOICE,src/download/prompts/d4d_generic_arm_prompt.md@7e9a67f7,agentic,ped_1.1.0,version,True,resources.[].version_access.versions_available.[]
data/d4d_concatenated/claudecode_agent/2026-07-28_claude-opus-5-generic_rep2/VOICE_d4d.yaml,VOICE,src/download/prompts/d4d_generic_arm_prompt.md@7e9a67f7,agentic,ped_all,dist,True,distribution_formats.[].access_urls.[]; resources.[].id
data/d4d_concatenated/claudecode_agent/2026-07-28_claude-opus-5-generic_rep2/VOICE_d4d.yaml,VOICE,src/download/prompts/d4d_generic_arm_prompt.md@7e9a67f7,agentic,ped_all,related,False,external_resources.[].external_resources.[]
data/d4d_concatenated/claudecode_agent/2026-07-28_claude-opus-5-generic_rep2/VOICE_d4d.yaml,VOICE,src/download/prompts/d4d_generic_arm_prompt.md@7e9a67f7,agentic,ped_all,text,False,resources.[].version_access.version_details.[]
data/d4d_concatenated/claudecode_agent/2026-07-28_claude-opus-5-generic_rep2/VOICE_d4d.yaml,VOICE,src/download/prompts/d4d_generic_arm_prompt.md@7e9a67f7,agentic,ped_all,version,True,resources.[].version_access.latest_version_doi
data/d4d_concatenated/claudecode_agent/2026-07-28_claude-opus-5-generic_rep2/VOICE_d4d.yaml,VOICE,src/download/prompts/d4d_generic_arm_prompt.md@7e9a67f7,agentic,ped_raw_synapse,text,False,distribution_formats.[].description; raw_data_sources.[].access_details; related_datasets.[].description
data/d4d_concatenated/claudecode_agent/2026-07-28_claude-opus-5-generic_rep3/VOICE_d4d.yaml,VOICE,src/download/prompts/d4d_generic_arm_prompt.md@7e9a67f7,agentic,adult_1.0_hdn,dist,True,resources.[].doi; resources.[].id
data/d4d_concatenated/claudecode_agent/2026-07-28_claude-opus-5-generic_rep3/VOICE_d4d.yaml,VOICE,src/download/prompts/d4d_generic_arm_prompt.md@7e9a67f7,agentic,adult_1.0_hdn,version,False,version_access.versions_available.[]
data/d4d_concatenated/claudecode_agent/2026-07-28_claude-opus-5-generic_rep3/VOICE_d4d.yaml,VOICE,src/download/prompts/d4d_generic_arm_prompt.md@7e9a67f7,agentic,adult_1.1,dist,True,resources.[].doi; resources.[].id; resources.[].page
data/d4d_concatenated/claudecode_agent/2026-07-28_claude-opus-5-generic_rep3/VOICE_d4d.yaml,VOICE,src/download/prompts/d4d_generic_arm_prompt.md@7e9a67f7,agentic,adult_1.1,version,False,version_access.versions_available.[]
data/d4d_concatenated/claudecode_agent/2026-07-28_claude-opus-5-generic_rep3/VOICE_d4d.yaml,VOICE,src/download/prompts/d4d_generic_arm_prompt.md@7e9a67f7,agentic,adult_3.0.0,dist,True,resources.[].doi; resources.[].id; resources.[].page
data/d4d_concatenated/claudecode_agent/2026-07-28_claude-opus-5-generic_rep3/VOICE_d4d.yaml,VOICE,src/download/prompts/d4d_generic_arm_prompt.md@7e9a67f7,agentic,adult_3.0.0,version,False,version_access.versions_available.[]
data/d4d_concatenated/claudecode_agent/2026-07-28_claude-opus-5-generic_rep3/VOICE_d4d.yaml,VOICE,src/download/prompts/d4d_generic_arm_prompt.md@7e9a67f7,agentic,adult_3.1.0,dist,False,distribution_formats.[].access_urls.[]
data/d4d_concatenated/claudecode_agent/2026-07-28_claude-opus-5-generic_rep3/VOICE_d4d.yaml,VOICE,src/download/prompts/d4d_generic_arm_prompt.md@7e9a67f7,agentic,adult_3.1.0,root,False,citation; doi; page
data/d4d_concatenated/claudecode_agent/2026-07-28_claude-opus-5-generic_rep3/VOICE_d4d.yaml,VOICE,src/download/prompts/d4d_generic_arm_prompt.md@7e9a67f7,agentic,adult_3.1.0,version,False,version_access.versions_available.[]
data/d4d_concatenated/claudecode_agent/2026-07-28_claude-opus-5-generic_rep3/VOICE_d4d.yaml,VOICE,src/download/prompts/d4d_generic_arm_prompt.md@7e9a67f7,agentic,adult_all,dist,False,distribution_formats.[].access_urls.[]
data/d4d_concatenated/claudecode_agent/2026-07-28_claude-opus-5-generic_rep3/VOICE_d4d.yaml,VOICE,src/download/prompts/d4d_generic_arm_prompt.md@7e9a67f7,agentic,adult_all,root,False,id
data/d4d_concatenated/claudecode_agent/2026-07-28_claude-opus-5-generic_rep3/VOICE_d4d.yaml,VOICE,src/download/prompts/d4d_generic_arm_prompt.md@7e9a67f7,agentic,adult_all,text,False,version_access.version_details.[]
data/d4d_concatenated/claudecode_agent/2026-07-28_claude-opus-5-generic_rep3/VOICE_d4d.yaml,VOICE,src/download/prompts/d4d_generic_arm_prompt.md@7e9a67f7,agentic,adult_all,version,False,version_access.latest_version_doi
data/d4d_concatenated/claudecode_agent/2026-07-28_claude-opus-5-generic_rep3/VOICE_d4d.yaml,VOICE,src/download/prompts/d4d_generic_arm_prompt.md@7e9a67f7,agentic,adult_raw_synapse,dist,False,distribution_formats.[].access_urls.[]; resources.[].id; resources.[].page
data/d4d_concatenated/claudecode_agent/2026-07-28_claude-opus-5-generic_rep3/VOICE_d4d.yaml,VOICE,src/download/prompts/d4d_generic_arm_prompt.md@7e9a67f7,agentic,adult_raw_synapse,related,False,external_resources.[].external_resources.[]
data/d4d_concatenated/claudecode_agent/2026-07-28_claude-opus-5-generic_rep3/VOICE_d4d.yaml,VOICE,src/download/prompts/d4d_generic_arm_prompt.md@7e9a67f7,agentic,adult_raw_synapse,text,False,raw_data_sources.[].access_details
data/d4d_concatenated/claudecode_agent/2026-07-28_claude-opus-5-generic_rep3/VOICE_d4d.yaml,VOICE,src/download/prompts/d4d_generic_arm_prompt.md@7e9a67f7,agentic,ped_1.1.0,dist,True,distribution_formats.[].access_urls.[]
data/d4d_concatenated/claudecode_agent/2026-07-28_claude-opus-5-generic_rep3/VOICE_d4d.yaml,VOICE,src/download/prompts/d4d_generic_arm_prompt.md@7e9a67f7,agentic,ped_1.1.0,related,False,related_datasets.[].target_dataset
data/d4d_concatenated/claudecode_agent/2026-07-28_claude-opus-5-generic_rep3/VOICE_d4d.yaml,VOICE,src/download/prompts/d4d_generic_arm_prompt.md@7e9a67f7,agentic,ped_1.1.0,version,True,version_access.versions_available.[]
data/d4d_concatenated/claudecode_agent/2026-07-28_claude-opus-5-generic_rep3/VOICE_d4d.yaml,VOICE,src/download/prompts/d4d_generic_arm_prompt.md@7e9a67f7,agentic,ped_all,dist,True,distribution_formats.[].access_urls.[]
data/d4d_concatenated/claudecode_agent/2026-07-28_claude-opus-5-generic_rep3/VOICE_d4d.yaml,VOICE,src/download/prompts/d4d_generic_arm_prompt.md@7e9a67f7,agentic,ped_all,text,False,version_access.version_details.[]
data/d4d_concatenated/claudecode_agent/2026-07-28_claude-opus-5-generic_rep3/VOICE_d4d.yaml,VOICE,src/download/prompts/d4d_generic_arm_prompt.md@7e9a67f7,agentic,ped_raw_synapse,dist,True,distribution_formats.[].access_urls.[]
data/d4d_concatenated/claudecode_agent/2026-07-28_claude-opus-5-generic_rep3/VOICE_d4d.yaml,VOICE,src/download/prompts/d4d_generic_arm_prompt.md@7e9a67f7,agentic,ped_raw_synapse,related,False,external_resources.[].external_resources.[]
data/d4d_concatenated/claudecode_agent/2026-07-28_claude-opus-5-generic_rep3/VOICE_d4d.yaml,VOICE,src/download/prompts/d4d_generic_arm_prompt.md@7e9a67f7,agentic,ped_raw_synapse,text,False,raw_data_sources.[].access_details; related_datasets.[].description
data/d4d_concatenated/claudecode_agent/2026-07-31_claude-opus-5-api-generic_rep1/VOICE_d4d.yaml,VOICE,src/download/prompts/d4d_generic_arm_prompt.md@0fbc626b,api,adult_1.0_hdn,text,False,version_access.description
data/d4d_concatenated/claudecode_agent/2026-07-31_claude-opus-5-api-generic_rep1/VOICE_d4d.yaml,VOICE,src/download/prompts/d4d_generic_arm_prompt.md@0fbc626b,api,adult_1.1,text,False,version_access.description
data/d4d_concatenated/claudecode_agent/2026-07-31_claude-opus-5-api-generic_rep1/VOICE_d4d.yaml,VOICE,src/download/prompts/d4d_generic_arm_prompt.md@0fbc626b,api,adult_3.0.0,text,False,version_access.description
data/d4d_concatenated/claudecode_agent/2026-07-31_claude-opus-5-api-generic_rep1/VOICE_d4d.yaml,VOICE,src/download/prompts/d4d_generic_arm_prompt.md@0fbc626b,api,adult_3.1.0,dist,False,file_collections.[].id
data/d4d_concatenated/claudecode_agent/2026-07-31_claude-opus-5-api-generic_rep1/VOICE_d4d.yaml,VOICE,src/download/prompts/d4d_generic_arm_prompt.md@0fbc626b,api,adult_3.1.0,other,False,subsets.[].id
data/d4d_concatenated/claudecode_agent/2026-07-31_claude-opus-5-api-generic_rep1/VOICE_d4d.yaml,VOICE,src/download/prompts/d4d_generic_arm_prompt.md@0fbc626b,api,adult_3.1.0,root,False,citation; doi; id; page
data/d4d_concatenated/claudecode_agent/2026-07-31_claude-opus-5-api-generic_rep1/VOICE_d4d.yaml,VOICE,src/download/prompts/d4d_generic_arm_prompt.md@0fbc626b,api,adult_3.1.0,text,False,version_access.description
data/d4d_concatenated/claudecode_agent/2026-07-31_claude-opus-5-api-generic_rep1/VOICE_d4d.yaml,VOICE,src/download/prompts/d4d_generic_arm_prompt.md@0fbc626b,api,adult_all,text,False,version_access.description
data/d4d_concatenated/claudecode_agent/2026-07-31_claude-opus-5-api-generic_rep1/VOICE_d4d.yaml,VOICE,src/download/prompts/d4d_generic_arm_prompt.md@0fbc626b,api,adult_raw_synapse,dist,False,file_collections.[].id
data/d4d_concatenated/claudecode_agent/2026-07-31_claude-opus-5-api-generic_rep1/VOICE_d4d.yaml,VOICE,src/download/prompts/d4d_generic_arm_prompt.md@0fbc626b,api,adult_raw_synapse,text,False,external_resources.[].description; raw_data_sources.[].source_description; third_party_sharing.[].description
data/d4d_concatenated/claudecode_agent/2026-07-31_claude-opus-5-api-generic_rep1/VOICE_d4d.yaml,VOICE,src/download/prompts/d4d_generic_arm_prompt.md@0fbc626b,api,ped_1.1.0,text,False,external_resources.[].description
data/d4d_concatenated/claudecode_agent/2026-07-31_claude-opus-5-api-generic_rep1/VOICE_d4d.yaml,VOICE,src/download/prompts/d4d_generic_arm_prompt.md@0fbc626b,api,ped_all,text,False,external_resources.[].description
data/d4d_concatenated/claudecode_agent/2026-07-31_claude-opus-5-api-generic_rep1/VOICE_d4d.yaml,VOICE,src/download/prompts/d4d_generic_arm_prompt.md@0fbc626b,api,ped_raw_synapse,text,False,external_resources.[].description; raw_data_sources.[].source_description
data/d4d_concatenated/claudecode_agent/2026-07-31_claude-opus-5-api-generic_rep2/VOICE_d4d.yaml,VOICE,src/download/prompts/d4d_generic_arm_prompt.md@0fbc626b,api,adult_1.0_hdn,text,False,distribution_dates.[].description; external_resources.[].description; version_access.description
data/d4d_concatenated/claudecode_agent/2026-07-31_claude-opus-5-api-generic_rep2/VOICE_d4d.yaml,VOICE,src/download/prompts/d4d_generic_arm_prompt.md@0fbc626b,api,adult_1.1,text,False,distribution_dates.[].description
data/d4d_concatenated/claudecode_agent/2026-07-31_claude-opus-5-api-generic_rep2/VOICE_d4d.yaml,VOICE,src/download/prompts/d4d_generic_arm_prompt.md@0fbc626b,api,adult_3.0.0,text,False,distribution_dates.[].description
data/d4d_concatenated/claudecode_agent/2026-07-31_claude-opus-5-api-generic_rep2/VOICE_d4d.yaml,VOICE,src/download/prompts/d4d_generic_arm_prompt.md@0fbc626b,api,adult_3.1.0,dist,False,file_collections.[].id
data/d4d_concatenated/claudecode_agent/2026-07-31_claude-opus-5-api-generic_rep2/VOICE_d4d.yaml,VOICE,src/download/prompts/d4d_generic_arm_prompt.md@0fbc626b,api,adult_3.1.0,root,False,citation; doi; id; page
data/d4d_concatenated/claudecode_agent/2026-07-31_claude-opus-5-api-generic_rep2/VOICE_d4d.yaml,VOICE,src/download/prompts/d4d_generic_arm_prompt.md@0fbc626b,api,adult_3.1.0,text,False,distribution_dates.[].description
data/d4d_concatenated/claudecode_agent/2026-07-31_claude-opus-5-api-generic_rep2/VOICE_d4d.yaml,VOICE,src/download/prompts/d4d_generic_arm_prompt.md@0fbc626b,api,adult_all,text,False,version_access.description
data/d4d_concatenated/claudecode_agent/2026-07-31_claude-opus-5-api-generic_rep2/VOICE_d4d.yaml,VOICE,src/download/prompts/d4d_generic_arm_prompt.md@0fbc626b,api,adult_raw_synapse,dist,False,file_collections.[].id
data/d4d_concatenated/claudecode_agent/2026-07-31_claude-opus-5-api-generic_rep2/VOICE_d4d.yaml,VOICE,src/download/prompts/d4d_generic_arm_prompt.md@0fbc626b,api,adult_raw_synapse,text,False,maintainers.[].description; raw_data_sources.[].source_description
data/d4d_concatenated/claudecode_agent/2026-07-31_claude-opus-5-api-generic_rep2/VOICE_d4d.yaml,VOICE,src/download/prompts/d4d_generic_arm_prompt.md@0fbc626b,api,ped_1.1.0,text,False,distribution_dates.[].description; external_resources.[].description
data/d4d_concatenated/claudecode_agent/2026-07-31_claude-opus-5-api-generic_rep2/VOICE_d4d.yaml,VOICE,src/download/prompts/d4d_generic_arm_prompt.md@0fbc626b,api,ped_all,text,False,external_resources.[].description
data/d4d_concatenated/claudecode_agent/2026-07-31_claude-opus-5-api-generic_rep2/VOICE_d4d.yaml,VOICE,src/download/prompts/d4d_generic_arm_prompt.md@0fbc626b,api,ped_raw_synapse,text,False,maintainers.[].description
data/d4d_concatenated/claudecode_agent/2026-07-31_claude-opus-5-api-generic_rep3/VOICE_d4d.yaml,VOICE,src/download/prompts/d4d_generic_arm_prompt.md@0fbc626b,api,adult_1.0_hdn,text,False,external_resources.[].description; version_access.description
data/d4d_concatenated/claudecode_agent/2026-07-31_claude-opus-5-api-generic_rep3/VOICE_d4d.yaml,VOICE,src/download/prompts/d4d_generic_arm_prompt.md@0fbc626b,api,adult_1.1,text,False,version_access.description
data/d4d_concatenated/claudecode_agent/2026-07-31_claude-opus-5-api-generic_rep3/VOICE_d4d.yaml,VOICE,src/download/prompts/d4d_generic_arm_prompt.md@0fbc626b,api,adult_3.0.0,text,False,version_access.description
data/d4d_concatenated/claudecode_agent/2026-07-31_claude-opus-5-api-generic_rep3/VOICE_d4d.yaml,VOICE,src/download/prompts/d4d_generic_arm_prompt.md@0fbc626b,api,adult_3.1.0,dist,False,file_collections.[].id
data/d4d_concatenated/claudecode_agent/2026-07-31_claude-opus-5-api-generic_rep3/VOICE_d4d.yaml,VOICE,src/download/prompts/d4d_generic_arm_prompt.md@0fbc626b,api,adult_3.1.0,root,False,citation; doi; id; page
data/d4d_concatenated/claudecode_agent/2026-07-31_claude-opus-5-api-generic_rep3/VOICE_d4d.yaml,VOICE,src/download/prompts/d4d_generic_arm_prompt.md@0fbc626b,api,adult_3.1.0,text,False,version_access.description
data/d4d_concatenated/claudecode_agent/2026-07-31_claude-opus-5-api-generic_rep3/VOICE_d4d.yaml,VOICE,src/download/prompts/d4d_generic_arm_prompt.md@0fbc626b,api,adult_all,text,False,version_access.description
data/d4d_concatenated/claudecode_agent/2026-07-31_claude-opus-5-api-generic_rep3/VOICE_d4d.yaml,VOICE,src/download/prompts/d4d_generic_arm_prompt.md@0fbc626b,api,adult_raw_synapse,text,False,external_resources.[].description; raw_data_sources.[].source_description
data/d4d_concatenated/claudecode_agent/2026-07-31_claude-opus-5-api-generic_rep3/VOICE_d4d.yaml,VOICE,src/download/prompts/d4d_generic_arm_prompt.md@0fbc626b,api,ped_1.1.0,text,False,external_resources.[].description
data/d4d_concatenated/claudecode_agent/2026-07-31_claude-opus-5-api-generic_rep3/VOICE_d4d.yaml,VOICE,src/download/prompts/d4d_generic_arm_prompt.md@0fbc626b,api,ped_all,text,False,external_resources.[].description
data/d4d_concatenated/claudecode_agent/2026-07-31_claude-opus-5-api-generic_rep3/VOICE_d4d.yaml,VOICE,src/download/prompts/d4d_generic_arm_prompt.md@0fbc626b,api,ped_raw_synapse,text,False,raw_data_sources.[].source_description
data/d4d_concatenated/claudecode_agent/2026-07-31_claude-opus-5-generic-v2_rep1/VOICE_d4d.yaml,VOICE,src/download/prompts/d4d_generic_arm_prompt_v2.md@47806134,api,adult_1.0_hdn,text,False,external_resources.[].description; version_access.description
data/d4d_concatenated/claudecode_agent/2026-07-31_claude-opus-5-generic-v2_rep1/VOICE_d4d.yaml,VOICE,src/download/prompts/d4d_generic_arm_prompt_v2.md@47806134,api,adult_1.1,text,False,version_access.description
data/d4d_concatenated/claudecode_agent/2026-07-31_claude-opus-5-generic-v2_rep1/VOICE_d4d.yaml,VOICE,src/download/prompts/d4d_generic_arm_prompt_v2.md@47806134,api,adult_3.0.0,text,False,version_access.description
data/d4d_concatenated/claudecode_agent/2026-07-31_claude-opus-5-generic-v2_rep1/VOICE_d4d.yaml,VOICE,src/download/prompts/d4d_generic_arm_prompt_v2.md@47806134,api,adult_3.1.0,dist,False,file_collections.[].id
data/d4d_concatenated/claudecode_agent/2026-07-31_claude-opus-5-generic-v2_rep1/VOICE_d4d.yaml,VOICE,src/download/prompts/d4d_generic_arm_prompt_v2.md@47806134,api,adult_3.1.0,other,False,subsets.[].id
data/d4d_concatenated/claudecode_agent/2026-07-31_claude-opus-5-generic-v2_rep1/VOICE_d4d.yaml,VOICE,src/download/prompts/d4d_generic_arm_prompt_v2.md@47806134,api,adult_3.1.0,root,False,citation; doi; id; page
data/d4d_concatenated/claudecode_agent/2026-07-31_claude-opus-5-generic-v2_rep1/VOICE_d4d.yaml,VOICE,src/download/prompts/d4d_generic_arm_prompt_v2.md@47806134,api,adult_3.1.0,text,False,version_access.description
data/d4d_concatenated/claudecode_agent/2026-07-31_claude-opus-5-generic-v2_rep1/VOICE_d4d.yaml,VOICE,src/download/prompts/d4d_generic_arm_prompt_v2.md@47806134,api,adult_all,text,False,version_access.description
data/d4d_concatenated/claudecode_agent/2026-07-31_claude-opus-5-generic-v2_rep1/VOICE_d4d.yaml,VOICE,src/download/prompts/d4d_generic_arm_prompt_v2.md@47806134,api,adult_raw_synapse,text,False,external_resources.[].description; raw_data_sources.[].source_description; third_party_sharing.[].description
data/d4d_concatenated/claudecode_agent/2026-07-31_claude-opus-5-generic-v2_rep1/VOICE_d4d.yaml,VOICE,src/download/prompts/d4d_generic_arm_prompt_v2.md@47806134,api,ped_1.1.0,related,False,related_datasets.[].target_dataset.doi; related_datasets.[].target_dataset.id; related_datasets.[].target_dataset.page
data/d4d_concatenated/claudecode_agent/2026-07-31_claude-opus-5-generic-v2_rep1/VOICE_d4d.yaml,VOICE,src/download/prompts/d4d_generic_arm_prompt_v2.md@47806134,api,ped_raw_synapse,text,False,related_datasets.[].target_dataset.description
data/d4d_concatenated/claudecode_agent/2026-07-31_claude-opus-5-generic-v2_rep2/VOICE_d4d.yaml,VOICE,src/download/prompts/d4d_generic_arm_prompt_v2.md@47806134,api,adult_1.0_hdn,related,False,related_datasets.[].target_dataset
data/d4d_concatenated/claudecode_agent/2026-07-31_claude-opus-5-generic-v2_rep2/VOICE_d4d.yaml,VOICE,src/download/prompts/d4d_generic_arm_prompt_v2.md@47806134,api,adult_1.0_hdn,text,False,distribution_dates.[].description; external_resources.[].description; version_access.description
data/d4d_concatenated/claudecode_agent/2026-07-31_claude-opus-5-generic-v2_rep2/VOICE_d4d.yaml,VOICE,src/download/prompts/d4d_generic_arm_prompt_v2.md@47806134,api,adult_1.1,text,False,distribution_dates.[].description; version_access.description
data/d4d_concatenated/claudecode_agent/2026-07-31_claude-opus-5-generic-v2_rep2/VOICE_d4d.yaml,VOICE,src/download/prompts/d4d_generic_arm_prompt_v2.md@47806134,api,adult_3.0.0,text,False,distribution_dates.[].description; version_access.description
data/d4d_concatenated/claudecode_agent/2026-07-31_claude-opus-5-generic-v2_rep2/VOICE_d4d.yaml,VOICE,src/download/prompts/d4d_generic_arm_prompt_v2.md@47806134,api,adult_3.1.0,root,False,citation; doi; id; page
data/d4d_concatenated/claudecode_agent/2026-07-31_claude-opus-5-generic-v2_rep2/VOICE_d4d.yaml,VOICE,src/download/prompts/d4d_generic_arm_prompt_v2.md@47806134,api,adult_3.1.0,text,False,distribution_dates.[].description; version_access.description
data/d4d_concatenated/claudecode_agent/2026-07-31_claude-opus-5-generic-v2_rep2/VOICE_d4d.yaml,VOICE,src/download/prompts/d4d_generic_arm_prompt_v2.md@47806134,api,adult_all,text,False,version_access.description
data/d4d_concatenated/claudecode_agent/2026-07-31_claude-opus-5-generic-v2_rep2/VOICE_d4d.yaml,VOICE,src/download/prompts/d4d_generic_arm_prompt_v2.md@47806134,api,adult_raw_synapse,related,False,related_datasets.[].target_dataset
data/d4d_concatenated/claudecode_agent/2026-07-31_claude-opus-5-generic-v2_rep2/VOICE_d4d.yaml,VOICE,src/download/prompts/d4d_generic_arm_prompt_v2.md@47806134,api,adult_raw_synapse,text,False,external_resources.[].description; file_collections.[].description; raw_data_sources.[].source_description
data/d4d_concatenated/claudecode_agent/2026-07-31_claude-opus-5-generic-v2_rep2/VOICE_d4d.yaml,VOICE,src/download/prompts/d4d_generic_arm_prompt_v2.md@47806134,api,ped_1.1.0,related,False,related_datasets.[].target_dataset
data/d4d_concatenated/claudecode_agent/2026-07-31_claude-opus-5-generic-v2_rep2/VOICE_d4d.yaml,VOICE,src/download/prompts/d4d_generic_arm_prompt_v2.md@47806134,api,ped_1.1.0,text,False,external_resources.[].description; related_datasets.[].description
data/d4d_concatenated/claudecode_agent/2026-07-31_claude-opus-5-generic-v2_rep2/VOICE_d4d.yaml,VOICE,src/download/prompts/d4d_generic_arm_prompt_v2.md@47806134,api,ped_all,text,False,external_resources.[].description; related_datasets.[].description
data/d4d_concatenated/claudecode_agent/2026-07-31_claude-opus-5-generic-v2_rep2/VOICE_d4d.yaml,VOICE,src/download/prompts/d4d_generic_arm_prompt_v2.md@47806134,api,ped_raw_synapse,text,False,external_resources.[].description; raw_data_sources.[].source_description
data/d4d_concatenated/claudecode_agent/2026-07-31_claude-opus-5-generic-v2_rep3/VOICE_d4d.yaml,VOICE,src/download/prompts/d4d_generic_arm_prompt_v2.md@47806134,api,adult_1.0_hdn,related,False,related_datasets.[].target_dataset
data/d4d_concatenated/claudecode_agent/2026-07-31_claude-opus-5-generic-v2_rep3/VOICE_d4d.yaml,VOICE,src/download/prompts/d4d_generic_arm_prompt_v2.md@47806134,api,adult_1.0_hdn,text,False,version_access.description
data/d4d_concatenated/claudecode_agent/2026-07-31_claude-opus-5-generic-v2_rep3/VOICE_d4d.yaml,VOICE,src/download/prompts/d4d_generic_arm_prompt_v2.md@47806134,api,adult_1.1,text,False,version_access.description
data/d4d_concatenated/claudecode_agent/2026-07-31_claude-opus-5-generic-v2_rep3/VOICE_d4d.yaml,VOICE,src/download/prompts/d4d_generic_arm_prompt_v2.md@47806134,api,adult_3.0.0,related,False,related_datasets.[].target_dataset
data/d4d_concatenated/claudecode_agent/2026-07-31_claude-opus-5-generic-v2_rep3/VOICE_d4d.yaml,VOICE,src/download/prompts/d4d_generic_arm_prompt_v2.md@47806134,api,adult_3.0.0,text,False,version_access.description
data/d4d_concatenated/claudecode_agent/2026-07-31_claude-opus-5-generic-v2_rep3/VOICE_d4d.yaml,VOICE,src/download/prompts/d4d_generic_arm_prompt_v2.md@47806134,api,adult_3.1.0,root,False,citation; doi; page
data/d4d_concatenated/claudecode_agent/2026-07-31_claude-opus-5-generic-v2_rep3/VOICE_d4d.yaml,VOICE,src/download/prompts/d4d_generic_arm_prompt_v2.md@47806134,api,adult_3.1.0,text,False,version_access.description
data/d4d_concatenated/claudecode_agent/2026-07-31_claude-opus-5-generic-v2_rep3/VOICE_d4d.yaml,VOICE,src/download/prompts/d4d_generic_arm_prompt_v2.md@47806134,api,adult_all,root,False,id
data/d4d_concatenated/claudecode_agent/2026-07-31_claude-opus-5-generic-v2_rep3/VOICE_d4d.yaml,VOICE,src/download/prompts/d4d_generic_arm_prompt_v2.md@47806134,api,adult_all,text,False,version_access.description
data/d4d_concatenated/claudecode_agent/2026-07-31_claude-opus-5-generic-v2_rep3/VOICE_d4d.yaml,VOICE,src/download/prompts/d4d_generic_arm_prompt_v2.md@47806134,api,adult_raw_synapse,text,False,external_resources.[].description; raw_data_sources.[].source_description
data/d4d_concatenated/claudecode_agent/2026-07-31_claude-opus-5-generic-v2_rep3/VOICE_d4d.yaml,VOICE,src/download/prompts/d4d_generic_arm_prompt_v2.md@47806134,api,ped_1.1.0,text,False,related_datasets.[].description
data/d4d_concatenated/claudecode_agent/2026-07-31_claude-opus-5-generic-v2_rep3/VOICE_d4d.yaml,VOICE,src/download/prompts/d4d_generic_arm_prompt_v2.md@47806134,api,ped_all,related,False,related_datasets.[].target_dataset
data/d4d_concatenated/claudecode_agent/2026-07-31_claude-opus-5-generic-v2_rep3/VOICE_d4d.yaml,VOICE,src/download/prompts/d4d_generic_arm_prompt_v2.md@47806134,api,ped_all,text,False,related_datasets.[].description
data/d4d_concatenated/claudecode_agent/2026-07-31_claude-opus-5-generic-v2_rep3/VOICE_d4d.yaml,VOICE,src/download/prompts/d4d_generic_arm_prompt_v2.md@47806134,api,ped_raw_synapse,text,False,related_datasets.[].description
data/d4d_concatenated/claudecode_agent/2026-08-07_claude-opus-5-claudecode-generic-v3_rep1/VOICE_PEDIATRIC_d4d.yaml,VOICE_PEDIATRIC,src/download/prompts/d4d_generic_arm_prompt.md@0fbc626b,agentic,adult_all,related,False,related_datasets.[].target_dataset
data/d4d_concatenated/claudecode_agent/2026-08-07_claude-opus-5-claudecode-generic-v3_rep1/VOICE_PEDIATRIC_d4d.yaml,VOICE_PEDIATRIC,src/download/prompts/d4d_generic_arm_prompt.md@0fbc626b,agentic,ped_1.1.0,dist,False,distribution_formats.[].access_urls.[]
data/d4d_concatenated/claudecode_agent/2026-08-07_claude-opus-5-claudecode-generic-v3_rep1/VOICE_PEDIATRIC_d4d.yaml,VOICE_PEDIATRIC,src/download/prompts/d4d_generic_arm_prompt.md@0fbc626b,agentic,ped_1.1.0,root,False,citation; doi; id; page
data/d4d_concatenated/claudecode_agent/2026-08-07_claude-opus-5-claudecode-generic-v3_rep1/VOICE_PEDIATRIC_d4d.yaml,VOICE_PEDIATRIC,src/download/prompts/d4d_generic_arm_prompt.md@0fbc626b,agentic,ped_1.1.0,text,False,source_caveats; version_access.version_details
data/d4d_concatenated/claudecode_agent/2026-08-07_claude-opus-5-claudecode-generic-v3_rep1/VOICE_PEDIATRIC_d4d.yaml,VOICE_PEDIATRIC,src/download/prompts/d4d_generic_arm_prompt.md@0fbc626b,agentic,ped_all,version,False,version_access.latest_version_doi
data/d4d_concatenated/claudecode_agent/2026-08-07_claude-opus-5-claudecode-generic-v3_rep1/VOICE_PEDIATRIC_d4d.yaml,VOICE_PEDIATRIC,src/download/prompts/d4d_generic_arm_prompt.md@0fbc626b,agentic,ped_raw_synapse,dist,False,distribution_formats.[].access_urls.[]; raw_sources.[].access_url
data/d4d_concatenated/claudecode_agent/2026-08-07_claude-opus-5-claudecode-generic-v3_rep1/VOICE_PEDIATRIC_d4d.yaml,VOICE_PEDIATRIC,src/download/prompts/d4d_generic_arm_prompt.md@0fbc626b,agentic,ped_raw_synapse,related,False,external_resources.[].external_resources.[]
data/d4d_concatenated/claudecode_agent/2026-08-07_claude-opus-5-claudecode-generic-v3_rep1/VOICE_PEDIATRIC_d4d.yaml,VOICE_PEDIATRIC,src/download/prompts/d4d_generic_arm_prompt.md@0fbc626b,agentic,ped_raw_synapse,text,False,raw_data_sources.[].access_details
data/d4d_concatenated/claudecode_agent/2026-08-07_claude-opus-5-claudecode-generic-v3_rep1/VOICE_d4d.yaml,VOICE,src/download/prompts/d4d_generic_arm_prompt.md@0fbc626b,agentic,adult_1.0_hdn,related,False,related_datasets.[].target_dataset
data/d4d_concatenated/claudecode_agent/2026-08-07_claude-opus-5-claudecode-generic-v3_rep1/VOICE_d4d.yaml,VOICE,src/download/prompts/d4d_generic_arm_prompt.md@0fbc626b,agentic,adult_1.0_hdn,text,False,related_datasets.[].description; version_access.version_details
data/d4d_concatenated/claudecode_agent/2026-08-07_claude-opus-5-claudecode-generic-v3_rep1/VOICE_d4d.yaml,VOICE,src/download/prompts/d4d_generic_arm_prompt.md@0fbc626b,agentic,adult_1.1,text,False,version_access.version_details
data/d4d_concatenated/claudecode_agent/2026-08-07_claude-opus-5-claudecode-generic-v3_rep1/VOICE_d4d.yaml,VOICE,src/download/prompts/d4d_generic_arm_prompt.md@0fbc626b,agentic,adult_3.0.0,text,False,version_access.version_details
data/d4d_concatenated/claudecode_agent/2026-08-07_claude-opus-5-claudecode-generic-v3_rep1/VOICE_d4d.yaml,VOICE,src/download/prompts/d4d_generic_arm_prompt.md@0fbc626b,agentic,adult_3.1.0,dist,False,distribution_formats.[].access_urls.[]; distribution_formats.[].download_url; download_url
data/d4d_concatenated/claudecode_agent/2026-08-07_claude-opus-5-claudecode-generic-v3_rep1/VOICE_d4d.yaml,VOICE,src/download/prompts/d4d_generic_arm_prompt.md@0fbc626b,agentic,adult_3.1.0,root,False,citation; doi; id
data/d4d_concatenated/claudecode_agent/2026-08-07_claude-opus-5-claudecode-generic-v3_rep1/VOICE_d4d.yaml,VOICE,src/download/prompts/d4d_generic_arm_prompt.md@0fbc626b,agentic,adult_3.1.0,text,False,version_access.version_details
data/d4d_concatenated/claudecode_agent/2026-08-07_claude-opus-5-claudecode-generic-v3_rep1/VOICE_d4d.yaml,VOICE,src/download/prompts/d4d_generic_arm_prompt.md@0fbc626b,agentic,adult_all,text,False,version_access.version_details
data/d4d_concatenated/claudecode_agent/2026-08-07_claude-opus-5-claudecode-generic-v3_rep1/VOICE_d4d.yaml,VOICE,src/download/prompts/d4d_generic_arm_prompt.md@0fbc626b,agentic,adult_all,version,False,version_access.latest_version_doi
data/d4d_concatenated/claudecode_agent/2026-08-07_claude-opus-5-claudecode-generic-v3_rep1/VOICE_d4d.yaml,VOICE,src/download/prompts/d4d_generic_arm_prompt.md@0fbc626b,agentic,adult_raw_synapse,dist,False,raw_sources.[].access_url
data/d4d_concatenated/claudecode_agent/2026-08-07_claude-opus-5-claudecode-generic-v3_rep1/VOICE_d4d.yaml,VOICE,src/download/prompts/d4d_generic_arm_prompt.md@0fbc626b,agentic,ped_1.1.0,related,False,related_datasets.[].target_dataset
data/d4d_concatenated/claudecode_agent/2026-08-07_claude-opus-5-claudecode-generic-v3_rep1/VOICE_d4d.yaml,VOICE,src/download/prompts/d4d_generic_arm_prompt.md@0fbc626b,agentic,ped_raw_synapse,text,False,related_datasets.[].description
data/d4d_concatenated/claudecode_agent/2026-08-07_claude-opus-5-claudecode-generic-v3_rep2/VOICE_PEDIATRIC_d4d.yaml,VOICE_PEDIATRIC,src/download/prompts/d4d_generic_arm_prompt.md@0fbc626b,agentic,adult_all,related,False,related_datasets.[].target_dataset
data/d4d_concatenated/claudecode_agent/2026-08-07_claude-opus-5-claudecode-generic-v3_rep2/VOICE_PEDIATRIC_d4d.yaml,VOICE_PEDIATRIC,src/download/prompts/d4d_generic_arm_prompt.md@0fbc626b,agentic,ped_1.1.0,dist,False,distribution_formats.[].access_urls.[]; file_collections.[].id; file_collections.[].resources.[].id
data/d4d_concatenated/claudecode_agent/2026-08-07_claude-opus-5-claudecode-generic-v3_rep2/VOICE_PEDIATRIC_d4d.yaml,VOICE_PEDIATRIC,src/download/prompts/d4d_generic_arm_prompt.md@0fbc626b,agentic,ped_1.1.0,root,False,citation; doi; id; page
data/d4d_concatenated/claudecode_agent/2026-08-07_claude-opus-5-claudecode-generic-v3_rep2/VOICE_PEDIATRIC_d4d.yaml,VOICE_PEDIATRIC,src/download/prompts/d4d_generic_arm_prompt.md@0fbc626b,agentic,ped_1.1.0,text,False,source_caveats
data/d4d_concatenated/claudecode_agent/2026-08-07_claude-opus-5-claudecode-generic-v3_rep2/VOICE_PEDIATRIC_d4d.yaml,VOICE_PEDIATRIC,src/download/prompts/d4d_generic_arm_prompt.md@0fbc626b,agentic,ped_all,text,False,source_caveats
data/d4d_concatenated/claudecode_agent/2026-08-07_claude-opus-5-claudecode-generic-v3_rep2/VOICE_PEDIATRIC_d4d.yaml,VOICE_PEDIATRIC,src/download/prompts/d4d_generic_arm_prompt.md@0fbc626b,agentic,ped_all,version,False,version_access.latest_version_doi
data/d4d_concatenated/claudecode_agent/2026-08-07_claude-opus-5-claudecode-generic-v3_rep2/VOICE_PEDIATRIC_d4d.yaml,VOICE_PEDIATRIC,src/download/prompts/d4d_generic_arm_prompt.md@0fbc626b,agentic,ped_raw_synapse,dist,False,distribution_formats.[].access_urls.[]; raw_sources.[].access_url
data/d4d_concatenated/claudecode_agent/2026-08-07_claude-opus-5-claudecode-generic-v3_rep2/VOICE_PEDIATRIC_d4d.yaml,VOICE_PEDIATRIC,src/download/prompts/d4d_generic_arm_prompt.md@0fbc626b,agentic,ped_raw_synapse,related,False,related_datasets.[].target_dataset
data/d4d_concatenated/claudecode_agent/2026-08-07_claude-opus-5-claudecode-generic-v3_rep2/VOICE_d4d.yaml,VOICE,src/download/prompts/d4d_generic_arm_prompt.md@0fbc626b,agentic,adult_1.0_hdn,dist,True,resources.[].doi; resources.[].id
data/d4d_concatenated/claudecode_agent/2026-08-07_claude-opus-5-claudecode-generic-v3_rep2/VOICE_d4d.yaml,VOICE,src/download/prompts/d4d_generic_arm_prompt.md@0fbc626b,agentic,adult_1.0_hdn,version,False,version_access.versions_available.[]
data/d4d_concatenated/claudecode_agent/2026-08-07_claude-opus-5-claudecode-generic-v3_rep2/VOICE_d4d.yaml,VOICE,src/download/prompts/d4d_generic_arm_prompt.md@0fbc626b,agentic,adult_1.1,dist,True,resources.[].doi; resources.[].id; resources.[].page
data/d4d_concatenated/claudecode_agent/2026-08-07_claude-opus-5-claudecode-generic-v3_rep2/VOICE_d4d.yaml,VOICE,src/download/prompts/d4d_generic_arm_prompt.md@0fbc626b,agentic,adult_1.1,version,False,version_access.versions_available.[]
data/d4d_concatenated/claudecode_agent/2026-08-07_claude-opus-5-claudecode-generic-v3_rep2/VOICE_d4d.yaml,VOICE,src/download/prompts/d4d_generic_arm_prompt.md@0fbc626b,agentic,adult_2.0.x,dist,True,resources.[].id
data/d4d_concatenated/claudecode_agent/2026-08-07_claude-opus-5-claudecode-generic-v3_rep2/VOICE_d4d.yaml,VOICE,src/download/prompts/d4d_generic_arm_prompt.md@0fbc626b,agentic,adult_3.0.0,dist,True,resources.[].doi; resources.[].id; resources.[].page
data/d4d_concatenated/claudecode_agent/2026-08-07_claude-opus-5-claudecode-generic-v3_rep2/VOICE_d4d.yaml,VOICE,src/download/prompts/d4d_generic_arm_prompt.md@0fbc626b,agentic,adult_3.0.0,version,False,version_access.versions_available.[]
data/d4d_concatenated/claudecode_agent/2026-08-07_claude-opus-5-claudecode-generic-v3_rep2/VOICE_d4d.yaml,VOICE,src/download/prompts/d4d_generic_arm_prompt.md@0fbc626b,agentic,adult_3.1.0,dist,False,distribution_formats.[].access_urls.[]; file_collections.[].id; resources.[].doi; resources.[].id; resources.[].page
data/d4d_concatenated/claudecode_agent/2026-08-07_claude-opus-5-claudecode-generic-v3_rep2/VOICE_d4d.yaml,VOICE,src/download/prompts/d4d_generic_arm_prompt.md@0fbc626b,agentic,adult_3.1.0,root,False,citation; page
data/d4d_concatenated/claudecode_agent/2026-08-07_claude-opus-5-claudecode-generic-v3_rep2/VOICE_d4d.yaml,VOICE,src/download/prompts/d4d_generic_arm_prompt.md@0fbc626b,agentic,adult_3.1.0,version,False,version_access.versions_available.[]
data/d4d_concatenated/claudecode_agent/2026-08-07_claude-opus-5-claudecode-generic-v3_rep2/VOICE_d4d.yaml,VOICE,src/download/prompts/d4d_generic_arm_prompt.md@0fbc626b,agentic,adult_all,dist,False,distribution_formats.[].access_urls.[]
data/d4d_concatenated/claudecode_agent/2026-08-07_claude-opus-5-claudecode-generic-v3_rep2/VOICE_d4d.yaml,VOICE,src/download/prompts/d4d_generic_arm_prompt.md@0fbc626b,agentic,adult_all,root,False,doi; id
data/d4d_concatenated/claudecode_agent/2026-08-07_claude-opus-5-claudecode-generic-v3_rep2/VOICE_d4d.yaml,VOICE,src/download/prompts/d4d_generic_arm_prompt.md@0fbc626b,agentic,adult_all,text,False,version_access.version_details
data/d4d_concatenated/claudecode_agent/2026-08-07_claude-opus-5-claudecode-generic-v3_rep2/VOICE_d4d.yaml,VOICE,src/download/prompts/d4d_generic_arm_prompt.md@0fbc626b,agentic,adult_all,version,False,version_access.latest_version_doi
data/d4d_concatenated/claudecode_agent/2026-08-07_claude-opus-5-claudecode-generic-v3_rep2/VOICE_d4d.yaml,VOICE,src/download/prompts/d4d_generic_arm_prompt.md@0fbc626b,agentic,adult_raw_synapse,dist,False,distribution_formats.[].access_urls.[]; raw_sources.[].access_url
data/d4d_concatenated/claudecode_agent/2026-08-07_claude-opus-5-claudecode-generic-v3_rep2/VOICE_d4d.yaml,VOICE,src/download/prompts/d4d_generic_arm_prompt.md@0fbc626b,agentic,adult_raw_synapse,text,False,raw_data_sources.[].access_details
data/d4d_concatenated/claudecode_agent/2026-08-07_claude-opus-5-claudecode-generic-v3_rep2/VOICE_d4d.yaml,VOICE,src/download/prompts/d4d_generic_arm_prompt.md@0fbc626b,agentic,ped_1.1.0,related,False,related_datasets.[].target_dataset
data/d4d_concatenated/claudecode_agent/2026-08-07_claude-opus-5-claudecode-generic-v3_rep3/VOICE_PEDIATRIC_d4d.yaml,VOICE_PEDIATRIC,src/download/prompts/d4d_generic_arm_prompt.md@0fbc626b,agentic,adult_all,related,False,related_datasets.[].target_dataset
data/d4d_concatenated/claudecode_agent/2026-08-07_claude-opus-5-claudecode-generic-v3_rep3/VOICE_PEDIATRIC_d4d.yaml,VOICE_PEDIATRIC,src/download/prompts/d4d_generic_arm_prompt.md@0fbc626b,agentic,adult_all,text,False,related_datasets.[].description
data/d4d_concatenated/claudecode_agent/2026-08-07_claude-opus-5-claudecode-generic-v3_rep3/VOICE_PEDIATRIC_d4d.yaml,VOICE_PEDIATRIC,src/download/prompts/d4d_generic_arm_prompt.md@0fbc626b,agentic,ped_1.1.0,dist,False,distribution_formats.[].access_urls.[]
data/d4d_concatenated/claudecode_agent/2026-08-07_claude-opus-5-claudecode-generic-v3_rep3/VOICE_PEDIATRIC_d4d.yaml,VOICE_PEDIATRIC,src/download/prompts/d4d_generic_arm_prompt.md@0fbc626b,agentic,ped_1.1.0,root,False,citation; doi; id; page
data/d4d_concatenated/claudecode_agent/2026-08-07_claude-opus-5-claudecode-generic-v3_rep3/VOICE_PEDIATRIC_d4d.yaml,VOICE_PEDIATRIC,src/download/prompts/d4d_generic_arm_prompt.md@0fbc626b,agentic,ped_1.1.0,text,False,version_access.version_details
data/d4d_concatenated/claudecode_agent/2026-08-07_claude-opus-5-claudecode-generic-v3_rep3/VOICE_PEDIATRIC_d4d.yaml,VOICE_PEDIATRIC,src/download/prompts/d4d_generic_arm_prompt.md@0fbc626b,agentic,ped_all,text,False,version_access.version_details
data/d4d_concatenated/claudecode_agent/2026-08-07_claude-opus-5-claudecode-generic-v3_rep3/VOICE_PEDIATRIC_d4d.yaml,VOICE_PEDIATRIC,src/download/prompts/d4d_generic_arm_prompt.md@0fbc626b,agentic,ped_all,version,False,version_access.latest_version_doi
data/d4d_concatenated/claudecode_agent/2026-08-07_claude-opus-5-claudecode-generic-v3_rep3/VOICE_PEDIATRIC_d4d.yaml,VOICE_PEDIATRIC,src/download/prompts/d4d_generic_arm_prompt.md@0fbc626b,agentic,ped_raw_synapse,dist,False,raw_sources.[].access_url
data/d4d_concatenated/claudecode_agent/2026-08-07_claude-opus-5-claudecode-generic-v3_rep3/VOICE_PEDIATRIC_d4d.yaml,VOICE_PEDIATRIC,src/download/prompts/d4d_generic_arm_prompt.md@0fbc626b,agentic,ped_raw_synapse,related,False,external_resources.[].external_resources.[]
data/d4d_concatenated/claudecode_agent/2026-08-07_claude-opus-5-claudecode-generic-v3_rep3/VOICE_PEDIATRIC_d4d.yaml,VOICE_PEDIATRIC,src/download/prompts/d4d_generic_arm_prompt.md@0fbc626b,agentic,ped_raw_synapse,text,False,known_limitations.[].recommended_mitigation; raw_data_sources.[].access_details
data/d4d_concatenated/claudecode_agent/2026-08-07_claude-opus-5-claudecode-generic-v3_rep3/VOICE_d4d.yaml,VOICE,src/download/prompts/d4d_generic_arm_prompt.md@0fbc626b,agentic,adult_1.0_hdn,related,False,related_datasets.[].target_dataset
data/d4d_concatenated/claudecode_agent/2026-08-07_claude-opus-5-claudecode-generic-v3_rep3/VOICE_d4d.yaml,VOICE,src/download/prompts/d4d_generic_arm_prompt.md@0fbc626b,agentic,adult_1.0_hdn,version,False,version_access.versions_available.[]
data/d4d_concatenated/claudecode_agent/2026-08-07_claude-opus-5-claudecode-generic-v3_rep3/VOICE_d4d.yaml,VOICE,src/download/prompts/d4d_generic_arm_prompt.md@0fbc626b,agentic,adult_1.1,version,False,version_access.versions_available.[]
data/d4d_concatenated/claudecode_agent/2026-08-07_claude-opus-5-claudecode-generic-v3_rep3/VOICE_d4d.yaml,VOICE,src/download/prompts/d4d_generic_arm_prompt.md@0fbc626b,agentic,adult_3.0.0,related,False,related_datasets.[].target_dataset
data/d4d_concatenated/claudecode_agent/2026-08-07_claude-opus-5-claudecode-generic-v3_rep3/VOICE_d4d.yaml,VOICE,src/download/prompts/d4d_generic_arm_prompt.md@0fbc626b,agentic,adult_3.0.0,version,False,version_access.versions_available.[]
data/d4d_concatenated/claudecode_agent/2026-08-07_claude-opus-5-claudecode-generic-v3_rep3/VOICE_d4d.yaml,VOICE,src/download/prompts/d4d_generic_arm_prompt.md@0fbc626b,agentic,adult_3.1.0,dist,False,distribution_formats.[].access_urls.[]
data/d4d_concatenated/claudecode_agent/2026-08-07_claude-opus-5-claudecode-generic-v3_rep3/VOICE_d4d.yaml,VOICE,src/download/prompts/d4d_generic_arm_prompt.md@0fbc626b,agentic,adult_3.1.0,root,False,citation; doi; id; page
data/d4d_concatenated/claudecode_agent/2026-08-07_claude-opus-5-claudecode-generic-v3_rep3/VOICE_d4d.yaml,VOICE,src/download/prompts/d4d_generic_arm_prompt.md@0fbc626b,agentic,adult_3.1.0,version,False,version_access.versions_available.[]
data/d4d_concatenated/claudecode_agent/2026-08-07_claude-opus-5-claudecode-generic-v3_rep3/VOICE_d4d.yaml,VOICE,src/download/prompts/d4d_generic_arm_prompt.md@0fbc626b,agentic,adult_all,dist,False,distribution_formats.[].access_urls.[]
data/d4d_concatenated/claudecode_agent/2026-08-07_claude-opus-5-claudecode-generic-v3_rep3/VOICE_d4d.yaml,VOICE,src/download/prompts/d4d_generic_arm_prompt.md@0fbc626b,agentic,adult_all,version,False,version_access.latest_version_doi
data/d4d_concatenated/claudecode_agent/2026-08-07_claude-opus-5-claudecode-generic-v3_rep3/VOICE_d4d.yaml,VOICE,src/download/prompts/d4d_generic_arm_prompt.md@0fbc626b,agentic,adult_raw_synapse,dist,False,distribution_formats.[].access_urls.[]; raw_sources.[].access_url
data/d4d_concatenated/claudecode_agent/2026-08-07_claude-opus-5-claudecode-generic-v3_rep3/VOICE_d4d.yaml,VOICE,src/download/prompts/d4d_generic_arm_prompt.md@0fbc626b,agentic,adult_raw_synapse,text,False,raw_data_sources.[].access_details
data/d4d_concatenated/claudecode_agent/2026-08-07_claude-opus-5-claudecode-generic-v3_rep3/VOICE_d4d.yaml,VOICE,src/download/prompts/d4d_generic_arm_prompt.md@0fbc626b,agentic,ped_1.1.0,related,False,related_datasets.[].target_dataset
data/d4d_concatenated/claudecode_agent/2026-08-11_claude-opus-5-claudecode-generic_rep1/VOICE_PEDIATRIC_d4d.yaml,VOICE_PEDIATRIC,src/download/prompts/d4d_generic_arm_prompt.md@0fbc626b,agentic,adult_all,related,False,related_datasets.[].target_dataset
data/d4d_concatenated/claudecode_agent/2026-08-11_claude-opus-5-claudecode-generic_rep1/VOICE_PEDIATRIC_d4d.yaml,VOICE_PEDIATRIC,src/download/prompts/d4d_generic_arm_prompt.md@0fbc626b,agentic,adult_all,text,False,related_datasets.[].description
data/d4d_concatenated/claudecode_agent/2026-08-11_claude-opus-5-claudecode-generic_rep1/VOICE_PEDIATRIC_d4d.yaml,VOICE_PEDIATRIC,src/download/prompts/d4d_generic_arm_prompt.md@0fbc626b,agentic,ped_1.1.0,dist,False,distribution_formats.[].access_urls.[]
data/d4d_concatenated/claudecode_agent/2026-08-11_claude-opus-5-claudecode-generic_rep1/VOICE_PEDIATRIC_d4d.yaml,VOICE_PEDIATRIC,src/download/prompts/d4d_generic_arm_prompt.md@0fbc626b,agentic,ped_1.1.0,root,False,citation; doi; page
data/d4d_concatenated/claudecode_agent/2026-08-11_claude-opus-5-claudecode-generic_rep1/VOICE_PEDIATRIC_d4d.yaml,VOICE_PEDIATRIC,src/download/prompts/d4d_generic_arm_prompt.md@0fbc626b,agentic,ped_1.1.0,text,False,version_access.version_details
data/d4d_concatenated/claudecode_agent/2026-08-11_claude-opus-5-claudecode-generic_rep1/VOICE_PEDIATRIC_d4d.yaml,VOICE_PEDIATRIC,src/download/prompts/d4d_generic_arm_prompt.md@0fbc626b,agentic,ped_all,root,False,id
data/d4d_concatenated/claudecode_agent/2026-08-11_claude-opus-5-claudecode-generic_rep1/VOICE_PEDIATRIC_d4d.yaml,VOICE_PEDIATRIC,src/download/prompts/d4d_generic_arm_prompt.md@0fbc626b,agentic,ped_all,version,False,version_access.latest_version_doi
data/d4d_concatenated/claudecode_agent/2026-08-11_claude-opus-5-claudecode-generic_rep1/VOICE_PEDIATRIC_d4d.yaml,VOICE_PEDIATRIC,src/download/prompts/d4d_generic_arm_prompt.md@0fbc626b,agentic,ped_raw_synapse,dist,False,distribution_formats.[].access_urls.[]
data/d4d_concatenated/claudecode_agent/2026-08-11_claude-opus-5-claudecode-generic_rep1/VOICE_PEDIATRIC_d4d.yaml,VOICE_PEDIATRIC,src/download/prompts/d4d_generic_arm_prompt.md@0fbc626b,agentic,ped_raw_synapse,related,False,external_resources.[].external_resources.[]
data/d4d_concatenated/claudecode_agent/2026-08-11_claude-opus-5-claudecode-generic_rep1/VOICE_PEDIATRIC_d4d.yaml,VOICE_PEDIATRIC,src/download/prompts/d4d_generic_arm_prompt.md@0fbc626b,agentic,ped_raw_synapse,text,False,raw_data_sources.[].access_details
data/d4d_concatenated/claudecode_agent/2026-08-11_claude-opus-5-claudecode-generic_rep1/VOICE_d4d.yaml,VOICE,src/download/prompts/d4d_generic_arm_prompt.md@0fbc626b,agentic,adult_1.0_hdn,related,False,related_datasets.[].target_dataset
data/d4d_concatenated/claudecode_agent/2026-08-11_claude-opus-5-claudecode-generic_rep1/VOICE_d4d.yaml,VOICE,src/download/prompts/d4d_generic_arm_prompt.md@0fbc626b,agentic,adult_1.0_hdn,text,False,distribution_formats.[].description
data/d4d_concatenated/claudecode_agent/2026-08-11_claude-opus-5-claudecode-generic_rep1/VOICE_d4d.yaml,VOICE,src/download/prompts/d4d_generic_arm_prompt.md@0fbc626b,agentic,adult_1.0_hdn,version,False,version_access.versions_available.[]
data/d4d_concatenated/claudecode_agent/2026-08-11_claude-opus-5-claudecode-generic_rep1/VOICE_d4d.yaml,VOICE,src/download/prompts/d4d_generic_arm_prompt.md@0fbc626b,agentic,adult_1.1,version,False,version_access.versions_available.[]
data/d4d_concatenated/claudecode_agent/2026-08-11_claude-opus-5-claudecode-generic_rep1/VOICE_d4d.yaml,VOICE,src/download/prompts/d4d_generic_arm_prompt.md@0fbc626b,agentic,adult_3.0.0,version,False,version_access.versions_available.[]
data/d4d_concatenated/claudecode_agent/2026-08-11_claude-opus-5-claudecode-generic_rep1/VOICE_d4d.yaml,VOICE,src/download/prompts/d4d_generic_arm_prompt.md@0fbc626b,agentic,adult_3.1.0,dist,False,distribution_formats.[].access_urls.[]
data/d4d_concatenated/claudecode_agent/2026-08-11_claude-opus-5-claudecode-generic_rep1/VOICE_d4d.yaml,VOICE,src/download/prompts/d4d_generic_arm_prompt.md@0fbc626b,agentic,adult_3.1.0,root,False,citation; doi; page
data/d4d_concatenated/claudecode_agent/2026-08-11_claude-opus-5-claudecode-generic_rep1/VOICE_d4d.yaml,VOICE,src/download/prompts/d4d_generic_arm_prompt.md@0fbc626b,agentic,adult_3.1.0,version,False,errata.[].erratum_url; version_access.versions_available.[]
data/d4d_concatenated/claudecode_agent/2026-08-11_claude-opus-5-claudecode-generic_rep1/VOICE_d4d.yaml,VOICE,src/download/prompts/d4d_generic_arm_prompt.md@0fbc626b,agentic,adult_all,dist,False,distribution_formats.[].access_urls.[]
data/d4d_concatenated/claudecode_agent/2026-08-11_claude-opus-5-claudecode-generic_rep1/VOICE_d4d.yaml,VOICE,src/download/prompts/d4d_generic_arm_prompt.md@0fbc626b,agentic,adult_all,root,False,id
data/d4d_concatenated/claudecode_agent/2026-08-11_claude-opus-5-claudecode-generic_rep1/VOICE_d4d.yaml,VOICE,src/download/prompts/d4d_generic_arm_prompt.md@0fbc626b,agentic,adult_all,text,False,version_access.version_details
data/d4d_concatenated/claudecode_agent/2026-08-11_claude-opus-5-claudecode-generic_rep1/VOICE_d4d.yaml,VOICE,src/download/prompts/d4d_generic_arm_prompt.md@0fbc626b,agentic,adult_all,version,False,version_access.latest_version_doi
data/d4d_concatenated/claudecode_agent/2026-08-11_claude-opus-5-claudecode-generic_rep1/VOICE_d4d.yaml,VOICE,src/download/prompts/d4d_generic_arm_prompt.md@0fbc626b,agentic,adult_raw_synapse,dist,False,distribution_formats.[].access_urls.[]; raw_sources.[].access_url
data/d4d_concatenated/claudecode_agent/2026-08-11_claude-opus-5-claudecode-generic_rep1/VOICE_d4d.yaml,VOICE,src/download/prompts/d4d_generic_arm_prompt.md@0fbc626b,agentic,adult_raw_synapse,related,False,related_datasets.[].target_dataset
data/d4d_concatenated/claudecode_agent/2026-08-11_claude-opus-5-claudecode-generic_rep1/VOICE_d4d.yaml,VOICE,src/download/prompts/d4d_generic_arm_prompt.md@0fbc626b,agentic,adult_raw_synapse,text,False,raw_data_sources.[].access_details
data/d4d_concatenated/claudecode_agent/2026-08-11_claude-opus-5-claudecode-generic_rep1/VOICE_d4d.yaml,VOICE,src/download/prompts/d4d_generic_arm_prompt.md@0fbc626b,agentic,ped_1.1.0,text,False,related_datasets.[].description
data/d4d_concatenated/claudecode_agent/2026-08-11_claude-opus-5-claudecode-generic_rep1/VOICE_d4d.yaml,VOICE,src/download/prompts/d4d_generic_arm_prompt.md@0fbc626b,agentic,ped_all,related,False,related_datasets.[].target_dataset
data/d4d_concatenated/claudecode_agent/2026-08-11_claude-opus-5-claudecode-generic_rep1/VOICE_d4d.yaml,VOICE,src/download/prompts/d4d_generic_arm_prompt.md@0fbc626b,agentic,ped_all,text,False,related_datasets.[].description
data/d4d_concatenated/claudecode_agent/2026-08-11_claude-opus-5-claudecode-generic_rep2/VOICE_PEDIATRIC_d4d.yaml,VOICE_PEDIATRIC,src/download/prompts/d4d_generic_arm_prompt.md@0fbc626b,agentic,adult_all,related,False,related_datasets.[].target_dataset
data/d4d_concatenated/claudecode_agent/2026-08-11_claude-opus-5-claudecode-generic_rep2/VOICE_PEDIATRIC_d4d.yaml,VOICE_PEDIATRIC,src/download/prompts/d4d_generic_arm_prompt.md@0fbc626b,agentic,ped_1.1.0,dist,False,distribution_formats.[].access_urls.[]
data/d4d_concatenated/claudecode_agent/2026-08-11_claude-opus-5-claudecode-generic_rep2/VOICE_PEDIATRIC_d4d.yaml,VOICE_PEDIATRIC,src/download/prompts/d4d_generic_arm_prompt.md@0fbc626b,agentic,ped_1.1.0,root,False,citation; page
data/d4d_concatenated/claudecode_agent/2026-08-11_claude-opus-5-claudecode-generic_rep2/VOICE_PEDIATRIC_d4d.yaml,VOICE_PEDIATRIC,src/download/prompts/d4d_generic_arm_prompt.md@0fbc626b,agentic,ped_1.1.0,text,False,source_caveats; version_access.version_details
data/d4d_concatenated/claudecode_agent/2026-08-11_claude-opus-5-claudecode-generic_rep2/VOICE_PEDIATRIC_d4d.yaml,VOICE_PEDIATRIC,src/download/prompts/d4d_generic_arm_prompt.md@0fbc626b,agentic,ped_all,root,False,doi; id
data/d4d_concatenated/claudecode_agent/2026-08-11_claude-opus-5-claudecode-generic_rep2/VOICE_PEDIATRIC_d4d.yaml,VOICE_PEDIATRIC,src/download/prompts/d4d_generic_arm_prompt.md@0fbc626b,agentic,ped_all,text,False,source_caveats; version_access.version_details
data/d4d_concatenated/claudecode_agent/2026-08-11_claude-opus-5-claudecode-generic_rep2/VOICE_PEDIATRIC_d4d.yaml,VOICE_PEDIATRIC,src/download/prompts/d4d_generic_arm_prompt.md@0fbc626b,agentic,ped_all,version,False,version_access.latest_version_doi
data/d4d_concatenated/claudecode_agent/2026-08-11_claude-opus-5-claudecode-generic_rep2/VOICE_PEDIATRIC_d4d.yaml,VOICE_PEDIATRIC,src/download/prompts/d4d_generic_arm_prompt.md@0fbc626b,agentic,ped_raw_synapse,dist,False,raw_sources.[].access_url
data/d4d_concatenated/claudecode_agent/2026-08-11_claude-opus-5-claudecode-generic_rep2/VOICE_PEDIATRIC_d4d.yaml,VOICE_PEDIATRIC,src/download/prompts/d4d_generic_arm_prompt.md@0fbc626b,agentic,ped_raw_synapse,related,False,external_resources.[].external_resources.[]; related_datasets.[].target_dataset
data/d4d_concatenated/claudecode_agent/2026-08-11_claude-opus-5-claudecode-generic_rep2/VOICE_PEDIATRIC_d4d.yaml,VOICE_PEDIATRIC,src/download/prompts/d4d_generic_arm_prompt.md@0fbc626b,agentic,ped_raw_synapse,text,False,external_resources.[].description; known_limitations.[].recommended_mitigation
data/d4d_concatenated/claudecode_agent/2026-08-11_claude-opus-5-claudecode-generic_rep2/VOICE_d4d.yaml,VOICE,src/download/prompts/d4d_generic_arm_prompt.md@0fbc626b,agentic,adult_1.0_hdn,related,False,related_datasets.[].target_dataset
data/d4d_concatenated/claudecode_agent/2026-08-11_claude-opus-5-claudecode-generic_rep2/VOICE_d4d.yaml,VOICE,src/download/prompts/d4d_generic_arm_prompt.md@0fbc626b,agentic,adult_1.1,dist,True,resources.[].doi; resources.[].id; resources.[].page
data/d4d_concatenated/claudecode_agent/2026-08-11_claude-opus-5-claudecode-generic_rep2/VOICE_d4d.yaml,VOICE,src/download/prompts/d4d_generic_arm_prompt.md@0fbc626b,agentic,adult_1.1,version,False,version_access.versions_available.[]
data/d4d_concatenated/claudecode_agent/2026-08-11_claude-opus-5-claudecode-generic_rep2/VOICE_d4d.yaml,VOICE,src/download/prompts/d4d_generic_arm_prompt.md@0fbc626b,agentic,adult_3.0.0,dist,True,resources.[].doi; resources.[].id; resources.[].page
data/d4d_concatenated/claudecode_agent/2026-08-11_claude-opus-5-claudecode-generic_rep2/VOICE_d4d.yaml,VOICE,src/download/prompts/d4d_generic_arm_prompt.md@0fbc626b,agentic,adult_3.0.0,version,False,version_access.versions_available.[]
data/d4d_concatenated/claudecode_agent/2026-08-11_claude-opus-5-claudecode-generic_rep2/VOICE_d4d.yaml,VOICE,src/download/prompts/d4d_generic_arm_prompt.md@0fbc626b,agentic,adult_3.1.0,dist,False,distribution_formats.[].access_urls.[]; resources.[].doi; resources.[].id; resources.[].page
data/d4d_concatenated/claudecode_agent/2026-08-11_claude-opus-5-claudecode-generic_rep2/VOICE_d4d.yaml,VOICE,src/download/prompts/d4d_generic_arm_prompt.md@0fbc626b,agentic,adult_3.1.0,root,False,citation; page
data/d4d_concatenated/claudecode_agent/2026-08-11_claude-opus-5-claudecode-generic_rep2/VOICE_d4d.yaml,VOICE,src/download/prompts/d4d_generic_arm_prompt.md@0fbc626b,agentic,adult_3.1.0,text,False,source_caveats
data/d4d_concatenated/claudecode_agent/2026-08-11_claude-opus-5-claudecode-generic_rep2/VOICE_d4d.yaml,VOICE,src/download/prompts/d4d_generic_arm_prompt.md@0fbc626b,agentic,adult_3.1.0,version,False,version_access.versions_available.[]
data/d4d_concatenated/claudecode_agent/2026-08-11_claude-opus-5-claudecode-generic_rep2/VOICE_d4d.yaml,VOICE,src/download/prompts/d4d_generic_arm_prompt.md@0fbc626b,agentic,adult_all,root,False,doi; id
data/d4d_concatenated/claudecode_agent/2026-08-11_claude-opus-5-claudecode-generic_rep2/VOICE_d4d.yaml,VOICE,src/download/prompts/d4d_generic_arm_prompt.md@0fbc626b,agentic,adult_all,text,False,source_caveats; version_access.version_details
data/d4d_concatenated/claudecode_agent/2026-08-11_claude-opus-5-claudecode-generic_rep2/VOICE_d4d.yaml,VOICE,src/download/prompts/d4d_generic_arm_prompt.md@0fbc626b,agentic,adult_all,version,False,version_access.latest_version_doi
data/d4d_concatenated/claudecode_agent/2026-08-11_claude-opus-5-claudecode-generic_rep2/VOICE_d4d.yaml,VOICE,src/download/prompts/d4d_generic_arm_prompt.md@0fbc626b,agentic,adult_raw_synapse,dist,False,distribution_formats.[].access_urls.[]; raw_sources.[].access_url
data/d4d_concatenated/claudecode_agent/2026-08-11_claude-opus-5-claudecode-generic_rep2/VOICE_d4d.yaml,VOICE,src/download/prompts/d4d_generic_arm_prompt.md@0fbc626b,agentic,adult_raw_synapse,text,False,raw_data_sources.[].access_details
data/d4d_concatenated/claudecode_agent/2026-08-11_claude-opus-5-claudecode-generic_rep2/VOICE_d4d.yaml,VOICE,src/download/prompts/d4d_generic_arm_prompt.md@0fbc626b,agentic,ped_1.1.0,text,False,related_datasets.[].description
data/d4d_concatenated/claudecode_agent/2026-08-11_claude-opus-5-claudecode-generic_rep2/VOICE_d4d.yaml,VOICE,src/download/prompts/d4d_generic_arm_prompt.md@0fbc626b,agentic,ped_all,related,False,related_datasets.[].target_dataset
data/d4d_concatenated/claudecode_agent/2026-08-11_claude-opus-5-claudecode-generic_rep2/VOICE_d4d.yaml,VOICE,src/download/prompts/d4d_generic_arm_prompt.md@0fbc626b,agentic,ped_all,text,False,related_datasets.[].description
data/d4d_concatenated/claudecode_agent/2026-08-11_claude-opus-5-claudecode-generic_rep3/VOICE_PEDIATRIC_d4d.yaml,VOICE_PEDIATRIC,src/download/prompts/d4d_generic_arm_prompt.md@0fbc626b,agentic,adult_all,related,False,related_datasets.[].target_dataset
data/d4d_concatenated/claudecode_agent/2026-08-11_claude-opus-5-claudecode-generic_rep3/VOICE_PEDIATRIC_d4d.yaml,VOICE_PEDIATRIC,src/download/prompts/d4d_generic_arm_prompt.md@0fbc626b,agentic,ped_1.1.0,dist,False,distribution_formats.[].access_urls.[]
data/d4d_concatenated/claudecode_agent/2026-08-11_claude-opus-5-claudecode-generic_rep3/VOICE_PEDIATRIC_d4d.yaml,VOICE_PEDIATRIC,src/download/prompts/d4d_generic_arm_prompt.md@0fbc626b,agentic,ped_1.1.0,root,False,citation; doi; page
data/d4d_concatenated/claudecode_agent/2026-08-11_claude-opus-5-claudecode-generic_rep3/VOICE_PEDIATRIC_d4d.yaml,VOICE_PEDIATRIC,src/download/prompts/d4d_generic_arm_prompt.md@0fbc626b,agentic,ped_1.1.0,text,False,source_caveats; version_access.version_details
data/d4d_concatenated/claudecode_agent/2026-08-11_claude-opus-5-claudecode-generic_rep3/VOICE_PEDIATRIC_d4d.yaml,VOICE_PEDIATRIC,src/download/prompts/d4d_generic_arm_prompt.md@0fbc626b,agentic,ped_all,root,False,id
data/d4d_concatenated/claudecode_agent/2026-08-11_claude-opus-5-claudecode-generic_rep3/VOICE_PEDIATRIC_d4d.yaml,VOICE_PEDIATRIC,src/download/prompts/d4d_generic_arm_prompt.md@0fbc626b,agentic,ped_all,text,False,version_access.version_details
data/d4d_concatenated/claudecode_agent/2026-08-11_claude-opus-5-claudecode-generic_rep3/VOICE_PEDIATRIC_d4d.yaml,VOICE_PEDIATRIC,src/download/prompts/d4d_generic_arm_prompt.md@0fbc626b,agentic,ped_all,version,False,version_access.latest_version_doi
data/d4d_concatenated/claudecode_agent/2026-08-11_claude-opus-5-claudecode-generic_rep3/VOICE_PEDIATRIC_d4d.yaml,VOICE_PEDIATRIC,src/download/prompts/d4d_generic_arm_prompt.md@0fbc626b,agentic,ped_raw_synapse,dist,False,raw_sources.[].access_url
data/d4d_concatenated/claudecode_agent/2026-08-11_claude-opus-5-claudecode-generic_rep3/VOICE_PEDIATRIC_d4d.yaml,VOICE_PEDIATRIC,src/download/prompts/d4d_generic_arm_prompt.md@0fbc626b,agentic,ped_raw_synapse,related,False,external_resources.[].external_resources.[]; external_resources.[].id
data/d4d_concatenated/claudecode_agent/2026-08-11_claude-opus-5-claudecode-generic_rep3/VOICE_PEDIATRIC_d4d.yaml,VOICE_PEDIATRIC,src/download/prompts/d4d_generic_arm_prompt.md@0fbc626b,agentic,ped_raw_synapse,text,False,raw_data_sources.[].access_details
data/d4d_concatenated/claudecode_agent/2026-08-11_claude-opus-5-claudecode-generic_rep3/VOICE_d4d.yaml,VOICE,src/download/prompts/d4d_generic_arm_prompt.md@0fbc626b,agentic,adult_1.0_hdn,related,False,related_datasets.[].target_dataset
data/d4d_concatenated/claudecode_agent/2026-08-11_claude-opus-5-claudecode-generic_rep3/VOICE_d4d.yaml,VOICE,src/download/prompts/d4d_generic_arm_prompt.md@0fbc626b,agentic,adult_1.0_hdn,version,False,version_access.versions_available.[]
data/d4d_concatenated/claudecode_agent/2026-08-11_claude-opus-5-claudecode-generic_rep3/VOICE_d4d.yaml,VOICE,src/download/prompts/d4d_generic_arm_prompt.md@0fbc626b,agentic,adult_1.1,dist,True,distribution_formats.[].access_urls.[]
data/d4d_concatenated/claudecode_agent/2026-08-11_claude-opus-5-claudecode-generic_rep3/VOICE_d4d.yaml,VOICE,src/download/prompts/d4d_generic_arm_prompt.md@0fbc626b,agentic,adult_1.1,version,False,version_access.versions_available.[]
data/d4d_concatenated/claudecode_agent/2026-08-11_claude-opus-5-claudecode-generic_rep3/VOICE_d4d.yaml,VOICE,src/download/prompts/d4d_generic_arm_prompt.md@0fbc626b,agentic,adult_3.0.0,dist,True,distribution_formats.[].access_urls.[]
data/d4d_concatenated/claudecode_agent/2026-08-11_claude-opus-5-claudecode-generic_rep3/VOICE_d4d.yaml,VOICE,src/download/prompts/d4d_generic_arm_prompt.md@0fbc626b,agentic,adult_3.0.0,version,False,version_access.versions_available.[]
data/d4d_concatenated/claudecode_agent/2026-08-11_claude-opus-5-claudecode-generic_rep3/VOICE_d4d.yaml,VOICE,src/download/prompts/d4d_generic_arm_prompt.md@0fbc626b,agentic,adult_3.1.0,dist,False,distribution_formats.[].access_urls.[]; distribution_formats.[].download_url
data/d4d_concatenated/claudecode_agent/2026-08-11_claude-opus-5-claudecode-generic_rep3/VOICE_d4d.yaml,VOICE,src/download/prompts/d4d_generic_arm_prompt.md@0fbc626b,agentic,adult_3.1.0,root,False,citation; page
data/d4d_concatenated/claudecode_agent/2026-08-11_claude-opus-5-claudecode-generic_rep3/VOICE_d4d.yaml,VOICE,src/download/prompts/d4d_generic_arm_prompt.md@0fbc626b,agentic,adult_3.1.0,version,False,version_access.versions_available.[]
data/d4d_concatenated/claudecode_agent/2026-08-11_claude-opus-5-claudecode-generic_rep3/VOICE_d4d.yaml,VOICE,src/download/prompts/d4d_generic_arm_prompt.md@0fbc626b,agentic,adult_all,root,False,doi; id
data/d4d_concatenated/claudecode_agent/2026-08-11_claude-opus-5-claudecode-generic_rep3/VOICE_d4d.yaml,VOICE,src/download/prompts/d4d_generic_arm_prompt.md@0fbc626b,agentic,adult_all,text,False,version_access.version_details
data/d4d_concatenated/claudecode_agent/2026-08-11_claude-opus-5-claudecode-generic_rep3/VOICE_d4d.yaml,VOICE,src/download/prompts/d4d_generic_arm_prompt.md@0fbc626b,agentic,adult_all,version,False,version_access.latest_version_doi
data/d4d_concatenated/claudecode_agent/2026-08-11_claude-opus-5-claudecode-generic_rep3/VOICE_d4d.yaml,VOICE,src/download/prompts/d4d_generic_arm_prompt.md@0fbc626b,agentic,adult_raw_synapse,dist,False,distribution_formats.[].access_urls.[]; distribution_formats.[].download_url; raw_sources.[].access_url
data/d4d_concatenated/claudecode_agent/2026-08-11_claude-opus-5-claudecode-generic_rep3/VOICE_d4d.yaml,VOICE,src/download/prompts/d4d_generic_arm_prompt.md@0fbc626b,agentic,adult_raw_synapse,text,False,raw_data_sources.[].access_details
data/d4d_concatenated/claudecode_agent/2026-08-11_claude-opus-5-claudecode-generic_rep3/VOICE_d4d.yaml,VOICE,src/download/prompts/d4d_generic_arm_prompt.md@0fbc626b,agentic,ped_1.1.0,text,False,related_datasets.[].description
data/d4d_concatenated/claudecode_agent/2026-08-11_claude-opus-5-claudecode-generic_rep3/VOICE_d4d.yaml,VOICE,src/download/prompts/d4d_generic_arm_prompt.md@0fbc626b,agentic,ped_all,related,False,related_datasets.[].target_dataset
data/d4d_concatenated/claudecode_agent/2026-08-13_claude-opus-5-api-generic-v4_rep1/VOICE_d4d.yaml,VOICE,src/download/prompts/d4d_generic_arm_prompt_v4.md@3845b66c,api,adult_1.0_hdn,related,False,related_datasets.[].id; related_datasets.[].target_dataset
data/d4d_concatenated/claudecode_agent/2026-08-13_claude-opus-5-api-generic-v4_rep1/VOICE_d4d.yaml,VOICE,src/download/prompts/d4d_generic_arm_prompt_v4.md@3845b66c,api,adult_1.0_hdn,version,False,version_access.versions_available.[]
data/d4d_concatenated/claudecode_agent/2026-08-13_claude-opus-5-api-generic-v4_rep1/VOICE_d4d.yaml,VOICE,src/download/prompts/d4d_generic_arm_prompt_v4.md@3845b66c,api,adult_1.1,version,False,version_access.versions_available.[]
data/d4d_concatenated/claudecode_agent/2026-08-13_claude-opus-5-api-generic-v4_rep1/VOICE_d4d.yaml,VOICE,src/download/prompts/d4d_generic_arm_prompt_v4.md@3845b66c,api,adult_3.0.0,related,False,related_datasets.[].id; related_datasets.[].target_dataset
data/d4d_concatenated/claudecode_agent/2026-08-13_claude-opus-5-api-generic-v4_rep1/VOICE_d4d.yaml,VOICE,src/download/prompts/d4d_generic_arm_prompt_v4.md@3845b66c,api,adult_3.0.0,version,False,version_access.versions_available.[]
data/d4d_concatenated/claudecode_agent/2026-08-13_claude-opus-5-api-generic-v4_rep1/VOICE_d4d.yaml,VOICE,src/download/prompts/d4d_generic_arm_prompt_v4.md@3845b66c,api,adult_3.1.0,dist,False,distribution_formats.[].access_urls.[]; file_collections.[].id
data/d4d_concatenated/claudecode_agent/2026-08-13_claude-opus-5-api-generic-v4_rep1/VOICE_d4d.yaml,VOICE,src/download/prompts/d4d_generic_arm_prompt_v4.md@3845b66c,api,adult_3.1.0,other,False,subsets.[].id
data/d4d_concatenated/claudecode_agent/2026-08-13_claude-opus-5-api-generic-v4_rep1/VOICE_d4d.yaml,VOICE,src/download/prompts/d4d_generic_arm_prompt_v4.md@3845b66c,api,adult_3.1.0,root,False,citation; doi; id; page
data/d4d_concatenated/claudecode_agent/2026-08-13_claude-opus-5-api-generic-v4_rep1/VOICE_d4d.yaml,VOICE,src/download/prompts/d4d_generic_arm_prompt_v4.md@3845b66c,api,adult_3.1.0,version,False,version_access.versions_available.[]
data/d4d_concatenated/claudecode_agent/2026-08-13_claude-opus-5-api-generic-v4_rep1/VOICE_d4d.yaml,VOICE,src/download/prompts/d4d_generic_arm_prompt_v4.md@3845b66c,api,adult_all,text,False,version_access.version_details
data/d4d_concatenated/claudecode_agent/2026-08-13_claude-opus-5-api-generic-v4_rep1/VOICE_d4d.yaml,VOICE,src/download/prompts/d4d_generic_arm_prompt_v4.md@3845b66c,api,adult_all,version,False,version_access.latest_version_doi
data/d4d_concatenated/claudecode_agent/2026-08-13_claude-opus-5-api-generic-v4_rep1/VOICE_d4d.yaml,VOICE,src/download/prompts/d4d_generic_arm_prompt_v4.md@3845b66c,api,adult_raw_synapse,dist,False,distribution_formats.[].access_urls.[]
data/d4d_concatenated/claudecode_agent/2026-08-13_claude-opus-5-api-generic-v4_rep1/VOICE_d4d.yaml,VOICE,src/download/prompts/d4d_generic_arm_prompt_v4.md@3845b66c,api,adult_raw_synapse,related,False,related_datasets.[].id; related_datasets.[].target_dataset
data/d4d_concatenated/claudecode_agent/2026-08-13_claude-opus-5-api-generic-v4_rep1/VOICE_d4d.yaml,VOICE,src/download/prompts/d4d_generic_arm_prompt_v4.md@3845b66c,api,adult_raw_synapse,text,False,raw_data_sources.[].access_details
data/d4d_concatenated/claudecode_agent/2026-08-13_claude-opus-5-api-generic-v4_rep1/VOICE_d4d.yaml,VOICE,src/download/prompts/d4d_generic_arm_prompt_v4.md@3845b66c,api,ped_1.1.0,related,False,related_datasets.[].id
data/d4d_concatenated/claudecode_agent/2026-08-13_claude-opus-5-api-generic-v4_rep1/VOICE_d4d.yaml,VOICE,src/download/prompts/d4d_generic_arm_prompt_v4.md@3845b66c,api,ped_all,related,False,related_datasets.[].target_dataset
data/d4d_concatenated/claudecode_agent/2026-08-13_claude-opus-5-api-generic-v4_rep1/VOICE_d4d.yaml,VOICE,src/download/prompts/d4d_generic_arm_prompt_v4.md@3845b66c,api,ped_raw_synapse,text,False,related_datasets.[].description
data/d4d_concatenated/claudecode_agent/2026-08-13_claude-opus-5-api-generic-v4_rep2/VOICE_d4d.yaml,VOICE,src/download/prompts/d4d_generic_arm_prompt_v4.md@3845b66c,api,adult_3.0.0,related,False,related_datasets.[].target_dataset
data/d4d_concatenated/claudecode_agent/2026-08-13_claude-opus-5-api-generic-v4_rep2/VOICE_d4d.yaml,VOICE,src/download/prompts/d4d_generic_arm_prompt_v4.md@3845b66c,api,adult_3.1.0,dist,False,distribution_formats.[].access_urls.[]
data/d4d_concatenated/claudecode_agent/2026-08-13_claude-opus-5-api-generic-v4_rep2/VOICE_d4d.yaml,VOICE,src/download/prompts/d4d_generic_arm_prompt_v4.md@3845b66c,api,adult_3.1.0,root,False,citation; doi; id; page
data/d4d_concatenated/claudecode_agent/2026-08-13_claude-opus-5-api-generic-v4_rep2/VOICE_d4d.yaml,VOICE,src/download/prompts/d4d_generic_arm_prompt_v4.md@3845b66c,api,adult_all,text,False,source_caveats
data/d4d_concatenated/claudecode_agent/2026-08-13_claude-opus-5-api-generic-v4_rep2/VOICE_d4d.yaml,VOICE,src/download/prompts/d4d_generic_arm_prompt_v4.md@3845b66c,api,adult_all,version,False,version_access.latest_version_doi
data/d4d_concatenated/claudecode_agent/2026-08-13_claude-opus-5-api-generic-v4_rep2/VOICE_d4d.yaml,VOICE,src/download/prompts/d4d_generic_arm_prompt_v4.md@3845b66c,api,adult_raw_synapse,dist,False,distribution_formats.[].access_urls.[]
data/d4d_concatenated/claudecode_agent/2026-08-13_claude-opus-5-api-generic-v4_rep2/VOICE_d4d.yaml,VOICE,src/download/prompts/d4d_generic_arm_prompt_v4.md@3845b66c,api,adult_raw_synapse,text,False,raw_data_sources.[].access_details
data/d4d_concatenated/claudecode_agent/2026-08-13_claude-opus-5-api-generic-v4_rep2/VOICE_d4d.yaml,VOICE,src/download/prompts/d4d_generic_arm_prompt_v4.md@3845b66c,api,ped_all,related,False,related_datasets.[].target_dataset
data/d4d_concatenated/claudecode_agent/2026-08-13_claude-opus-5-api-generic-v4_rep3/VOICE_d4d.yaml,VOICE,src/download/prompts/d4d_generic_arm_prompt_v4.md@3845b66c,api,adult_1.0_hdn,related,False,related_datasets.[].target_dataset
data/d4d_concatenated/claudecode_agent/2026-08-13_claude-opus-5-api-generic-v4_rep3/VOICE_d4d.yaml,VOICE,src/download/prompts/d4d_generic_arm_prompt_v4.md@3845b66c,api,adult_1.1,related,False,related_datasets.[].target_dataset
data/d4d_concatenated/claudecode_agent/2026-08-13_claude-opus-5-api-generic-v4_rep3/VOICE_d4d.yaml,VOICE,src/download/prompts/d4d_generic_arm_prompt_v4.md@3845b66c,api,adult_3.0.0,related,False,related_datasets.[].target_dataset
data/d4d_concatenated/claudecode_agent/2026-08-13_claude-opus-5-api-generic-v4_rep3/VOICE_d4d.yaml,VOICE,src/download/prompts/d4d_generic_arm_prompt_v4.md@3845b66c,api,adult_3.1.0,dist,False,distribution_formats.[].access_urls.[]; file_collections.[].id
data/d4d_concatenated/claudecode_agent/2026-08-13_claude-opus-5-api-generic-v4_rep3/VOICE_d4d.yaml,VOICE,src/download/prompts/d4d_generic_arm_prompt_v4.md@3845b66c,api,adult_3.1.0,other,False,subsets.[].id
data/d4d_concatenated/claudecode_agent/2026-08-13_claude-opus-5-api-generic-v4_rep3/VOICE_d4d.yaml,VOICE,src/download/prompts/d4d_generic_arm_prompt_v4.md@3845b66c,api,adult_3.1.0,related,False,related_datasets.[].id
data/d4d_concatenated/claudecode_agent/2026-08-13_claude-opus-5-api-generic-v4_rep3/VOICE_d4d.yaml,VOICE,src/download/prompts/d4d_generic_arm_prompt_v4.md@3845b66c,api,adult_3.1.0,root,False,citation; doi; id; page
data/d4d_concatenated/claudecode_agent/2026-08-13_claude-opus-5-api-generic-v4_rep3/VOICE_d4d.yaml,VOICE,src/download/prompts/d4d_generic_arm_prompt_v4.md@3845b66c,api,adult_3.1.0,version,False,errata.[].erratum_url
data/d4d_concatenated/claudecode_agent/2026-08-13_claude-opus-5-api-generic-v4_rep3/VOICE_d4d.yaml,VOICE,src/download/prompts/d4d_generic_arm_prompt_v4.md@3845b66c,api,adult_all,version,False,version_access.latest_version_doi
data/d4d_concatenated/claudecode_agent/2026-08-13_claude-opus-5-api-generic-v4_rep3/VOICE_d4d.yaml,VOICE,src/download/prompts/d4d_generic_arm_prompt_v4.md@3845b66c,api,adult_raw_synapse,dist,False,distribution_formats.[].access_urls.[]; raw_sources.[].access_url
data/d4d_concatenated/claudecode_agent/2026-08-13_claude-opus-5-api-generic-v4_rep3/VOICE_d4d.yaml,VOICE,src/download/prompts/d4d_generic_arm_prompt_v4.md@3845b66c,api,adult_raw_synapse,text,False,raw_data_sources.[].access_details
data/d4d_concatenated/claudecode_agent/2026-08-13_claude-opus-5-api-generic-v4_rep3/VOICE_d4d.yaml,VOICE,src/download/prompts/d4d_generic_arm_prompt_v4.md@3845b66c,api,ped_1.1.0,related,False,related_datasets.[].target_dataset
data/d4d_concatenated/claudecode_agent/2026-08-13_claude-opus-5-api-generic-v4_rep3/VOICE_d4d.yaml,VOICE,src/download/prompts/d4d_generic_arm_prompt_v4.md@3845b66c,api,ped_raw_synapse,text,False,related_datasets.[].description
data/d4d_concatenated/claudecode_agent/2026-08-20b_claude-opus-5-api-generic-v5_rep1/VOICE_d4d.yaml,VOICE,src/download/prompts/d4d_generic_arm_prompt_v5.md@c4bbcc41,api,adult_1.0_hdn,related,False,related_datasets.[].target_dataset
data/d4d_concatenated/claudecode_agent/2026-08-20b_claude-opus-5-api-generic-v5_rep1/VOICE_d4d.yaml,VOICE,src/download/prompts/d4d_generic_arm_prompt_v5.md@c4bbcc41,api,adult_1.0_hdn,version,False,version_access.versions_available.[]
data/d4d_concatenated/claudecode_agent/2026-08-20b_claude-opus-5-api-generic-v5_rep1/VOICE_d4d.yaml,VOICE,src/download/prompts/d4d_generic_arm_prompt_v5.md@c4bbcc41,api,adult_1.1,version,False,version_access.versions_available.[]
data/d4d_concatenated/claudecode_agent/2026-08-20b_claude-opus-5-api-generic-v5_rep1/VOICE_d4d.yaml,VOICE,src/download/prompts/d4d_generic_arm_prompt_v5.md@c4bbcc41,api,adult_3.0.0,related,False,related_datasets.[].target_dataset
data/d4d_concatenated/claudecode_agent/2026-08-20b_claude-opus-5-api-generic-v5_rep1/VOICE_d4d.yaml,VOICE,src/download/prompts/d4d_generic_arm_prompt_v5.md@c4bbcc41,api,adult_3.0.0,version,False,version_access.versions_available.[]
data/d4d_concatenated/claudecode_agent/2026-08-20b_claude-opus-5-api-generic-v5_rep1/VOICE_d4d.yaml,VOICE,src/download/prompts/d4d_generic_arm_prompt_v5.md@c4bbcc41,api,adult_3.1.0,dist,False,distribution_formats.[].access_urls.[]; file_collections.[].id
data/d4d_concatenated/claudecode_agent/2026-08-20b_claude-opus-5-api-generic-v5_rep1/VOICE_d4d.yaml,VOICE,src/download/prompts/d4d_generic_arm_prompt_v5.md@c4bbcc41,api,adult_3.1.0,other,False,known_biases.[].affected_subsets.[]; subsets.[].id
data/d4d_concatenated/claudecode_agent/2026-08-20b_claude-opus-5-api-generic-v5_rep1/VOICE_d4d.yaml,VOICE,src/download/prompts/d4d_generic_arm_prompt_v5.md@c4bbcc41,api,adult_3.1.0,root,False,citation; doi; id; page
data/d4d_concatenated/claudecode_agent/2026-08-20b_claude-opus-5-api-generic-v5_rep1/VOICE_d4d.yaml,VOICE,src/download/prompts/d4d_generic_arm_prompt_v5.md@c4bbcc41,api,adult_3.1.0,version,False,errata.[].erratum_url; version_access.versions_available.[]
data/d4d_concatenated/claudecode_agent/2026-08-20b_claude-opus-5-api-generic-v5_rep1/VOICE_d4d.yaml,VOICE,src/download/prompts/d4d_generic_arm_prompt_v5.md@c4bbcc41,api,adult_all,version,False,version_access.latest_version_doi
data/d4d_concatenated/claudecode_agent/2026-08-20b_claude-opus-5-api-generic-v5_rep1/VOICE_d4d.yaml,VOICE,src/download/prompts/d4d_generic_arm_prompt_v5.md@c4bbcc41,api,adult_raw_synapse,text,False,raw_data_sources.[].access_details
data/d4d_concatenated/claudecode_agent/2026-08-20b_claude-opus-5-api-generic-v5_rep1/VOICE_d4d.yaml,VOICE,src/download/prompts/d4d_generic_arm_prompt_v5.md@c4bbcc41,api,ped_1.1.0,related,False,related_datasets.[].target_dataset
data/d4d_concatenated/claudecode_agent/2026-08-20b_claude-opus-5-api-generic-v5_rep1/VOICE_d4d.yaml,VOICE,src/download/prompts/d4d_generic_arm_prompt_v5.md@c4bbcc41,api,ped_raw_synapse,text,False,related_datasets.[].description
data/d4d_concatenated/claudecode_agent/2026-08-20b_claude-opus-5-api-generic-v5_rep2/VOICE_d4d.yaml,VOICE,src/download/prompts/d4d_generic_arm_prompt_v5.md@c4bbcc41,api,adult_1.0_hdn,related,False,related_datasets.[].target_dataset
data/d4d_concatenated/claudecode_agent/2026-08-20b_claude-opus-5-api-generic-v5_rep2/VOICE_d4d.yaml,VOICE,src/download/prompts/d4d_generic_arm_prompt_v5.md@c4bbcc41,api,adult_1.0_hdn,text,False,distribution_dates.[].notes; source_caveats
data/d4d_concatenated/claudecode_agent/2026-08-20b_claude-opus-5-api-generic-v5_rep2/VOICE_d4d.yaml,VOICE,src/download/prompts/d4d_generic_arm_prompt_v5.md@c4bbcc41,api,adult_1.1,related,False,related_datasets.[].target_dataset
data/d4d_concatenated/claudecode_agent/2026-08-20b_claude-opus-5-api-generic-v5_rep2/VOICE_d4d.yaml,VOICE,src/download/prompts/d4d_generic_arm_prompt_v5.md@c4bbcc41,api,adult_3.0.0,related,False,related_datasets.[].target_dataset
data/d4d_concatenated/claudecode_agent/2026-08-20b_claude-opus-5-api-generic-v5_rep2/VOICE_d4d.yaml,VOICE,src/download/prompts/d4d_generic_arm_prompt_v5.md@c4bbcc41,api,adult_3.1.0,dist,False,distribution_formats.[].access_urls.[]; file_collections.[].id
data/d4d_concatenated/claudecode_agent/2026-08-20b_claude-opus-5-api-generic-v5_rep2/VOICE_d4d.yaml,VOICE,src/download/prompts/d4d_generic_arm_prompt_v5.md@c4bbcc41,api,adult_3.1.0,other,False,subsets.[].id
data/d4d_concatenated/claudecode_agent/2026-08-20b_claude-opus-5-api-generic-v5_rep2/VOICE_d4d.yaml,VOICE,src/download/prompts/d4d_generic_arm_prompt_v5.md@c4bbcc41,api,adult_3.1.0,root,False,citation; doi; id
data/d4d_concatenated/claudecode_agent/2026-08-20b_claude-opus-5-api-generic-v5_rep2/VOICE_d4d.yaml,VOICE,src/download/prompts/d4d_generic_arm_prompt_v5.md@c4bbcc41,api,adult_3.1.0,text,False,source_caveats
data/d4d_concatenated/claudecode_agent/2026-08-20b_claude-opus-5-api-generic-v5_rep2/VOICE_d4d.yaml,VOICE,src/download/prompts/d4d_generic_arm_prompt_v5.md@c4bbcc41,api,adult_all,related,False,related_datasets.[].target_dataset
data/d4d_concatenated/claudecode_agent/2026-08-20b_claude-opus-5-api-generic-v5_rep2/VOICE_d4d.yaml,VOICE,src/download/prompts/d4d_generic_arm_prompt_v5.md@c4bbcc41,api,adult_all,text,False,source_caveats
data/d4d_concatenated/claudecode_agent/2026-08-20b_claude-opus-5-api-generic-v5_rep2/VOICE_d4d.yaml,VOICE,src/download/prompts/d4d_generic_arm_prompt_v5.md@c4bbcc41,api,adult_all,version,False,version_access.latest_version_doi
data/d4d_concatenated/claudecode_agent/2026-08-20b_claude-opus-5-api-generic-v5_rep2/VOICE_d4d.yaml,VOICE,src/download/prompts/d4d_generic_arm_prompt_v5.md@c4bbcc41,api,adult_raw_synapse,dist,False,distribution_formats.[].access_urls.[]; raw_sources.[].access_url
data/d4d_concatenated/claudecode_agent/2026-08-20b_claude-opus-5-api-generic-v5_rep2/VOICE_d4d.yaml,VOICE,src/download/prompts/d4d_generic_arm_prompt_v5.md@c4bbcc41,api,adult_raw_synapse,text,False,raw_data_sources.[].access_details
data/d4d_concatenated/claudecode_agent/2026-08-20b_claude-opus-5-api-generic-v5_rep2/VOICE_d4d.yaml,VOICE,src/download/prompts/d4d_generic_arm_prompt_v5.md@c4bbcc41,api,ped_1.1.0,related,False,related_datasets.[].target_dataset
data/d4d_concatenated/claudecode_agent/2026-08-20b_claude-opus-5-api-generic-v5_rep2/VOICE_d4d.yaml,VOICE,src/download/prompts/d4d_generic_arm_prompt_v5.md@c4bbcc41,api,ped_all,text,False,related_datasets.[].notes
data/d4d_concatenated/claudecode_agent/2026-08-20b_claude-opus-5-api-generic-v5_rep2/VOICE_d4d.yaml,VOICE,src/download/prompts/d4d_generic_arm_prompt_v5.md@c4bbcc41,api,ped_raw_synapse,text,False,related_datasets.[].notes
data/d4d_concatenated/claudecode_agent/2026-08-20b_claude-opus-5-api-generic-v5_rep3/VOICE_d4d.yaml,VOICE,src/download/prompts/d4d_generic_arm_prompt_v5.md@c4bbcc41,api,adult_1.0_hdn,related,False,related_datasets.[].target_dataset
data/d4d_concatenated/claudecode_agent/2026-08-20b_claude-opus-5-api-generic-v5_rep3/VOICE_d4d.yaml,VOICE,src/download/prompts/d4d_generic_arm_prompt_v5.md@c4bbcc41,api,adult_3.1.0,dist,False,distribution_formats.[].access_urls.[]; file_collections.[].id
data/d4d_concatenated/claudecode_agent/2026-08-20b_claude-opus-5-api-generic-v5_rep3/VOICE_d4d.yaml,VOICE,src/download/prompts/d4d_generic_arm_prompt_v5.md@c4bbcc41,api,adult_3.1.0,other,False,subsets.[].id
data/d4d_concatenated/claudecode_agent/2026-08-20b_claude-opus-5-api-generic-v5_rep3/VOICE_d4d.yaml,VOICE,src/download/prompts/d4d_generic_arm_prompt_v5.md@c4bbcc41,api,adult_3.1.0,root,False,citation; doi; id; page
data/d4d_concatenated/claudecode_agent/2026-08-20b_claude-opus-5-api-generic-v5_rep3/VOICE_d4d.yaml,VOICE,src/download/prompts/d4d_generic_arm_prompt_v5.md@c4bbcc41,api,adult_3.1.0,version,False,errata.[].erratum_url
data/d4d_concatenated/claudecode_agent/2026-08-20b_claude-opus-5-api-generic-v5_rep3/VOICE_d4d.yaml,VOICE,src/download/prompts/d4d_generic_arm_prompt_v5.md@c4bbcc41,api,adult_all,version,False,version_access.latest_version_doi
data/d4d_concatenated/claudecode_agent/2026-08-20b_claude-opus-5-api-generic-v5_rep3/VOICE_d4d.yaml,VOICE,src/download/prompts/d4d_generic_arm_prompt_v5.md@c4bbcc41,api,adult_raw_synapse,dist,False,distribution_formats.[].access_urls.[]; raw_sources.[].access_url
data/d4d_concatenated/claudecode_agent/2026-08-20b_claude-opus-5-api-generic-v5_rep3/VOICE_d4d.yaml,VOICE,src/download/prompts/d4d_generic_arm_prompt_v5.md@c4bbcc41,api,adult_raw_synapse,text,False,raw_data_sources.[].access_details
data/d4d_concatenated/claudecode_agent/2026-08-20b_claude-opus-5-api-generic-v5_rep3/VOICE_d4d.yaml,VOICE,src/download/prompts/d4d_generic_arm_prompt_v5.md@c4bbcc41,api,ped_all,related,False,related_datasets.[].target_dataset
data/d4d_concatenated/claudecode_agent/2026-08-22c_claude-opus-5-api-generic-v5_rep1/VOICE_d4d.yaml,VOICE,src/download/prompts/d4d_generic_arm_prompt_v5.md@c4bbcc41,api,adult_1.0_hdn,related,False,related_datasets.[].target_dataset
data/d4d_concatenated/claudecode_agent/2026-08-22c_claude-opus-5-api-generic-v5_rep1/VOICE_d4d.yaml,VOICE,src/download/prompts/d4d_generic_arm_prompt_v5.md@c4bbcc41,api,adult_1.0_hdn,version,False,version_access.versions_available.[]
data/d4d_concatenated/claudecode_agent/2026-08-22c_claude-opus-5-api-generic-v5_rep1/VOICE_d4d.yaml,VOICE,src/download/prompts/d4d_generic_arm_prompt_v5.md@c4bbcc41,api,adult_1.1,version,False,version_access.versions_available.[]
data/d4d_concatenated/claudecode_agent/2026-08-22c_claude-opus-5-api-generic-v5_rep1/VOICE_d4d.yaml,VOICE,src/download/prompts/d4d_generic_arm_prompt_v5.md@c4bbcc41,api,adult_3.0.0,related,False,related_datasets.[].target_dataset
data/d4d_concatenated/claudecode_agent/2026-08-22c_claude-opus-5-api-generic-v5_rep1/VOICE_d4d.yaml,VOICE,src/download/prompts/d4d_generic_arm_prompt_v5.md@c4bbcc41,api,adult_3.0.0,version,False,version_access.versions_available.[]
data/d4d_concatenated/claudecode_agent/2026-08-22c_claude-opus-5-api-generic-v5_rep1/VOICE_d4d.yaml,VOICE,src/download/prompts/d4d_generic_arm_prompt_v5.md@c4bbcc41,api,adult_3.1.0,dist,False,distribution_formats.[].access_urls.[]; file_collections.[].id
data/d4d_concatenated/claudecode_agent/2026-08-22c_claude-opus-5-api-generic-v5_rep1/VOICE_d4d.yaml,VOICE,src/download/prompts/d4d_generic_arm_prompt_v5.md@c4bbcc41,api,adult_3.1.0,other,False,subsets.[].id
data/d4d_concatenated/claudecode_agent/2026-08-22c_claude-opus-5-api-generic-v5_rep1/VOICE_d4d.yaml,VOICE,src/download/prompts/d4d_generic_arm_prompt_v5.md@c4bbcc41,api,adult_3.1.0,root,False,citation; doi; id; page
data/d4d_concatenated/claudecode_agent/2026-08-22c_claude-opus-5-api-generic-v5_rep1/VOICE_d4d.yaml,VOICE,src/download/prompts/d4d_generic_arm_prompt_v5.md@c4bbcc41,api,adult_3.1.0,version,False,version_access.versions_available.[]
data/d4d_concatenated/claudecode_agent/2026-08-22c_claude-opus-5-api-generic-v5_rep1/VOICE_d4d.yaml,VOICE,src/download/prompts/d4d_generic_arm_prompt_v5.md@c4bbcc41,api,adult_all,version,False,version_access.latest_version_doi
data/d4d_concatenated/claudecode_agent/2026-08-22c_claude-opus-5-api-generic-v5_rep1/VOICE_d4d.yaml,VOICE,src/download/prompts/d4d_generic_arm_prompt_v5.md@c4bbcc41,api,adult_raw_synapse,dist,False,distribution_formats.[].access_urls.[]; raw_sources.[].access_url
data/d4d_concatenated/claudecode_agent/2026-08-22c_claude-opus-5-api-generic-v5_rep1/VOICE_d4d.yaml,VOICE,src/download/prompts/d4d_generic_arm_prompt_v5.md@c4bbcc41,api,adult_raw_synapse,related,False,external_resources.[].external_resources.[]
data/d4d_concatenated/claudecode_agent/2026-08-22c_claude-opus-5-api-generic-v5_rep1/VOICE_d4d.yaml,VOICE,src/download/prompts/d4d_generic_arm_prompt_v5.md@c4bbcc41,api,adult_raw_synapse,text,False,raw_data_sources.[].access_details
data/d4d_concatenated/claudecode_agent/2026-08-22c_claude-opus-5-api-generic-v5_rep1/VOICE_d4d.yaml,VOICE,src/download/prompts/d4d_generic_arm_prompt_v5.md@c4bbcc41,api,ped_1.1.0,related,False,related_datasets.[].target_dataset
data/d4d_concatenated/claudecode_agent/2026-08-22c_claude-opus-5-api-generic-v5_rep2/VOICE_d4d.yaml,VOICE,src/download/prompts/d4d_generic_arm_prompt_v5.md@c4bbcc41,api,adult_1.0_hdn,related,False,related_datasets.[].target_dataset
data/d4d_concatenated/claudecode_agent/2026-08-22c_claude-opus-5-api-generic-v5_rep2/VOICE_d4d.yaml,VOICE,src/download/prompts/d4d_generic_arm_prompt_v5.md@c4bbcc41,api,adult_1.0_hdn,version,False,version_access.versions_available.[]
data/d4d_concatenated/claudecode_agent/2026-08-22c_claude-opus-5-api-generic-v5_rep2/VOICE_d4d.yaml,VOICE,src/download/prompts/d4d_generic_arm_prompt_v5.md@c4bbcc41,api,adult_1.1,version,False,version_access.versions_available.[]
data/d4d_concatenated/claudecode_agent/2026-08-22c_claude-opus-5-api-generic-v5_rep2/VOICE_d4d.yaml,VOICE,src/download/prompts/d4d_generic_arm_prompt_v5.md@c4bbcc41,api,adult_3.0.0,related,False,related_datasets.[].target_dataset
data/d4d_concatenated/claudecode_agent/2026-08-22c_claude-opus-5-api-generic-v5_rep2/VOICE_d4d.yaml,VOICE,src/download/prompts/d4d_generic_arm_prompt_v5.md@c4bbcc41,api,adult_3.0.0,version,False,version_access.versions_available.[]
data/d4d_concatenated/claudecode_agent/2026-08-22c_claude-opus-5-api-generic-v5_rep2/VOICE_d4d.yaml,VOICE,src/download/prompts/d4d_generic_arm_prompt_v5.md@c4bbcc41,api,adult_3.1.0,dist,False,distribution_formats.[].access_urls.[]; file_collections.[].id
data/d4d_concatenated/claudecode_agent/2026-08-22c_claude-opus-5-api-generic-v5_rep2/VOICE_d4d.yaml,VOICE,src/download/prompts/d4d_generic_arm_prompt_v5.md@c4bbcc41,api,adult_3.1.0,other,False,subsets.[].id
data/d4d_concatenated/claudecode_agent/2026-08-22c_claude-opus-5-api-generic-v5_rep2/VOICE_d4d.yaml,VOICE,src/download/prompts/d4d_generic_arm_prompt_v5.md@c4bbcc41,api,adult_3.1.0,root,False,citation; doi; id; page
data/d4d_concatenated/claudecode_agent/2026-08-22c_claude-opus-5-api-generic-v5_rep2/VOICE_d4d.yaml,VOICE,src/download/prompts/d4d_generic_arm_prompt_v5.md@c4bbcc41,api,adult_3.1.0,version,False,version_access.versions_available.[]
data/d4d_concatenated/claudecode_agent/2026-08-22c_claude-opus-5-api-generic-v5_rep2/VOICE_d4d.yaml,VOICE,src/download/prompts/d4d_generic_arm_prompt_v5.md@c4bbcc41,api,adult_all,related,False,related_datasets.[].target_dataset
data/d4d_concatenated/claudecode_agent/2026-08-22c_claude-opus-5-api-generic-v5_rep2/VOICE_d4d.yaml,VOICE,src/download/prompts/d4d_generic_arm_prompt_v5.md@c4bbcc41,api,adult_all,version,False,version_access.latest_version_doi
data/d4d_concatenated/claudecode_agent/2026-08-22c_claude-opus-5-api-generic-v5_rep2/VOICE_d4d.yaml,VOICE,src/download/prompts/d4d_generic_arm_prompt_v5.md@c4bbcc41,api,adult_raw_synapse,dist,False,distribution_formats.[].access_urls.[]; raw_sources.[].access_url
data/d4d_concatenated/claudecode_agent/2026-08-22c_claude-opus-5-api-generic-v5_rep2/VOICE_d4d.yaml,VOICE,src/download/prompts/d4d_generic_arm_prompt_v5.md@c4bbcc41,api,adult_raw_synapse,text,False,raw_data_sources.[].access_details
data/d4d_concatenated/claudecode_agent/2026-08-22c_claude-opus-5-api-generic-v5_rep2/VOICE_d4d.yaml,VOICE,src/download/prompts/d4d_generic_arm_prompt_v5.md@c4bbcc41,api,ped_1.1.0,related,False,related_datasets.[].target_dataset
data/d4d_concatenated/claudecode_agent/2026-08-22c_claude-opus-5-api-generic-v5_rep3/VOICE_d4d.yaml,VOICE,src/download/prompts/d4d_generic_arm_prompt_v5.md@c4bbcc41,api,adult_1.0_hdn,related,False,related_datasets.[].target_dataset
data/d4d_concatenated/claudecode_agent/2026-08-22c_claude-opus-5-api-generic-v5_rep3/VOICE_d4d.yaml,VOICE,src/download/prompts/d4d_generic_arm_prompt_v5.md@c4bbcc41,api,adult_1.0_hdn,version,False,version_access.versions_available.[]
data/d4d_concatenated/claudecode_agent/2026-08-22c_claude-opus-5-api-generic-v5_rep3/VOICE_d4d.yaml,VOICE,src/download/prompts/d4d_generic_arm_prompt_v5.md@c4bbcc41,api,adult_1.1,version,False,version_access.versions_available.[]
data/d4d_concatenated/claudecode_agent/2026-08-22c_claude-opus-5-api-generic-v5_rep3/VOICE_d4d.yaml,VOICE,src/download/prompts/d4d_generic_arm_prompt_v5.md@c4bbcc41,api,adult_3.0.0,related,False,related_datasets.[].target_dataset
data/d4d_concatenated/claudecode_agent/2026-08-22c_claude-opus-5-api-generic-v5_rep3/VOICE_d4d.yaml,VOICE,src/download/prompts/d4d_generic_arm_prompt_v5.md@c4bbcc41,api,adult_3.0.0,version,False,version_access.versions_available.[]
data/d4d_concatenated/claudecode_agent/2026-08-22c_claude-opus-5-api-generic-v5_rep3/VOICE_d4d.yaml,VOICE,src/download/prompts/d4d_generic_arm_prompt_v5.md@c4bbcc41,api,adult_3.1.0,dist,False,distribution_formats.[].access_urls.[]; file_collections.[].id
data/d4d_concatenated/claudecode_agent/2026-08-22c_claude-opus-5-api-generic-v5_rep3/VOICE_d4d.yaml,VOICE,src/download/prompts/d4d_generic_arm_prompt_v5.md@c4bbcc41,api,adult_3.1.0,other,False,subsets.[].id
data/d4d_concatenated/claudecode_agent/2026-08-22c_claude-opus-5-api-generic-v5_rep3/VOICE_d4d.yaml,VOICE,src/download/prompts/d4d_generic_arm_prompt_v5.md@c4bbcc41,api,adult_3.1.0,root,False,citation; doi; id; page
data/d4d_concatenated/claudecode_agent/2026-08-22c_claude-opus-5-api-generic-v5_rep3/VOICE_d4d.yaml,VOICE,src/download/prompts/d4d_generic_arm_prompt_v5.md@c4bbcc41,api,adult_3.1.0,version,False,version_access.versions_available.[]
data/d4d_concatenated/claudecode_agent/2026-08-22c_claude-opus-5-api-generic-v5_rep3/VOICE_d4d.yaml,VOICE,src/download/prompts/d4d_generic_arm_prompt_v5.md@c4bbcc41,api,adult_all,text,False,source_caveats
data/d4d_concatenated/claudecode_agent/2026-08-22c_claude-opus-5-api-generic-v5_rep3/VOICE_d4d.yaml,VOICE,src/download/prompts/d4d_generic_arm_prompt_v5.md@c4bbcc41,api,adult_all,version,False,version_access.latest_version_doi
data/d4d_concatenated/claudecode_agent/2026-08-22c_claude-opus-5-api-generic-v5_rep3/VOICE_d4d.yaml,VOICE,src/download/prompts/d4d_generic_arm_prompt_v5.md@c4bbcc41,api,adult_raw_synapse,dist,False,distribution_formats.[].access_urls.[]; raw_sources.[].access_url
data/d4d_concatenated/claudecode_agent/2026-08-22c_claude-opus-5-api-generic-v5_rep3/VOICE_d4d.yaml,VOICE,src/download/prompts/d4d_generic_arm_prompt_v5.md@c4bbcc41,api,ped_1.1.0,related,False,related_datasets.[].target_dataset
data/d4d_concatenated/claudecode_agent/2026-08-22c_claude-opus-5-api-generic-v5_rep3/VOICE_d4d.yaml,VOICE,src/download/prompts/d4d_generic_arm_prompt_v5.md@c4bbcc41,api,ped_raw_synapse,text,False,related_datasets.[].description
data/d4d_concatenated/claudecode_agent/2026-08-24_claude-opus-5-claudecode-generic-v5_rep1/VOICE_d4d.yaml,VOICE,src/download/prompts/d4d_generic_arm_prompt_v5.md@c4bbcc41,agentic,adult_1.0_hdn,related,False,related_datasets.[].target_dataset
data/d4d_concatenated/claudecode_agent/2026-08-24_claude-opus-5-claudecode-generic-v5_rep1/VOICE_d4d.yaml,VOICE,src/download/prompts/d4d_generic_arm_prompt_v5.md@c4bbcc41,agentic,adult_1.0_hdn,version,False,version_access.versions_available.[]
data/d4d_concatenated/claudecode_agent/2026-08-24_claude-opus-5-claudecode-generic-v5_rep1/VOICE_d4d.yaml,VOICE,src/download/prompts/d4d_generic_arm_prompt_v5.md@c4bbcc41,agentic,adult_1.1,version,False,version_access.versions_available.[]
data/d4d_concatenated/claudecode_agent/2026-08-24_claude-opus-5-claudecode-generic-v5_rep1/VOICE_d4d.yaml,VOICE,src/download/prompts/d4d_generic_arm_prompt_v5.md@c4bbcc41,agentic,adult_3.0.0,version,False,version_access.versions_available.[]
data/d4d_concatenated/claudecode_agent/2026-08-24_claude-opus-5-claudecode-generic-v5_rep1/VOICE_d4d.yaml,VOICE,src/download/prompts/d4d_generic_arm_prompt_v5.md@c4bbcc41,agentic,adult_3.1.0,dist,False,distribution_formats.[].access_urls.[]
data/d4d_concatenated/claudecode_agent/2026-08-24_claude-opus-5-claudecode-generic-v5_rep1/VOICE_d4d.yaml,VOICE,src/download/prompts/d4d_generic_arm_prompt_v5.md@c4bbcc41,agentic,adult_3.1.0,root,False,citation; page
data/d4d_concatenated/claudecode_agent/2026-08-24_claude-opus-5-claudecode-generic-v5_rep1/VOICE_d4d.yaml,VOICE,src/download/prompts/d4d_generic_arm_prompt_v5.md@c4bbcc41,agentic,adult_3.1.0,version,False,version_access.latest_version_doi; version_access.versions_available.[]
data/d4d_concatenated/claudecode_agent/2026-08-24_claude-opus-5-claudecode-generic-v5_rep1/VOICE_d4d.yaml,VOICE,src/download/prompts/d4d_generic_arm_prompt_v5.md@c4bbcc41,agentic,adult_all,dist,False,file_collections.[].id
data/d4d_concatenated/claudecode_agent/2026-08-24_claude-opus-5-claudecode-generic-v5_rep1/VOICE_d4d.yaml,VOICE,src/download/prompts/d4d_generic_arm_prompt_v5.md@c4bbcc41,agentic,adult_all,other,False,creators.[].principal_investigator; data_governance.committee_contact; ethical_reviews.[].contact_person
data/d4d_concatenated/claudecode_agent/2026-08-24_claude-opus-5-claudecode-generic-v5_rep1/VOICE_d4d.yaml,VOICE,src/download/prompts/d4d_generic_arm_prompt_v5.md@c4bbcc41,agentic,adult_all,root,False,doi; id
data/d4d_concatenated/claudecode_agent/2026-08-24_claude-opus-5-claudecode-generic-v5_rep1/VOICE_d4d.yaml,VOICE,src/download/prompts/d4d_generic_arm_prompt_v5.md@c4bbcc41,agentic,adult_all,text,False,source_caveats; version_access.source_caveats
data/d4d_concatenated/claudecode_agent/2026-08-24_claude-opus-5-claudecode-generic-v5_rep1/VOICE_d4d.yaml,VOICE,src/download/prompts/d4d_generic_arm_prompt_v5.md@c4bbcc41,agentic,adult_raw_synapse,dist,False,distribution_formats.[].access_urls.[]; raw_sources.[].access_url
data/d4d_concatenated/claudecode_agent/2026-08-24_claude-opus-5-claudecode-generic-v5_rep1/VOICE_d4d.yaml,VOICE,src/download/prompts/d4d_generic_arm_prompt_v5.md@c4bbcc41,agentic,adult_raw_synapse,text,False,raw_data_sources.[].access_details
data/d4d_concatenated/claudecode_agent/2026-08-24_claude-opus-5-claudecode-generic-v5_rep1/VOICE_d4d.yaml,VOICE,src/download/prompts/d4d_generic_arm_prompt_v5.md@c4bbcc41,agentic,ped_1.1.0,text,False,related_datasets.[].description
data/d4d_concatenated/claudecode_agent/2026-08-24_claude-opus-5-claudecode-generic-v5_rep1/VOICE_d4d.yaml,VOICE,src/download/prompts/d4d_generic_arm_prompt_v5.md@c4bbcc41,agentic,ped_all,related,False,related_datasets.[].target_dataset
data/d4d_concatenated/claudecode_agent/2026-08-24_claude-opus-5-claudecode-generic-v5_rep1/VOICE_d4d.yaml,VOICE,src/download/prompts/d4d_generic_arm_prompt_v5.md@c4bbcc41,agentic,ped_raw_synapse,text,False,related_datasets.[].description
data/d4d_concatenated/claudecode_agent/2026-08-24_claude-opus-5-claudecode-generic-v5_rep2/VOICE_d4d.yaml,VOICE,src/download/prompts/d4d_generic_arm_prompt_v5.md@c4bbcc41,agentic,adult_1.0_hdn,related,False,related_datasets.[].target_dataset
data/d4d_concatenated/claudecode_agent/2026-08-24_claude-opus-5-claudecode-generic-v5_rep2/VOICE_d4d.yaml,VOICE,src/download/prompts/d4d_generic_arm_prompt_v5.md@c4bbcc41,agentic,adult_1.0_hdn,text,False,distribution_formats.[].description; version_access.version_details
data/d4d_concatenated/claudecode_agent/2026-08-24_claude-opus-5-claudecode-generic-v5_rep2/VOICE_d4d.yaml,VOICE,src/download/prompts/d4d_generic_arm_prompt_v5.md@c4bbcc41,agentic,adult_1.1,text,False,version_access.version_details
data/d4d_concatenated/claudecode_agent/2026-08-24_claude-opus-5-claudecode-generic-v5_rep2/VOICE_d4d.yaml,VOICE,src/download/prompts/d4d_generic_arm_prompt_v5.md@c4bbcc41,agentic,adult_3.0.0,text,False,version_access.version_details
data/d4d_concatenated/claudecode_agent/2026-08-24_claude-opus-5-claudecode-generic-v5_rep2/VOICE_d4d.yaml,VOICE,src/download/prompts/d4d_generic_arm_prompt_v5.md@c4bbcc41,agentic,adult_3.1.0,dist,False,distribution_formats.[].access_urls.[]
data/d4d_concatenated/claudecode_agent/2026-08-24_claude-opus-5-claudecode-generic-v5_rep2/VOICE_d4d.yaml,VOICE,src/download/prompts/d4d_generic_arm_prompt_v5.md@c4bbcc41,agentic,adult_3.1.0,root,False,citation; page
data/d4d_concatenated/claudecode_agent/2026-08-24_claude-opus-5-claudecode-generic-v5_rep2/VOICE_d4d.yaml,VOICE,src/download/prompts/d4d_generic_arm_prompt_v5.md@c4bbcc41,agentic,adult_3.1.0,text,False,version_access.version_details
data/d4d_concatenated/claudecode_agent/2026-08-24_claude-opus-5-claudecode-generic-v5_rep2/VOICE_d4d.yaml,VOICE,src/download/prompts/d4d_generic_arm_prompt_v5.md@c4bbcc41,agentic,adult_all,dist,False,file_collections.[].id; file_collections.[].resources.[].id
data/d4d_concatenated/claudecode_agent/2026-08-24_claude-opus-5-claudecode-generic-v5_rep2/VOICE_d4d.yaml,VOICE,src/download/prompts/d4d_generic_arm_prompt_v5.md@c4bbcc41,agentic,adult_all,root,False,doi; id
data/d4d_concatenated/claudecode_agent/2026-08-24_claude-opus-5-claudecode-generic-v5_rep2/VOICE_d4d.yaml,VOICE,src/download/prompts/d4d_generic_arm_prompt_v5.md@c4bbcc41,agentic,adult_all,text,False,version_access.version_details
data/d4d_concatenated/claudecode_agent/2026-08-24_claude-opus-5-claudecode-generic-v5_rep2/VOICE_d4d.yaml,VOICE,src/download/prompts/d4d_generic_arm_prompt_v5.md@c4bbcc41,agentic,adult_all,version,False,version_access.latest_version_doi
data/d4d_concatenated/claudecode_agent/2026-08-24_claude-opus-5-claudecode-generic-v5_rep2/VOICE_d4d.yaml,VOICE,src/download/prompts/d4d_generic_arm_prompt_v5.md@c4bbcc41,agentic,adult_raw_synapse,dist,False,distribution_formats.[].access_urls.[]; raw_sources.[].access_url
data/d4d_concatenated/claudecode_agent/2026-08-24_claude-opus-5-claudecode-generic-v5_rep2/VOICE_d4d.yaml,VOICE,src/download/prompts/d4d_generic_arm_prompt_v5.md@c4bbcc41,agentic,adult_raw_synapse,text,False,raw_data_sources.[].access_details
data/d4d_concatenated/claudecode_agent/2026-08-24_claude-opus-5-claudecode-generic-v5_rep2/VOICE_d4d.yaml,VOICE,src/download/prompts/d4d_generic_arm_prompt_v5.md@c4bbcc41,agentic,ped_all,related,False,related_datasets.[].target_dataset
data/d4d_concatenated/claudecode_agent/2026-08-24_claude-opus-5-claudecode-generic-v5_rep3/VOICE_d4d.yaml,VOICE,src/download/prompts/d4d_generic_arm_prompt_v5.md@c4bbcc41,agentic,adult_1.0_hdn,related,False,related_datasets.[].target_dataset
data/d4d_concatenated/claudecode_agent/2026-08-24_claude-opus-5-claudecode-generic-v5_rep3/VOICE_d4d.yaml,VOICE,src/download/prompts/d4d_generic_arm_prompt_v5.md@c4bbcc41,agentic,adult_1.1,version,False,version_access.versions_available.[]
data/d4d_concatenated/claudecode_agent/2026-08-24_claude-opus-5-claudecode-generic-v5_rep3/VOICE_d4d.yaml,VOICE,src/download/prompts/d4d_generic_arm_prompt_v5.md@c4bbcc41,agentic,adult_3.0.0,version,False,version_access.versions_available.[]
data/d4d_concatenated/claudecode_agent/2026-08-24_claude-opus-5-claudecode-generic-v5_rep3/VOICE_d4d.yaml,VOICE,src/download/prompts/d4d_generic_arm_prompt_v5.md@c4bbcc41,agentic,adult_3.1.0,dist,False,distribution_formats.[].access_urls.[]
data/d4d_concatenated/claudecode_agent/2026-08-24_claude-opus-5-claudecode-generic-v5_rep3/VOICE_d4d.yaml,VOICE,src/download/prompts/d4d_generic_arm_prompt_v5.md@c4bbcc41,agentic,adult_3.1.0,root,False,citation; page
data/d4d_concatenated/claudecode_agent/2026-08-24_claude-opus-5-claudecode-generic-v5_rep3/VOICE_d4d.yaml,VOICE,src/download/prompts/d4d_generic_arm_prompt_v5.md@c4bbcc41,agentic,adult_3.1.0,version,False,version_access.versions_available.[]
data/d4d_concatenated/claudecode_agent/2026-08-24_claude-opus-5-claudecode-generic-v5_rep3/VOICE_d4d.yaml,VOICE,src/download/prompts/d4d_generic_arm_prompt_v5.md@c4bbcc41,agentic,adult_all,dist,False,distribution_formats.[].id; file_collections.[].id; file_collections.[].resources.[].id; raw_data_sources.[].id; raw_sources.[].id
data/d4d_concatenated/claudecode_agent/2026-08-24_claude-opus-5-claudecode-generic-v5_rep3/VOICE_d4d.yaml,VOICE,src/download/prompts/d4d_generic_arm_prompt_v5.md@c4bbcc41,agentic,adult_all,other,False,acquisition_methods.[].id; addressing_gaps.[].id; annotation_analyses.[].id; anomalies.[].id; cleaning_strategies.[].id; collection_consents.[].id; collection_mechanisms.[].id; collection_notifications.[].id; collection_timeframes.[].id; confidential_elements.[].id; consent_revocations.[].id; content_warnings.[].id; creators.[].id; data_collectors.[].id; data_governance.id; data_protection_impacts.[].id; direct_collection.[].id; discouraged_uses.[].id; ethical_reviews.[].id; existing_uses.[].id; extension_mechanism.id; funders.[].id; future_use_impacts.[].id; human_subject_research.id; informed_consent.[].id; instances.[].id; intended_uses.[].id; ip_restrictions.id; is_deidentified.id; known_biases.[].id; known_limitations.[].id; labeling_strategies.[].id; license_and_use_terms.id; machine_annotation_tools.[].id; maintainers.[].id; missing_data_documentation.[].id; other_tasks.[].id; participant_compensation.[].id; participant_privacy.[].id; preprocessing_strategies.[].id; prohibited_uses.[].id; purposes.[].id; regulatory_restrictions.id; relationships.[].id; retention_limit.id; sampling_strategies.[].id; sensitive_elements.[].id; splits.[].id; subpopulations.[].id; subsets.[].id; tasks.[].id; third_party_sharing.[].id
data/d4d_concatenated/claudecode_agent/2026-08-24_claude-opus-5-claudecode-generic-v5_rep3/VOICE_d4d.yaml,VOICE,src/download/prompts/d4d_generic_arm_prompt_v5.md@c4bbcc41,agentic,adult_all,related,False,related_datasets.[].id
data/d4d_concatenated/claudecode_agent/2026-08-24_claude-opus-5-claudecode-generic-v5_rep3/VOICE_d4d.yaml,VOICE,src/download/prompts/d4d_generic_arm_prompt_v5.md@c4bbcc41,agentic,adult_all,root,False,doi; id
data/d4d_concatenated/claudecode_agent/2026-08-24_claude-opus-5-claudecode-generic-v5_rep3/VOICE_d4d.yaml,VOICE,src/download/prompts/d4d_generic_arm_prompt_v5.md@c4bbcc41,agentic,adult_all,version,False,distribution_dates.[].id; updates.id; version_access.id; version_access.latest_version_doi
data/d4d_concatenated/claudecode_agent/2026-08-24_claude-opus-5-claudecode-generic-v5_rep3/VOICE_d4d.yaml,VOICE,src/download/prompts/d4d_generic_arm_prompt_v5.md@c4bbcc41,agentic,adult_raw_synapse,dist,False,distribution_formats.[].access_urls.[]; raw_sources.[].access_url
data/d4d_concatenated/claudecode_agent/2026-08-24_claude-opus-5-claudecode-generic-v5_rep3/VOICE_d4d.yaml,VOICE,src/download/prompts/d4d_generic_arm_prompt_v5.md@c4bbcc41,agentic,ped_1.1.0,text,False,related_datasets.[].description
data/d4d_concatenated/claudecode_agent/2026-08-24_claude-opus-5-claudecode-generic-v5_rep3/VOICE_d4d.yaml,VOICE,src/download/prompts/d4d_generic_arm_prompt_v5.md@c4bbcc41,agentic,ped_all,related,False,related_datasets.[].target_dataset
data/d4d_concatenated/claudecode_agent/2026-08-24_claude-opus-5-claudecode-generic-v5_rep3/VOICE_d4d.yaml,VOICE,src/download/prompts/d4d_generic_arm_prompt_v5.md@c4bbcc41,agentic,ped_raw_synapse,text,False,related_datasets.[].description
data/d4d_concatenated/claudecode_agent/2026-08-28_claude-opus-5-claudecode-generic-v6_rep1/VOICE_d4d.yaml,VOICE,src/download/prompts/d4d_generic_arm_prompt_v6.md@57ac2030,agentic,adult_1.0_hdn,related,False,external_resources.[].external_resources.[]
data/d4d_concatenated/claudecode_agent/2026-08-28_claude-opus-5-claudecode-generic-v6_rep1/VOICE_d4d.yaml,VOICE,src/download/prompts/d4d_generic_arm_prompt_v6.md@57ac2030,agentic,adult_1.1,version,False,version_access.versions_available.[]
data/d4d_concatenated/claudecode_agent/2026-08-28_claude-opus-5-claudecode-generic-v6_rep1/VOICE_d4d.yaml,VOICE,src/download/prompts/d4d_generic_arm_prompt_v6.md@57ac2030,agentic,adult_3.0.0,version,False,version_access.versions_available.[]
data/d4d_concatenated/claudecode_agent/2026-08-28_claude-opus-5-claudecode-generic-v6_rep1/VOICE_d4d.yaml,VOICE,src/download/prompts/d4d_generic_arm_prompt_v6.md@57ac2030,agentic,adult_3.1.0,root,False,citation
data/d4d_concatenated/claudecode_agent/2026-08-28_claude-opus-5-claudecode-generic-v6_rep1/VOICE_d4d.yaml,VOICE,src/download/prompts/d4d_generic_arm_prompt_v6.md@57ac2030,agentic,adult_3.1.0,version,False,version_access.latest_version_doi; version_access.versions_available.[]
data/d4d_concatenated/claudecode_agent/2026-08-28_claude-opus-5-claudecode-generic-v6_rep1/VOICE_d4d.yaml,VOICE,src/download/prompts/d4d_generic_arm_prompt_v6.md@57ac2030,agentic,adult_all,dist,False,distribution_formats.[].access_urls.[]; file_collections.[].id; file_collections.[].resources.[].id
data/d4d_concatenated/claudecode_agent/2026-08-28_claude-opus-5-claudecode-generic-v6_rep1/VOICE_d4d.yaml,VOICE,src/download/prompts/d4d_generic_arm_prompt_v6.md@57ac2030,agentic,adult_all,other,False,known_biases.[].affected_subsets.[]; subsets.[].id
data/d4d_concatenated/claudecode_agent/2026-08-28_claude-opus-5-claudecode-generic-v6_rep1/VOICE_d4d.yaml,VOICE,src/download/prompts/d4d_generic_arm_prompt_v6.md@57ac2030,agentic,adult_all,root,False,doi; id
data/d4d_concatenated/claudecode_agent/2026-08-28_claude-opus-5-claudecode-generic-v6_rep1/VOICE_d4d.yaml,VOICE,src/download/prompts/d4d_generic_arm_prompt_v6.md@57ac2030,agentic,adult_all,text,False,version_access.version_details
data/d4d_concatenated/claudecode_agent/2026-08-28_claude-opus-5-claudecode-generic-v6_rep1/VOICE_d4d.yaml,VOICE,src/download/prompts/d4d_generic_arm_prompt_v6.md@57ac2030,agentic,adult_raw_synapse,dist,False,distribution_formats.[].access_urls.[]; raw_sources.[].access_url
data/d4d_concatenated/claudecode_agent/2026-08-28_claude-opus-5-claudecode-generic-v6_rep1/VOICE_d4d.yaml,VOICE,src/download/prompts/d4d_generic_arm_prompt_v6.md@57ac2030,agentic,ped_all,related,False,related_datasets.[].target_dataset
data/d4d_concatenated/claudecode_agent/2026-08-28_claude-opus-5-claudecode-generic-v6_rep2/VOICE_d4d.yaml,VOICE,src/download/prompts/d4d_generic_arm_prompt_v6.md@57ac2030,agentic,adult_1.0_hdn,version,False,version_access.versions_available.[]
data/d4d_concatenated/claudecode_agent/2026-08-28_claude-opus-5-claudecode-generic-v6_rep2/VOICE_d4d.yaml,VOICE,src/download/prompts/d4d_generic_arm_prompt_v6.md@57ac2030,agentic,adult_1.1,version,False,version_access.versions_available.[]
data/d4d_concatenated/claudecode_agent/2026-08-28_claude-opus-5-claudecode-generic-v6_rep2/VOICE_d4d.yaml,VOICE,src/download/prompts/d4d_generic_arm_prompt_v6.md@57ac2030,agentic,adult_3.0.0,version,False,version_access.versions_available.[]
data/d4d_concatenated/claudecode_agent/2026-08-28_claude-opus-5-claudecode-generic-v6_rep2/VOICE_d4d.yaml,VOICE,src/download/prompts/d4d_generic_arm_prompt_v6.md@57ac2030,agentic,adult_3.1.0,dist,False,distribution_formats.[].access_urls.[]
data/d4d_concatenated/claudecode_agent/2026-08-28_claude-opus-5-claudecode-generic-v6_rep2/VOICE_d4d.yaml,VOICE,src/download/prompts/d4d_generic_arm_prompt_v6.md@57ac2030,agentic,adult_3.1.0,root,False,citation
data/d4d_concatenated/claudecode_agent/2026-08-28_claude-opus-5-claudecode-generic-v6_rep2/VOICE_d4d.yaml,VOICE,src/download/prompts/d4d_generic_arm_prompt_v6.md@57ac2030,agentic,adult_3.1.0,version,False,version_access.latest_version_doi; version_access.versions_available.[]
data/d4d_concatenated/claudecode_agent/2026-08-28_claude-opus-5-claudecode-generic-v6_rep2/VOICE_d4d.yaml,VOICE,src/download/prompts/d4d_generic_arm_prompt_v6.md@57ac2030,agentic,adult_all,dist,False,distribution_formats.[].access_urls.[]; file_collections.[].id; file_collections.[].resources.[].id
data/d4d_concatenated/claudecode_agent/2026-08-28_claude-opus-5-claudecode-generic-v6_rep2/VOICE_d4d.yaml,VOICE,src/download/prompts/d4d_generic_arm_prompt_v6.md@57ac2030,agentic,adult_all,related,False,external_resources.[].external_resources.[]
data/d4d_concatenated/claudecode_agent/2026-08-28_claude-opus-5-claudecode-generic-v6_rep2/VOICE_d4d.yaml,VOICE,src/download/prompts/d4d_generic_arm_prompt_v6.md@57ac2030,agentic,adult_all,root,False,doi; id
data/d4d_concatenated/claudecode_agent/2026-08-28_claude-opus-5-claudecode-generic-v6_rep2/VOICE_d4d.yaml,VOICE,src/download/prompts/d4d_generic_arm_prompt_v6.md@57ac2030,agentic,adult_raw_synapse,dist,False,distribution_formats.[].access_urls.[]; raw_sources.[].access_url
data/d4d_concatenated/claudecode_agent/2026-08-28_claude-opus-5-claudecode-generic-v6_rep2/VOICE_d4d.yaml,VOICE,src/download/prompts/d4d_generic_arm_prompt_v6.md@57ac2030,agentic,ped_1.1.0,text,False,related_datasets.[].description
data/d4d_concatenated/claudecode_agent/2026-08-28_claude-opus-5-claudecode-generic-v6_rep2/VOICE_d4d.yaml,VOICE,src/download/prompts/d4d_generic_arm_prompt_v6.md@57ac2030,agentic,ped_all,related,False,related_datasets.[].target_dataset
data/d4d_concatenated/claudecode_agent/2026-08-28_claude-opus-5-claudecode-generic-v6_rep2/VOICE_d4d.yaml,VOICE,src/download/prompts/d4d_generic_arm_prompt_v6.md@57ac2030,agentic,ped_all,text,False,related_datasets.[].description
data/d4d_concatenated/claudecode_agent/2026-08-28_claude-opus-5-claudecode-generic-v6_rep3/VOICE_d4d.yaml,VOICE,src/download/prompts/d4d_generic_arm_prompt_v6.md@57ac2030,agentic,adult_1.0_hdn,text,False,version_access.version_details
data/d4d_concatenated/claudecode_agent/2026-08-28_claude-opus-5-claudecode-generic-v6_rep3/VOICE_d4d.yaml,VOICE,src/download/prompts/d4d_generic_arm_prompt_v6.md@57ac2030,agentic,adult_1.1,version,False,version_access.versions_available.[]
data/d4d_concatenated/claudecode_agent/2026-08-28_claude-opus-5-claudecode-generic-v6_rep3/VOICE_d4d.yaml,VOICE,src/download/prompts/d4d_generic_arm_prompt_v6.md@57ac2030,agentic,adult_3.0.0,version,False,version_access.versions_available.[]
data/d4d_concatenated/claudecode_agent/2026-08-28_claude-opus-5-claudecode-generic-v6_rep3/VOICE_d4d.yaml,VOICE,src/download/prompts/d4d_generic_arm_prompt_v6.md@57ac2030,agentic,adult_3.1.0,dist,False,distribution_formats.[].access_urls.[]
data/d4d_concatenated/claudecode_agent/2026-08-28_claude-opus-5-claudecode-generic-v6_rep3/VOICE_d4d.yaml,VOICE,src/download/prompts/d4d_generic_arm_prompt_v6.md@57ac2030,agentic,adult_3.1.0,root,False,citation; doi
data/d4d_concatenated/claudecode_agent/2026-08-28_claude-opus-5-claudecode-generic-v6_rep3/VOICE_d4d.yaml,VOICE,src/download/prompts/d4d_generic_arm_prompt_v6.md@57ac2030,agentic,adult_3.1.0,text,False,source_caveats
data/d4d_concatenated/claudecode_agent/2026-08-28_claude-opus-5-claudecode-generic-v6_rep3/VOICE_d4d.yaml,VOICE,src/download/prompts/d4d_generic_arm_prompt_v6.md@57ac2030,agentic,adult_3.1.0,version,False,version_access.versions_available.[]
data/d4d_concatenated/claudecode_agent/2026-08-28_claude-opus-5-claudecode-generic-v6_rep3/VOICE_d4d.yaml,VOICE,src/download/prompts/d4d_generic_arm_prompt_v6.md@57ac2030,agentic,adult_all,dist,False,file_collections.[].id; file_collections.[].resources.[].id
data/d4d_concatenated/claudecode_agent/2026-08-28_claude-opus-5-claudecode-generic-v6_rep3/VOICE_d4d.yaml,VOICE,src/download/prompts/d4d_generic_arm_prompt_v6.md@57ac2030,agentic,adult_all,root,False,id
data/d4d_concatenated/claudecode_agent/2026-08-28_claude-opus-5-claudecode-generic-v6_rep3/VOICE_d4d.yaml,VOICE,src/download/prompts/d4d_generic_arm_prompt_v6.md@57ac2030,agentic,adult_all,text,False,source_caveats
data/d4d_concatenated/claudecode_agent/2026-08-28_claude-opus-5-claudecode-generic-v6_rep3/VOICE_d4d.yaml,VOICE,src/download/prompts/d4d_generic_arm_prompt_v6.md@57ac2030,agentic,adult_all,version,False,version_access.latest_version_doi
data/d4d_concatenated/claudecode_agent/2026-08-28_claude-opus-5-claudecode-generic-v6_rep3/VOICE_d4d.yaml,VOICE,src/download/prompts/d4d_generic_arm_prompt_v6.md@57ac2030,agentic,adult_raw_synapse,dist,False,distribution_formats.[].access_urls.[]; raw_sources.[].access_url
data/d4d_concatenated/claudecode_agent/2026-08-28_claude-opus-5-claudecode-generic-v6_rep3/VOICE_d4d.yaml,VOICE,src/download/prompts/d4d_generic_arm_prompt_v6.md@57ac2030,agentic,adult_raw_synapse,text,False,raw_data_sources.[].access_details
data/d4d_concatenated/claudecode_agent/2026-08-28_claude-opus-5-claudecode-generic-v6_rep3/VOICE_d4d.yaml,VOICE,src/download/prompts/d4d_generic_arm_prompt_v6.md@57ac2030,agentic,ped_1.1.0,text,False,related_datasets.[].description
data/d4d_concatenated/claudecode_agent/2026-08-28_claude-opus-5-claudecode-generic-v6_rep3/VOICE_d4d.yaml,VOICE,src/download/prompts/d4d_generic_arm_prompt_v6.md@57ac2030,agentic,ped_all,related,False,related_datasets.[].target_dataset
data/d4d_concatenated/claudecode_agent/2026-08-28_claude-opus-5-claudecode-generic-v6_rep3/VOICE_d4d.yaml,VOICE,src/download/prompts/d4d_generic_arm_prompt_v6.md@57ac2030,agentic,ped_all,text,False,related_datasets.[].description
data/d4d_concatenated/claudecode_agent/2026-08-28_claude-opus-5-claudecode-generic-v6_rep3/VOICE_d4d.yaml,VOICE,src/download/prompts/d4d_generic_arm_prompt_v6.md@57ac2030,agentic,ped_raw_synapse,text,False,related_datasets.[].description
data/d4d_concatenated/claudecode_agent/2026-09-01_claude-opus-5-api-generic-v7_rep1/VOICE_d4d.yaml,VOICE,src/download/prompts/d4d_generic_arm_prompt_v7.md@08a26ae4,api,adult_1.0_hdn,related,False,related_datasets.[].target_dataset
data/d4d_concatenated/claudecode_agent/2026-09-01_claude-opus-5-api-generic-v7_rep1/VOICE_d4d.yaml,VOICE,src/download/prompts/d4d_generic_arm_prompt_v7.md@08a26ae4,api,adult_1.0_hdn,text,False,version_access.version_details
data/d4d_concatenated/claudecode_agent/2026-09-01_claude-opus-5-api-generic-v7_rep1/VOICE_d4d.yaml,VOICE,src/download/prompts/d4d_generic_arm_prompt_v7.md@08a26ae4,api,adult_1.1,text,False,version_access.version_details
data/d4d_concatenated/claudecode_agent/2026-09-01_claude-opus-5-api-generic-v7_rep1/VOICE_d4d.yaml,VOICE,src/download/prompts/d4d_generic_arm_prompt_v7.md@08a26ae4,api,adult_3.0.0,text,False,version_access.version_details
data/d4d_concatenated/claudecode_agent/2026-09-01_claude-opus-5-api-generic-v7_rep1/VOICE_d4d.yaml,VOICE,src/download/prompts/d4d_generic_arm_prompt_v7.md@08a26ae4,api,adult_3.1.0,dist,False,distribution_formats.[].access_urls.[]
data/d4d_concatenated/claudecode_agent/2026-09-01_claude-opus-5-api-generic-v7_rep1/VOICE_d4d.yaml,VOICE,src/download/prompts/d4d_generic_arm_prompt_v7.md@08a26ae4,api,adult_3.1.0,root,False,citation; doi; id; page
data/d4d_concatenated/claudecode_agent/2026-09-01_claude-opus-5-api-generic-v7_rep1/VOICE_d4d.yaml,VOICE,src/download/prompts/d4d_generic_arm_prompt_v7.md@08a26ae4,api,adult_3.1.0,text,False,source_caveats; version_access.version_details
data/d4d_concatenated/claudecode_agent/2026-09-01_claude-opus-5-api-generic-v7_rep1/VOICE_d4d.yaml,VOICE,src/download/prompts/d4d_generic_arm_prompt_v7.md@08a26ae4,api,adult_all,text,False,source_caveats; version_access.version_details
data/d4d_concatenated/claudecode_agent/2026-09-01_claude-opus-5-api-generic-v7_rep1/VOICE_d4d.yaml,VOICE,src/download/prompts/d4d_generic_arm_prompt_v7.md@08a26ae4,api,adult_all,version,False,version_access.latest_version_doi
data/d4d_concatenated/claudecode_agent/2026-09-01_claude-opus-5-api-generic-v7_rep1/VOICE_d4d.yaml,VOICE,src/download/prompts/d4d_generic_arm_prompt_v7.md@08a26ae4,api,adult_raw_synapse,dist,False,distribution_formats.[].access_urls.[]
data/d4d_concatenated/claudecode_agent/2026-09-01_claude-opus-5-api-generic-v7_rep1/VOICE_d4d.yaml,VOICE,src/download/prompts/d4d_generic_arm_prompt_v7.md@08a26ae4,api,adult_raw_synapse,text,False,raw_data_sources.[].access_details
data/d4d_concatenated/claudecode_agent/2026-09-01_claude-opus-5-api-generic-v7_rep1/VOICE_d4d.yaml,VOICE,src/download/prompts/d4d_generic_arm_prompt_v7.md@08a26ae4,api,ped_1.1.0,related,False,related_datasets.[].target_dataset
data/d4d_concatenated/claudecode_agent/2026-09-01_claude-opus-5-api-generic-v7_rep1/VOICE_d4d.yaml,VOICE,src/download/prompts/d4d_generic_arm_prompt_v7.md@08a26ae4,api,ped_all,text,False,related_datasets.[].description
data/d4d_concatenated/claudecode_agent/2026-09-01_claude-opus-5-api-generic-v7_rep2/VOICE_d4d.yaml,VOICE,src/download/prompts/d4d_generic_arm_prompt_v7.md@08a26ae4,api,adult_1.0_hdn,related,False,related_datasets.[].target_dataset
data/d4d_concatenated/claudecode_agent/2026-09-01_claude-opus-5-api-generic-v7_rep2/VOICE_d4d.yaml,VOICE,src/download/prompts/d4d_generic_arm_prompt_v7.md@08a26ae4,api,adult_3.0.0,related,False,related_datasets.[].target_dataset
data/d4d_concatenated/claudecode_agent/2026-09-01_claude-opus-5-api-generic-v7_rep2/VOICE_d4d.yaml,VOICE,src/download/prompts/d4d_generic_arm_prompt_v7.md@08a26ae4,api,adult_3.1.0,root,False,citation; doi; id; page
data/d4d_concatenated/claudecode_agent/2026-09-01_claude-opus-5-api-generic-v7_rep2/VOICE_d4d.yaml,VOICE,src/download/prompts/d4d_generic_arm_prompt_v7.md@08a26ae4,api,adult_all,related,False,related_datasets.[].target_dataset
data/d4d_concatenated/claudecode_agent/2026-09-01_claude-opus-5-api-generic-v7_rep2/VOICE_d4d.yaml,VOICE,src/download/prompts/d4d_generic_arm_prompt_v7.md@08a26ae4,api,adult_all,text,False,source_caveats
data/d4d_concatenated/claudecode_agent/2026-09-01_claude-opus-5-api-generic-v7_rep2/VOICE_d4d.yaml,VOICE,src/download/prompts/d4d_generic_arm_prompt_v7.md@08a26ae4,api,adult_all,version,False,version_access.latest_version_doi
data/d4d_concatenated/claudecode_agent/2026-09-01_claude-opus-5-api-generic-v7_rep2/VOICE_d4d.yaml,VOICE,src/download/prompts/d4d_generic_arm_prompt_v7.md@08a26ae4,api,adult_raw_synapse,text,False,external_resources.[].future_guarantees; raw_data_sources.[].access_details
data/d4d_concatenated/claudecode_agent/2026-09-01_claude-opus-5-api-generic-v7_rep2/VOICE_d4d.yaml,VOICE,src/download/prompts/d4d_generic_arm_prompt_v7.md@08a26ae4,api,ped_1.1.0,related,False,related_datasets.[].target_dataset
data/d4d_concatenated/claudecode_agent/2026-09-01_claude-opus-5-api-generic-v7_rep2/VOICE_d4d.yaml,VOICE,src/download/prompts/d4d_generic_arm_prompt_v7.md@08a26ae4,api,ped_raw_synapse,text,False,external_resources.[].future_guarantees
data/d4d_concatenated/claudecode_agent/2026-09-01_claude-opus-5-api-generic-v7_rep3/VOICE_d4d.yaml,VOICE,src/download/prompts/d4d_generic_arm_prompt_v7.md@08a26ae4,api,adult_1.0_hdn,related,False,related_datasets.[].target_dataset
data/d4d_concatenated/claudecode_agent/2026-09-01_claude-opus-5-api-generic-v7_rep3/VOICE_d4d.yaml,VOICE,src/download/prompts/d4d_generic_arm_prompt_v7.md@08a26ae4,api,adult_1.0_hdn,version,False,version_access.versions_available.[]
data/d4d_concatenated/claudecode_agent/2026-09-01_claude-opus-5-api-generic-v7_rep3/VOICE_d4d.yaml,VOICE,src/download/prompts/d4d_generic_arm_prompt_v7.md@08a26ae4,api,adult_1.1,related,False,related_datasets.[].target_dataset
data/d4d_concatenated/claudecode_agent/2026-09-01_claude-opus-5-api-generic-v7_rep3/VOICE_d4d.yaml,VOICE,src/download/prompts/d4d_generic_arm_prompt_v7.md@08a26ae4,api,adult_1.1,version,False,version_access.versions_available.[]
data/d4d_concatenated/claudecode_agent/2026-09-01_claude-opus-5-api-generic-v7_rep3/VOICE_d4d.yaml,VOICE,src/download/prompts/d4d_generic_arm_prompt_v7.md@08a26ae4,api,adult_3.0.0,related,False,related_datasets.[].target_dataset
data/d4d_concatenated/claudecode_agent/2026-09-01_claude-opus-5-api-generic-v7_rep3/VOICE_d4d.yaml,VOICE,src/download/prompts/d4d_generic_arm_prompt_v7.md@08a26ae4,api,adult_3.0.0,version,False,version_access.versions_available.[]
data/d4d_concatenated/claudecode_agent/2026-09-01_claude-opus-5-api-generic-v7_rep3/VOICE_d4d.yaml,VOICE,src/download/prompts/d4d_generic_arm_prompt_v7.md@08a26ae4,api,adult_3.1.0,dist,False,distribution_formats.[].access_urls.[]; file_collections.[].id
data/d4d_concatenated/claudecode_agent/2026-09-01_claude-opus-5-api-generic-v7_rep3/VOICE_d4d.yaml,VOICE,src/download/prompts/d4d_generic_arm_prompt_v7.md@08a26ae4,api,adult_3.1.0,other,False,creators.[].affiliations.[].id; data_governance.accountable_organization.id; funders.[].grants.[].id; subsets.[].id
data/d4d_concatenated/claudecode_agent/2026-09-01_claude-opus-5-api-generic-v7_rep3/VOICE_d4d.yaml,VOICE,src/download/prompts/d4d_generic_arm_prompt_v7.md@08a26ae4,api,adult_3.1.0,root,False,citation; doi; id; page
data/d4d_concatenated/claudecode_agent/2026-09-01_claude-opus-5-api-generic-v7_rep3/VOICE_d4d.yaml,VOICE,src/download/prompts/d4d_generic_arm_prompt_v7.md@08a26ae4,api,adult_3.1.0,version,False,version_access.versions_available.[]
data/d4d_concatenated/claudecode_agent/2026-09-01_claude-opus-5-api-generic-v7_rep3/VOICE_d4d.yaml,VOICE,src/download/prompts/d4d_generic_arm_prompt_v7.md@08a26ae4,api,adult_all,related,False,related_datasets.[].target_dataset
data/d4d_concatenated/claudecode_agent/2026-09-01_claude-opus-5-api-generic-v7_rep3/VOICE_d4d.yaml,VOICE,src/download/prompts/d4d_generic_arm_prompt_v7.md@08a26ae4,api,adult_all,version,False,version_access.latest_version_doi
data/d4d_concatenated/claudecode_agent/2026-09-01_claude-opus-5-api-generic-v7_rep3/VOICE_d4d.yaml,VOICE,src/download/prompts/d4d_generic_arm_prompt_v7.md@08a26ae4,api,adult_raw_synapse,dist,False,distribution_formats.[].access_urls.[]
data/d4d_concatenated/claudecode_agent/2026-09-01_claude-opus-5-api-generic-v7_rep3/VOICE_d4d.yaml,VOICE,src/download/prompts/d4d_generic_arm_prompt_v7.md@08a26ae4,api,adult_raw_synapse,related,False,related_datasets.[].target_dataset
data/d4d_concatenated/claudecode_agent/2026-09-01_claude-opus-5-api-generic-v7_rep3/VOICE_d4d.yaml,VOICE,src/download/prompts/d4d_generic_arm_prompt_v7.md@08a26ae4,api,adult_raw_synapse,text,False,raw_data_sources.[].access_details
data/d4d_concatenated/claudecode_agent/2026-09-01_claude-opus-5-api-generic-v7_rep3/VOICE_d4d.yaml,VOICE,src/download/prompts/d4d_generic_arm_prompt_v7.md@08a26ae4,api,ped_1.1.0,related,False,related_datasets.[].target_dataset
data/d4d_concatenated/claudecode_api/2026-09-04d_claude-opus-5-api-generic-v8_rep1/VOICE_d4d.yaml,VOICE,src/download/prompts/d4d_generic_arm_prompt_v8.md@506af01b,api,adult_1.0_hdn,related,False,related_datasets.[].target_dataset
data/d4d_concatenated/claudecode_api/2026-09-04d_claude-opus-5-api-generic-v8_rep1/VOICE_d4d.yaml,VOICE,src/download/prompts/d4d_generic_arm_prompt_v8.md@506af01b,api,adult_1.1,related,False,related_datasets.[].target_dataset
data/d4d_concatenated/claudecode_api/2026-09-04d_claude-opus-5-api-generic-v8_rep1/VOICE_d4d.yaml,VOICE,src/download/prompts/d4d_generic_arm_prompt_v8.md@506af01b,api,adult_3.0.0,related,False,related_datasets.[].target_dataset
data/d4d_concatenated/claudecode_api/2026-09-04d_claude-opus-5-api-generic-v8_rep1/VOICE_d4d.yaml,VOICE,src/download/prompts/d4d_generic_arm_prompt_v8.md@506af01b,api,adult_3.1.0,dist,False,file_collections.[].id
data/d4d_concatenated/claudecode_api/2026-09-04d_claude-opus-5-api-generic-v8_rep1/VOICE_d4d.yaml,VOICE,src/download/prompts/d4d_generic_arm_prompt_v8.md@506af01b,api,adult_3.1.0,other,False,creators.[].principal_investigator.id; subsets.[].id
data/d4d_concatenated/claudecode_api/2026-09-04d_claude-opus-5-api-generic-v8_rep1/VOICE_d4d.yaml,VOICE,src/download/prompts/d4d_generic_arm_prompt_v8.md@506af01b,api,adult_3.1.0,root,False,citation; doi; id; page
data/d4d_concatenated/claudecode_api/2026-09-04d_claude-opus-5-api-generic-v8_rep1/VOICE_d4d.yaml,VOICE,src/download/prompts/d4d_generic_arm_prompt_v8.md@506af01b,api,adult_all,version,False,version_access.latest_version_doi
data/d4d_concatenated/claudecode_api/2026-09-04d_claude-opus-5-api-generic-v8_rep1/VOICE_d4d.yaml,VOICE,src/download/prompts/d4d_generic_arm_prompt_v8.md@506af01b,api,adult_raw_synapse,dist,False,raw_sources.[].access_url
data/d4d_concatenated/claudecode_api/2026-09-04d_claude-opus-5-api-generic-v8_rep1/VOICE_d4d.yaml,VOICE,src/download/prompts/d4d_generic_arm_prompt_v8.md@506af01b,api,ped_1.1.0,related,False,related_datasets.[].target_dataset
data/d4d_concatenated/claudecode_api/2026-09-04e_claude-opus-5-api-generic-v8_rep1/VOICE_d4d.yaml,VOICE,src/download/prompts/d4d_generic_arm_prompt_v8.md@506af01b,api,adult_1.0_hdn,related,False,related_datasets.[].target_dataset
data/d4d_concatenated/claudecode_api/2026-09-04e_claude-opus-5-api-generic-v8_rep1/VOICE_d4d.yaml,VOICE,src/download/prompts/d4d_generic_arm_prompt_v8.md@506af01b,api,adult_3.1.0,dist,False,distribution_formats.[].access_urls.[]; file_collections.[].id; file_collections.[].resources.[].id
data/d4d_concatenated/claudecode_api/2026-09-04e_claude-opus-5-api-generic-v8_rep1/VOICE_d4d.yaml,VOICE,src/download/prompts/d4d_generic_arm_prompt_v8.md@506af01b,api,adult_3.1.0,other,False,creators.[].principal_investigator.id; subsets.[].id
data/d4d_concatenated/claudecode_api/2026-09-04e_claude-opus-5-api-generic-v8_rep1/VOICE_d4d.yaml,VOICE,src/download/prompts/d4d_generic_arm_prompt_v8.md@506af01b,api,adult_3.1.0,root,False,citation; doi; id; page
data/d4d_concatenated/claudecode_api/2026-09-04e_claude-opus-5-api-generic-v8_rep1/VOICE_d4d.yaml,VOICE,src/download/prompts/d4d_generic_arm_prompt_v8.md@506af01b,api,adult_all,version,False,version_access.latest_version_doi
data/d4d_concatenated/claudecode_api/2026-09-04e_claude-opus-5-api-generic-v8_rep1/VOICE_d4d.yaml,VOICE,src/download/prompts/d4d_generic_arm_prompt_v8.md@506af01b,api,adult_raw_synapse,text,False,raw_data_sources.[].access_details
data/d4d_concatenated/claudecode_api/2026-09-04e_claude-opus-5-api-generic-v8_rep1/VOICE_d4d.yaml,VOICE,src/download/prompts/d4d_generic_arm_prompt_v8.md@506af01b,api,ped_1.1.0,related,False,related_datasets.[].target_dataset
data/d4d_concatenated/claudecode_api/2026-09-04f_claude-opus-5-api-generic-v8_rep1/VOICE_d4d.yaml,VOICE,src/download/prompts/d4d_generic_arm_prompt_v8.md@506af01b,api,adult_1.0_hdn,text,False,version_access.version_details
data/d4d_concatenated/claudecode_api/2026-09-04f_claude-opus-5-api-generic-v8_rep1/VOICE_d4d.yaml,VOICE,src/download/prompts/d4d_generic_arm_prompt_v8.md@506af01b,api,adult_1.1,version,False,version_access.versions_available.[]
data/d4d_concatenated/claudecode_api/2026-09-04f_claude-opus-5-api-generic-v8_rep1/VOICE_d4d.yaml,VOICE,src/download/prompts/d4d_generic_arm_prompt_v8.md@506af01b,api,adult_3.0.0,related,False,related_datasets.[].target_dataset
data/d4d_concatenated/claudecode_api/2026-09-04f_claude-opus-5-api-generic-v8_rep1/VOICE_d4d.yaml,VOICE,src/download/prompts/d4d_generic_arm_prompt_v8.md@506af01b,api,adult_3.0.0,version,False,version_access.versions_available.[]
data/d4d_concatenated/claudecode_api/2026-09-04f_claude-opus-5-api-generic-v8_rep1/VOICE_d4d.yaml,VOICE,src/download/prompts/d4d_generic_arm_prompt_v8.md@506af01b,api,adult_3.1.0,dist,False,distribution_formats.[].access_urls.[]; file_collections.[].id; file_collections.[].resources.[].id
data/d4d_concatenated/claudecode_api/2026-09-04f_claude-opus-5-api-generic-v8_rep1/VOICE_d4d.yaml,VOICE,src/download/prompts/d4d_generic_arm_prompt_v8.md@506af01b,api,adult_3.1.0,other,False,creators.[].principal_investigator.id
data/d4d_concatenated/claudecode_api/2026-09-04f_claude-opus-5-api-generic-v8_rep1/VOICE_d4d.yaml,VOICE,src/download/prompts/d4d_generic_arm_prompt_v8.md@506af01b,api,adult_3.1.0,root,False,citation; doi; id; page
data/d4d_concatenated/claudecode_api/2026-09-04f_claude-opus-5-api-generic-v8_rep1/VOICE_d4d.yaml,VOICE,src/download/prompts/d4d_generic_arm_prompt_v8.md@506af01b,api,adult_3.1.0,version,False,version_access.versions_available.[]
data/d4d_concatenated/claudecode_api/2026-09-04f_claude-opus-5-api-generic-v8_rep1/VOICE_d4d.yaml,VOICE,src/download/prompts/d4d_generic_arm_prompt_v8.md@506af01b,api,adult_all,version,False,version_access.latest_version_doi
data/d4d_concatenated/claudecode_api/2026-09-04f_claude-opus-5-api-generic-v8_rep1/VOICE_d4d.yaml,VOICE,src/download/prompts/d4d_generic_arm_prompt_v8.md@506af01b,api,adult_raw_synapse,related,False,related_datasets.[].target_dataset
data/d4d_concatenated/claudecode_api/2026-09-04f_claude-opus-5-api-generic-v8_rep1/VOICE_d4d.yaml,VOICE,src/download/prompts/d4d_generic_arm_prompt_v8.md@506af01b,api,adult_raw_synapse,text,False,raw_data_sources.[].access_details; related_datasets.[].notes
data/d4d_concatenated/claudecode_api/2026-09-04f_claude-opus-5-api-generic-v8_rep1/VOICE_d4d.yaml,VOICE,src/download/prompts/d4d_generic_arm_prompt_v8.md@506af01b,api,ped_1.1.0,related,False,related_datasets.[].target_dataset
data/d4d_concatenated/claudecode_api/2026-09-04f_claude-opus-5-api-generic-v8_rep2/VOICE_d4d.yaml,VOICE,src/download/prompts/d4d_generic_arm_prompt_v8.md@506af01b,api,adult_3.0.0,related,False,related_datasets.[].target_dataset
data/d4d_concatenated/claudecode_api/2026-09-04f_claude-opus-5-api-generic-v8_rep2/VOICE_d4d.yaml,VOICE,src/download/prompts/d4d_generic_arm_prompt_v8.md@506af01b,api,adult_3.1.0,dist,False,distribution_formats.[].access_urls.[]; file_collections.[].id
data/d4d_concatenated/claudecode_api/2026-09-04f_claude-opus-5-api-generic-v8_rep2/VOICE_d4d.yaml,VOICE,src/download/prompts/d4d_generic_arm_prompt_v8.md@506af01b,api,adult_3.1.0,other,False,creators.[].principal_investigator.id
data/d4d_concatenated/claudecode_api/2026-09-04f_claude-opus-5-api-generic-v8_rep2/VOICE_d4d.yaml,VOICE,src/download/prompts/d4d_generic_arm_prompt_v8.md@506af01b,api,adult_3.1.0,root,False,citation; doi; id
data/d4d_concatenated/claudecode_api/2026-09-04f_claude-opus-5-api-generic-v8_rep2/VOICE_d4d.yaml,VOICE,src/download/prompts/d4d_generic_arm_prompt_v8.md@506af01b,api,adult_all,related,False,related_datasets.[].target_dataset
data/d4d_concatenated/claudecode_api/2026-09-04f_claude-opus-5-api-generic-v8_rep2/VOICE_d4d.yaml,VOICE,src/download/prompts/d4d_generic_arm_prompt_v8.md@506af01b,api,adult_all,version,False,version_access.latest_version_doi
data/d4d_concatenated/claudecode_api/2026-09-04f_claude-opus-5-api-generic-v8_rep2/VOICE_d4d.yaml,VOICE,src/download/prompts/d4d_generic_arm_prompt_v8.md@506af01b,api,adult_raw_synapse,dist,False,raw_sources.[].access_url
data/d4d_concatenated/claudecode_api/2026-09-04f_claude-opus-5-api-generic-v8_rep2/VOICE_d4d.yaml,VOICE,src/download/prompts/d4d_generic_arm_prompt_v8.md@506af01b,api,adult_raw_synapse,related,False,external_resources.[].external_resources.[]; related_datasets.[].target_dataset
data/d4d_concatenated/claudecode_api/2026-09-04f_claude-opus-5-api-generic-v8_rep2/VOICE_d4d.yaml,VOICE,src/download/prompts/d4d_generic_arm_prompt_v8.md@506af01b,api,adult_raw_synapse,text,False,related_datasets.[].notes
data/d4d_concatenated/claudecode_api/2026-09-04f_claude-opus-5-api-generic-v8_rep2/VOICE_d4d.yaml,VOICE,src/download/prompts/d4d_generic_arm_prompt_v8.md@506af01b,api,ped_1.1.0,related,False,related_datasets.[].target_dataset
data/d4d_concatenated/claudecode_api/2026-09-04f_claude-opus-5-api-generic-v8_rep2/VOICE_d4d.yaml,VOICE,src/download/prompts/d4d_generic_arm_prompt_v8.md@506af01b,api,ped_raw_synapse,text,False,related_datasets.[].notes
data/d4d_concatenated/claudecode_api/2026-09-04f_claude-opus-5-api-generic-v8_rep3/VOICE_d4d.yaml,VOICE,src/download/prompts/d4d_generic_arm_prompt_v8.md@506af01b,api,adult_1.0_hdn,related,False,related_datasets.[].target_dataset
data/d4d_concatenated/claudecode_api/2026-09-04f_claude-opus-5-api-generic-v8_rep3/VOICE_d4d.yaml,VOICE,src/download/prompts/d4d_generic_arm_prompt_v8.md@506af01b,api,adult_1.1,text,False,version_access.version_details
data/d4d_concatenated/claudecode_api/2026-09-04f_claude-opus-5-api-generic-v8_rep3/VOICE_d4d.yaml,VOICE,src/download/prompts/d4d_generic_arm_prompt_v8.md@506af01b,api,adult_3.0.0,text,False,version_access.version_details
data/d4d_concatenated/claudecode_api/2026-09-04f_claude-opus-5-api-generic-v8_rep3/VOICE_d4d.yaml,VOICE,src/download/prompts/d4d_generic_arm_prompt_v8.md@506af01b,api,adult_3.1.0,dist,False,distribution_formats.[].access_urls.[]; file_collections.[].id; file_collections.[].resources.[].id
data/d4d_concatenated/claudecode_api/2026-09-04f_claude-opus-5-api-generic-v8_rep3/VOICE_d4d.yaml,VOICE,src/download/prompts/d4d_generic_arm_prompt_v8.md@506af01b,api,adult_3.1.0,other,False,creators.[].principal_investigator.id; known_biases.[].affected_subsets.[]; subsets.[].id
data/d4d_concatenated/claudecode_api/2026-09-04f_claude-opus-5-api-generic-v8_rep3/VOICE_d4d.yaml,VOICE,src/download/prompts/d4d_generic_arm_prompt_v8.md@506af01b,api,adult_3.1.0,root,False,citation; doi; id; page
data/d4d_concatenated/claudecode_api/2026-09-04f_claude-opus-5-api-generic-v8_rep3/VOICE_d4d.yaml,VOICE,src/download/prompts/d4d_generic_arm_prompt_v8.md@506af01b,api,adult_3.1.0,text,False,version_access.version_details
data/d4d_concatenated/claudecode_api/2026-09-04f_claude-opus-5-api-generic-v8_rep3/VOICE_d4d.yaml,VOICE,src/download/prompts/d4d_generic_arm_prompt_v8.md@506af01b,api,adult_all,text,False,version_access.version_details
data/d4d_concatenated/claudecode_api/2026-09-04f_claude-opus-5-api-generic-v8_rep3/VOICE_d4d.yaml,VOICE,src/download/prompts/d4d_generic_arm_prompt_v8.md@506af01b,api,adult_all,version,False,version_access.latest_version_doi
data/d4d_concatenated/claudecode_api/2026-09-04f_claude-opus-5-api-generic-v8_rep3/VOICE_d4d.yaml,VOICE,src/download/prompts/d4d_generic_arm_prompt_v8.md@506af01b,api,adult_raw_synapse,related,False,related_datasets.[].target_dataset
data/d4d_concatenated/claudecode_api/2026-09-04f_claude-opus-5-api-generic-v8_rep3/VOICE_d4d.yaml,VOICE,src/download/prompts/d4d_generic_arm_prompt_v8.md@506af01b,api,adult_raw_synapse,text,False,raw_data_sources.[].access_details
data/d4d_concatenated/claudecode_api/2026-09-04f_claude-opus-5-api-generic-v8_rep3/VOICE_d4d.yaml,VOICE,src/download/prompts/d4d_generic_arm_prompt_v8.md@506af01b,api,ped_1.1.0,related,False,related_datasets.[].target_dataset
data/d4d_concatenated/claudecode_api/2026-09-04f_claude-opus-5-api-generic-v8_rep3/VOICE_d4d.yaml,VOICE,src/download/prompts/d4d_generic_arm_prompt_v8.md@506af01b,api,ped_all,related,False,related_datasets.[].target_dataset
data/d4d_concatenated/claudecode_api/2026-09-04f_claude-opus-5-api-generic-v8_rep3/VOICE_d4d.yaml,VOICE,src/download/prompts/d4d_generic_arm_prompt_v8.md@506af01b,api,ped_raw_synapse,text,False,related_datasets.[].notes
